date,open,high,low,close,adj_close,volume,dividend,split
2004-07-13,19.8,19.8233,19.79,19.8167,11.899,14400,0,0
2004-07-14,19.8,19.8767,19.8,19.82,11.901,3900,0,0
2004-07-15,19.7633,19.89,19.7633,19.8333,11.909,2100,0,0
2004-07-16,19.8867,19.8867,19.7633,19.7767,11.875,6900,0,0
2004-07-19,19.68,19.74,19.66,19.6633,11.8069,6000,0,0
2004-07-20,19.8067,19.94,19.8067,19.94,11.9731,5100,0,0
2004-07-21,20.0433,20.0433,19.6967,19.6967,11.827,7500,0,0
2004-07-22,19.5433,19.5433,19.3433,19.4133,11.6568,5400,0,0
2004-07-23,19.29,19.3933,19.29,19.3,11.5888,3000,0,0
2004-07-26,19.3,19.3,19.0767,19.1233,11.4827,4200,0,0
2004-07-27,19.3,19.35,19.23,19.35,11.6188,6000,0,0
2004-07-28,19.1467,19.4667,19.13,19.3733,11.6328,159000,0,0
2004-07-29,19.4767,19.5033,19.4467,19.5033,11.7109,4800,0,0
2004-07-30,19.5333,19.5333,19.5333,19.5333,11.7289,300,0,0
2004-08-02,19.4733,19.61,19.4733,19.61,11.7749,1500,0,0
2004-08-03,19.5733,19.5933,19.5067,19.5933,11.7649,1800,0,0
2004-08-04,19.4167,19.5633,19.3767,19.5633,11.7469,4500,0,0
2004-08-05,19.5167,19.5167,19.16,19.16,11.5047,4800,0,0
2004-08-06,19,19.0167,18.9533,18.9533,11.3806,6000,0,0
2004-08-09,18.91,18.91,18.8833,18.8833,11.3386,2100,0,0
2004-08-10,19.14,19.17,19.0933,19.17,11.5107,6300,0,0
2004-08-11,18.9933,19.15,18.9933,19.15,11.4987,12900,0,0
2004-08-12,18.9667,18.9667,18.8733,18.8733,11.3326,1200,0,0
2004-08-13,18.94,18.94,18.8867,18.8867,11.3406,2400,0,0
2004-08-16,19.1533,19.2067,19.1533,19.1767,11.5147,8100,0,0
2004-08-17,19.2833,19.2833,19.17,19.22,11.5407,4500,0,0
2004-08-18,19.35,19.5267,19.35,19.5267,11.7249,8400,0,0
2004-08-19,19.4333,19.4333,19.41,19.41,11.6548,6300,0,0
2004-08-20,19.5267,19.6133,19.5,19.61,11.7749,6600,0,0
2004-08-23,19.61,19.61,19.5167,19.5167,11.7189,6300,0,0
2004-08-24,19.63,19.63,19.51,19.5633,11.7469,5100,0,0
2004-08-25,19.5433,19.6933,19.54,19.68,11.8169,10800,0,0
2004-08-26,19.66,19.7233,19.6067,19.6667,11.8089,17100,0,0
2004-08-27,19.7133,19.7767,19.7133,19.7767,11.875,6600,0,0
2004-08-30,19.76,19.76,19.6367,19.6433,11.7949,13800,0,0
2004-08-31,19.6267,19.7567,19.6,19.7567,11.863,12300,0,0
2004-09-01,19.9233,19.9233,19.8467,19.8533,11.921,4500,0,0
2004-09-02,19.95,19.9567,19.9167,19.9567,11.9831,7200,0,0
2004-09-03,20.1433,20.1433,20.0533,20.06,12.0451,3300,0,0
2004-09-07,20.1667,20.33,20.1667,20.3067,12.1932,22200,0,0
2004-09-08,20.34,20.35,20.1833,20.1833,12.1192,80100,0,0
2004-09-09,20.28,20.44,20.2433,20.3733,12.2333,18000,0,0
2004-09-10,20.24,20.4033,20.2233,20.4033,12.2513,12300,0,0
2004-09-13,20.4833,20.4833,20.39,20.39,12.2433,8400,0,0
2004-09-14,20.2867,20.2867,20.2333,20.2867,12.1812,6600,0,0
2004-09-15,20.2267,20.3133,20.2267,20.2267,12.1452,5400,0,0
2004-09-16,20.4533,20.4733,20.4533,20.4633,12.2873,3600,0,0
2004-09-17,20.4733,20.4733,20.36,20.4167,12.2593,17700,0,0
2004-09-20,20.3833,20.3967,20.3267,20.38,12.2373,19800,0,0
2004-09-21,20.4067,20.5367,20.4067,20.5367,12.3313,5100,0,0
2004-09-22,20.28,20.28,20.2133,20.2267,12.1452,110100,0,0
2004-09-23,20.15,20.2267,20.15,20.2167,12.1392,107100,0,0
2004-09-24,20.24,20.2867,20.24,20.28,12.1772,2100,0,0
2004-09-27,20.0367,20.0367,19.9133,19.9133,12.0153,6000,0.098333,0
2004-09-28,20,20.17,20,20.17,12.1702,5400,0,0
2004-09-29,20.14,20.2733,20.14,20.2567,12.2225,7800,0,0
2004-09-30,20.3667,20.4267,20.3367,20.4,12.309,9000,0,0
2004-10-01,20.66,20.75,20.5933,20.7267,12.5061,7800,0,0
2004-10-04,20.9167,20.9733,20.8867,20.8867,12.6026,10800,0,0
2004-10-05,20.95,20.95,20.8467,20.87,12.5925,10200,0,0
2004-10-06,20.92,21.0167,20.9067,21.0167,12.681,4500,0,0
2004-10-07,20.9733,20.9733,20.74,20.7567,12.5242,13800,0,0
2004-10-08,20.6533,20.7933,20.56,20.56,12.4055,88200,0,0
2004-10-11,20.5133,20.5433,20.5133,20.54,12.3934,6000,0,0
2004-10-12,20.37,20.4967,20.3633,20.4967,12.3673,1500,0,0
2004-10-13,20.4467,20.4467,20.2167,20.2867,12.2406,14100,0,0
2004-10-14,20.21,20.26,20.17,20.17,12.1702,57300,0,0
2004-10-15,20.2233,20.4,20.2233,20.4,12.309,15600,0,0
2004-10-18,20.1967,20.43,20.1967,20.41,12.315,8400,0,0
2004-10-19,20.5233,20.5233,20.1667,20.1667,12.1682,6600,0,0
2004-10-20,20.0333,20.25,19.97,20.2333,12.2084,14100,0,0
2004-10-21,20.3,20.45,20.2967,20.45,12.3391,11400,0,0
2004-10-22,20.48,20.4933,20.3033,20.3033,12.2506,6900,0,0
2004-10-25,20.1333,20.3533,20.1333,20.3533,12.2808,5100,0,0
2004-10-26,20.36,20.5933,20.3167,20.5933,12.4256,9000,0,0
2004-10-27,20.6133,20.7733,20.6,20.7733,12.5342,21600,0,0
2004-10-28,20.74,20.7733,20.6333,20.6867,12.4819,46800,0,0
2004-10-29,20.74,20.7467,20.6833,20.6967,12.488,15300,0,0
2004-11-01,20.6667,20.8367,20.6667,20.81,12.5563,6600,0,0
2004-11-02,20.9033,20.9733,20.7,20.7,12.49,25500,0,0
2004-11-03,20.77,21.1,20.77,20.97,12.6529,30300,0,0
2004-11-04,21.0567,21.35,21.0567,21.35,12.8822,11700,0,0
2004-11-05,21.4833,21.4833,21.2933,21.3467,12.8802,42900,0,0
2004-11-08,21.3667,21.3667,21.27,21.27,12.8339,58800,0,0
2004-11-09,21.3267,21.45,21.32,21.4133,12.9204,39000,0,0
2004-11-10,21.4167,21.6333,21.4167,21.5667,13.0129,48900,0,0
2004-11-11,21.5733,21.74,21.5733,21.74,13.1175,15600,0,0
2004-11-12,21.7267,22.0033,21.7167,22.0033,13.2764,6600,0,0
2004-11-15,21.9333,22.0233,21.91,21.97,13.2563,46500,0,0
2004-11-16,21.9933,21.9933,21.8233,21.8233,13.1678,11400,0,0
2004-11-17,22.09,22.0967,21.8467,21.8767,13.2,14100,0,0
2004-11-18,21.9667,21.9667,21.8767,21.94,13.2382,8100,0,0
2004-11-19,21.7267,21.79,21.6767,21.6933,13.0893,22200,0,0
2004-11-22,21.6267,22.0067,21.6167,21.9933,13.2703,93600,0,0
2004-11-23,22.06,22.1133,21.8667,22.06,13.3106,12000,0,0
2004-11-24,22.2733,22.3667,22.2733,22.3567,13.4896,7200,0,0
2004-11-26,22.4633,22.49,22.4633,22.4867,13.568,3300,0,0
2004-11-29,22.4033,22.58,22.28,22.4833,13.566,17700,0,0
2004-11-30,22.4833,22.54,22.4833,22.5067,13.5801,25500,0,0
2004-12-01,22.64,22.8467,22.64,22.84,13.7812,15000,0,0
2004-12-02,22.81,22.81,22.61,22.64,13.6605,17100,0,0
2004-12-03,22.5833,22.7,22.5833,22.66,13.6726,30600,0,0
2004-12-06,22.5567,22.6533,22.53,22.6,13.6364,16800,0,0
2004-12-07,22.55,22.55,22.17,22.1733,13.379,40500,0,0
2004-12-08,22.2233,22.3433,22.2233,22.3367,13.4775,15300,0,0
2004-12-09,22.25,22.3,22.0933,22.2767,13.4413,41700,0,0
2004-12-10,22.2667,22.46,22.2467,22.39,13.5097,6300,0,0
2004-12-13,22.45,22.57,22.4,22.57,13.6183,9000,0,0
2004-12-14,22.6167,22.7133,22.58,22.7133,13.7048,9600,0,0
2004-12-15,22.8467,22.9033,22.7467,22.9033,13.8194,11100,0,0
2004-12-16,22.9167,22.9167,22.6667,22.7367,13.7189,21000,0,0
2004-12-17,22.7167,22.7667,22.6033,22.7333,13.7168,24600,0,0
2004-12-20,22.79,22.87,22.5933,22.6533,13.6686,22500,0,0
2004-12-21,22.81,22.9467,22.7233,22.9467,13.8456,162600,0,0
2004-12-22,22.97,23.0533,22.97,23.0467,13.9059,100800,0,0
2004-12-23,23.0433,23.09,23.0333,23.04,13.9019,21600,0,0
2004-12-27,22.9667,22.9667,22.6733,22.7133,13.7962,15000,0.152667,0
2004-12-28,22.8467,22.9967,22.8467,22.9967,13.9683,21900,0,0
2004-12-29,22.9633,23.0033,22.93,23.0033,13.9723,4500,0,0
2004-12-30,23.0167,23.0167,22.9567,22.9633,13.948,21900,0,0
2004-12-31,22.9333,23.0567,22.9267,22.9867,13.9622,3600,0,0
2005-01-03,23.0933,23.0933,22.5833,22.5867,13.7193,23700,0,0
2005-01-04,22.7,22.7,22.2233,22.2233,13.4986,22500,0,0
2005-01-05,22.1,22.1667,21.7633,21.7633,13.2192,69600,0,0
2005-01-06,21.8933,21.9767,21.7533,21.85,13.2718,52200,0,0
2005-01-07,21.88,21.88,21.6333,21.6333,13.1402,43200,0,0
2005-01-10,21.6667,21.9267,21.6667,21.76,13.2171,48600,0,0
2005-01-11,21.5033,21.6833,21.5033,21.6433,13.1463,14100,0,0
2005-01-12,21.5667,21.59,21.3467,21.58,13.1078,148200,0,0
2005-01-13,21.6333,21.6667,21.5033,21.5733,13.1038,8400,0,0
2005-01-14,21.6733,21.7967,21.6733,21.7867,13.2333,18600,0,0
2005-01-18,21.7333,22.09,21.7333,22.0733,13.4075,34800,0,0
2005-01-19,22,22.07,21.9267,21.9267,13.3184,30900,0,0
2005-01-20,21.76,21.8133,21.6133,21.76,13.2171,51600,0,0
2005-01-21,21.6767,21.7967,21.5867,21.59,13.1139,20700,0,0
2005-01-24,21.6667,21.6667,21.43,21.43,13.0167,37200,0,0
2005-01-25,21.64,21.71,21.4667,21.5033,13.0612,29700,0,0
2005-01-26,21.5167,21.6967,21.51,21.6867,13.1726,25800,0,0
2005-01-27,21.7067,21.8967,21.7033,21.7633,13.2192,29400,0,0
2005-01-28,21.7833,21.7833,21.58,21.6733,13.1645,47700,0,0
2005-01-31,21.9133,22.0433,21.8467,22.0033,13.3649,38100,0,0
2005-02-01,22.0667,22.1967,22.0367,22.17,13.4662,28200,0,0
2005-02-02,22.1833,22.3133,22.1633,22.3133,13.5532,14700,0,0
2005-02-03,22.26,22.29,22.1833,22.2633,13.5229,21900,0,0
2005-02-04,22.33,22.53,22.33,22.53,13.6848,53400,0,0
2005-02-07,22.5833,22.6267,22.4533,22.5,13.6666,39300,0,0
2005-02-08,22.55,22.5633,22.4633,22.5433,13.6929,12600,0,0
2005-02-09,22.4167,22.4167,22.2067,22.2067,13.4884,12900,0,0
2005-02-10,22.1967,22.27,22.1,22.2467,13.5127,33900,0,0
2005-02-11,22.11,22.4933,22.11,22.45,13.6362,42000,0,0
2005-02-14,22.5133,22.52,22.42,22.4833,13.6565,24900,0,0
2005-02-15,22.5333,22.6333,22.46,22.5333,13.6869,60300,0,0
2005-02-16,22.42,22.6833,22.42,22.6167,13.7375,46200,0,0
2005-02-17,22.6633,22.6633,22.4567,22.4633,13.6443,11100,0,0
2005-02-18,22.3833,22.3933,22.2233,22.3,13.5451,30600,0,0
2005-02-22,22.0633,22.24,21.83,21.83,13.2597,10500,0,0
2005-02-23,21.9667,22.01,21.8733,21.9567,13.3366,21300,0,0
2005-02-24,21.9433,22.12,21.88,22.12,13.4358,8100,0,0
2005-02-25,22.1633,22.4567,22.16,22.4567,13.6403,18000,0,0
2005-02-28,22.4667,22.4867,22.2167,22.3667,13.5856,19800,0,0
2005-03-01,22.4867,22.61,22.41,22.61,13.7334,12300,0,0
2005-03-02,22.4567,22.6533,22.4233,22.5067,13.6707,36900,0,0
2005-03-03,22.58,22.6067,22.3967,22.55,13.697,28200,0,0
2005-03-04,22.6667,22.88,22.6667,22.8767,13.8954,18900,0,0
2005-03-07,22.88,22.9733,22.8567,22.8567,13.8833,34200,0,0
2005-03-08,22.8867,22.8867,22.6767,22.7167,13.7982,21000,0,0
2005-03-09,22.6333,22.6367,22.4667,22.5733,13.7112,34500,0,0
2005-03-10,22.51,22.5167,22.3033,22.3233,13.5593,24900,0,0
2005-03-11,22.37,22.4067,22.3167,22.3233,13.5593,21300,0,0
2005-03-14,22.4033,22.5267,22.4033,22.4433,13.6322,9900,0,0
2005-03-15,22.64,22.64,22.4233,22.4267,13.6221,4500,0,0
2005-03-16,22.3667,22.3733,22.2133,22.2567,13.5188,6300,0,0
2005-03-17,22.28,22.3533,22.23,22.35,13.5755,19500,0,0
2005-03-18,22.19,22.2533,22.1667,22.2533,13.5168,17100,0,0
2005-03-21,22.1267,22.23,22.1267,22.2033,13.4864,9000,0,0
2005-03-22,22.3067,22.44,22.0833,22.0833,13.4135,11400,0,0
2005-03-23,21.96,21.9933,21.8867,21.9933,13.3589,5400,0,0
2005-03-24,22.0667,22.1367,22.01,22.01,13.369,75900,0,0
2005-03-28,21.8933,21.9167,21.8367,21.8367,13.3261,12900,0.103,0
2005-03-29,21.9333,21.9333,21.49,21.49,13.1145,79200,0,0
2005-03-30,21.6967,21.87,21.69,21.87,13.3464,7500,0,0
2005-03-31,21.8267,21.91,21.8267,21.8533,13.3362,2700,0,0
2005-04-01,22.02,22.02,21.6533,21.6967,13.2406,10200,0,0
2005-04-04,21.5833,21.8333,21.5833,21.8333,13.324,27000,0,0
2005-04-05,21.89,21.89,21.8067,21.8533,13.3362,20400,0,0
2005-04-06,22.0133,22.0133,21.91,21.91,13.3708,33000,0,0
2005-04-07,21.8433,21.9667,21.8167,21.9267,13.381,10200,0,0
2005-04-08,21.9333,21.9333,21.8033,21.8033,13.3057,18600,0,0
2005-04-11,21.7333,21.7333,21.5733,21.6167,13.1918,17700,0,0
2005-04-12,21.5333,21.87,21.3967,21.8367,13.3261,167700,0,0
2005-04-13,21.8067,21.8167,21.4667,21.4667,13.1003,32400,0,0
2005-04-14,21.5433,21.5433,21.1333,21.1333,12.8969,30300,0,0
2005-04-15,21.04,21.16,20.7367,20.7367,12.6548,48000,0,0
2005-04-18,20.7933,20.93,20.71,20.9,12.7545,22200,0,0
2005-04-19,21.09,21.2,21.0567,21.1933,12.9335,28500,0,0
2005-04-20,21.1333,21.15,20.87,20.8733,12.7382,16500,0,0
2005-04-21,21.1433,21.31,20.9967,21.31,13.0047,34200,0,0
2005-04-22,21.25,21.25,20.8767,21.0233,12.8297,46200,0,0
2005-04-25,21.1833,21.2867,21.1367,21.2833,12.9884,20100,0,0
2005-04-26,21.2033,21.3433,20.9967,20.9967,12.8134,43500,0,0
2005-04-27,20.9167,21.1467,20.7667,21.0133,12.8236,27900,0,0
2005-04-28,20.9567,20.9567,20.6267,20.6267,12.5877,22500,0,0
2005-04-29,20.6567,20.7533,20.4167,20.7533,12.6649,47700,0,0
2005-05-02,20.92,20.92,20.7667,20.8367,12.7158,13500,0,0
2005-05-03,20.9667,21.0333,20.8633,20.9467,12.7829,24000,0,0
2005-05-04,21.05,21.3733,21.05,21.3233,13.0128,21600,0,0
2005-05-05,21.4333,21.4367,21.1767,21.2433,12.964,40500,0,0
2005-05-06,21.3633,21.4067,21.3333,21.3333,13.0189,10800,0,0
2005-05-09,21.3233,21.5133,21.3233,21.43,13.0779,7500,0,0
2005-05-10,21.4633,21.4633,21.2733,21.3,12.9986,119100,0,0
2005-05-11,21.21,21.4033,21.1333,21.3667,13.0392,126000,0,0
2005-05-12,21.4433,21.4433,20.9867,20.99,12.8094,19200,0,0
2005-05-13,20.8867,20.9867,20.66,20.73,12.6507,5400,0,0
2005-05-16,20.9167,21.1167,20.9133,21.1167,12.8867,21600,0,0
2005-05-17,21.1167,21.2967,21,21.2867,12.9904,15000,0,0
2005-05-18,21.5767,21.71,21.5767,21.6367,13.204,8100,0,0
2005-05-19,21.82,21.82,21.71,21.8167,13.3139,13800,0,0
2005-05-20,21.7667,21.7867,21.74,21.7867,13.2955,1200,0,0
2005-05-23,21.83,21.9967,21.83,21.98,13.4135,8100,0,0
2005-05-24,21.8333,21.9267,21.8267,21.92,13.3769,17100,0,0
2005-05-25,21.7633,21.78,21.6333,21.7033,13.2447,5100,0,0
2005-05-26,21.9467,21.9567,21.8933,21.9567,13.3993,7200,0,0
2005-05-27,21.9767,22.0967,21.9333,22.05,13.4563,11700,0,0
2005-05-31,22.15,22.1933,22.0233,22.0933,13.4827,6900,0,0
2005-06-01,22.0667,22.3833,22.0667,22.3367,13.6312,23400,0,0
2005-06-02,22.3067,22.4133,22.2933,22.4033,13.6719,42600,0,0
2005-06-03,22.3733,22.3933,22.1867,22.2467,13.5763,11400,0,0
2005-06-06,22.2133,22.3533,22.1833,22.3533,13.6414,19800,0,0
2005-06-07,22.4667,22.6267,22.4033,22.4033,13.6719,15600,0,0
2005-06-08,22.4667,22.5333,22.3233,22.3733,13.6536,16200,0,0
2005-06-09,22.26,22.5067,22.2367,22.5067,13.7349,7500,0,0
2005-06-10,22.5267,22.5667,22.5,22.5,13.7309,900,0,0
2005-06-13,22.5567,22.7,22.49,22.6133,13.8,9300,0,0
2005-06-14,22.6767,22.92,22.6767,22.9167,13.9852,15900,0,0
2005-06-15,22.98,22.9967,22.8433,22.9967,14.034,18300,0,0
2005-06-16,23.0167,23.1867,23.0067,23.1867,14.1499,9600,0,0
2005-06-17,23.32,23.3233,23.18,23.2733,14.2028,105300,0,0
2005-06-20,23.18,23.23,23.0933,23.1867,14.1499,12000,0,0
2005-06-21,23.1033,23.1033,23.04,23.05,14.1146,3600,0.079,0
2005-06-22,23.12,23.1333,23.0067,23.0633,14.1228,7200,0,0
2005-06-23,23.0633,23.0967,22.8333,22.8333,13.9819,8100,0,0
2005-06-24,22.7167,22.7167,22.47,22.4867,13.7696,21000,0,0
2005-06-27,22.54,22.55,22.4667,22.55,13.8084,12600,0,0
2005-06-28,22.7033,22.9433,22.7033,22.94,14.0472,22500,0,0
2005-06-29,22.99,23.0367,22.99,23.0267,14.1003,8400,0,0
2005-06-30,23.1067,23.1067,22.8967,22.9,14.0228,54300,0,0
2005-07-01,23.0367,23.0367,22.91,23.0133,14.0922,7800,0,0
2005-07-05,23.0667,23.3333,23.0667,23.31,14.2738,18900,0,0
2005-07-06,23.3167,23.3733,23.1633,23.1633,14.184,24300,0,0
2005-07-07,22.9133,23.1667,22.8967,23.1667,14.186,8400,0,0
2005-07-08,23.2467,23.67,23.2467,23.67,14.4943,16800,0,0
2005-07-11,23.7433,24.0233,23.7433,23.9967,14.6943,35700,0,0
2005-07-12,23.9667,24.0867,23.8733,23.9633,14.6739,61800,0,0
2005-07-13,24,24,23.7867,23.9133,14.6433,81000,0,0
2005-07-14,24.1233,24.1233,23.6733,23.71,14.5188,13200,0,0
2005-07-15,23.5867,23.77,23.5767,23.7433,14.5392,13200,0,0
2005-07-18,23.53,23.6633,23.53,23.5733,14.4351,11100,0,0
2005-07-19,23.6,23.9533,23.6,23.9233,14.6494,195000,0,0
2005-07-20,23.87,24.1567,23.8633,24.1433,14.7841,10200,0,0
2005-07-21,24.1267,24.1267,23.8533,23.9233,14.6494,22800,0,0
2005-07-22,23.9267,24.1633,23.8833,24.1633,14.7963,14400,0,0
2005-07-25,24.2167,24.2833,23.9333,23.9333,14.6555,33300,0,0
2005-07-26,24.0167,24.12,23.96,24.0933,14.7535,8700,0,0
2005-07-27,24.0933,24.0933,23.9167,23.9967,14.6943,15300,0,0
2005-07-28,24.1533,24.3733,24.1533,24.3733,14.9249,6000,0,0
2005-07-29,24.4033,24.4567,24.2067,24.2067,14.8229,21900,0,0
2005-08-01,24.3733,24.4367,24.3,24.3133,14.8882,32100,0,0
2005-08-02,24.42,24.55,24.42,24.55,15.0331,18600,0,0
2005-08-03,24.42,24.48,24.37,24.37,14.9229,7800,0,0
2005-08-04,24.32,24.32,24.0167,24.0167,14.7065,12900,0,0
2005-08-05,23.8967,23.8967,23.5033,23.6,14.4514,11700,0,0
2005-08-08,23.74,23.74,23.42,23.42,14.3412,6900,0,0
2005-08-09,23.5133,23.5133,23.4733,23.49,14.384,3300,0,0
2005-08-10,23.7033,23.8167,23.43,23.4933,14.3861,7800,0,0
2005-08-11,23.5167,23.72,23.4667,23.72,14.5249,8400,0,0
2005-08-12,23.6067,23.6567,23.3133,23.54,14.4147,15900,0,0
2005-08-15,23.62,23.81,23.62,23.7567,14.5473,3900,0,0
2005-08-16,23.53,23.53,23.3967,23.4033,14.331,10200,0,0
2005-08-17,23.25,23.4667,23.25,23.2933,14.2636,44400,0,0
2005-08-18,23.1533,23.2533,23.1267,23.1867,14.1983,103800,0,0
2005-08-19,23.22,23.2967,23.22,23.2867,14.2595,3600,0,0
2005-08-22,23.3433,23.4333,23.2467,23.3567,14.3024,33900,0,0
2005-08-23,23.3633,23.42,23.24,23.3333,14.2881,10200,0,0
2005-08-24,23.3,23.54,23.2533,23.2533,14.2391,21000,0,0
2005-08-25,23.3467,23.48,23.3467,23.39,14.3228,7500,0,0
2005-08-26,23.1367,23.22,23.1267,23.1667,14.186,28200,0,0
2005-08-29,23.0333,23.3333,22.99,23.31,14.2738,29100,0,0
2005-08-30,23.2533,23.32,23.18,23.32,14.2799,5400,0,0
2005-08-31,23.31,23.6567,23.26,23.6567,14.4861,28800,0,0
2005-09-01,23.77,23.8467,23.69,23.8067,14.5779,5700,0,0
2005-09-02,23.8,23.8,23.6133,23.6133,14.4596,3900,0,0
2005-09-06,23.7567,23.97,23.7567,23.97,14.678,17700,0,0
2005-09-07,23.97,23.9967,23.9667,23.9967,14.6943,4200,0,0
2005-09-08,23.9933,23.9933,23.81,23.81,14.58,7200,0,0
2005-09-09,23.97,24.0433,23.9667,24.0433,14.7229,16800,0,0
2005-09-12,24,24.22,23.99,24.2,14.8188,12600,0,0
2005-09-13,23.9967,24.0367,23.8733,23.8867,14.6269,10200,0,0
2005-09-14,23.8533,23.8667,23.6933,23.7067,14.5167,12300,0,0
2005-09-15,23.7667,23.7667,23.6667,23.7033,14.5147,6300,0,0
2005-09-16,23.8333,23.9233,23.7533,23.9233,14.6494,4500,0,0
2005-09-19,23.8633,23.8633,23.68,23.68,14.5004,9000,0,0
2005-09-20,23.82,23.8267,23.4033,23.4667,14.3697,16800,0,0
2005-09-21,23.3233,23.3667,23.0867,23.0867,14.1371,24600,0,0
2005-09-22,22.87,23.1933,22.8267,23.1933,14.2024,17400,0,0
2005-09-23,23.07,23.3367,23.0467,23.3,14.2677,11400,0,0
2005-09-26,23.38,23.3867,23.23,23.2933,14.3424,18600,0.128,0
2005-09-27,23.1767,23.3667,23.1433,23.29,14.3404,13200,0,0
2005-09-28,23.3533,23.3833,23.1067,23.18,14.2726,88800,0,0
2005-09-29,23.1833,23.5467,23.1133,23.5467,14.4984,13500,0,0
2005-09-30,23.49,23.64,23.49,23.59,14.5251,8700,0,0
2005-10-03,23.6433,23.7933,23.61,23.6567,14.5661,5700,0,0
2005-10-04,23.73,23.73,23.3333,23.3333,14.367,8400,0,0
2005-10-05,23.2467,23.2867,22.6433,22.6433,13.9422,116700,0,0
2005-10-06,22.6167,22.7633,22.3933,22.5133,13.8621,199500,0,0
2005-10-07,22.61,22.6467,22.5167,22.6467,13.9442,13500,0,0
2005-10-10,22.68,22.68,22.34,22.3767,13.778,35100,0,0
2005-10-11,22.5333,22.5333,22.12,22.12,13.6199,21300,0,0
2005-10-12,22.0467,22.1067,21.6933,21.8933,13.4804,22800,0,0
2005-10-13,21.8367,21.92,21.6267,21.9,13.4845,26700,0,0
2005-10-14,22.0433,22.1967,21.8167,22.1967,13.6671,14100,0,0
2005-10-17,22.2433,22.3033,22.0833,22.3033,13.7328,23400,0,0
2005-10-18,22.2067,22.2733,21.9767,22.0567,13.5809,22500,0,0
2005-10-19,21.8667,22.3233,21.7567,22.3233,13.7451,33300,0,0
2005-10-20,22.44,22.44,21.95,21.95,13.5153,15900,0,0
2005-10-21,22.1367,22.3433,22.1233,22.2833,13.7205,10800,0,0
2005-10-24,22.4,22.6433,22.4,22.6433,13.9422,8700,0,0
2005-10-25,22.6633,22.7567,22.44,22.4667,13.8334,9600,0,0
2005-10-26,22.64,22.6867,22.3867,22.3867,13.7841,14700,0,0
2005-10-27,22.2767,22.2767,22.02,22.0233,13.5604,31200,0,0
2005-10-28,22.2233,22.4567,22.0833,22.44,13.817,18300,0,0
2005-10-31,22.7433,22.8867,22.7267,22.76,14.014,33900,0,0
2005-11-01,22.66,22.7933,22.57,22.6967,13.975,17700,0,0
2005-11-02,22.7967,23.0467,22.7967,23.0267,14.1782,11700,0,0
2005-11-03,23.28,23.28,23.0667,23.0967,14.2213,14400,0,0
2005-11-04,23.1333,23.1333,22.9233,23.0433,14.1885,4800,0,0
2005-11-07,23.2067,23.21,22.9833,23.2067,14.289,13500,0,0
2005-11-08,22.97,23.01,22.8933,22.95,14.131,20100,0,0
2005-11-09,23.0333,23.26,23.0333,23.13,14.2418,45600,0,0
2005-11-10,23.02,23.35,22.8233,23.3333,14.367,6300,0,0
2005-11-11,23.3733,23.5,23.3467,23.4467,14.4368,15300,0,0
2005-11-14,23.5167,23.5167,23.2333,23.37,14.3896,22800,0,0
2005-11-15,23.3667,23.3667,23.0433,23.06,14.1987,41700,0,0
2005-11-16,23.1767,23.1767,22.9267,23.05,14.1926,21900,0,0
2005-11-17,23.2167,23.46,23.18,23.46,14.445,24000,0,0
2005-11-18,23.5,23.5667,23.4633,23.5167,14.4799,18900,0,0
2005-11-21,23.5667,23.79,23.4667,23.77,14.6359,14700,0,0
2005-11-22,23.6933,23.8533,23.6267,23.8533,14.6872,23700,0,0
2005-11-23,23.7933,23.9833,23.7933,23.8667,14.6954,12000,0,0
2005-11-25,23.8067,23.88,23.8067,23.88,14.7036,6300,0,0
2005-11-28,23.8833,23.8833,23.5333,23.5333,14.4902,33900,0,0
2005-11-29,23.7333,23.8,23.6533,23.67,14.5743,39300,0,0
2005-11-30,23.7333,23.8433,23.68,23.6867,14.5846,67200,0,0
2005-12-01,23.8467,24.1633,23.8467,24.1633,14.8781,20100,0,0
2005-12-02,24.0667,24.0967,23.95,24.0633,14.8165,6300,0,0
2005-12-05,24.0067,24.0067,23.8433,23.92,14.7283,134100,0,0
2005-12-06,24.1,24.1633,24.0167,24.0267,14.7939,6900,0,0
2005-12-07,23.8833,24.02,23.81,23.8367,14.6769,14400,0,0
2005-12-08,23.8667,24.1067,23.8133,23.9833,14.7673,28200,0,0
2005-12-09,24.02,24.12,23.9433,24.0733,14.8227,29700,0,0
2005-12-12,24.1867,24.1867,23.9733,24.0533,14.8104,15900,0,0
2005-12-13,24.0667,24.1933,24.05,24.13,14.8576,17400,0,0
2005-12-14,24.2467,24.31,24.1267,24.1867,14.8925,8100,0,0
2005-12-15,24.24,24.24,23.9833,24.05,14.8083,59400,0,0
2005-12-16,24.0867,24.2267,24.03,24.0767,14.8247,216300,0,0
2005-12-19,23.9733,23.9733,23.7067,23.72,14.6051,27900,0,0
2005-12-20,23.75,23.88,23.68,23.6967,14.5907,18600,0,0
2005-12-21,23.88,23.9733,23.8167,23.8767,14.7016,65400,0,0
2005-12-22,24.0467,24.05,23.93,24.05,14.8083,22800,0,0
2005-12-23,24,24.0033,23.93,23.97,14.8751,11100,0.187667,0
2005-12-27,24.05,24.06,23.6633,23.6867,14.6993,5700,0,0
2005-12-28,23.7567,23.7967,23.7,23.7767,14.7552,12900,0,0
2005-12-29,23.8,23.85,23.6933,23.7033,14.7096,35400,0,0
2005-12-30,23.4667,23.5867,23.4467,23.5167,14.5938,13200,0,0
2006-01-03,23.6433,23.9033,23.3033,23.9033,14.8337,44700,0,0
2006-01-04,23.94,24.11,23.94,24.0833,14.9454,36300,0,0
2006-01-05,24.1,24.1633,24.05,24.0933,14.9517,67200,0,0
2006-01-06,24.2167,24.3133,24.0933,24.3033,15.082,72900,0,0
2006-01-09,24.33,24.57,24.33,24.52,15.2164,25500,0,0
2006-01-10,24.4333,24.6933,24.41,24.6933,15.324,24600,0,0
2006-01-11,24.7,24.7,24.5333,24.6367,15.2888,3000,0,0
2006-01-12,24.6467,24.6467,24.4567,24.4833,15.1937,20400,0,0
2006-01-13,24.5667,24.5667,24.45,24.51,15.2102,18300,0,0
2006-01-17,24.3667,24.3667,24.1833,24.2967,15.0778,14700,0,0
2006-01-18,24.2733,24.31,24.2033,24.31,15.0861,154200,0,0
2006-01-19,24.3733,24.63,24.3733,24.59,15.2599,24900,0,0
2006-01-20,24.47,24.47,24.2433,24.27,15.0613,23100,0,0
2006-01-23,24.6633,24.6633,24.3233,24.44,15.1668,27900,0,0
2006-01-24,24.57,24.79,24.57,24.76,15.3654,48000,0,0
2006-01-25,24.8167,24.8633,24.66,24.7,15.3281,24300,0,0
2006-01-26,24.9233,25.0767,24.83,25.0767,15.5619,27300,0,0
2006-01-27,25.0633,25.3,25.0633,25.1533,15.6095,23100,0,0
2006-01-30,25.1833,25.1867,25.08,25.08,15.564,7200,0,0
2006-01-31,25.0167,25.22,24.9533,25.1267,15.5929,5400,0,0
2006-02-01,25.1,25.2667,25.1,25.2167,15.6488,18600,0,0
2006-02-02,25.2067,25.2067,24.81,24.8767,15.4378,22500,0,0
2006-02-03,24.8333,25.0067,24.7233,24.8667,15.4316,30000,0,0
2006-02-06,24.8667,24.9767,24.75,24.9767,15.4998,68100,0,0
2006-02-07,24.9467,25,24.65,24.6733,15.3116,29100,0,0
2006-02-08,24.6733,24.7967,24.5533,24.7967,15.3881,11400,0,0
2006-02-09,24.8,24.9133,24.6733,24.6733,15.3116,15000,0,0
2006-02-10,24.6,24.6867,24.4633,24.6867,15.3199,35100,0,0
2006-02-13,24.5833,24.5833,24.3833,24.4467,15.1709,25800,0,0
2006-02-14,24.48,24.8833,24.41,24.8833,15.4419,13800,0,0
2006-02-15,24.81,24.9933,24.7233,24.9933,15.5102,20100,0,0
2006-02-16,25.1333,25.1667,24.9867,25.1533,15.6095,6900,0,0
2006-02-17,25.1,25.2367,25.0533,25.1733,15.6219,17400,0,0
2006-02-21,25.2067,25.2467,24.9667,25.0233,15.5288,36000,0,0
2006-02-22,25.2,25.36,25.06,25.36,15.7377,31800,0,0
2006-02-23,25.22,25.3767,25.22,25.2333,15.6591,8700,0,0
2006-02-24,25.1833,25.3367,25.15,25.3367,15.7232,26100,0,0
2006-02-27,25.4533,25.5,25.41,25.4367,15.7853,29700,0,0
2006-02-28,25.3333,25.3333,25.0667,25.0833,15.566,54600,0,0
2006-03-01,25.2,25.3467,25.11,25.3467,15.7294,21300,0,0
2006-03-02,25.2167,25.27,25.1767,25.27,15.6819,18300,0,0
2006-03-03,25.19,25.3633,25.13,25.1533,15.6095,18900,0,0
2006-03-06,25.1133,25.1633,24.9033,24.9833,15.504,8100,0,0
2006-03-07,24.8333,24.8333,24.6667,24.7,15.3281,9000,0,0
2006-03-08,24.65,24.7933,24.49,24.7633,15.3674,19800,0,0
2006-03-09,24.8,24.9267,24.6667,24.7033,15.3302,6900,0,0
2006-03-10,24.7033,24.9633,24.62,24.9633,15.4916,23100,0,0
2006-03-13,25.1333,25.1867,24.9433,24.9433,15.4791,35400,0,0
2006-03-14,24.94,25.3267,24.9133,25.3,15.7005,11400,0,0
2006-03-15,25.3,25.5167,25.25,25.5167,15.8349,10800,0,0
2006-03-16,25.5967,25.75,25.5967,25.63,15.9053,12000,0,0
2006-03-17,25.63,25.75,25.63,25.7167,15.9591,3300,0,0
2006-03-20,25.6367,25.6867,25.5233,25.6667,15.928,37800,0,0
2006-03-21,25.5067,25.69,25.2667,25.2667,15.6798,44700,0,0
2006-03-22,25.26,25.5233,25.1933,25.5133,15.8329,35100,0,0
2006-03-23,25.5033,25.63,25.5033,25.6233,15.9011,21000,0,0
2006-03-24,25.6667,25.7833,25.6367,25.7833,16.0004,15600,0,0
2006-03-27,25.6933,25.71,25.5967,25.6733,15.9873,14100,0.089,0
2006-03-28,25.71,25.8267,25.54,25.5667,15.9209,18000,0,0
2006-03-29,25.7333,26.01,25.71,26.01,16.197,13500,0,0
2006-03-30,26.09,26.09,25.8067,25.8867,16.1202,30000,0,0
2006-03-31,25.93,26.0067,25.82,26,16.1908,180300,0,0
2006-04-03,26.0167,26.1367,25.84,25.84,16.0911,21000,0,0
2006-04-04,25.8533,26.0233,25.78,25.91,16.1347,24300,0,0
2006-04-05,25.99,26.0467,25.8,26.0467,16.2198,32100,0,0
2006-04-06,26.0167,26.0433,25.8867,25.99,16.1845,13200,0,0
2006-04-07,26.1833,26.1833,25.69,25.7167,16.0143,36900,0,0
2006-04-10,25.7,25.8,25.4933,25.57,15.923,3900,0,0
2006-04-11,25.6667,25.6667,25.1933,25.2767,15.7403,28200,0,0
2006-04-12,25.3533,25.3833,25.3033,25.3833,15.8067,12900,0,0
2006-04-13,25.3,25.5367,25.3,25.4067,15.8213,72300,0,0
2006-04-17,25.4567,25.4567,25.2233,25.29,15.7486,19800,0,0
2006-04-18,25.4667,26.0233,25.4667,26.0233,16.2053,24600,0,0
2006-04-19,26.0833,26.2267,25.9567,26.2267,16.3319,47400,0,0
2006-04-20,26.1833,26.2567,25.95,26.1033,16.2551,35700,0,0
2006-04-21,26.32,26.32,26.0033,26.09,16.2468,73800,0,0
2006-04-24,26.1,26.1,25.92,25.9867,16.1825,20700,0,0
2006-04-25,25.9267,25.9267,25.7933,25.9167,16.1389,45300,0,0
2006-04-26,26,26.15,25.87,25.95,16.1596,50100,0,0
2006-04-27,25.6367,26.1267,25.6367,25.85,16.0974,114000,0,0
2006-04-28,25.75,26,25.75,25.88,16.116,83700,0,0
2006-05-01,26.06,26.0933,25.78,25.81,16.0725,66600,0,0
2006-05-02,25.89,25.98,25.74,25.9367,16.1513,75600,0,0
2006-05-03,26.0833,26.1233,25.8767,26.1233,16.2676,45000,0,0
2006-05-04,26.12,26.2833,26.1167,26.2833,16.3672,20700,0,0
2006-05-05,26.49,26.63,26.4433,26.58,16.552,39600,0,0
2006-05-08,26.52,26.57,26.4633,26.5533,16.5353,30300,0,0
2006-05-09,26.5333,26.62,26.52,26.6067,16.5685,15600,0,0
2006-05-10,26.5333,26.5767,26.3467,26.41,16.4461,34200,0,0
2006-05-11,26.4333,26.4333,25.94,25.94,16.1534,29700,0,0
2006-05-12,25.63,25.78,25.4567,25.4667,15.8587,86100,0,0
2006-05-15,25.45,25.5,25.1833,25.4833,15.869,29700,0,0
2006-05-16,25.6267,25.6267,25.3967,25.42,15.8296,21600,0,0
2006-05-17,25.1967,25.2367,25,25.1133,15.6386,49800,0,0
2006-05-18,25.2333,25.2867,24.92,24.92,15.5182,26100,0,0
2006-05-19,24.9433,25.2333,24.7467,25.0833,15.6199,124500,0,0
2006-05-22,24.87,25.0667,24.6,25.0667,15.6096,76800,0,0
2006-05-23,25.2133,25.2333,24.7267,24.7267,15.3978,42300,0,0
2006-05-24,24.6667,24.8667,24.2933,24.77,15.4248,50700,0,0
2006-05-25,25,25.1933,24.9167,25.1933,15.6884,45300,0,0
2006-05-26,25.3567,25.38,25.25,25.3233,15.7694,15900,0,0
2006-05-30,25.1733,25.1733,24.7467,24.7467,15.4103,19500,0,0
2006-05-31,24.8733,25.0667,24.8233,25.0267,15.5846,45000,0,0
2006-06-01,25.1467,25.5067,25.1467,25.5067,15.8836,16800,0,0
2006-06-02,25.7267,25.7267,25.4733,25.5633,15.9188,13500,0,0
2006-06-05,25.4167,25.5133,24.9233,24.9233,15.5203,32400,0,0
2006-06-06,24.7667,24.8467,24.58,24.8467,15.4726,66600,0,0
2006-06-07,24.8667,25.18,24.71,24.73,15.3999,77700,0,0
2006-06-08,24.5333,24.85,24.1,24.83,15.4622,51300,0,0
2006-06-09,24.8333,25.02,24.6,24.6667,15.3605,55200,0,0
2006-06-12,24.5833,24.5833,24.16,24.16,15.045,49800,0,0
2006-06-13,24.1967,24.3867,23.7833,23.8467,14.8498,101400,0,0
2006-06-14,23.8333,24,23.7167,23.9333,14.9038,67800,0,0
2006-06-15,24.26,24.7533,24.2567,24.7233,15.3958,45000,0,0
2006-06-16,24.6667,24.6667,24.39,24.4433,15.2214,25200,0,0
2006-06-19,24.5,24.5,24.0567,24.0867,14.9993,66000,0,0
2006-06-20,24.1333,24.2767,24.04,24.0633,14.9848,92700,0,0
2006-06-21,24.1267,24.4133,24.1267,24.33,15.1508,36300,0,0
2006-06-22,24.2833,24.3133,24.15,24.2067,15.074,28200,0,0
2006-06-23,24.1133,24.3133,24.1133,24.17,15.1124,18900,0.098,0
2006-06-26,24.3433,24.4767,24.3433,24.45,15.2874,21600,0,0
2006-06-27,24.4933,24.4933,24.15,24.1667,15.1103,20100,0,0
2006-06-28,24.2333,24.2533,24.04,24.2333,15.152,18300,0,0
2006-06-29,24.5333,24.9633,24.4067,24.9633,15.6084,102300,0,0
2006-06-30,24.98,25.03,24.8433,24.94,15.5938,63300,0,0
2006-07-03,24.9333,25.0167,24.89,25.0167,15.6418,6000,0,0
2006-07-05,24.8267,24.8767,24.6267,24.79,15.5,24000,0,0
2006-07-06,24.9333,24.9733,24.7867,24.8633,15.5459,28800,0,0
2006-07-07,24.7567,24.96,24.5567,24.5567,15.3541,19200,0,0
2006-07-10,24.75,24.8767,24.6833,24.7333,15.4646,36600,0,0
2006-07-11,24.69,24.8767,24.4767,24.8767,15.5542,57000,0,0
2006-07-12,24.8633,24.87,24.4667,24.4667,15.2979,56100,0,0
2006-07-13,24.2667,24.4167,24.01,24.0667,15.0478,30900,0,0
2006-07-14,24,24,23.6333,23.9667,14.9852,122700,0,0
2006-07-17,24.0033,24.0033,23.7833,23.8433,14.9081,48600,0,0
2006-07-18,24.0433,24.0667,23.71,24.0667,15.0478,117300,0,0
2006-07-19,24.3233,24.66,24.3233,24.5867,15.3729,40200,0,0
2006-07-20,24.5867,24.5867,24.0233,24.0233,15.0207,17100,0,0
2006-07-21,23.8833,23.9,23.6667,23.7867,14.8727,99600,0,0
2006-07-24,24.03,24.3533,24.0167,24.3467,15.2228,36600,0,0
2006-07-25,24.2933,24.6967,24.2933,24.5333,15.3395,60600,0,0
2006-07-26,24.46,24.65,24.2067,24.4367,15.2791,77100,0,0
2006-07-27,24.65,24.7033,24.1767,24.2,15.1311,80100,0,0
2006-07-28,24.4567,24.7267,24.4,24.6767,15.4292,54600,0,0
2006-07-31,24.5667,24.6267,24.42,24.5667,15.3604,42600,0,0
2006-08-01,24.35,24.44,24.1867,24.3533,15.227,41400,0,0
2006-08-02,24.45,24.61,24.3967,24.5,15.3187,31800,0,0
2006-08-03,24.3667,24.8367,24.3667,24.8067,15.5105,47400,0,0
2006-08-04,25.1833,25.1833,24.5567,24.6833,15.4333,35400,0,0
2006-08-07,24.6333,24.7033,24.49,24.57,15.3625,32700,0,0
2006-08-08,24.7333,24.86,24.3433,24.3833,15.2458,35400,0,0
2006-08-09,24.5667,24.6667,24.2033,24.22,15.1436,37800,0,0
2006-08-10,24.0667,24.4333,23.9867,24.3333,15.2145,32400,0,0
2006-08-11,24.2167,24.2233,24.08,24.1367,15.0915,17700,0,0
2006-08-14,24.3667,24.58,24.24,24.2533,15.1645,180600,0,0
2006-08-15,24.6467,24.7933,24.6,24.7667,15.4854,28200,0,0
2006-08-16,24.9333,25.08,24.83,25,15.6313,19200,0,0
2006-08-17,24.9833,25.2167,24.9533,25.1067,15.698,17400,0,0
2006-08-18,25.15,25.15,24.9267,25.0767,15.6793,22200,0,0
2006-08-21,25.0033,25.01,24.8833,24.9367,15.5917,94200,0,0
2006-08-22,24.8867,25.0733,24.8867,24.9833,15.6209,34500,0,0
2006-08-23,25.05,25.05,24.6267,24.72,15.4563,27600,0,0
2006-08-24,24.7467,24.78,24.5367,24.65,15.4125,19800,0,0
2006-08-25,24.7,24.7133,24.6033,24.6867,15.4354,21300,0,0
2006-08-28,24.6867,24.89,24.6867,24.85,15.5375,34200,0,0
2006-08-29,24.95,25.13,24.82,25.13,15.7126,6900,0,0
2006-08-30,25.2433,25.3333,25.2367,25.3067,15.8231,76500,0,0
2006-08-31,25.3767,25.4367,25.3233,25.3733,15.8648,11100,0,0
2006-09-01,25.3667,25.4367,25.35,25.3967,15.8793,2400,0,0
2006-09-05,25.4267,25.5867,25.39,25.55,15.9752,12300,0,0
2006-09-06,25.3333,25.3333,25.1667,25.1767,15.7418,12300,0,0
2006-09-07,25.0333,25.1533,24.9633,25.01,15.6376,16800,0,0
2006-09-08,25.04,25.0933,24.9633,25.0533,15.6647,26400,0,0
2006-09-11,25.05,25.2133,24.86,25.14,15.7189,24300,0,0
2006-09-12,25.2333,25.6967,25.2333,25.6267,16.0232,19200,0,0
2006-09-13,25.6333,25.8367,25.6067,25.8033,16.1336,8100,0,0
2006-09-14,25.8,25.8,25.5933,25.7167,16.0794,25200,0,0
2006-09-15,25.8,25.83,25.68,25.79,16.1253,27300,0,0
2006-09-18,25.6667,25.76,25.6433,25.6867,16.0607,6900,0,0
2006-09-19,25.7667,25.7667,25.2633,25.5767,15.9919,33900,0,0
2006-09-20,25.8,25.9667,25.7867,25.9167,16.2045,70500,0,0
2006-09-21,25.9633,25.9833,25.5767,25.6367,16.0294,12600,0,0
2006-09-22,25.4933,25.4933,25.2733,25.3367,15.8418,3900,0,0
2006-09-25,25.5,25.8267,25.35,25.7567,16.1044,44400,0,0
2006-09-26,25.7633,25.9067,25.7333,25.8633,16.1711,10200,0,0
2006-09-27,25.7,25.8533,25.6467,25.7767,16.212,12300,0.151667,0
2006-09-28,25.93,25.93,25.6467,25.7767,16.212,9000,0,0
2006-09-29,25.8233,25.83,25.54,25.54,16.0632,24300,0,0
2006-10-02,25.3767,25.5133,25.2933,25.36,15.95,4800,0,0
2006-10-03,25.2833,25.5333,25.22,25.4233,15.9898,19200,0,0
2006-10-04,25.4067,25.84,25.4067,25.8267,16.2435,11400,0,0
2006-10-05,25.8067,26.1067,25.8,26.1067,16.4196,111300,0,0
2006-10-06,26,26,25.8233,25.95,16.321,10200,0,0
2006-10-09,25.9167,26.11,25.9167,26.11,16.4217,9000,0,0
2006-10-10,26.0833,26.1833,26.0167,26.1167,16.4258,9900,0,0
2006-10-11,26.02,26.0767,25.8533,25.9467,16.3189,11700,0,0
2006-10-12,26.1433,26.4267,26.1433,26.4267,16.6208,21900,0,0
2006-10-13,26.4667,26.5533,26.4167,26.5467,16.6963,4200,0,0
2006-10-16,26.59,26.7267,26.57,26.7067,16.7969,24000,0,0
2006-10-17,26.5,26.6233,26.4167,26.59,16.7236,13500,0,0
2006-10-18,26.8,26.8,26.59,26.6333,16.7508,28200,0,0
2006-10-19,26.5833,26.7567,26.5467,26.7567,16.8284,50400,0,0
2006-10-20,26.5667,26.6,26.5167,26.5733,16.7131,36900,0,0
2006-10-23,26.5,26.6633,26.3567,26.5667,16.7089,33300,0,0
2006-10-24,26.5,26.6567,26.45,26.6567,16.7655,37500,0,0
2006-10-25,26.6433,26.8133,26.5867,26.7433,16.82,30000,0,0
2006-10-26,26.7833,27.0167,26.6667,27.0167,16.9919,22500,0,0
2006-10-27,26.89,26.9833,26.6767,26.6767,16.7781,20700,0,0
2006-10-30,26.6,26.9033,26.5367,26.8567,16.8913,24300,0,0
2006-10-31,26.8833,26.94,26.5933,26.72,16.8053,227700,0,0
2006-11-01,26.7667,26.8533,26.2967,26.2967,16.5391,23700,0,0
2006-11-02,26.1667,26.37,26.1667,26.28,16.5286,12000,0,0
2006-11-03,26.4,26.4,26.1267,26.25,16.5097,21600,0,0
2006-11-06,26.3333,26.66,26.3333,26.6467,16.7592,57900,0,0
2006-11-07,26.6167,26.8633,26.5633,26.5633,16.7068,15000,0,0
2006-11-08,26.4433,26.8633,26.4433,26.8167,16.8661,51000,0,0
2006-11-09,26.8333,26.8333,26.5333,26.6033,16.7319,143700,0,0
2006-11-10,26.6333,26.7267,26.6133,26.7267,16.8095,19200,0,0
2006-11-13,26.8,26.9667,26.78,26.95,16.95,53700,0,0
2006-11-14,27,27.3767,26.8867,27.3767,17.2183,14100,0,0
2006-11-15,27.32,27.5967,27.32,27.5367,17.319,37500,0,0
2006-11-16,27.6,27.6167,27.51,27.51,17.3022,35700,0,0
2006-11-17,27.43,27.4933,27.3667,27.4867,17.2875,14400,0,0
2006-11-20,27.4833,27.6567,27.44,27.5867,17.3504,35400,0,0
2006-11-21,27.6,27.64,27.54,27.64,17.3839,16200,0,0
2006-11-22,27.7067,27.7267,27.5733,27.67,17.4028,38100,0,0
2006-11-24,27.4667,27.69,27.4667,27.6033,17.3609,51600,0,0
2006-11-27,27.4567,27.4567,27.0167,27.0333,17.0024,55500,0,0
2006-11-28,26.98,27.14,26.9,27.1067,17.0485,23100,0,0
2006-11-29,27.3,27.4767,27.2267,27.4767,17.2812,22500,0,0
2006-11-30,27.4333,27.6233,27.3467,27.53,17.3148,18300,0,0
2006-12-01,27.4,27.4,27.1333,27.3533,17.2036,18900,0,0
2006-12-04,27.5233,27.8267,27.5233,27.82,17.4972,11400,0,0
2006-12-05,27.8567,27.9367,27.8233,27.9033,17.5496,171600,0,0
2006-12-06,27.7933,27.8933,27.7667,27.8233,17.4992,9900,0,0
2006-12-07,27.8,27.85,27.6233,27.6333,17.3797,11400,0,0
2006-12-08,27.6833,27.69,27.5933,27.69,17.4154,3000,0,0
2006-12-11,27.6733,27.7333,27.6333,27.7067,17.4259,9600,0,0
2006-12-12,27.6667,27.7533,27.5,27.6367,17.3818,10200,0,0
2006-12-13,27.6633,27.7067,27.6233,27.7067,17.4259,10800,0,0
2006-12-14,27.69,27.96,27.69,27.9267,17.5642,11700,0,0
2006-12-15,27.9567,27.9933,27.8333,27.8533,17.5181,16800,0,0
2006-12-18,27.8833,27.8833,27.4833,27.5067,17.3001,16800,0,0
2006-12-19,27.3667,27.5133,27.3033,27.5133,17.3043,29700,0,0
2006-12-20,27.53,27.7467,27.53,27.6,17.3588,13500,0,0
2006-12-21,27.46,27.5433,27.2733,27.3133,17.3106,12000,0.210667,0
2006-12-22,27.2833,27.31,27.2333,27.2767,17.2874,10500,0,0
2006-12-26,27.3,27.6267,27.3,27.62,17.505,36900,0,0
2006-12-27,27.69,27.9433,27.69,27.9433,17.7099,117300,0,0
2006-12-28,27.9167,27.92,27.8333,27.8433,17.6465,11100,0,0
2006-12-29,27.8267,27.8567,27.54,27.54,17.4543,20100,0,0
2007-01-03,27.72,27.87,27.3667,27.63,17.5113,89700,0,0
2007-01-04,27.4633,27.6633,27.4367,27.6433,17.5198,15300,0,0
2007-01-05,27.4633,27.4633,27.11,27.11,17.1817,20400,0,0
2007-01-08,27.0133,27.1733,26.9533,27.1433,17.2029,39300,0,0
2007-01-09,27.1567,27.1967,26.8733,27.1767,17.224,46800,0,0
2007-01-10,27.0667,27.1633,27.04,27.1533,17.2092,32100,0,0
2007-01-11,27.2567,27.5967,27.2567,27.51,17.4353,51900,0,0
2007-01-12,27.5533,27.6633,27.54,27.66,17.5303,63000,0,0
2007-01-16,27.8333,27.86,27.5133,27.5633,17.4691,58800,0,0
2007-01-17,27.5133,27.6433,27.4633,27.4867,17.4205,62700,0,0
2007-01-18,27.4933,27.4967,27.25,27.2967,17.3001,46800,0,0
2007-01-19,27.26,27.5433,27.25,27.51,17.4353,39300,0,0
2007-01-22,27.54,27.54,27.28,27.34,17.3275,37500,0,0
2007-01-23,27.3167,27.6667,27.3167,27.5367,17.4522,77100,0,0
2007-01-24,27.55,27.8033,27.55,27.77,17.6,52800,0,0
2007-01-25,27.8,27.8,27.36,27.4233,17.3803,22200,0,0
2007-01-26,27.5333,27.59,27.3,27.5767,17.4775,148200,0,0
2007-01-29,27.5967,27.88,27.5967,27.7767,17.6043,17700,0,0
2007-01-30,27.7667,27.9433,27.7667,27.9433,17.7099,53400,0,0
2007-01-31,27.84,28.1133,27.8167,27.9833,17.7352,80700,0,0
2007-02-01,28.19,28.25,28.1433,28.25,17.9042,4800,0,0
2007-02-02,28.3167,28.38,28.2633,28.38,17.9866,7800,0,0
2007-02-05,28.3833,28.3833,28.2767,28.2767,17.9212,19800,0,0
2007-02-06,28.3833,28.4667,28.3067,28.4667,18.0416,15000,0,0
2007-02-07,28.5333,28.6667,28.4867,28.6667,18.1683,12000,0,0
2007-02-08,28.59,28.5967,28.4967,28.5967,18.124,88200,0,0
2007-02-09,28.6067,28.6667,28.2033,28.3167,17.9465,15600,0,0
2007-02-12,28.3567,28.3567,28.1967,28.2267,17.8895,10500,0,0
2007-02-13,28.4067,28.5033,28.4067,28.45,18.031,4200,0,0
2007-02-14,28.57,28.6867,28.5667,28.5667,18.105,14400,0,0
2007-02-15,28.5833,28.7367,28.55,28.6833,18.1789,5100,0,0
2007-02-16,28.64,28.7,28.4333,28.7,18.1895,37500,0,0
2007-02-20,28.6367,28.9333,28.59,28.9,18.3162,10500,0,0
2007-02-21,28.8667,28.9,28.77,28.8967,18.3141,10200,0,0
2007-02-22,28.9667,28.9667,28.8033,28.86,18.2909,6600,0,0
2007-02-23,28.9167,28.9333,28.7,28.8433,18.2803,21600,0,0
2007-02-26,28.8833,28.9167,28.5567,28.68,18.1768,15300,0,0
2007-02-27,28.2533,28.3667,27.59,27.71,17.562,32700,0,0
2007-02-28,27.6833,27.9067,27.4367,27.7533,17.5895,27000,0,0
2007-03-01,27.3733,27.9133,27.2,27.8167,17.6296,88800,0,0
2007-03-02,27.65,27.6867,27.3433,27.3433,17.3296,21900,0,0
2007-03-05,27.1333,27.32,26.5733,26.65,16.8902,108300,0,0
2007-03-06,26.9333,27.45,26.9333,27.37,17.3465,18900,0,0
2007-03-07,27.31,27.49,27.24,27.3033,17.3043,12600,0,0
2007-03-08,27.5733,27.6633,27.4567,27.48,17.4162,39000,0,0
2007-03-09,27.6367,27.6567,27.4833,27.52,17.4416,8400,0,0
2007-03-12,27.5667,27.6933,27.5333,27.61,17.4986,20400,0,0
2007-03-13,27.4733,27.4733,26.9367,26.9567,17.0846,16200,0,0
2007-03-14,26.8733,27.11,26.6167,27.11,17.1817,71400,0,0
2007-03-15,27.2667,27.44,27.2667,27.44,17.3909,49800,0,0
2007-03-16,27.36,27.41,27.2733,27.3133,17.3106,13200,0,0
2007-03-19,27.4667,27.6967,27.4667,27.5433,17.4564,11700,0,0
2007-03-20,27.55,27.7967,27.55,27.7733,17.6022,9000,0,0
2007-03-21,27.8333,28.3033,27.8333,28.3033,17.9381,11700,0,0
2007-03-22,28.2667,28.3067,28.2233,28.2833,17.9254,127500,0,0
2007-03-23,28.2767,28.31,28.2233,28.31,17.9423,10200,0,0
2007-03-26,28.1833,28.1833,27.88,28.07,17.8547,17700,0.102333,0
2007-03-27,27.98,27.98,27.82,27.89,17.7402,5100,0,0
2007-03-28,27.7,27.76,27.6667,27.7167,17.63,8100,0,0
2007-03-29,27.8667,27.8667,27.63,27.67,17.6003,7500,0,0
2007-03-30,27.8333,27.9167,27.6333,27.78,17.6702,12300,0,0
2007-04-02,27.81,27.88,27.77,27.8733,17.7296,6900,0,0
2007-04-03,28.0333,28.24,28.0333,28.1133,17.8823,18900,0,0
2007-04-04,28.1067,28.11,28.0667,28.0933,17.8696,3900,0,0
2007-04-05,28.1567,28.17,28.1567,28.1633,17.9141,2700,0,0
2007-04-09,28.1667,28.1667,28.05,28.1233,17.8886,18900,0,0
2007-04-10,28.1433,28.26,28.1433,28.1733,17.9204,6000,0,0
2007-04-11,28.1833,28.1833,27.9267,27.9833,17.7996,11400,0,0
2007-04-12,27.9333,28.1633,27.8267,28.1167,17.8844,5700,0,0
2007-04-13,28.2333,28.3267,28.1033,28.3233,18.0159,6000,0,0
2007-04-16,28.5833,28.7433,28.5833,28.7133,18.2639,17700,0,0
2007-04-17,28.75,28.8267,28.7033,28.77,18.3,8100,0,0
2007-04-18,28.6667,28.7367,28.6333,28.7167,18.266,14100,0,0
2007-04-19,28.3333,28.5233,28.3333,28.4133,18.0731,14100,0,0
2007-04-20,28.79,28.85,28.63,28.77,18.3,9300,0,0
2007-04-23,28.7633,28.8533,28.71,28.7167,18.266,10800,0,0
2007-04-24,28.8267,28.8267,28.58,28.6833,18.2448,9900,0,0
2007-04-25,28.8467,29.02,28.7767,29,18.4463,14700,0,0
2007-04-26,28.9667,29.1067,28.83,29.0433,18.4738,12000,0,0
2007-04-27,29,29,28.8133,28.9333,18.4039,12000,0,0
2007-04-30,28.7933,28.88,28.36,28.3933,18.0604,14400,0,0
2007-05-01,28.37,28.46,28.2367,28.46,18.1028,19500,0,0
2007-05-02,28.4967,28.9133,28.4967,28.8633,18.3593,16500,0,0
2007-05-03,28.9333,28.95,28.8133,28.87,18.3636,8400,0,0
2007-05-04,28.9633,28.9633,28.8867,28.8867,18.3742,32400,0,0
2007-05-07,29.1067,29.13,29.0467,29.0467,18.4759,28800,0,0
2007-05-08,28.91,29.0633,28.8267,29.0533,18.4802,51900,0,0
2007-05-09,28.95,29.32,28.95,29.2133,18.582,54600,0,0
2007-05-10,28.94,28.9733,28.6867,28.6867,18.247,18000,0,0
2007-05-11,28.8867,29.01,28.8867,29.01,18.4526,16500,0,0
2007-05-14,29.0367,29.0367,28.7633,28.7633,18.2957,7200,0,0
2007-05-15,28.7767,29.02,28.5667,28.5667,18.1706,29700,0,0
2007-05-16,28.6667,28.7733,28.62,28.7733,18.3021,6600,0,0
2007-05-17,28.6667,28.7267,28.6433,28.6633,18.2321,3900,0,0
2007-05-18,28.6467,28.83,28.6467,28.83,18.3381,2100,0,0
2007-05-21,28.9033,29.1667,28.9033,29.06,18.4844,11100,0,0
2007-05-22,29.2067,29.2067,29.05,29.1833,18.5629,9000,0,0
2007-05-23,29.2667,29.3967,29.1433,29.1433,18.5374,6600,0,0
2007-05-24,29.05,29.25,28.6567,28.67,18.2364,229200,0,0
2007-05-25,28.8633,28.9433,28.7833,28.8633,18.3593,14700,0,0
2007-05-29,28.9033,29.15,28.9033,29.12,18.5226,12600,0,0
2007-05-30,28.9667,29.34,28.96,29.2667,18.6159,11400,0,0
2007-05-31,29.4933,29.4933,29.3,29.3767,18.6859,7200,0,0
2007-06-01,29.65,29.67,29.5767,29.6267,18.8449,6600,0,0
2007-06-04,29.5267,29.7267,29.5267,29.72,18.9042,5100,0,0
2007-06-05,29.5867,29.5867,29.34,29.42,18.7134,9900,0,0
2007-06-06,29.17,29.2367,29.08,29.1867,18.565,7500,0,0
2007-06-07,29.0667,29.0667,28.5967,28.6,18.1918,25500,0,0
2007-06-08,28.53,28.9533,28.53,28.9167,18.3933,13800,0,0
2007-06-11,28.7267,28.9633,28.7267,28.7967,18.3169,8700,0,0
2007-06-12,28.5533,28.5967,28.4167,28.4167,18.0752,8400,0,0
2007-06-13,28.5067,28.7567,28.4033,28.7467,18.2851,10200,0,0
2007-06-14,28.9367,28.98,28.8033,28.8033,18.3212,10800,0,0
2007-06-15,29.2433,29.35,29.2367,29.2367,18.5968,15300,0,0
2007-06-18,29.3267,29.3267,29.08,29.18,18.5608,24600,0,0
2007-06-19,29.12,29.2367,29.0533,29.2367,18.5968,6600,0,0
2007-06-20,29.2,29.2,28.7833,28.7833,18.3085,7200,0,0
2007-06-21,28.6667,28.8833,28.53,28.8833,18.3721,16200,0,0
2007-06-22,28.7733,28.7733,28.51,28.6133,18.2003,12600,0,0
2007-06-25,28.6,28.7333,28.39,28.4267,18.0816,18900,0,0
2007-06-26,28.45,28.45,28.2333,28.33,18.0201,3000,0,0
2007-06-27,28.1,28.65,28.1,28.6267,18.2088,104100,0,0
2007-06-28,28.6233,28.87,28.6233,28.7367,18.2788,9000,0,0
2007-06-29,28.54,28.6567,28.24,28.24,18.105,14400,0.225667,0
2007-07-02,28.4433,28.6267,28.41,28.5767,18.3209,9300,0,0
2007-07-03,28.6667,28.7233,28.6667,28.6833,18.3892,2700,0,0
2007-07-05,28.71,28.7833,28.58,28.7,18.3999,11100,0,0
2007-07-06,28.7733,28.81,28.5633,28.8033,18.4662,14400,0,0
2007-07-09,28.9067,28.9067,28.7567,28.8233,18.479,16500,0,0
2007-07-10,28.6167,28.6167,28.2167,28.2167,18.0901,26400,0,0
2007-07-11,28.2,28.33,28.1367,28.33,18.1627,33900,0,0
2007-07-12,28.4833,28.72,28.4833,28.72,18.4128,4800,0,0
2007-07-13,28.6667,28.8033,28.6667,28.78,18.4512,13500,0,0
2007-07-16,28.6667,28.72,28.5,28.5,18.2717,14400,0,0
2007-07-17,28.5533,28.7,28.5233,28.5233,18.2867,28800,0,0
2007-07-18,28.2767,28.31,28.1033,28.31,18.1499,5400,0,0
2007-07-19,28.5467,28.5633,28.43,28.43,18.2268,12900,0,0
2007-07-20,28.3567,28.3767,27.7467,27.91,17.8935,32100,0,0
2007-07-23,28.0333,28.0467,27.7833,27.7833,17.8122,17700,0,0
2007-07-24,27.3667,27.41,26.8167,26.94,17.2716,120900,0,0
2007-07-25,27.0933,27.29,26.6867,27.01,17.3165,27300,0,0
2007-07-26,26.4333,26.6333,25.8333,26.2333,16.8185,157200,0,0
2007-07-27,26.08,26.3133,25.4933,25.5067,16.3526,71400,0,0
2007-07-30,25.7367,26.0467,25.4033,25.96,16.6433,35100,0,0
2007-07-31,26.22,26.3,25.4867,25.4867,16.3398,19500,0,0
2007-08-01,25.6967,25.6967,25.1833,25.69,16.4702,85800,0,0
2007-08-02,25.8067,25.94,25.63,25.7933,16.5364,76800,0,0
2007-08-03,25.7767,25.81,24.5667,24.63,15.7906,84900,0,0
2007-08-06,24.68,25.1133,24.2233,25.0267,16.0449,178500,0,0
2007-08-07,24.9467,25.4567,24.8333,25.3167,16.2308,49500,0,0
2007-08-08,25.8667,26.0833,25.35,25.7967,16.5386,110700,0,0
2007-08-09,25,25.72,25,25.3933,16.28,134100,0,0
2007-08-10,24.8967,26.0833,24.8967,25.8333,16.5621,38100,0,0
2007-08-13,26.33,26.33,25.4967,25.5067,16.3526,77400,0,0
2007-08-14,25.55,25.5867,24.9833,24.9833,16.0171,8700,0,0
2007-08-15,24.91,25.2867,24.51,24.5467,15.7372,27000,0,0
2007-08-16,24.4767,25.36,24.22,25.36,16.2586,47400,0,0
2007-08-17,26.0833,26.36,25.7267,26.1567,16.7694,23700,0,0
2007-08-20,26.21,26.2667,25.83,26.0333,16.6903,14400,0,0
2007-08-21,26.0333,26.3333,26.0067,26.23,16.8164,14400,0,0
2007-08-22,26.4733,26.5733,26.31,26.5033,16.9916,35700,0,0
2007-08-23,26.73,26.73,26.1567,26.1633,16.7736,12300,0,0
2007-08-24,26.1333,26.4767,26.1333,26.4767,16.9745,18900,0,0
2007-08-27,26.4333,26.4333,26.23,26.23,16.8164,15900,0,0
2007-08-28,26,26,25.3633,25.3633,16.2608,21300,0,0
2007-08-29,25.6733,26.2033,25.6433,26.0433,16.6967,20700,0,0
2007-08-30,25.9433,26.1533,25.85,25.85,16.5728,13200,0,0
2007-08-31,26.31,26.31,26.0233,26.2567,16.8335,10200,0,0
2007-09-04,26.2167,26.5833,26.1933,26.5833,17.0429,4200,0,0
2007-09-05,26.19,26.19,25.97,26.0867,16.7245,8100,0,0
2007-09-06,25.9533,26.1833,25.9533,26.09,16.7266,25800,0,0
2007-09-07,25.7,25.7167,25.5767,25.64,16.4381,16800,0,0
2007-09-10,25.8133,25.8133,25.1167,25.3833,16.2736,61200,0,0
2007-09-11,25.5367,25.6233,25.4467,25.62,16.4253,5100,0,0
2007-09-12,25.62,25.7,25.4933,25.5367,16.3719,38100,0,0
2007-09-13,25.57,25.8933,25.4933,25.6367,16.436,9600,0,0
2007-09-14,25.3767,25.7633,25.3767,25.75,16.5087,21000,0,0
2007-09-17,25.7633,25.7633,25.51,25.5433,16.3762,22500,0,0
2007-09-18,25.7467,26.6333,25.7467,26.6333,17.075,56100,0,0
2007-09-19,26.99,27.2467,26.99,27.07,17.3549,110700,0,0
2007-09-20,26.9467,26.98,26.5767,26.7267,17.1348,9600,0,0
2007-09-21,26.7433,26.9367,26.7267,26.7467,17.1476,21300,0,0
2007-09-24,26.7433,26.79,26.3433,26.3567,16.8976,21300,0,0
2007-09-25,26.25,26.27,26.0933,26.2267,16.8142,43500,0,0
2007-09-26,26.2933,26.4667,26.2133,26.33,16.9289,61500,0.075,0
2007-09-27,26.4133,26.52,26.39,26.5067,17.0425,29100,0,0
2007-09-28,26.5167,26.58,26.2033,26.2767,16.8946,37200,0,0
2007-10-01,26.4333,26.8933,26.4333,26.8567,17.2675,33600,0,0
2007-10-02,26.96,27.14,26.9367,27.14,17.4497,21000,0,0
2007-10-03,26.9733,27.07,26.8267,26.87,17.2761,5700,0,0
2007-10-04,26.9067,27.0033,26.9067,26.94,17.3211,11400,0,0
2007-10-05,27.2133,27.5167,27.1167,27.45,17.649,12900,0,0
2007-10-08,27.3333,27.5067,27.1867,27.2633,17.529,66600,0,0
2007-10-09,27.3,27.4367,27.13,27.4367,17.6404,75000,0,0
2007-10-10,27.4067,27.4167,27.1567,27.32,17.5654,10800,0,0
2007-10-11,27.3667,27.52,27.1133,27.1333,17.4454,13200,0,0
2007-10-12,27.17,27.26,27.17,27.2267,17.5054,19800,0,0
2007-10-15,27.07,27.07,26.63,26.7467,17.1968,9300,0,0
2007-10-16,26.68,26.6967,26.5067,26.5433,17.0661,32100,0,0
2007-10-17,26.6633,26.6967,26.14,26.3233,16.9246,53100,0,0
2007-10-18,26.3233,26.3667,26.22,26.3467,16.9396,22200,0,0
2007-10-19,26.3433,26.3433,25.6233,25.6233,16.4746,25200,0,0
2007-10-22,25.27,25.99,25.27,25.8633,16.6289,35400,0,0
2007-10-23,26.1133,26.2567,25.87,26.1,16.781,4500,0,0
2007-10-24,26,26.07,25.5033,26.07,16.7617,28200,0,0
2007-10-25,25.9367,26.2033,25.7133,25.94,16.6782,113100,0,0
2007-10-26,26.21,26.46,26.0333,26.4267,16.9911,15000,0,0
2007-10-29,26.5467,26.6133,26.31,26.4233,16.9889,56100,0,0
2007-10-30,26.39,26.4433,26.24,26.2533,16.8796,35700,0,0
2007-10-31,26.3467,26.7367,26.22,26.6,17.1025,109200,0,0
2007-11-01,25.87,25.97,25.38,25.4333,16.3524,54300,0,0
2007-11-02,25.5267,25.5267,25.0733,25.32,16.2795,69600,0,0
2007-11-05,25.2367,25.27,24.9967,25.2333,16.2238,18600,0,0
2007-11-06,24.94,25.4867,24.94,25.4867,16.3867,15000,0,0
2007-11-07,25.1567,25.1733,24.6,24.6,15.8166,25200,0,0
2007-11-08,24.95,25.1433,24.5333,25.1433,16.1659,62100,0,0
2007-11-09,24.5667,25.25,24.5667,24.9367,16.0331,17700,0,0
2007-11-12,24.6067,25.3833,24.6067,24.8567,15.9816,17700,0,0
2007-11-13,25.2167,25.6667,25.2167,25.6667,16.5024,15000,0,0
2007-11-14,25.8333,25.8667,25.34,25.4167,16.3417,39600,0,0
2007-11-15,25.2633,25.3167,24.88,24.9633,16.0502,43800,0,0
2007-11-16,24.9667,24.9667,24.6133,24.8367,15.9688,21300,0,0
2007-11-19,24.54,24.5567,24.1233,24.3133,15.6323,134100,0,0
2007-11-20,24.2733,24.4733,23.9867,24.3667,15.6666,53100,0,0
2007-11-21,24.1333,24.37,23.9367,24.0467,15.4608,31800,0,0
2007-11-23,24.2567,24.69,24.2567,24.6167,15.8273,29700,0,0
2007-11-26,24.5,24.5,23.73,23.73,15.2572,36900,0,0
2007-11-27,23.9933,24.13,23.84,24.13,15.5144,33600,0,0
2007-11-28,24.2367,24.94,24.2367,24.94,16.0352,14700,0,0
2007-11-29,24.6867,24.92,24.6267,24.7833,15.9345,5400,0,0
2007-11-30,25.3,25.32,24.9367,25.02,16.0866,43800,0,0
2007-12-03,24.9033,25.1133,24.8,24.8,15.9452,9000,0,0
2007-12-04,24.4433,24.6067,24.4433,24.53,15.7716,32400,0,0
2007-12-05,24.86,25.03,24.78,25.0067,16.0781,43500,0,0
2007-12-06,25.0733,25.6667,25.0733,25.6667,16.5024,52800,0,0
2007-12-07,25.84,25.84,25.6167,25.6867,16.5153,40500,0,0
2007-12-10,25.69,26.0133,25.69,25.7667,16.5667,45300,0,0
2007-12-11,25.9667,26.0333,24.9233,24.9667,16.0524,65100,0,0
2007-12-12,25.5967,25.5967,24.7533,25.0067,16.0781,39300,0,0
2007-12-13,24.8467,25.06,24.6867,25.06,16.1124,46500,0,0
2007-12-14,24.6233,24.9633,24.44,24.44,15.7137,83400,0,0
2007-12-17,24.29,24.5667,24.1433,24.2,15.5594,29700,0,0
2007-12-18,24.34,24.6767,24.0967,24.6433,15.8445,38400,0,0
2007-12-19,24.6033,24.6933,24.4333,24.66,15.8552,12000,0,0
2007-12-20,24.83,24.91,24.39,24.9067,16.0138,55800,0,0
2007-12-21,25.3,25.5067,25.2967,25.5067,16.3995,88500,0,0
2007-12-24,25.5967,25.87,25.5967,25.87,16.6332,43500,0,0
2007-12-26,25.8733,25.8733,25.6133,25.7733,16.571,59100,0,0
2007-12-27,25.4833,25.5333,24.8967,24.8967,16.1536,88200,0.233333,0
2007-12-28,25.1133,25.1133,24.5967,24.71,16.0325,72000,0,0
2007-12-31,24.5767,24.8367,24.4433,24.6667,16.0044,25200,0,0
2008-01-02,24.5967,24.6833,24.1667,24.2067,15.7059,36300,0,0
2008-01-03,24.3067,24.3067,23.77,23.77,15.4226,27600,0,0
2008-01-04,23.54,23.54,23,23.0667,14.9662,39900,0,0
2008-01-07,23.18,23.5833,23.0267,23.3867,15.1739,45300,0,0
2008-01-08,23.4233,23.4333,22.5967,22.6133,14.6721,24000,0,0
2008-01-09,22.6167,22.8067,22.1667,22.8067,14.7976,45300,0,0
2008-01-10,22.6967,23.2767,22.6367,23.2667,15.096,32100,0,0
2008-01-11,22.9633,23.0833,22.6667,22.7333,14.75,44100,0,0
2008-01-14,22.85,22.9333,22.69,22.9,14.8581,18000,0,0
2008-01-15,22.5933,22.5933,22.3333,22.4333,14.5553,22800,0,0
2008-01-16,22.3933,22.8933,22.2967,22.73,14.7478,16500,0,0
2008-01-17,22.7033,22.7033,22.11,22.11,14.3455,34800,0,0
2008-01-18,22.1467,22.3667,21.61,21.8067,14.1487,84300,0,0
2008-01-22,21.02,22.3867,20.8167,22.0267,14.2915,125700,0,0
2008-01-23,21.8867,23.2533,21.83,23.23,15.0722,34200,0,0
2008-01-24,23.43,23.43,22.9867,23.17,15.0333,36900,0,0
2008-01-25,23.5167,23.56,22.89,22.98,14.91,28800,0,0
2008-01-28,22.7733,23.5867,22.75,23.51,15.2539,24000,0,0
2008-01-29,23.5733,23.8967,23.35,23.78,15.4291,31200,0,0
2008-01-30,23.8867,24.26,23.59,23.59,15.3058,60900,0,0
2008-01-31,23.3,24.4,23.2767,24.3733,15.814,57600,0,0
2008-02-01,24.47,24.8833,24.2733,24.8833,16.1449,113700,0,0
2008-02-04,24.7167,24.7167,24.43,24.5567,15.933,83100,0,0
2008-02-05,24.2067,24.49,23.91,23.91,15.5134,53100,0,0
2008-02-06,24.0467,24.1933,23.6633,23.6633,15.3534,76800,0,0
2008-02-07,23.7367,24.1933,23.6,24.09,15.6302,39300,0,0
2008-02-08,24.05,24.2167,23.68,23.8633,15.4831,95100,0,0
2008-02-11,23.5067,23.8467,23.4467,23.69,15.3707,136200,0,0
2008-02-12,23.6267,24.1033,23.6267,23.8,15.442,79800,0,0
2008-02-13,24.1733,24.2633,23.8867,24.1967,15.6994,33600,0,0
2008-02-14,23.8167,24.1233,23.6667,23.8833,15.4961,119400,0,0
2008-02-15,23.4467,23.7,23.4433,23.7,15.3772,68700,0,0
2008-02-19,23.53,23.88,23.53,23.5767,15.2971,60600,0,0
2008-02-20,23.52,24.0567,23.52,23.9867,15.5632,90300,0,0
2008-02-21,24.2367,24.2367,23.4633,23.4633,15.2236,117900,0,0
2008-02-22,23.5433,23.6333,23.1667,23.59,15.3058,165000,0,0
2008-02-25,23.5833,24.16,23.47,24.1133,15.6453,306900,0,0
2008-02-26,24.1233,24.53,24.1167,24.3567,15.8032,249300,0,0
2008-02-27,24.13,24.5267,24.13,24.2967,15.7643,123300,0,0
2008-02-28,24.0133,24.0767,23.7367,23.7567,15.4139,194400,0,0
2008-02-29,23.44,23.4867,23.0567,23.1467,15.0182,37800,0,0
2008-03-03,23.14,23.14,21.6,22.9367,14.8819,72600,0,0
2008-03-04,22.87,23.07,22.6467,22.9367,14.8819,99600,0,0
2008-03-05,23.0867,23.22,22.8367,22.8867,14.8494,70500,0,0
2008-03-06,22.8833,22.8867,22.2833,22.2833,14.458,112800,0,0
2008-03-07,22.12,22.5967,22.12,22.4033,14.5359,105000,0,0
2008-03-10,22.3567,22.4233,21.9867,22.0567,14.3109,85200,0,0
2008-03-11,22.7033,23.03,22.3633,23.03,14.9425,111900,0,0
2008-03-12,23.1,23.3233,22.68,22.68,14.7154,66900,0,0
2008-03-13,22.37,23.0867,22.26,23.05,14.9554,114000,0,0
2008-03-14,23.06,23.06,22.37,22.69,14.7218,321600,0,0
2008-03-17,22.25,22.5767,22.1467,22.4267,14.551,81900,0,0
2008-03-18,22.6833,23.1967,22.5733,23.1967,15.0506,79800,0,0
2008-03-19,23.13,23.4733,22.8767,22.8767,14.843,72000,0,0
2008-03-20,22.7767,23.5167,22.7767,23.3967,15.1803,225600,0,0
2008-03-24,23.74,24.0967,23.6933,23.9467,15.5372,145500,0,0
2008-03-25,23.8533,24.1033,23.7267,23.9467,15.5801,164100,0.066,0
2008-03-26,23.7667,23.8367,23.62,23.75,15.4522,156600,0,0
2008-03-27,23.7,23.8033,23.3933,23.4633,15.2657,151500,0,0
2008-03-28,23.4367,23.4367,23.03,23.03,14.9838,89100,0,0
2008-03-31,23.0667,23.5233,23.0633,23.3467,15.1898,105000,0,0
2008-04-01,23.9433,24.07,23.59,24.06,15.6539,180300,0,0
2008-04-02,24.31,24.3533,23.98,24.16,15.7189,28200,0,0
2008-04-03,24.04,24.27,23.9667,24.19,15.7385,25500,0,0
2008-04-04,23.9533,24.2867,23.9533,23.99,15.6083,39300,0,0
2008-04-07,24.17,24.2467,23.9767,24.03,15.6344,20100,0,0
2008-04-08,24.0633,24.0833,23.8633,23.9333,15.5715,17100,0,0
2008-04-09,23.81,24.0267,23.41,23.44,15.2505,25800,0,0
2008-04-10,23.3967,23.76,23.3733,23.6033,15.3568,12300,0,0
2008-04-11,23.3633,23.4567,23.09,23.1,15.0293,57000,0,0
2008-04-14,23.3467,23.3467,23.0167,23.0333,14.9859,44700,0,0
2008-04-15,23.1767,23.3467,23.1267,23.3333,15.1811,58200,0,0
2008-04-16,23.5967,24.0133,23.5433,24.0133,15.6235,28800,0,0
2008-04-17,24.1933,24.1933,23.77,24.02,15.6279,60300,0,0
2008-04-18,24.3167,24.4133,24.2267,24.2967,15.8079,57000,0,0
2008-04-21,24.0733,24.16,24.03,24.14,15.7059,135900,0,0
2008-04-22,23.7533,23.86,23.5533,23.6967,15.4175,26700,0,0
2008-04-23,23.5867,23.7367,23.5533,23.6433,15.3828,19800,0,0
2008-04-24,23.9033,24.1867,23.5,24.0467,15.6452,32700,0,0
2008-04-25,24.34,24.34,23.86,24.3367,15.8339,30000,0,0
2008-04-28,24.2833,24.58,24.28,24.4833,15.9293,94200,0,0
2008-04-29,24.6533,24.6533,24.15,24.29,15.8035,62100,0,0
2008-04-30,24.31,24.4767,24.03,24.03,15.6344,40800,0,0
2008-05-01,24.2033,24.6767,24.2,24.62,16.0182,54000,0,0
2008-05-02,24.9133,25.5867,24.4433,24.5667,15.9835,230400,0,0
2008-05-05,24.4033,24.5467,24.3567,24.48,15.9271,51000,0,0
2008-05-06,24.2767,24.6167,24.2767,24.6067,16.0096,10800,0,0
2008-05-07,24.3633,24.63,24.1333,24.1333,15.7016,15300,0,0
2008-05-08,24.12,24.1467,23.9533,24.0467,15.6452,8400,0,0
2008-05-09,24.3033,24.3033,23.8867,24.0133,15.6235,23100,0,0
2008-05-12,24.1,24.4767,24.1,24.4767,15.925,9900,0,0
2008-05-13,24.2867,24.61,24.2867,24.57,15.9857,12300,0,0
2008-05-14,24.6833,24.8367,24.58,24.58,15.9922,10800,0,0
2008-05-15,24.5867,24.85,24.5167,24.8133,16.144,6900,0,0
2008-05-16,24.8,24.81,24.4633,24.66,16.0443,33900,0,0
2008-05-19,24.66,24.9167,24.5767,24.6333,16.0269,78300,0,0
2008-05-20,24.52,24.6133,24.3633,24.5133,15.9488,105000,0,0
2008-05-21,24.6233,24.67,24.1367,24.2433,15.7732,130500,0,0
2008-05-22,24.1467,24.5167,24.1467,24.4167,15.8859,182100,0,0
2008-05-23,24.37,24.37,23.9533,24.0233,15.63,55800,0,0
2008-05-27,24.3033,24.3033,24.1267,24.2833,15.7992,45300,0,0
2008-05-28,24.1833,24.36,24.1333,24.36,15.8491,47400,0,0
2008-05-29,24.34,24.73,24.34,24.63,16.0247,41700,0,0
2008-05-30,24.4367,24.5267,24.4367,24.4967,15.938,28500,0,0
2008-06-02,24.4667,24.4667,24.1,24.36,15.8491,104700,0,0
2008-06-03,24.3733,24.4933,24.0767,24.3233,15.8252,243900,0,0
2008-06-04,24.36,24.6633,24.3,24.43,15.8946,126300,0,0
2008-06-05,24.6767,24.86,24.65,24.86,16.1744,19200,0,0
2008-06-06,24.7767,24.7767,24.0733,24.0733,15.6626,25200,0,0
2008-06-09,24.1267,24.1267,23.6867,23.8067,15.4891,61800,0,0
2008-06-10,23.79,23.9467,23.67,23.8,15.4847,147600,0,0
2008-06-11,23.7067,23.7533,23.2533,23.2533,15.129,99300,0,0
2008-06-12,23.3167,23.6733,23.3167,23.47,15.27,41100,0,0
2008-06-13,23.4767,23.6233,23.3333,23.6233,15.3698,70500,0,0
2008-06-16,23.48,23.8233,23.48,23.7767,15.4695,62400,0,0
2008-06-17,23.82,23.82,23.5767,23.5767,15.3394,47100,0,0
2008-06-18,23.3567,23.4167,23.16,23.27,15.1399,168000,0,0
2008-06-19,23.2933,23.4667,23.21,23.4667,15.2679,114900,0,0
2008-06-20,23.0533,23.28,23.01,23.0967,15.0271,41700,0,0
2008-06-23,23.13,23.13,22.62,22.63,14.7235,43800,0,0
2008-06-24,22.1333,22.6067,22.1333,22.32,14.6048,24600,0.128667,0
2008-06-25,22.3367,22.8967,22.3367,22.5033,14.7248,172200,0,0
2008-06-26,22.2,22.2,21.8533,21.8533,14.2995,30000,0,0
2008-06-27,21.6167,21.8733,21.5633,21.6333,14.1555,35400,0,0
2008-06-30,21.4067,21.6367,21.2667,21.2667,13.9156,94800,0,0
2008-07-01,21.12,21.34,20.8633,21.31,13.944,45300,0,0
2008-07-02,21.3333,21.4433,20.9333,20.9333,13.6975,10200,0,0
2008-07-03,20.9167,20.9167,20.59,20.6267,13.4968,9300,0,0
2008-07-07,20.6433,20.78,20.1333,20.3067,13.2874,34500,0,0
2008-07-08,20.2167,21.15,20.2167,21.15,13.8393,82200,0,0
2008-07-09,21.0733,21.2133,20.5,20.5,13.414,35700,0,0
2008-07-10,20.5533,20.8467,20.3667,20.51,13.4205,53400,0,0
2008-07-11,20.8267,20.8267,20.0033,20.41,13.3551,87300,0,0
2008-07-14,20.6767,20.6767,19.8633,19.8967,13.0192,85500,0,0
2008-07-15,19.5067,20.18,19.28,19.73,12.9101,158400,0,0
2008-07-16,19.8267,20.75,19.7867,20.75,13.5775,141000,0,0
2008-07-17,20.7833,21.4033,20.7133,21.4033,14.005,66300,0,0
2008-07-18,21.75,21.75,21.2367,21.4567,14.0399,62400,0,0
2008-07-21,21.4467,21.6533,21.37,21.45,14.0356,50100,0,0
2008-07-22,21.5,22.2633,21.5,22.26,14.5656,36900,0,0
2008-07-23,22.3333,22.8,22.2333,22.52,14.7357,34200,0,0
2008-07-24,22.8633,22.8633,21.6733,21.73,14.2188,213900,0,0
2008-07-25,21.6467,22.0967,21.6467,21.77,14.245,43200,0,0
2008-07-28,21.7467,21.7467,21.3033,21.32,13.9505,17100,0,0
2008-07-29,21.5967,22.16,21.5867,22.16,14.5002,35100,0,0
2008-07-30,22.45,22.5,21.9,22.2067,14.5307,14400,0,0
2008-07-31,21.9867,22.3633,21.9867,22.1,14.4609,36300,0,0
2008-08-01,21.91,22.3533,21.9033,22.1867,14.5176,36000,0,0
2008-08-04,21.9267,22.2867,21.86,22.0133,14.4042,108600,0,0
2008-08-05,22.5333,22.7867,22.4067,22.77,14.8993,21300,0,0
2008-08-06,22.9,22.9,22.4733,22.85,14.9517,15300,0,0
2008-08-07,22.5667,22.5667,22.2333,22.2733,14.5743,9900,0,0
2008-08-08,22.96,23.24,22.92,23.1,15.1152,11700,0,0
2008-08-11,23.2967,24.18,23.2967,23.8267,15.5907,58500,0,0
2008-08-12,23.8667,23.87,23.4567,23.5767,15.4271,40200,0,0
2008-08-13,23.3667,23.4,23.0067,23.2967,15.2439,21600,0,0
2008-08-14,23.03,23.7333,23.03,23.55,15.4097,79500,0,0
2008-08-15,23.9333,24.07,23.7,23.8667,15.6169,22200,0,0
2008-08-18,24.1133,24.1133,23.3333,23.4267,15.329,59400,0,0
2008-08-19,23.63,23.63,22.86,22.91,14.9909,45900,0,0
2008-08-20,22.9067,23.0933,22.5967,22.8167,14.9298,24600,0,0
2008-08-21,22.6067,22.8033,22.5433,22.5833,14.7771,19800,0,0
2008-08-22,22.8633,23.2,22.7733,23.2,15.1807,48000,0,0
2008-08-25,23.0967,23.0967,22.6067,22.66,14.8273,41400,0,0
2008-08-26,22.49,22.8267,22.4533,22.6567,14.8251,12300,0,0
2008-08-27,22.63,23.0467,22.63,22.8767,14.9691,8700,0,0
2008-08-28,22.9767,23.5733,22.9767,23.5733,15.425,21600,0,0
2008-08-29,23.5267,23.59,23.27,23.36,15.2854,26700,0,0
2008-09-02,23.7967,24.1567,23.3467,23.5867,15.4337,67200,0,0
2008-09-03,23.62,24.0067,23.62,24.0033,15.7063,27600,0,0
2008-09-04,23.7333,23.8367,23.32,23.3867,15.3028,152100,0,0
2008-09-05,23.1133,23.4967,22.84,23.4533,15.3464,90300,0,0
2008-09-08,24.42,24.42,23.7433,24.2333,15.8568,166500,0,0
2008-09-09,24.1567,24.47,23.5867,23.5867,15.4337,399000,0,0
2008-09-10,23.7733,23.87,23.29,23.71,15.5144,93600,0,0
2008-09-11,23.4067,23.9167,23.4067,23.9167,15.6496,429000,0,0
2008-09-12,23.6867,24.1233,23.6867,24.03,15.7238,144600,0,0
2008-09-15,23.4433,23.8933,23.0933,23.1533,15.1501,71400,0,0
2008-09-16,22.6533,23.7433,22.6533,23.7433,15.5362,130800,0,0
2008-09-17,23.6,23.6,22.5367,22.5933,14.7837,197700,0,0
2008-09-18,22.82,24.1967,22.3367,24.18,15.8219,276900,0,0
2008-09-19,24.98,25.4367,21.1933,25.1767,16.4741,51900,0,0
2008-09-22,25.2733,25.2733,23.7433,23.7467,15.5384,173400,0,0
2008-09-23,23.3633,24.0633,23.3633,23.48,15.3639,144600,0,0
2008-09-24,23.37,23.5433,23.16,23.4967,15.3748,262500,0,0
2008-09-25,23.2067,23.47,23.15,23.3833,15.393,54600,0.141,0
2008-09-26,22.8267,23.5033,22.8267,23.2667,15.3162,90600,0,0
2008-09-29,23,23,21.4967,21.9767,14.467,106500,0,0
2008-09-30,22.2133,22.4667,21.3933,22.4667,14.7896,86400,0,0
2008-10-01,22.1167,22.3733,21.98,22.3733,14.7281,143100,0,0
2008-10-02,22.4267,22.4267,21.43,21.43,14.1071,57900,0,0
2008-10-03,21.5867,21.9533,20.7067,20.75,13.6595,134400,0,0
2008-10-06,20.1867,20.3767,19.06,20.09,13.225,125400,0,0
2008-10-07,20.4967,20.4967,18.6667,18.6667,12.2881,55200,0,0
2008-10-08,18.2533,18.94,17.7433,18.2567,12.0182,76800,0,0
2008-10-09,18.73,18.73,16.5033,16.8033,11.0615,147000,0,0
2008-10-10,15.3633,18.0667,14.9133,17.26,11.3621,321600,0,0
2008-10-13,18.3767,19.1333,17.7833,18.65,12.2771,111300,0,0
2008-10-14,19.6233,19.6233,17.93,18.42,12.1257,200700,0,0
2008-10-15,18.4967,18.4967,16.8467,16.8467,11.09,57600,0,0
2008-10-16,17.3233,17.7567,16.37,17.75,11.6846,132600,0,0
2008-10-17,17.25,18.2567,17.14,17.3533,11.4235,119100,0,0
2008-10-20,17.8667,17.9733,17.2033,17.9733,11.8317,51600,0,0
2008-10-21,17.6633,17.9467,17.55,17.6067,11.5903,61800,0,0
2008-10-22,17.2433,17.37,16.3367,16.6367,10.9517,53400,0,0
2008-10-23,16.66,16.6767,15.4367,16.12,10.6116,72600,0,0
2008-10-24,15.0967,15.9867,15.0967,15.6967,10.3329,35100,0,0
2008-10-27,14.8333,15.8733,14.8333,15.1,9.94017,27300,0,0
2008-10-28,15.3333,16.0967,14.79,16.0967,10.5963,32100,0,0
2008-10-29,16.27,16.9267,16.1433,16.6533,10.9627,32400,0,0
2008-10-30,17.0633,17.1533,16.64,17.1533,11.2919,22800,0,0
2008-10-31,16.5867,18.0067,16.5867,17.9067,11.7878,24600,0,0
2008-11-03,18.0833,18.1833,17.9033,17.9467,11.8141,25200,0,0
2008-11-04,18.54,18.54,17.88,18.18,11.9677,88500,0,0
2008-11-05,17.92,18.0933,17.1033,17.1033,11.2589,83700,0,0
2008-11-06,16.8733,17.1567,16.46,16.46,10.8354,102900,0,0
2008-11-07,16.55,16.8633,16.4067,16.7333,11.0154,65400,0,0
2008-11-10,17.0633,17.0633,16.1633,16.29,10.7235,22800,0,0
2008-11-11,15.8533,16.45,15.85,16.01,10.5392,77400,0,0
2008-11-12,15.6667,15.71,15.0533,15.0533,9.90945,41400,0,0
2008-11-13,15.1,16.2533,14.5967,16.2533,10.6994,51000,0,0
2008-11-14,15.9833,16.2467,15.1833,15.1833,9.99502,43500,0,0
2008-11-17,15.1033,15.4767,15.0633,15.3167,10.0828,52200,0,0
2008-11-18,15.1433,15.2733,14.5067,15.0233,9.8897,25500,0,0
2008-11-19,14.9033,14.97,13.83,13.8333,9.10634,36600,0,0
2008-11-20,13.69,14.0633,12.8433,12.86,8.4656,62400,0,0
2008-11-21,13.0867,13.6333,12.44,13.6333,8.97468,201900,0,0
2008-11-24,13.8367,14.8333,13.66,14.63,9.63077,229800,0,0
2008-11-25,14.87,14.9833,14.3533,14.94,9.83484,61500,0,0
2008-11-26,14.65,15.74,14.6367,15.6833,10.3242,75600,0,0
2008-11-28,15.4433,16.0367,15.4433,16.0033,10.5348,16200,0,0
2008-12-01,15.55,15.55,14.0667,14.0667,9.25994,71400,0,0
2008-12-02,14.0333,14.7867,14.0333,14.55,9.57812,51600,0,0
2008-12-03,14.4633,15.4933,14.4633,15.4067,10.142,116100,0,0
2008-12-04,15.5,15.6367,14.7767,14.9767,9.85898,184500,0,0
2008-12-05,14.7167,15.7333,14.5133,15.5733,10.2518,76200,0,0
2008-12-08,16.1533,16.2667,15.8833,16.1667,10.6423,71400,0,0
2008-12-09,15.9567,16.4667,15.4833,15.53,10.2232,175800,0,0
2008-12-10,16.0667,16.0667,15.6,15.8667,10.4449,43200,0,0
2008-12-11,15.6933,15.7367,14.8767,14.9367,9.83265,72300,0,0
2008-12-12,14.53,15.5833,14.53,15.5833,10.2583,38700,0,0
2008-12-15,15.5,15.5,14.8467,15.04,9.90067,46800,0,0
2008-12-16,15.2967,16.0833,15.2967,16,10.5326,65700,0,0
2008-12-17,16.01,16.37,15.9167,16.13,10.6182,327000,0,0
2008-12-18,16.2067,16.4467,15.82,15.9033,10.469,107700,0,0
2008-12-19,16.2067,16.5033,15.98,16.18,10.6511,12900,0,0
2008-12-22,16.0433,16.0433,15.2667,15.73,10.3549,41700,0,0
2008-12-23,15.8267,15.8333,15.3833,15.49,10.1969,151200,0,0
2008-12-24,15.24,15.34,15.24,15.29,10.1998,12300,0.204333,0
2008-12-26,15.39,15.51,15.24,15.4633,10.3154,48300,0,0
2008-12-29,15.1233,15.1967,14.9833,15.1767,10.1242,66900,0,0
2008-12-30,15.3333,15.81,15.3233,15.8067,10.5445,113700,0,0
2008-12-31,15.9567,16.4433,15.9567,16.34,10.9002,46800,0,0
2009-01-02,16.3967,16.81,16.1867,16.74,11.1671,53700,0,0
2009-01-05,16.7967,16.8333,16.3367,16.7733,11.1893,28800,0,0
2009-01-06,16.98,17.4133,16.92,17.2967,11.5384,37200,0,0
2009-01-07,16.8267,16.9067,16.4733,16.6533,11.1093,65400,0,0
2009-01-08,16.4633,16.8267,16.4567,16.8067,11.2115,35400,0,0
2009-01-09,16.75,16.75,16.0967,16.1633,10.7824,44700,0,0
2009-01-12,16,16,15.3867,15.48,10.3265,36600,0,0
2009-01-13,15.6233,15.7867,15.43,15.6833,10.4622,123300,0,0
2009-01-14,15.4367,15.4367,14.8833,14.9333,9.96186,58200,0,0
2009-01-15,14.9833,15.25,14.3233,15.06,10.0464,30300,0,0
2009-01-16,15.3267,15.3267,14.7567,15.2567,10.1776,22500,0,0
2009-01-20,14.93,14.93,14.0067,14.0067,9.3437,55800,0,0
2009-01-21,14.1933,14.8067,14.0567,14.79,9.86625,28500,0,0
2009-01-22,14.51,14.6733,14.09,14.28,9.52603,68100,0,0
2009-01-23,14.1367,14.5967,14.0433,14.45,9.63943,72300,0,0
2009-01-26,14.4233,15.0167,14.3433,14.5833,9.72838,329100,0,0
2009-01-27,14.78,14.8633,14.5433,14.7533,9.84179,36300,0,0
2009-01-28,14.99,15.53,14.99,15.4567,10.311,49500,0,0
2009-01-29,14.9967,14.9967,14.6433,14.6433,9.76841,14700,0,0
2009-01-30,14.5167,14.5533,14.11,14.1233,9.42152,59100,0,0
2009-02-02,14.0533,14.2867,13.9367,14.2133,9.48156,41100,0,0
2009-02-03,14.39,14.4133,14.08,14.29,9.53271,91500,0,0
2009-02-04,14.3067,14.6333,14.2067,14.2333,9.4949,68700,0,0
2009-02-05,14.1167,14.65,14.1167,14.4267,9.62387,89100,0,0
2009-02-06,14.38,15.1367,14.38,15.0933,10.0686,105300,0,0
2009-02-09,15.0667,15.2133,14.89,15.11,10.0797,51000,0,0
2009-02-10,15.0433,15.13,14.1567,14.19,9.46599,99600,0,0
2009-02-11,14.34,14.4567,14.0367,14.3067,9.54382,180000,0,0
2009-02-12,14.1433,14.3533,13.76,14.3533,9.57495,174900,0,0
2009-02-13,14.3533,14.3833,14.0333,14.0567,9.37705,81300,0,0
2009-02-17,13.4067,13.5833,13.3433,13.3433,8.90119,29700,0,0
2009-02-18,13.3933,13.4067,13.0533,13.1333,8.7611,52800,0,0
2009-02-19,13.27,13.3533,12.74,12.74,8.49871,53400,0,0
2009-02-20,12.4567,12.6467,12.2233,12.5633,8.38086,104700,0,0
2009-02-23,12.5867,12.7033,11.9733,11.9733,7.98728,31200,0,0
2009-02-24,12.0633,12.7033,12.05,12.6,8.40532,65100,0,0
2009-02-25,12.3233,12.6267,12.1167,12.3367,8.22965,36600,0,0
2009-02-26,12.4633,12.6733,12.13,12.1933,8.13404,49500,0,0
2009-02-27,12.01,12.33,11.9233,12.0633,8.04732,129600,0,0
2009-03-02,11.7367,11.7367,11.3367,11.3767,7.58925,42900,0,0
2009-03-03,11.46,11.5633,11.0233,11.0833,7.39357,69300,0,0
2009-03-04,11.4,11.5567,11.2,11.3833,7.5937,23100,0,0
2009-03-05,10.9467,10.97,10.58,10.6333,7.09338,112500,0,0
2009-03-06,10.7667,10.8867,10.3233,10.59,7.06447,273000,0,0
2009-03-09,10.42,10.7467,10.39,10.4467,6.96886,61200,0,0
2009-03-10,10.7167,11.3833,10.7167,11.3833,7.5937,56100,0,0
2009-03-11,11.5133,11.6533,11.2833,11.37,7.5848,30600,0,0
2009-03-12,11.31,12.07,11.2667,12.0333,8.02731,39900,0,0
2009-03-13,12.2033,12.28,11.9667,12.1867,8.12959,45900,0,0
2009-03-16,12.2733,12.5267,11.97,11.97,7.98505,24300,0,0
2009-03-17,11.9533,12.51,11.93,12.51,8.34528,51000,0,0
2009-03-18,12.43,13.16,12.3633,13.1567,8.77667,54900,0,0
2009-03-19,13.4267,13.4267,12.9733,12.9767,8.65659,76200,0,0
2009-03-20,13.1333,13.1333,12.4633,12.53,8.35862,54300,0,0
2009-03-23,12.6933,13.6467,12.6933,13.6467,9.10354,62100,0,0
2009-03-24,13.4533,13.6433,13.21,13.21,8.81225,81900,0,0
2009-03-25,13.2267,13.7167,12.82,13.3867,9.01151,50700,0.119333,0
2009-03-26,13.6533,13.9767,13.5167,13.9367,9.38175,56700,0,0
2009-03-27,13.6833,13.85,13.5167,13.5533,9.1237,54600,0,0
2009-03-30,12.9833,13.0733,12.7333,12.8833,8.67268,36000,0,0
2009-03-31,13.1433,13.3333,12.8867,13.17,8.86565,40200,0,0
2009-04-01,12.92,13.4233,12.92,13.38,9.00702,34200,0,0
2009-04-02,13.8267,14.3,13.8167,14.1067,9.49619,81600,0,0
2009-04-03,14.1067,14.5167,14.04,14.5167,9.77219,40200,0,0
2009-04-06,14.36,14.3933,14.03,14.2733,9.60838,144900,0,0
2009-04-07,14.0133,14.1167,13.7567,13.7733,9.2718,177000,0,0
2009-04-08,13.9067,14.1267,13.7933,14.05,9.45804,312900,0,0
2009-04-09,14.4367,15.0833,14.4367,15.0533,10.1335,142800,0,0
2009-04-13,14.8833,15.3033,14.5667,15.2433,10.2614,326700,0,0
2009-04-14,14.9367,15.15,14.6067,14.6067,9.83277,426300,0,0
2009-04-15,14.53,14.9667,14.46,14.9267,10.0482,411900,0,0
2009-04-16,15.1433,15.5367,14.8333,15.4033,10.3691,275700,0,0
2009-04-17,15.3367,15.8367,15.27,15.68,10.5553,396300,0,0
2009-04-20,15.3567,15.3567,14.5033,14.5033,9.76321,323100,0,0
2009-04-21,14.5567,15.21,14.4967,15.1867,10.2232,701700,0,0
2009-04-22,14.8067,15.69,14.8067,15.2067,10.2367,702300,0,0
2009-04-23,15.33,15.41,14.93,15.27,10.2793,499200,0,0
2009-04-24,15.4633,15.96,15.3067,15.7467,10.6002,687900,0,0
2009-04-27,15.6767,15.7,15.1233,15.4,10.3668,224400,0,0
2009-04-28,15.1567,15.7567,15.1567,15.4333,10.3893,533700,0,0
2009-04-29,15.5933,16.26,15.5933,16.0533,10.8066,400500,0,0
2009-04-30,16.3667,16.5067,16.03,16.03,10.7909,880200,0,0
2009-05-01,16.1067,16.22,15.97,16.0633,10.8134,245400,0,0
2009-05-04,16.2867,16.9667,16.27,16.9667,11.4215,607500,0,0
2009-05-05,16.9333,17.0133,16.5867,16.8333,11.3317,401700,0,0
2009-05-06,17.1733,17.1733,16.6167,17.0367,11.4686,366000,0,0
2009-05-07,17.4367,17.9467,16.4367,16.52,11.1208,423900,0,0
2009-05-08,16.7667,17.3867,16.7,17.3433,11.675,486000,0,0
2009-05-11,17.0333,17.0767,16.7633,16.8567,11.3474,967200,0,0
2009-05-12,17.0933,17.0933,16.1367,16.5133,11.1163,946800,0,0
2009-05-13,16.1333,16.1633,15.55,15.5667,10.479,602400,0,0
2009-05-14,15.54,16.1267,15.3867,15.9333,10.7258,497700,0,0
2009-05-15,15.83,16.1167,15.57,15.6767,10.5531,837000,0,0
2009-05-18,15.93,16.49,15.9,16.4867,11.0983,154500,0,0
2009-05-19,16.37,16.72,16.29,16.44,11.0669,734100,0,0
2009-05-20,16.5933,16.99,16.2233,16.26,10.9457,663900,0,0
2009-05-21,16.0467,16.19,15.77,15.9933,10.7662,710400,0,0
2009-05-22,16.1033,16.1633,15.8233,15.8867,10.6944,762600,0,0
2009-05-26,15.67,16.6667,15.5,16.61,11.1814,354300,0,0
2009-05-27,16.5,16.7433,16.1967,16.1967,10.9031,282300,0,0
2009-05-28,16.35,16.45,15.8633,16.2633,10.948,274500,0,0
2009-05-29,16.38,16.57,16.28,16.57,11.1544,222600,0,0
2009-06-01,17.0233,17.46,16.9733,17.3133,11.6548,180600,0,0
2009-06-02,17.2567,17.5133,17.1767,17.4067,11.7176,202500,0,0
2009-06-03,17.2667,17.31,16.8967,17.0467,11.4753,194400,0,0
2009-06-04,17.24,17.43,16.9533,17.41,11.7199,279000,0,0
2009-06-05,17.63,17.6833,17.2533,17.3867,11.7042,303300,0,0
2009-06-08,17.1367,17.4033,17.0433,17.24,11.6055,108000,0,0
2009-06-09,17.3133,17.4833,17.2067,17.36,11.6862,112200,0,0
2009-06-10,17.5433,17.5433,16.9867,17.2167,11.5897,63300,0,0
2009-06-11,17.3433,17.49,17.1967,17.22,11.592,126300,0,0
2009-06-12,17.1033,17.21,16.9233,17.1933,11.574,119100,0,0
2009-06-15,16.9633,16.97,16.5433,16.6867,11.233,121500,0,0
2009-06-16,16.8133,16.8667,16.2867,16.3467,11.0041,94800,0,0
2009-06-17,16.27,16.44,16.0133,16.2333,10.9278,71700,0,0
2009-06-18,16.3233,16.4,16.1967,16.2833,10.9615,33900,0,0
2009-06-19,16.53,16.57,16.36,16.42,11.0535,44100,0,0
2009-06-22,16.2833,16.2833,15.74,15.74,10.5957,48900,0,0
2009-06-23,15.7767,15.84,15.5067,15.5967,10.5365,83100,0.055667,0
2009-06-24,15.7233,15.99,15.69,15.77,10.6536,49200,0,0
2009-06-25,15.6533,16.1933,15.6533,16.1933,10.9396,106800,0,0
2009-06-26,16.2567,16.3967,16.0767,16.3233,11.0274,42600,0,0
2009-06-29,16.3933,16.52,16.1567,16.5,11.1467,69900,0,0
2009-06-30,16.5733,16.5833,16.3,16.3933,11.0747,134100,0,0
2009-07-01,16.59,16.8667,16.59,16.7333,11.3044,60300,0,0
2009-07-02,16.4633,16.4633,16.1333,16.1667,10.9215,45600,0,0
2009-07-06,16.01,16.0833,15.7567,16.0533,10.845,84600,0,0
2009-07-07,16.07,16.07,15.66,15.68,10.5928,49200,0,0
2009-07-08,15.7533,15.79,15.2733,15.57,10.5185,102300,0,0
2009-07-09,15.6367,15.69,15.4867,15.5833,10.5275,98700,0,0
2009-07-10,15.4867,15.5733,15.3,15.57,10.5185,184500,0,0
2009-07-13,15.5467,15.9967,15.38,15.9967,10.8067,100200,0,0
2009-07-14,16.0233,16.1767,15.9033,16.1767,10.9283,93600,0,0
2009-07-15,16.43,16.8233,16.43,16.81,11.3562,82800,0,0
2009-07-16,16.69,17.05,16.6433,16.98,11.471,114300,0,0
2009-07-17,16.8467,16.98,16.8067,16.8633,11.3922,82800,0,0
2009-07-20,17.05,17.2133,16.98,17.2,11.6196,556500,0,0
2009-07-21,17.3,17.3367,16.81,17.0433,11.5138,157800,0,0
2009-07-22,16.95,17.3233,16.92,17.23,11.6399,138900,0,0
2009-07-23,17.1967,17.9067,17.1967,17.8067,12.0295,84000,0,0
2009-07-24,17.7067,17.9567,17.64,17.9533,12.1285,261300,0,0
2009-07-27,17.96,18.2033,17.8733,18.2,12.2952,49500,0,0
2009-07-28,18.0833,18.23,17.96,18.16,12.2682,50400,0,0
2009-07-29,18.01,18.0967,17.93,18.06,12.2006,24900,0,0
2009-07-30,18.27,18.6033,18.27,18.3833,12.419,69600,0,0
2009-07-31,18.36,18.6567,18.36,18.47,12.4776,49500,0,0
2009-08-03,18.7533,18.97,18.7167,18.9433,12.7973,55800,0,0
2009-08-04,18.85,19.4167,18.8367,19.3367,13.0631,27600,0,0
2009-08-05,19.4067,19.5033,19.12,19.4667,13.1509,50100,0,0
2009-08-06,19.5867,19.69,19.2633,19.2767,13.0225,45900,0,0
2009-08-07,19.56,20.14,19.4667,19.91,13.4504,80100,0,0
2009-08-10,19.78,19.9667,19.7133,19.84,13.4031,39000,0,0
2009-08-11,19.7333,19.7333,19.28,19.4633,13.1486,37500,0,0
2009-08-12,19.4633,19.9233,19.4633,19.8633,13.4189,93000,0,0
2009-08-13,19.9233,19.9467,19.5833,19.9133,13.4526,71700,0,0
2009-08-14,19.88,19.88,19.3333,19.5433,13.2027,71400,0,0
2009-08-17,19.1767,19.1767,18.84,18.85,12.7343,172500,0,0
2009-08-18,18.9733,19.2533,18.9667,19.1733,12.9527,82500,0,0
2009-08-19,18.8633,19.3233,18.8633,19.2667,13.0158,56700,0,0
2009-08-20,19.2133,19.6033,19.2133,19.5933,13.2365,47100,0,0
2009-08-21,19.7367,20.1533,19.7367,20.12,13.5923,81000,0,0
2009-08-24,20.18,20.3833,19.98,20.0067,13.5157,435900,0,0
2009-08-25,20.1633,20.4067,20.1333,20.22,13.6598,78000,0,0
2009-08-26,20.2933,20.4133,20.1267,20.31,13.7206,91200,0,0
2009-08-27,20.1667,20.4733,19.9067,20.4067,13.7859,99300,0,0
2009-08-28,20.67,20.76,20.24,20.4333,13.8039,146400,0,0
2009-08-31,20.17,20.2433,20.0067,20.2067,13.6508,294300,0,0
2009-09-01,20.1567,20.4233,19.44,19.4767,13.1576,141600,0,0
2009-09-02,19.4367,19.4733,19.2033,19.28,13.0248,431700,0,0
2009-09-03,19.47,19.5567,19.2267,19.5567,13.2117,183900,0,0
2009-09-04,19.5567,19.8167,19.4733,19.8167,13.3873,52200,0,0
2009-09-08,20.0467,20.12,19.88,20.12,13.5923,45900,0,0
2009-09-09,20.2633,20.5367,20.2633,20.4167,13.7927,139200,0,0
2009-09-10,20.5267,20.87,20.34,20.87,14.0989,30000,0,0
2009-09-11,20.9133,21.01,20.7633,20.87,14.0989,57600,0,0
2009-09-14,20.69,21.1567,20.6333,21.1567,14.2926,70500,0,0
2009-09-15,21.13,21.5433,21.1,21.4767,14.5088,124200,0,0
2009-09-16,21.5867,22.0933,21.57,22.0933,14.9254,39000,0,0
2009-09-17,22.07,22.3333,21.78,21.8233,14.743,116700,0,0
2009-09-18,22.0067,22.0067,21.6867,21.8467,14.7587,45600,0,0
2009-09-21,21.62,21.7133,21.52,21.7,14.6596,39000,0,0
2009-09-22,21.8667,22.0433,21.7967,22.0167,14.8736,128100,0,0
2009-09-23,21.99,22.01,21.4967,21.5167,14.5997,65100,0.096333,0
2009-09-24,21.6267,21.6733,20.8933,21.03,14.2694,206400,0,0
2009-09-25,20.8833,21.08,20.7867,20.8833,14.1699,59700,0,0
2009-09-28,21.0433,21.4733,21.0433,21.4633,14.5635,39600,0,0
2009-09-29,21.5467,21.7433,21.4133,21.5233,14.6042,59100,0,0
2009-09-30,21.53,21.56,21.02,21.2933,14.4481,155700,0,0
2009-10-01,21.1,21.1,20.5467,20.5867,13.9686,47100,0,0
2009-10-02,20.34,20.4667,19.9967,20.3167,13.7854,107400,0,0
2009-10-05,20.3833,20.8967,20.3833,20.86,14.1541,53400,0,0
2009-10-06,21.0667,21.34,20.8667,21.07,14.2966,30000,0,0
2009-10-07,21.0767,21.1533,20.9667,21.14,14.3441,23100,0,0
2009-10-08,21.3767,21.64,21.31,21.49,14.5816,46500,0,0
2009-10-09,21.5267,21.6533,21.4733,21.6533,14.6924,21600,0,0
2009-10-12,21.8333,21.85,21.6333,21.7,14.7241,27300,0,0
2009-10-13,21.6333,21.7067,21.4067,21.6033,14.6585,40500,0,0
2009-10-14,21.9033,22.0733,21.8033,22.0633,14.9706,63900,0,0
2009-10-15,21.8767,22.05,21.8633,22.05,14.9616,32100,0,0
2009-10-16,21.7667,21.7933,21.55,21.6633,14.6992,48300,0,0
2009-10-19,21.7767,22.0433,21.6467,21.98,14.914,112800,0,0
2009-10-20,22.0333,22.0333,21.4933,21.66,14.6969,28500,0,0
2009-10-21,21.94,21.94,21.32,21.32,14.4662,29100,0,0
2009-10-22,21.3,21.7767,21.2067,21.7533,14.7602,89700,0,0
2009-10-23,21.73,21.75,21.22,21.2233,14.4006,94800,0,0
2009-10-26,21.1667,21.6133,20.88,20.9233,14.1971,123600,0,0
2009-10-27,20.9933,21.0967,20.6667,20.69,14.0387,93000,0,0
2009-10-28,20.6667,20.6667,19.8967,19.9433,13.5321,105000,0,0
2009-10-29,20.1333,20.62,20.1333,20.55,13.9438,123300,0,0
2009-10-30,20.4067,20.4067,19.7333,19.8633,13.4778,134700,0,0
2009-11-02,19.94,20.1633,19.36,19.6433,13.3286,496500,0,0
2009-11-03,19.5433,20.1133,19.5433,20.1133,13.6475,310200,0,0
2009-11-04,20.2733,20.3833,19.8633,19.8633,13.4778,158400,0,0
2009-11-05,20.0633,20.4467,20.02,20.4467,13.8736,61800,0,0
2009-11-06,20.2167,20.53,20.1733,20.39,13.8352,51900,0,0
2009-11-09,20.77,21.0133,20.77,20.9967,14.2468,24900,0,0
2009-11-10,21,21.07,20.7233,20.9267,14.1993,104100,0,0
2009-11-11,21.1333,21.1867,21.0467,21.1867,14.3758,38400,0,0
2009-11-12,21.17,21.3467,20.8333,20.8767,14.1654,29400,0,0
2009-11-13,20.99,21.1333,20.8067,21.05,14.283,31800,0,0
2009-11-16,21.2133,21.7033,21.07,21.47,14.568,159600,0,0
2009-11-17,21.4833,21.63,21.4133,21.54,14.6155,69000,0,0
2009-11-18,21.5333,21.6333,21.4167,21.6333,14.6788,61500,0,0
2009-11-19,21.33,21.33,21.06,21.1467,14.3486,23700,0,0
2009-11-20,20.96,21.0667,20.91,21.0667,14.2943,40800,0,0
2009-11-23,21.4767,21.5833,21.2033,21.3067,14.4572,27600,0,0
2009-11-24,21.06,21.2067,20.9633,21.1267,14.335,55500,0,0
2009-11-25,21.31,21.35,21.1767,21.29,14.4459,49800,0,0
2009-11-27,20.3967,21.0467,20.3,20.92,14.1948,14400,0,0
2009-11-30,20.73,20.8467,20.5,20.8467,14.1451,159900,0,0
2009-12-01,21.06,21.28,21.06,21.2367,14.4097,33000,0,0
2009-12-02,21.3767,21.53,21.31,21.4133,14.5296,59400,0,0
2009-12-03,21.55,21.6933,21.1867,21.1867,14.3758,75600,0,0
2009-12-04,21.56,21.8967,21.2967,21.4367,14.5454,45300,0,0
2009-12-07,21.6633,21.8467,21.6133,21.6167,14.6675,16200,0,0
2009-12-08,21.39,21.75,21.3633,21.5933,14.6517,28500,0,0
2009-12-09,21.61,21.61,21.3733,21.4,14.5205,41700,0,0
2009-12-10,21.6667,21.67,21.4833,21.4833,14.577,12300,0,0
2009-12-11,21.64,21.8333,21.61,21.8333,14.8145,12300,0,0
2009-12-14,22,22.1133,21.8067,22.1133,15.0045,247200,0,0
2009-12-15,22.08,22.18,21.9767,22.0267,14.9457,186300,0,0
2009-12-16,22.21,22.2433,22.1133,22.12,15.009,24000,0,0
2009-12-17,21.9833,22.0367,21.8567,22.0133,14.9367,168000,0,0
2009-12-18,22.1467,22.1667,21.83,22.1667,15.0407,110400,0,0
2009-12-21,22.3533,22.4967,22.3533,22.4733,15.2488,30300,0,0
2009-12-22,22.5333,22.7067,22.52,22.6933,15.3981,119400,0,0
2009-12-23,22.8333,22.9267,22.6833,22.8533,15.5066,34800,0,0
2009-12-24,22.79,23.0233,22.78,22.88,15.6367,41100,0.163667,0
2009-12-28,22.9267,22.9267,22.7133,22.7867,15.5729,73800,0,0
2009-12-29,22.8033,22.8167,22.74,22.74,15.541,37500,0,0
2009-12-30,22.6467,22.7433,22.5433,22.6667,15.4909,99600,0,0
2009-12-31,22.6667,22.6667,22.34,22.34,15.2677,54900,0,0
2010-01-04,22.6667,22.8733,22.5333,22.8233,15.598,71400,0,0
2010-01-05,22.8033,22.9533,22.7367,22.9467,15.6823,33900,0,0
2010-01-06,22.88,23.01,22.88,22.97,15.6982,61200,0,0
2010-01-07,22.9733,23.2333,22.8567,23.2,15.8554,45300,0,0
2010-01-08,23.1067,23.3167,23.1067,23.3167,15.9351,33000,0,0
2010-01-11,23.4067,23.4067,23.1567,23.24,15.8827,71400,0,0
2010-01-12,23.05,23.1233,22.8267,22.9033,15.6526,100800,0,0
2010-01-13,22.9233,23.2633,22.85,23.2633,15.8987,33000,0,0
2010-01-14,23.1833,23.3733,23.1733,23.31,15.9306,11400,0,0
2010-01-15,23.3433,23.38,22.91,23.01,15.7256,30300,0,0
2010-01-19,23.09,23.36,22.56,23.3433,15.9534,62400,0,0
2010-01-20,23.1633,23.2233,22.8967,23.2233,15.8714,96300,0,0
2010-01-21,23.3633,23.37,22.7767,22.87,15.6299,41400,0,0
2010-01-22,22.81,22.8467,22.3,22.3,15.2403,42900,0,0
2010-01-25,22.4,22.4367,22.1767,22.3767,15.2927,36000,0,0
2010-01-26,22.3167,22.4733,22.1367,22.1967,15.1697,19500,0,0
2010-01-27,22.0867,22.39,21.9833,22.39,15.3018,87300,0,0
2010-01-28,22.4,22.4,21.8633,22.0933,15.0991,45600,0,0
2010-01-29,22.16,22.38,21.83,21.84,14.9259,385500,0,0
2010-02-01,21.9567,22.18,21.9567,22.1733,15.1538,302100,0,0
2010-02-02,22.2133,22.4867,22.12,22.48,15.3633,109800,0,0
2010-02-03,22.3467,22.4333,22.09,22.2533,15.2084,145500,0,0
2010-02-04,22.03,22.03,21.4733,21.4733,14.6754,95700,0,0
2010-02-05,21.5,21.54,21,21.5233,14.7095,165900,0,0
2010-02-08,21.4733,21.68,21.3533,21.3933,14.6207,55200,0,0
2010-02-09,21.6,21.8467,21.45,21.6967,14.828,280800,0,0
2010-02-10,21.65,21.8133,21.44,21.6633,14.8052,46200,0,0
2010-02-11,21.6767,22.0167,21.6767,22.0167,15.0467,20400,0,0
2010-02-12,21.7967,22.1633,21.7633,22.1333,15.1264,21000,0,0
2010-02-16,22.44,22.6133,22.2533,22.6133,15.4545,27000,0,0
2010-02-17,22.7367,22.7533,22.6567,22.7267,15.5319,104700,0,0
2010-02-18,22.8233,22.95,22.79,22.95,15.6846,27000,0,0
2010-02-19,22.91,23.14,22.91,23.11,15.7939,13200,0,0
2010-02-22,23.2,23.2367,23.11,23.1633,15.8303,123000,0,0
2010-02-23,23.09,23.1533,22.8067,22.8233,15.598,37500,0,0
2010-02-24,22.8833,23.08,22.8267,23.0267,15.737,45600,0,0
2010-02-25,22.8233,23.0767,22.6567,23.0767,15.7711,77700,0,0
2010-02-26,23.06,23.0767,22.8167,23.01,15.7256,82800,0,0
2010-03-01,23.1333,23.44,23.13,23.4333,16.0149,185400,0,0
2010-03-02,23.5233,23.6167,23.4667,23.51,16.0673,146700,0,0
2010-03-03,23.6533,23.7933,23.54,23.6233,16.1447,34800,0,0
2010-03-04,23.62,23.7067,23.5733,23.7067,16.2017,41100,0,0
2010-03-05,23.8567,24.1533,23.8567,24.13,16.491,66000,0,0
2010-03-08,24.1433,24.2133,24.1167,24.16,16.5115,114600,0,0
2010-03-09,24.09,24.4433,24.09,24.2967,16.6049,136500,0,0
2010-03-10,24.2567,24.6,24.2567,24.5233,16.7598,92700,0,0
2010-03-11,24.3833,24.6267,24.3167,24.6267,16.8304,28500,0,0
2010-03-12,24.73,24.75,24.4867,24.5833,16.8008,24900,0,0
2010-03-15,24.6333,24.6333,24.3567,24.5767,16.7962,39300,0,0
2010-03-16,24.6933,24.8267,24.6133,24.8167,16.9603,27900,0,0
2010-03-17,24.9867,25.21,24.9767,25.0933,17.1494,62700,0,0
2010-03-18,25.1433,25.1633,25.0167,25.0367,17.1106,69000,0,0
2010-03-19,24.7467,25.1167,24.6767,24.7467,16.9124,62400,0,0
2010-03-22,24.53,25.09,24.5,25.0667,17.1311,88800,0,0
2010-03-23,25.1167,25.3067,24.97,25.3033,17.2929,36900,0,0
2010-03-24,25.19,25.2933,25.1267,25.13,17.1744,182400,0,0
2010-03-25,25.27,25.38,24.8933,24.8933,17.0638,69900,0.075333,0
2010-03-26,24.97,25.1267,24.8033,24.85,17.0341,29100,0,0
2010-03-29,24.98,25.0133,24.8533,24.9767,17.1209,71100,0,0
2010-03-30,25.01,25.1167,24.8333,24.9433,17.0981,35700,0,0
2010-03-31,24.8633,25.07,24.7767,24.7867,16.9907,54000,0,0
2010-04-01,25.0433,25.07,24.8667,24.9867,17.1278,62400,0,0
2010-04-05,25.0633,25.45,25.04,25.45,17.4454,214500,0,0
2010-04-06,25.3533,25.7367,25.3533,25.7067,17.6214,39900,0,0
2010-04-07,25.6633,25.69,25.38,25.5167,17.4911,84600,0,0
2010-04-08,25.43,25.59,25.25,25.5267,17.498,99000,0,0
2010-04-09,25.5433,25.68,25.4133,25.68,17.6031,240900,0,0
2010-04-12,25.7067,25.8,25.6467,25.7267,17.6351,67200,0,0
2010-04-13,25.7267,25.8467,25.62,25.82,17.699,24300,0,0
2010-04-14,25.9867,26.3467,25.9867,26.3433,18.0578,29100,0,0
2010-04-15,26.3367,26.4233,26.28,26.3233,18.044,22500,0,0
2010-04-16,26.25,26.2867,25.6767,25.9,17.7539,73200,0,0
2010-04-19,25.6867,25.9067,25.4533,25.7167,17.6282,60600,0,0
2010-04-20,25.9533,26.1567,25.8433,26.1567,17.9298,47400,0,0
2010-04-21,26.1733,26.42,26.1733,26.4033,18.0989,36300,0,0
2010-04-22,26.1367,26.7933,26.0667,26.7733,18.3525,30300,0,0
2010-04-23,26.8133,27.1167,26.7,27.1167,18.5879,112500,0,0
2010-04-26,27.15,27.34,27.0133,27.0267,18.5262,190800,0,0
2010-04-27,26.9233,27.05,26.1967,26.2167,17.9709,124500,0,0
2010-04-28,26.3933,26.4933,26.15,26.2567,17.9984,71100,0,0
2010-04-29,26.4933,26.8567,26.4067,26.8167,18.3822,63300,0,0
2010-04-30,26.8,26.88,26.0567,26.0567,17.8613,81600,0,0
2010-05-03,26.2133,26.61,26.2133,26.61,18.2406,69000,0,0
2010-05-04,26.2,26.2,25.5567,25.7067,17.6214,77400,0,0
2010-05-05,25.78,25.78,25.16,25.4333,17.434,171300,0,0
2010-05-06,25.2733,25.5433,22,24.6567,16.9016,142800,0,0
2010-05-07,24.2233,24.5633,23.5,23.81,16.3212,255300,0,0
2010-05-10,24.1433,25.29,24.1433,25.2,17.274,351000,0,0
2010-05-11,24.9467,25.6867,24.7633,25.3933,17.4066,138300,0,0
2010-05-12,25.4667,26.0133,25.4667,25.9933,17.8179,61800,0,0
2010-05-13,25.9367,26.08,25.62,25.7367,17.6419,54900,0,0
2010-05-14,25.4867,25.4867,24.9233,25.13,17.2261,91500,0,0
2010-05-17,25.26,25.4733,24.56,25.1533,17.2421,128100,0,0
2010-05-18,25.49,25.5067,24.5933,24.6833,16.9199,81600,0,0
2010-05-19,24.5967,24.73,24.0267,24.47,16.7736,120600,0,0
2010-05-20,24.1367,24.1367,23.2033,23.21,15.9099,165600,0,0
2010-05-21,22.7633,23.69,22.5,23.56,16.1498,155100,0,0
2010-05-24,23.55,23.7267,23.2733,23.29,15.9648,89700,0,0
2010-05-25,22.6033,23.2667,22.3133,23.2633,15.9465,256200,0,0
2010-05-26,23.5633,23.8133,23.2667,23.35,16.0059,183300,0,0
2010-05-27,23.8967,24.42,23.7567,24.41,16.7325,141000,0,0
2010-05-28,24.3967,24.3967,24,24.2567,16.6274,126900,0,0
2010-06-01,23.7733,24.0467,23.36,23.36,16.0128,197400,0,0
2010-06-02,23.36,23.8767,23.2833,23.8233,16.3304,42000,0,0
2010-06-03,23.9667,24.1767,23.8333,24.13,16.5406,49800,0,0
2010-06-04,23.7967,23.7967,22.8933,22.93,15.718,291300,0,0
2010-06-07,22.96,23.08,22.4267,22.4267,15.373,142800,0,0
2010-06-08,22.6433,22.6433,22.1,22.62,15.5055,48300,0,0
2010-06-09,22.8267,23.1967,22.5567,22.5567,15.4621,144000,0,0
2010-06-10,23.1667,23.4633,23.0567,23.4633,16.0836,54900,0,0
2010-06-11,23.4167,23.6833,23.37,23.6833,16.2344,25500,0,0
2010-06-14,24.1,24.2967,23.8333,23.8333,16.3372,45900,0,0
2010-06-15,24.1233,24.5233,24.1033,24.5167,16.8056,52800,0,0
2010-06-16,24.3033,24.6167,24.2567,24.43,16.7462,276600,0,0
2010-06-17,24.5733,24.5733,24.1467,24.3967,16.7234,430800,0,0
2010-06-18,24.41,24.4833,24.3333,24.3767,16.7097,60600,0,0
2010-06-21,24.71,24.7933,24.1133,24.1633,16.5634,45000,0,0
2010-06-22,24.2633,24.35,23.57,23.57,16.1567,55200,0,0
2010-06-23,23.51,23.6233,23.1667,23.4167,16.1131,38400,0.09,0
2010-06-24,23.1733,23.4,23.0067,23.0767,15.8792,135600,0,0
2010-06-25,23.1533,23.4567,22.9067,23.3967,16.0994,82800,0,0
2010-06-28,23.4667,23.4667,23.1867,23.3133,16.042,40200,0,0
2010-06-29,22.9667,22.9667,22.3033,22.3767,15.3975,75600,0,0
2010-06-30,22.4233,22.6367,22.0767,22.0767,15.1911,50400,0,0
2010-07-01,22.0733,22.1967,21.3833,21.89,15.0626,384600,0,0
2010-07-02,21.92,22.03,21.5633,21.6633,14.9067,75900,0,0
2010-07-06,21.97,22.2033,21.2433,21.3833,14.714,72900,0,0
2010-07-07,21.47,22.2167,21.45,22.1967,15.2736,282000,0,0
2010-07-08,22.4767,22.58,22.2533,22.5733,15.5328,42000,0,0
2010-07-09,22.5767,22.8933,22.5767,22.8933,15.753,27900,0,0
2010-07-12,22.8767,22.92,22.4767,22.71,15.6269,197700,0,0
2010-07-13,23.0367,23.4867,23.03,23.4267,16.12,66600,0,0
2010-07-14,23.3533,23.47,23.12,23.31,16.0397,132300,0,0
2010-07-15,23.25,23.2667,22.8767,23.1867,15.9549,162900,0,0
2010-07-16,23.06,23.06,22.3567,22.3733,15.3952,258900,0,0
2010-07-19,22.4833,22.5167,22.09,22.43,15.4342,39300,0,0
2010-07-20,22.1567,22.85,22.1,22.85,15.7232,28800,0,0
2010-07-21,23.12,23.12,22.4767,22.4767,15.4663,65700,0,0
2010-07-22,22.7267,23.31,22.7267,23.27,16.0122,214200,0,0
2010-07-23,23.0933,23.6633,23.0567,23.6633,16.2829,78300,0,0
2010-07-26,23.7633,24.14,23.6733,24.14,16.6109,299100,0,0
2010-07-27,24.44,24.4733,24.0833,24.1433,16.6132,129600,0,0
2010-07-28,24.0767,24.0767,23.71,23.76,16.3494,108900,0,0
2010-07-29,24.02,24.1433,23.41,23.7567,16.3471,47700,0,0
2010-07-30,23.4233,23.87,23.4233,23.7633,16.3517,91200,0,0
2010-08-02,24.18,24.3033,24.0567,24.2367,16.6774,119700,0,0
2010-08-03,24.17,24.3033,23.8767,23.9933,16.5099,177300,0,0
2010-08-04,24.1733,24.2567,24.0133,24.23,16.6728,96000,0,0
2010-08-05,24.0767,24.1867,23.9367,23.9867,16.5053,152400,0,0
2010-08-06,23.69,23.98,23.4733,23.9067,16.4503,270900,0,0
2010-08-09,24.0267,24.27,24.0267,24.2167,16.6636,72900,0,0
2010-08-10,23.9733,24.0233,23.62,23.8133,16.3861,162900,0,0
2010-08-11,23.3433,23.3433,22.8667,22.8733,15.7393,109800,0,0
2010-08-12,22.35,22.8367,22.3167,22.7033,15.6223,157200,0,0
2010-08-13,22.7167,22.7867,22.5567,22.5833,15.5397,99300,0,0
2010-08-16,22.4,22.82,22.4,22.66,15.5925,232500,0,0
2010-08-17,22.8967,23.22,22.82,23.01,15.8333,290400,0,0
2010-08-18,22.8433,23.2633,22.78,23.09,15.8884,98400,0,0
2010-08-19,23.0267,23.0267,22.4367,22.5333,15.5053,133200,0,0
2010-08-20,22.4067,22.4867,22.1233,22.44,15.4411,132900,0,0
2010-08-23,22.58,22.71,22.1767,22.19,15.2691,335400,0,0
2010-08-24,22.1033,22.1333,21.65,21.93,15.0901,93900,0,0
2010-08-25,21.7333,22.27,21.6667,22.1967,15.2736,200400,0,0
2010-08-26,22.2867,22.4267,21.97,22.01,15.1452,115200,0,0
2010-08-27,22.2,22.54,21.82,22.54,15.5099,139800,0,0
2010-08-30,22.4367,22.5367,22.0767,22.0767,15.1911,82500,0,0
2010-08-31,22.0367,22.3267,21.8967,22.12,15.2209,211500,0,0
2010-09-01,22.48,22.99,22.4433,22.9667,15.8035,168000,0,0
2010-09-02,23.0033,23.2967,22.9067,23.2433,15.9939,81900,0,0
2010-09-03,23.66,23.6933,23.42,23.6467,16.2714,53700,0,0
2010-09-07,23.57,23.57,23.1933,23.21,15.9709,112500,0,0
2010-09-08,23.27,23.5167,23.2467,23.2767,16.0168,168900,0,0
2010-09-09,23.6433,23.65,23.2267,23.37,16.081,66300,0,0
2010-09-10,23.4467,23.5633,23.36,23.44,16.1292,98400,0,0
2010-09-13,23.7167,24.0333,23.7167,23.99,16.5076,144300,0,0
2010-09-14,23.9367,24.0833,23.8233,23.9033,16.448,73800,0,0
2010-09-15,23.8367,24.01,23.6667,23.96,16.487,26100,0,0
2010-09-16,23.89,23.9267,23.66,23.8067,16.3815,76200,0,0
2010-09-17,23.9133,23.9267,23.5767,23.8133,16.3861,69600,0,0
2010-09-20,23.8333,24.3733,23.7867,24.33,16.7416,229800,0,0
2010-09-21,24.3667,24.4467,24.1833,24.19,16.6453,68700,0,0
2010-09-22,24.12,24.2867,23.8067,23.9167,16.4572,43500,0,0
2010-09-23,23.7567,23.93,23.59,23.6067,16.2439,25500,0,0
2010-09-24,23.7867,24.1967,23.7867,24.1967,16.747,35400,0.137,0
2010-09-27,24.1667,24.24,24.07,24.14,16.7078,47400,0,0
2010-09-28,24.2367,24.35,23.8133,24.35,16.8532,108000,0,0
2010-09-29,24.31,24.46,24.22,24.3733,16.8693,41100,0,0
2010-09-30,24.5433,24.7233,24.2133,24.35,16.8532,61500,0,0
2010-10-01,24.5067,24.58,24.31,24.4633,16.9316,79800,0,0
2010-10-04,24.37,24.4467,24.07,24.1633,16.724,203700,0,0
2010-10-05,24.3867,24.7867,24.3233,24.7333,17.1185,152400,0,0
2010-10-06,24.7167,24.8,24.6033,24.6967,17.0931,40500,0,0
2010-10-07,24.7867,24.83,24.4933,24.6833,17.0839,28800,0,0
2010-10-08,24.7,25.0033,24.61,24.9433,17.2638,28500,0,0
2010-10-11,24.9433,25.0933,24.9133,24.97,17.2823,36300,0,0
2010-10-12,24.86,25.0767,24.6667,25.0567,17.3423,38100,0,0
2010-10-13,25.1533,25.5367,25.1367,25.39,17.573,185100,0,0
2010-10-14,25.3433,25.4367,25.1267,25.32,17.5245,12000,0,0
2010-10-15,25.52,25.52,25.13,25.23,17.4622,48300,0,0
2010-10-18,25.2833,25.5033,25.2467,25.5033,17.6514,133800,0,0
2010-10-19,25.1767,25.4867,24.9367,25.0933,17.3676,67200,0,0
2010-10-20,25.1567,25.5533,25.1567,25.4167,17.5914,133800,0,0
2010-10-21,25.5033,25.6733,25.07,25.3033,17.513,39900,0,0
2010-10-22,25.31,25.3433,25.2467,25.3167,17.5222,18900,0,0
2010-10-25,25.4667,25.7133,25.43,25.45,17.6145,99600,0,0
2010-10-26,25.18,25.51,25.18,25.3833,17.5684,18900,0,0
2010-10-27,25.2,25.2767,24.9633,25.1167,17.3838,78600,0,0
2010-10-28,25.38,25.4767,25.01,25.0833,17.3607,11100,0,0
2010-10-29,25.1,25.2267,25.1,25.13,17.393,9000,0,0
2010-11-01,25.2133,25.45,24.9033,24.9767,17.2869,48600,0,0
2010-11-02,25.3133,25.4867,25.26,25.4833,17.6376,103500,0,0
2010-11-03,25.5133,25.6167,25.3867,25.5633,17.6929,80100,0,0
2010-11-04,25.9933,26.2867,25.9267,26.2867,18.1936,45300,0,0
2010-11-05,26.3667,26.5367,26.3667,26.4233,18.2882,28200,0,0
2010-11-08,26.3333,26.3633,26.22,26.3633,18.2466,26100,0,0
2010-11-09,26.4,26.4133,25.87,25.9767,17.979,23400,0,0
2010-11-10,25.9667,26.23,25.8333,26.2033,18.1359,117900,0,0
2010-11-11,26.0233,26.2433,25.97,26.1767,18.1174,18300,0,0
2010-11-12,25.9267,26.0667,25.7567,25.87,17.9052,21300,0,0
2010-11-15,25.95,26.0167,25.7967,25.7967,17.8544,30600,0,0
2010-11-16,25.64,25.64,25.08,25.1533,17.4092,22200,0,0
2010-11-17,25.3133,25.3933,25.21,25.3533,17.5476,16500,0,0
2010-11-18,25.6033,25.84,25.6033,25.6967,17.7852,129600,0,0
2010-11-19,25.66,25.83,25.53,25.7833,17.8452,130200,0,0
2010-11-22,25.6867,25.8667,25.56,25.8533,17.8937,11400,0,0
2010-11-23,25.5967,25.6067,25.47,25.5733,17.6999,80700,0,0
2010-11-24,25.7867,26.0867,25.7867,26.0833,18.0529,37500,0,0
2010-11-26,26,26.0733,25.9133,25.9967,17.9929,10200,0,0
2010-11-29,25.82,25.98,25.6,25.98,17.9813,24000,0,0
2010-11-30,25.67,25.8533,25.6567,25.7433,17.8175,22800,0,0
2010-12-01,26.1467,26.3,26.1467,26.26,18.1751,117600,0,0
2010-12-02,26.3067,26.6033,26.3,26.5967,18.4081,34500,0,0
2010-12-03,26.4633,26.8467,26.4633,26.78,18.535,18600,0,0
2010-12-06,26.78,26.9333,26.7733,26.8533,18.5858,11400,0,0
2010-12-07,27.1467,27.1533,26.8967,26.9,18.6181,25500,0,0
2010-12-08,27.07,27.07,26.9033,26.92,18.6319,28800,0,0
2010-12-09,27.1033,27.1167,26.9667,27.0567,18.7265,54900,0,0
2010-12-10,27.14,27.3667,27.1,27.3133,18.9042,29100,0,0
2010-12-13,27.44,27.44,27.2933,27.31,18.9018,21600,0,0
2010-12-14,27.2933,27.4033,27.1633,27.2033,18.828,16800,0,0
2010-12-15,27.3767,27.3967,27.0067,27.0067,18.6919,14400,0,0
2010-12-16,27.0667,27.3167,27.03,27.22,18.8396,74700,0,0
2010-12-17,27.1867,27.31,27.14,27.2667,18.8719,24000,0,0
2010-12-20,27.33,27.4933,27.2667,27.39,18.9572,42300,0,0
2010-12-21,27.5233,27.69,27.5167,27.68,19.1579,60600,0,0
2010-12-22,27.7267,27.9733,27.7267,27.8867,19.301,62400,0,0
2010-12-23,27.72,27.7767,27.58,27.6433,19.267,25500,0.194667,0
2010-12-27,27.5,27.6733,27.5,27.64,19.2647,18900,0,0
2010-12-28,27.7233,27.7233,27.5567,27.6367,19.2624,33600,0,0
2010-12-29,27.7167,27.7167,27.6467,27.7067,19.3112,17100,0,0
2010-12-30,27.6967,27.8,27.68,27.7267,19.3251,41100,0,0
2010-12-31,27.6333,27.7433,27.5567,27.5567,19.2066,21300,0,0
2011-01-03,27.7533,28.13,27.7533,28.06,19.5575,43800,0,0
2011-01-04,27.9267,27.9267,27.46,27.7167,19.3182,38400,0,0
2011-01-05,27.6833,28.01,27.6833,28,19.5156,17100,0,0
2011-01-06,28.0667,28.08,27.8567,27.9033,19.4483,25500,0,0
2011-01-07,28.0267,28.0267,27.5,27.8,19.3762,15600,0,0
2011-01-10,27.7733,27.9367,27.49,27.9167,19.4576,18300,0,0
2011-01-11,27.9933,28.04,27.8867,27.9567,19.4854,19800,0,0
2011-01-12,28.1733,28.2267,28.09,28.09,19.5784,15300,0,0
2011-01-13,28.14,28.22,28.0533,28.1,19.5853,51600,0,0
2011-01-14,28.1,28.4033,28.0967,28.38,19.7805,49200,0,0
2011-01-18,28.3767,28.4867,28.1933,28.4667,19.8409,33600,0,0
2011-01-19,28.3167,28.3167,27.8933,27.9267,19.4645,36900,0,0
2011-01-20,27.8333,28.06,27.6667,27.8,19.3762,40800,0,0
2011-01-21,27.92,27.92,27.69,27.6933,19.3019,17400,0,0
2011-01-24,27.7733,28.0033,27.73,27.9367,19.4715,11400,0,0
2011-01-25,27.8033,28.02,27.7767,28.02,19.5296,18000,0,0
2011-01-26,28.1467,28.3133,28.03,28.2667,19.7015,48300,0,0
2011-01-27,28.2167,28.4733,28.2167,28.4067,19.7991,358800,0,0
2011-01-28,28.3767,28.3833,27.72,27.7533,19.3437,69300,0,0
2011-01-31,27.7567,28.0633,27.7567,27.92,19.4599,26100,0,0
2011-02-01,28.0133,28.49,28.0133,28.4033,19.7968,19200,0,0
2011-02-02,28.3733,28.49,28.2867,28.2867,19.7154,9300,0,0
2011-02-03,28.2567,28.38,28.0533,28.36,19.7666,22500,0,0
2011-02-04,28.33,28.37,28.22,28.3667,19.7712,36600,0,0
2011-02-07,28.5033,28.6967,28.5033,28.65,19.9687,9900,0,0
2011-02-08,28.6433,28.7933,28.5367,28.7667,20.05,29700,0,0
2011-02-09,28.6933,28.7133,28.59,28.6467,19.9664,5400,0,0
2011-02-10,28.5133,28.6767,28.5067,28.6533,19.971,11700,0,0
2011-02-11,28.6067,29.0033,28.6067,28.9933,20.208,9000,0,0
2011-02-14,29.04,29.1233,29.0267,29.1033,20.2847,23100,0,0
2011-02-15,29.07,29.1667,29.0267,29.0333,20.2359,27600,0,0
2011-02-16,29.16,29.4067,29.16,29.3467,20.4543,16500,0,0
2011-02-17,29.2933,29.6167,29.2933,29.57,20.6099,19800,0,0
2011-02-18,29.5167,29.6567,29.4833,29.5267,20.5797,34500,0,0
2011-02-22,29.3233,29.3767,28.78,28.8,20.0732,110400,0,0
2011-02-23,28.7833,28.85,28.2033,28.3533,19.7619,28500,0,0
2011-02-24,28.2767,28.49,28.15,28.4567,19.8339,25800,0,0
2011-02-25,28.5467,28.89,28.54,28.89,20.136,77100,0,0
2011-02-28,29.1367,29.1567,28.9,29.03,20.2335,34500,0,0
2011-03-01,29.1767,29.1867,28.4667,28.6067,19.9385,27000,0,0
2011-03-02,28.4733,28.6567,28.4667,28.5833,19.9222,19800,0,0
2011-03-03,28.8433,29.2067,28.8433,29.1433,20.3125,69000,0,0
2011-03-04,29.1633,29.1633,28.7167,28.8233,20.0895,13800,0,0
2011-03-07,29.0933,29.0933,28.4533,28.6067,19.9385,18600,0,0
2011-03-08,28.5233,29.17,28.5233,29.14,20.3102,18000,0,0
2011-03-09,28.9967,29.0667,28.9967,29.05,20.2475,3600,0,0
2011-03-10,28.67,28.67,28.3033,28.3033,19.7271,18300,0,0
2011-03-11,28.14,28.52,28.13,28.52,19.8781,27000,0,0
2011-03-14,28.0767,28.3733,28.0333,28.2567,19.6945,13800,0,0
2011-03-15,27.5667,28.23,27.4433,28.0067,19.5203,38700,0,0
2011-03-16,27.9167,28.0467,27.57,27.6567,19.2763,47400,0,0
2011-03-17,28.0633,28.0633,27.7433,27.7767,19.36,13200,0,0
2011-03-18,28.0867,28.1567,28.0333,28.0533,19.5528,12900,0,0
2011-03-21,28.3667,28.6567,28.3667,28.6567,19.9733,70200,0,0
2011-03-22,28.6067,28.75,28.4833,28.5167,19.8757,97200,0,0
2011-03-23,28.37,28.5267,28.2133,28.5267,19.8827,6600,0,0
2011-03-24,28.42,28.69,28.4,28.63,19.9547,33300,0,0
2011-03-25,28.6167,29.0567,28.6167,28.9,20.2197,24600,0.108667,0
2011-03-28,28.93,28.93,28.6667,28.6667,20.0564,28500,0,0
2011-03-29,28.6967,28.9333,28.6967,28.91,20.2267,40800,0,0
2011-03-30,29.0167,29.27,29.0167,29.2667,20.4762,15900,0,0
2011-03-31,29.2167,29.2867,29.1433,29.26,20.4716,16200,0,0
2011-04-01,29.42,29.56,29.3333,29.4267,20.5881,35100,0,0
2011-04-04,29.5,29.5567,29.3867,29.4433,20.5998,10200,0,0
2011-04-05,29.4333,29.75,29.41,29.5767,20.6931,10200,0,0
2011-04-06,29.7233,29.7733,29.5767,29.5833,20.6978,5400,0,0
2011-04-07,29.67,29.7667,29.4667,29.56,20.6814,12900,0,0
2011-04-08,29.5,29.5367,29.0867,29.0867,20.3503,19500,0,0
2011-04-11,29.2433,29.2567,28.8033,28.8767,20.2034,142200,0,0
2011-04-12,28.8167,28.9,28.5867,28.6233,20.0261,38400,0,0
2011-04-13,28.74,28.74,28.3867,28.3867,19.8605,8100,0,0
2011-04-14,28.3633,28.62,28.3133,28.6033,20.0121,26700,0,0
2011-04-15,28.6767,28.8933,28.5733,28.8633,20.194,27600,0,0
2011-04-18,28.49,28.5167,28.2967,28.4567,19.9095,22500,0,0
2011-04-19,28.5933,28.5933,28.39,28.53,19.9608,27300,0,0
2011-04-20,28.9867,29.0667,28.8967,29,20.2896,29700,0,0
2011-04-21,29.1933,29.1933,29.0433,29.1867,20.4202,5400,0,0
2011-04-25,29.14,29.2033,29.0867,29.1933,20.4249,20700,0,0
2011-04-26,29.3767,29.61,29.3767,29.5167,20.6511,17700,0,0
2011-04-27,29.5233,29.6733,29.4267,29.6533,20.7467,24300,0,0
2011-04-28,29.6333,29.7733,29.63,29.7733,20.8307,13500,0,0
2011-04-29,29.75,29.8633,29.69,29.8333,20.8727,21000,0,0
2011-05-02,29.9467,29.9467,29.5933,29.6233,20.7258,23100,0,0
2011-05-03,29.5867,29.6567,29.1567,29.38,20.5555,13800,0,0
2011-05-04,29.35,29.35,28.8833,29.1367,20.3853,36000,0,0
2011-05-05,28.89,29.3,28.86,29.01,20.2966,12900,0,0
2011-05-06,29.2667,29.45,29,29.11,20.3666,19500,0,0
2011-05-09,29.0533,29.3267,29.0367,29.28,20.4855,22200,0,0
2011-05-10,29.4567,29.71,29.4567,29.71,20.7864,15600,0,0
2011-05-11,29.63,29.63,29.2367,29.3933,20.5648,30000,0,0
2011-05-12,29.1867,29.5367,29.1167,29.48,20.6255,10800,0,0
2011-05-13,29.6067,29.6233,29.19,29.21,20.4366,12600,0,0
2011-05-16,28.9967,29.2867,28.9533,28.9633,20.264,40800,0,0
2011-05-17,28.8,28.9233,28.6933,28.8333,20.173,28800,0,0
2011-05-18,28.85,29.17,28.85,29.16,20.4016,41100,0,0
2011-05-19,29.2,29.3167,29.2,29.2567,20.4692,20700,0,0
2011-05-20,29.23,29.2467,29.0467,29.15,20.3946,3600,0,0
2011-05-23,28.6667,28.72,28.58,28.6,20.0098,13800,0,0
2011-05-24,28.6733,28.7033,28.4,28.5833,19.9981,17100,0,0
2011-05-25,28.3967,28.71,28.3767,28.71,20.0867,5400,0,0
2011-05-26,28.61,28.9567,28.5433,28.9567,20.2593,3900,0,0
2011-05-27,29.0367,29.1467,29.0367,29.1,20.3596,11700,0,0
2011-05-31,29.41,29.43,29.2533,29.3767,20.5532,20400,0,0
2011-06-01,29.3867,29.3867,28.5967,28.63,20.0308,21600,0,0
2011-06-02,28.6867,28.6867,28.5433,28.5433,19.9701,20700,0,0
2011-06-03,28.1967,28.3767,28.1633,28.23,19.7509,5400,0,0
2011-06-06,28.1333,28.2367,27.81,27.8133,19.4594,193800,0,0
2011-06-07,28,28.1533,27.97,27.97,19.569,14700,0,0
2011-06-08,27.82,27.93,27.6567,27.6933,19.3754,17400,0,0
2011-06-09,27.6767,27.9267,27.6767,27.83,19.4711,23700,0,0
2011-06-10,27.6633,27.6633,27.2667,27.39,19.1632,75300,0,0
2011-06-13,27.46,27.5233,27.22,27.4433,19.2005,20100,0,0
2011-06-14,27.5967,27.9867,27.5567,27.8867,19.5107,30000,0,0
2011-06-15,27.66,27.7667,27.3367,27.4367,19.1959,21000,0,0
2011-06-16,27.4067,27.6967,27.2967,27.4567,19.2099,15000,0,0
2011-06-17,27.6967,27.7567,27.5967,27.6567,19.3498,16500,0,0
2011-06-20,27.5533,27.8967,27.5533,27.73,19.4011,43200,0,0
2011-06-21,27.9967,28.27,27.9967,28.2333,19.7532,19800,0,0
2011-06-22,28.1167,28.3767,28.1167,28.1167,19.6716,22800,0,0
2011-06-23,27.64,27.87,27.5167,27.87,19.5803,21000,0.116667,0
2011-06-24,27.9767,27.9767,27.6267,27.69,19.4538,7200,0,0
2011-06-27,27.6467,27.8867,27.6267,27.8667,19.578,15900,0,0
2011-06-28,27.96,28.15,27.9233,28.1333,19.7653,15000,0,0
2011-06-29,28.2867,28.3933,28.1233,28.3867,19.9433,19800,0,0
2011-06-30,28.5067,28.6867,28.5067,28.59,20.0861,21300,0,0
2011-07-01,28.6533,29.1267,28.64,29.08,20.4304,19500,0,0
2011-07-05,29.1433,29.1433,28.8567,28.9867,20.3648,12300,0,0
2011-07-06,28.9167,29.0967,28.8433,29.04,20.4023,34200,0,0
2011-07-07,29.3167,29.55,29.3033,29.4767,20.7091,27300,0,0
2011-07-08,29.15,29.23,29.02,29.23,20.5358,25800,0,0
2011-07-11,28.9167,28.9567,28.5867,28.63,20.1142,24300,0,0
2011-07-12,28.5467,28.8867,28.5467,28.61,20.1002,27600,0,0
2011-07-13,28.7467,29.0867,28.7333,28.87,20.2828,24900,0,0
2011-07-14,28.86,28.8833,28.33,28.3867,19.9433,25500,0,0
2011-07-15,28.49,28.49,28.32,28.41,19.9597,12600,0,0
2011-07-18,28.4067,28.4067,27.9367,28.0167,19.6833,14700,0,0
2011-07-19,28.3133,28.5367,28.2467,28.5367,20.0487,20700,0,0
2011-07-20,28.59,28.6067,28.5033,28.6033,20.0955,33000,0,0
2011-07-21,28.7933,28.9667,28.7933,28.9533,20.3414,8400,0,0
2011-07-22,28.8367,28.91,28.7567,28.8833,20.2922,29400,0,0
2011-07-25,28.6833,28.7733,28.6033,28.62,20.1072,9900,0,0
2011-07-26,28.56,28.62,28.4233,28.45,19.9878,13500,0,0
2011-07-27,28.2933,28.2933,27.7067,27.7167,19.4726,24000,0,0
2011-07-28,27.68,27.98,27.5867,27.6067,19.3953,11700,0,0
2011-07-29,27.21,27.6933,27.0067,27.5733,19.3719,68400,0,0
2011-08-01,27.91,27.9533,27.24,27.4067,19.2548,25200,0,0
2011-08-02,27.4067,27.4067,26.5467,26.5567,18.6576,804600,0,0
2011-08-03,26.64,26.74,26.0333,26.7133,18.7677,112200,0,0
2011-08-04,26.3733,26.3733,25.3333,25.3333,17.7981,163500,0,0
2011-08-05,25.5533,25.5567,24.2733,24.8,17.4234,132300,0,0
2011-08-08,23.94,24.4533,22.5767,22.5767,15.8614,173100,0,0
2011-08-09,23.1433,24.0767,22.31,24.0767,16.9153,168300,0,0
2011-08-10,23.2933,23.8567,22.9233,22.94,16.1167,117000,0,0
2011-08-11,23.0733,24.4933,23.0367,24.1433,16.9621,130800,0,0
2011-08-12,24.3233,24.5467,23.97,24.08,16.9176,27600,0,0
2011-08-15,24.3467,24.8933,24.3467,24.8933,17.489,43800,0,0
2011-08-16,24.5933,24.77,24.4567,24.6033,17.2853,45300,0,0
2011-08-17,24.8233,24.9367,24.4833,24.57,17.2619,27600,0,0
2011-08-18,23.84,23.84,23.19,23.3833,16.4281,67500,0,0
2011-08-19,22.97,23.5967,22.93,22.93,16.1097,60000,0,0
2011-08-22,23.51,23.51,22.8467,22.9167,16.1003,17700,0,0
2011-08-23,22.9967,23.7067,22.9067,23.7067,16.6553,33600,0,0
2011-08-24,23.7033,24.1867,23.6733,24.1267,16.9504,32700,0,0
2011-08-25,24.35,24.35,23.6,23.6,16.5804,23700,0,0
2011-08-26,23.4533,24.1367,23.3433,24.0267,16.8801,18000,0,0
2011-08-29,24.6133,25.1833,24.5933,25.1833,17.6928,17700,0,0
2011-08-30,25.08,25.41,24.98,25.2833,17.763,25800,0,0
2011-08-31,25.3567,25.6667,25.14,25.37,17.8239,51900,0,0
2011-09-01,25.4867,25.58,24.7367,24.79,17.4164,48600,0,0
2011-09-02,24.2167,24.3433,23.8333,23.9,16.7911,73200,0,0
2011-09-06,23.13,23.8367,23.13,23.8367,16.7466,33300,0,0
2011-09-07,24.33,24.7733,24.1633,24.7333,17.3766,19500,0,0
2011-09-08,24.5767,24.8,24.2567,24.32,17.0862,10800,0,0
2011-09-09,24.0333,24.19,23.59,23.7433,16.6811,3000,0,0
2011-09-12,23.5,23.8267,23.3933,23.8267,16.7396,30300,0,0
2011-09-13,23.9933,24.3267,23.9467,24.22,17.0159,28500,0,0
2011-09-14,24.36,24.8667,24.0433,24.5933,17.2782,9600,0,0
2011-09-15,24.68,24.9333,24.6,24.9333,17.5171,8100,0,0
2011-09-16,24.9433,25.16,24.7733,24.9933,17.5593,12600,0,0
2011-09-19,24.5667,24.6133,24.33,24.5367,17.2384,108000,0,0
2011-09-20,24.59,24.83,24.2933,24.3267,17.0909,53100,0,0
2011-09-21,24.3067,24.3233,23.7333,23.7333,16.674,15000,0,0
2011-09-22,23,23,22.3767,22.6633,15.9223,67500,0,0
2011-09-23,22.6,22.9567,22.5433,22.8,16.0183,21900,0,0
2011-09-26,22.8867,23.21,22.61,23.21,16.4434,21000,0.19,0
2011-09-27,23.7767,24.1333,23.5733,23.6033,16.7221,27600,0,0
2011-09-28,23.61,23.6733,22.8533,22.8533,16.1907,26400,0,0
2011-09-29,23.2333,23.4433,22.9233,23.3567,16.5473,40800,0,0
2011-09-30,22.9233,23.2467,22.6633,22.6867,16.0726,10200,0,0
2011-10-03,22.4633,22.8333,21.5733,21.5733,15.2839,28200,0,0
2011-10-04,21.2867,22.5733,21.16,22.5733,15.9923,135000,0,0
2011-10-05,22.6133,22.9667,22.4667,22.9667,16.271,20700,0,0
2011-10-06,22.8767,23.5067,22.8767,23.5067,16.6536,14700,0,0
2011-10-07,23.52,23.6467,22.9333,23.2133,16.4458,17100,0,0
2011-10-10,23.4433,23.8733,23.4433,23.8733,16.9133,14700,0,0
2011-10-11,23.74,24.13,23.74,24.13,17.0952,3600,0,0
2011-10-12,24.2133,24.53,24.1867,24.45,17.3219,15900,0,0
2011-10-13,24.06,24.2733,23.91,24.2733,17.1967,21000,0,0
2011-10-14,24.5033,24.74,24.3767,24.68,17.4848,8400,0,0
2011-10-17,24.4433,24.4433,23.94,23.94,16.9606,13800,0,0
2011-10-18,24.04,24.8633,23.8067,24.7267,17.5179,19500,0,0
2011-10-19,24.7067,24.84,24.4167,24.4267,17.3054,24300,0,0
2011-10-20,24.5733,24.6433,24.06,24.6433,17.4589,39300,0,0
2011-10-21,24.9767,25.2,24.89,25.2,17.8532,11100,0,0
2011-10-24,25.3533,25.98,25.3533,25.98,18.4058,8700,0,0
2011-10-25,25.4867,25.6733,25.23,25.23,17.8745,57600,0,0
2011-10-26,25.6633,25.8267,25.3067,25.6933,18.2027,73500,0,0
2011-10-27,26.5333,27.0033,26.3733,26.8167,18.9986,112500,0,0
2011-10-28,26.74,26.8667,26.58,26.7433,18.9466,130200,0,0
2011-10-31,26.3733,26.5167,26.1033,26.1033,18.4932,63300,0,0
2011-11-01,25.2167,25.7,25.0967,25.1767,17.8367,39300,0,0
2011-11-02,25.8233,25.8333,25.44,25.44,18.0233,6900,0,0
2011-11-03,25.8133,26.4733,25.8133,26.4733,18.7553,63000,0,0
2011-11-04,26.08,26.41,26.08,26.33,18.6538,9000,0,0
2011-11-07,26.3733,26.41,25.9667,26.36,18.6751,4200,0,0
2011-11-08,26.56,26.7533,26.12,26.73,18.9372,126300,0,0
2011-11-09,26.0467,26.1,25.53,25.5733,18.1177,23400,0,0
2011-11-10,25.9533,25.9533,25.5967,25.7233,18.224,25800,0,0
2011-11-11,26.02,26.43,26.02,26.31,18.6396,49800,0,0
2011-11-14,26.2267,26.2267,25.7967,25.91,18.3562,7800,0,0
2011-11-15,25.83,26.24,25.83,26.16,18.5334,11700,0,0
2011-11-16,25.95,26.3,25.7967,25.7967,18.276,135900,0,0
2011-11-17,25.7367,25.8567,25.2867,25.3267,17.943,103500,0,0
2011-11-18,25.5,25.5633,25.3467,25.52,18.0799,13800,0,0
2011-11-21,25.12,25.12,24.78,25.0167,17.7234,25800,0,0
2011-11-22,24.9033,25.0233,24.6433,24.75,17.5344,16500,0,0
2011-11-23,24.4433,24.52,24.0533,24.0533,17.0409,15900,0,0
2011-11-25,23.9067,24.18,23.9067,24.0167,17.0149,3600,0,0
2011-11-28,24.7733,24.7867,24.5867,24.77,17.5486,17400,0,0
2011-11-29,24.7667,24.93,24.6433,24.7667,17.5462,53700,0,0
2011-11-30,25.7433,26.05,25.5267,26.05,18.4554,58800,0,0
2011-12-01,25.9633,26.0967,25.8533,25.9,18.3492,25800,0,0
2011-12-02,26.3133,26.3133,26,26,18.42,12900,0,0
2011-12-05,26.32,26.4333,26.1367,26.2167,18.5735,14700,0,0
2011-12-06,26.3067,26.4233,26.2,26.28,18.6184,13200,0,0
2011-12-07,25.9767,26.3733,25.8633,26.3367,18.6585,23700,0,0
2011-12-08,26.08,26.12,25.66,25.66,18.1791,33000,0,0
2011-12-09,25.79,26.27,25.79,26.27,18.6113,6900,0,0
2011-12-12,25.7533,25.83,25.65,25.83,18.2996,12300,0,0
2011-12-13,26.09,26.1967,25.42,25.4233,18.0115,20400,0,0
2011-12-14,25.22,25.35,25.18,25.18,17.8391,13800,0,0
2011-12-15,25.35,25.54,25.3367,25.4067,17.9996,14100,0,0
2011-12-16,25.6233,25.8933,25.4967,25.64,18.165,26100,0,0
2011-12-19,25.7833,25.8333,25.1333,25.1367,17.8084,34200,0,0
2011-12-20,25.6933,26.04,25.6833,26.04,18.4483,154800,0,0
2011-12-21,26.0033,26.3333,25.94,26.33,18.6538,17400,0,0
2011-12-22,26.2333,26.4867,26.2167,26.38,18.8599,19800,0.238333,0
2011-12-23,26.4,26.5133,26.4,26.4767,18.9291,18600,0,0
2011-12-27,26.3733,26.65,26.3733,26.53,18.9672,34500,0,0
2011-12-28,26.4433,26.4433,26.09,26.1067,18.6645,90000,0,0
2011-12-29,26.1933,26.4667,26.1933,26.4533,18.9124,22800,0,0
2011-12-30,26.41,26.4833,26.3,26.3,18.8027,21300,0,0
2012-01-03,26.8367,26.99,26.6367,26.6733,19.0696,53100,0,0
2012-01-04,26.5933,26.7367,26.4933,26.6133,19.0268,92100,0,0
2012-01-05,26.42,26.8567,26.29,26.76,19.1316,23400,0,0
2012-01-06,26.7433,26.8933,26.5633,26.7367,19.1149,20400,0,0
2012-01-09,26.7133,26.8633,26.6667,26.8533,19.1983,17100,0,0
2012-01-10,27.1567,27.2433,27.1167,27.16,19.4176,20100,0,0
2012-01-11,27.0067,27.2933,27.0067,27.2833,19.5058,22500,0,0
2012-01-12,27.36,27.39,27.21,27.35,19.5534,5400,0,0
2012-01-13,27.1233,27.14,26.8667,27.0767,19.358,36600,0,0
2012-01-17,27.4033,27.4033,27.05,27.05,19.3389,39600,0,0
2012-01-18,27.0467,27.4467,27.0467,27.4467,19.6225,20700,0,0
2012-01-19,27.5367,27.5767,27.3933,27.5467,19.694,22500,0,0
2012-01-20,27.53,27.6633,27.4667,27.6633,19.7774,39300,0,0
2012-01-23,27.9167,27.9167,27.52,27.7067,19.8084,35400,0,0
2012-01-24,27.5,27.8467,27.4633,27.8133,19.8847,29700,0,0
2012-01-25,27.8067,28.1,27.6933,28.07,20.0682,26100,0,0
2012-01-26,28.15,28.1733,27.8533,27.9167,19.9585,16800,0,0
2012-01-27,27.8467,28.1433,27.8467,28.1433,20.1206,12600,0,0
2012-01-30,27.87,27.9733,27.8033,27.8967,19.9443,9000,0,0
2012-01-31,27.8967,27.9133,27.7233,27.85,19.9109,17700,0,0
2012-02-01,28.26,28.4367,28.2433,28.3933,20.2993,25800,0,0
2012-02-02,28.44,28.5967,28.44,28.4933,20.3708,42900,0,0
2012-02-03,28.9067,29.1167,28.89,29.0767,20.7879,65100,0,0
2012-02-06,28.92,29.0233,28.8633,28.9167,20.6735,33600,0,0
2012-02-07,28.8767,29.03,28.8167,28.99,20.7259,11400,0,0
2012-02-08,29.02,29.14,28.9533,29.03,20.7545,9900,0,0
2012-02-09,29.0833,29.0833,28.76,28.96,20.7045,36300,0,0
2012-02-10,28.67,28.7333,28.5867,28.5967,20.4447,22500,0,0
2012-02-13,28.8933,28.96,28.7633,28.89,20.6544,31500,0,0
2012-02-14,28.8,28.8067,28.6233,28.6233,20.4638,14100,0,0
2012-02-15,28.9533,28.9833,28.6833,28.6833,20.5067,27300,0,0
2012-02-16,28.7167,29.1633,28.71,29.12,20.8189,235200,0,0
2012-02-17,29.2533,29.2533,29.1333,29.16,20.8474,33000,0,0
2012-02-21,29.2033,29.23,28.8933,29.0367,20.7593,33600,0,0
2012-02-22,29.0767,29.0867,28.7767,28.8067,20.5948,26400,0,0
2012-02-23,28.7867,29.1,28.65,29.1,20.8046,26700,0,0
2012-02-24,29.09,29.21,29.0733,29.1667,20.8522,5400,0,0
2012-02-27,28.78,29.1267,28.6333,29.1233,20.8212,15600,0,0
2012-02-28,29.0533,29.1233,28.8367,28.93,20.683,9000,0,0
2012-02-29,28.9667,29.07,28.7033,28.7033,20.521,68700,0,0
2012-03-01,28.78,29.01,28.78,28.83,20.6115,57000,0,0
2012-03-02,28.79,28.8667,28.4167,28.56,20.4185,15300,0,0
2012-03-05,28.4667,28.5433,28.37,28.5167,20.3875,21600,0,0
2012-03-06,28.16,28.2367,27.9167,27.95,19.9824,13800,0,0
2012-03-07,28.04,28.1933,28.04,28.1833,20.1492,5100,0,0
2012-03-08,28.4233,28.57,28.4167,28.5333,20.3994,12900,0,0
2012-03-09,28.53,29.03,28.53,28.85,20.6258,39900,0,0
2012-03-12,28.9133,28.9233,28.72,28.8233,20.6068,7500,0,0
2012-03-13,29.16,29.3967,28.99,29.38,21.0047,23700,0,0
2012-03-14,29.3967,29.4567,29.1767,29.1833,20.8641,21900,0,0
2012-03-15,29.23,29.5733,29.1867,29.5667,21.1382,20700,0,0
2012-03-16,29.5933,29.63,29.51,29.51,21.0977,5700,0,0
2012-03-19,29.4867,29.8667,29.4867,29.75,21.2693,20400,0,0
2012-03-20,29.4833,29.54,29.4333,29.5267,21.1096,6900,0,0
2012-03-21,29.53,29.57,29.4467,29.4733,21.0715,12300,0,0
2012-03-22,29.07,29.1567,28.95,29.0067,20.7378,17100,0,0
2012-03-23,29.0533,29.2533,28.9767,29.2533,20.9142,18600,0,0
2012-03-26,29.4333,29.5267,29.3833,29.4833,21.1904,24600,0.154333,0
2012-03-27,29.5633,29.6467,29.46,29.46,21.1736,8400,0,0
2012-03-28,29.3833,29.3833,29.1333,29.1333,20.9389,3300,0,0
2012-03-29,29.1367,29.2767,28.89,29.2467,21.0203,12900,0,0
2012-03-30,29.39,29.39,29.15,29.2133,20.9963,11100,0,0
2012-04-02,29.1067,29.46,29.1067,29.4567,21.1712,10800,0,0
2012-04-03,29.3867,29.4167,29.23,29.23,21.0083,8100,0,0
2012-04-04,28.9967,28.9967,28.85,28.92,20.7855,10500,0,0
2012-04-05,28.8333,28.92,28.6967,28.7233,20.6442,3600,0,0
2012-04-09,28.2633,28.3667,28.26,28.36,20.383,11100,0,0
2012-04-10,28.2633,28.3,27.6633,27.7167,19.9207,19800,0,0
2012-04-11,28.0167,28.0967,27.9933,28.0733,20.177,8100,0,0
2012-04-12,28.1333,28.6367,28.1333,28.6333,20.5795,15600,0,0
2012-04-13,28.5133,28.5133,28.2167,28.2533,20.3064,214200,0,0
2012-04-16,28.2333,28.4333,28.2333,28.3567,20.3806,7200,0,0
2012-04-17,28.72,28.8567,28.6967,28.7233,20.6442,5100,0,0
2012-04-18,28.5667,28.59,28.3933,28.4833,20.4717,29700,0,0
2012-04-19,28.47,28.6633,28.25,28.3,20.3399,28500,0,0
2012-04-20,28.5167,28.6967,28.5167,28.5567,20.5244,10200,0,0
2012-04-23,28.1067,28.1833,27.9533,28.1767,20.2513,81300,0,0
2012-04-24,28.22,28.4733,28.2133,28.31,20.3471,33600,0,0
2012-04-25,28.89,28.9067,28.6467,28.7733,20.6801,62700,0,0
2012-04-26,28.75,28.99,28.6933,28.99,20.8358,19800,0,0
2012-04-27,28.9667,29.1567,28.8733,29.1567,20.9556,37500,0,0
2012-04-30,29.0167,29.0167,28.84,28.8733,20.752,11700,0,0
2012-05-01,28.91,29.3367,28.8767,28.97,20.8215,65400,0,0
2012-05-02,28.8067,28.9733,28.7233,28.9433,20.8023,14100,0,0
2012-05-03,28.98,28.98,28.6067,28.6533,20.5939,24900,0,0
2012-05-04,28.5133,28.5133,28.1733,28.24,20.2968,27000,0,0
2012-05-07,28.2033,28.38,28.1067,28.3133,20.3495,90000,0,0
2012-05-08,28.1467,28.4033,28.1033,28.4033,20.4142,16500,0,0
2012-05-09,28.06,28.3,27.9767,28.2667,20.316,23700,0,0
2012-05-10,28.47,28.51,28.28,28.3533,20.3783,37200,0,0
2012-05-11,28.17,28.3967,28.1433,28.2467,20.3016,96000,0,0
2012-05-14,27.96,28.15,27.95,27.96,20.0955,57000,0,0
2012-05-15,27.9567,28.0467,27.75,27.8,19.9806,16500,0,0
2012-05-16,27.9133,28.0433,27.5567,27.5567,19.8057,24000,0,0
2012-05-17,27.59,27.59,26.9067,26.9233,19.3505,299100,0,0
2012-05-18,26.9,26.9333,26.5833,26.59,19.1109,49500,0,0
2012-05-21,26.98,27.0633,26.8933,27.0567,19.4463,50700,0,0
2012-05-22,27.1133,27.31,26.9867,27.0933,19.4727,71700,0,0
2012-05-23,26.77,27.19,26.6933,27.1833,19.5373,27900,0,0
2012-05-24,27.22,27.3567,27.0433,27.3567,19.6619,65700,0,0
2012-05-25,27.3467,27.4,27.2567,27.26,19.5924,37200,0,0
2012-05-29,27.5967,27.6433,27.4667,27.6433,19.8679,19200,0,0
2012-05-30,27.4567,27.4567,27.1767,27.2767,19.6044,65400,0,0
2012-05-31,26.9,27.1733,26.9,27.1733,19.5301,9900,0,0
2012-06-01,26.5967,26.7367,26.4867,26.5067,19.051,38700,0,0
2012-06-04,26.4967,26.4967,26.07,26.1833,18.8186,18600,0,0
2012-06-05,26.0933,26.5267,26.0833,26.5267,19.0654,24000,0,0
2012-06-06,26.76,27.1367,26.76,27.1367,19.5038,4500,0,0
2012-06-07,27.5367,27.5633,27.2733,27.29,19.614,19800,0,0
2012-06-08,26.95,27.3733,26.95,27.3733,19.6739,4800,0,0
2012-06-11,27.66,27.67,26.8867,26.8867,19.3241,13500,0,0
2012-06-12,26.9067,27.1133,26.7667,27.1133,19.487,15600,0,0
2012-06-13,27.07,27.2667,26.86,26.91,19.3409,37800,0,0
2012-06-14,26.92,27.2367,26.92,27.1733,19.5301,26400,0,0
2012-06-15,27.21,27.42,27.21,27.42,19.7074,21300,0,0
2012-06-18,27.21,27.51,27.1933,27.4667,19.741,5100,0,0
2012-06-19,27.4367,27.8833,27.4067,27.8033,20.0905,51300,0.147,0
2012-06-20,27.76,27.99,27.6267,27.79,20.0808,157500,0,0
2012-06-21,27.8033,27.8033,27.1133,27.1233,19.5991,131400,0,0
2012-06-22,27.2367,27.4133,27.15,27.3733,19.7798,74400,0,0
2012-06-25,26.9433,26.9867,26.7233,26.8267,19.3847,39900,0,0
2012-06-26,26.9633,26.99,26.69,26.9167,19.4498,28500,0,0
2012-06-27,26.9867,27.4367,26.9867,27.3867,19.7894,62100,0,0
2012-06-28,27.15,27.5733,25.7733,27.5733,19.9243,121200,0,0
2012-06-29,28.2233,28.3033,28.0033,28.2833,20.4373,102600,0,0
2012-07-02,28.5033,28.5033,28.1967,28.4867,20.5842,93600,0,0
2012-07-03,28.5433,28.86,28.5433,28.8333,20.8347,15300,0,0
2012-07-05,28.87,28.9133,28.6533,28.81,20.8179,183600,0,0
2012-07-06,28.5867,28.6333,28.4233,28.5467,20.6276,90900,0,0
2012-07-09,28.3333,28.3667,28.26,28.3467,20.4831,21300,0,0
2012-07-10,28.5133,28.59,27.9567,27.9567,20.2013,33000,0,0
2012-07-11,28.0733,28.1433,27.9,28.0133,20.2422,50700,0,0
2012-07-12,27.7733,27.9267,27.5033,27.7933,20.0832,43500,0,0
2012-07-13,27.9567,28.15,27.9567,28.15,20.341,35100,0,0
2012-07-16,28.0933,28.1133,27.98,28.0267,20.2518,51300,0,0
2012-07-17,28.26,28.26,27.82,28.1333,20.3289,37500,0,0
2012-07-18,28.08,28.39,28.08,28.2433,20.4084,59400,0,0
2012-07-19,28.3433,28.3867,28.13,28.1467,20.3386,29700,0,0
2012-07-20,28.1133,28.1133,27.86,27.8633,20.1338,41400,0,0
2012-07-23,27.4467,27.6467,27.3333,27.5633,19.917,9000,0,0
2012-07-24,27.5967,27.5967,26.9433,27.0133,19.5196,24300,0,0
2012-07-25,27.24,27.24,27.0433,27.0433,19.5413,12600,0,0
2012-07-26,27.4967,27.5667,27.3233,27.4233,19.8159,18900,0,0
2012-07-27,27.65,28.11,27.65,28.0367,20.2591,28800,0,0
2012-07-30,28.1033,28.1133,27.9067,28.0333,20.2567,26700,0,0
2012-07-31,28.03,28.1967,27.9467,27.9467,20.194,21000,0,0
2012-08-01,28.1067,28.1067,27.5933,27.5967,19.9411,46800,0,0
2012-08-02,27.41,27.6,27.2133,27.3633,19.7725,108900,0,0
2012-08-03,27.6367,28.0733,27.6367,27.9267,20.1796,30600,0,0
2012-08-06,27.9967,28.21,27.9533,28.09,20.2976,21600,0,0
2012-08-07,28.3067,28.5433,28.2967,28.3967,20.5192,31500,0,0
2012-08-08,28.39,28.6067,28.3833,28.5533,20.6324,83100,0,0
2012-08-09,28.58,28.6733,28.58,28.67,20.7167,5700,0,0
2012-08-10,28.5067,28.5833,28.44,28.5833,20.6541,16500,0,0
2012-08-13,28.5333,28.5367,28.3067,28.5167,20.6059,17400,0,0
2012-08-14,28.6767,28.6767,28.45,28.48,20.5794,21300,0,0
2012-08-15,28.4367,28.6533,28.4367,28.6533,20.7047,10500,0,0
2012-08-16,28.6667,28.9867,28.5667,28.9367,20.9094,21900,0,0
2012-08-17,28.9833,29.12,28.94,29.12,21.0419,30300,0,0
2012-08-20,29.02,29.1267,28.9967,29.1267,21.0467,6300,0,0
2012-08-21,29.2767,29.4833,29.1167,29.1167,21.0395,20700,0,0
2012-08-22,28.8633,29.0367,28.8633,28.9433,20.9142,6300,0,0
2012-08-23,28.9,28.9,28.5533,28.6033,20.6685,33600,0,0
2012-08-24,28.5333,28.7533,28.4467,28.6567,20.7071,19200,0,0
2012-08-27,28.6867,28.8233,28.65,28.6633,20.7119,16200,0,0
2012-08-28,28.7233,28.8967,28.6667,28.7967,20.8082,22500,0,0
2012-08-29,28.8333,28.9467,28.7767,28.8867,20.8733,12000,0,0
2012-08-30,28.6933,28.6933,28.6133,28.6333,20.6902,7800,0,0
2012-08-31,28.89,28.89,28.69,28.69,20.7312,9900,0,0
2012-09-04,28.7867,29.02,28.53,28.98,20.9407,18900,0,0
2012-09-05,28.9867,29.0533,28.9133,28.98,20.9407,17100,0,0
2012-09-06,29.3067,29.63,29.25,29.57,21.3671,19800,0,0
2012-09-07,29.63,29.91,29.63,29.8767,21.5886,14100,0,0
2012-09-10,29.8533,29.9733,29.7933,29.8267,21.5525,17100,0,0
2012-09-11,29.8233,30.0467,29.8233,29.95,21.6416,17700,0,0
2012-09-12,30.0767,30.0933,29.89,30.07,21.7283,15000,0,0
2012-09-13,30.0033,30.5333,29.96,30.43,21.9885,20400,0,0
2012-09-14,30.58,30.89,30.57,30.78,22.2414,61200,0,0
2012-09-17,30.6833,30.6867,30.4333,30.4767,22.0222,18900,0,0
2012-09-18,30.37,30.37,30.2867,30.3433,21.9259,9600,0,0
2012-09-19,30.3533,30.46,30.3533,30.4133,21.9764,14400,0,0
2012-09-20,30.1767,30.3033,30.0633,30.2567,21.8632,26100,0,0
2012-09-21,30.51,30.5233,30.23,30.23,21.844,166800,0,0
2012-09-24,30.13,30.3067,30.0867,30.1333,21.7741,15900,0,0
2012-09-25,30.1133,30.1133,29.4533,29.46,21.4317,87300,0.202667,0
2012-09-26,29.4833,29.4833,29.2533,29.3167,21.3274,21900,0,0
2012-09-27,29.4567,29.6233,29.36,29.59,21.5263,15900,0,0
2012-09-28,29.4333,29.4967,29.3133,29.3767,21.3711,25200,0,0
2012-10-01,29.5333,29.6867,29.3867,29.4767,21.4438,25800,0,0
2012-10-02,29.5267,29.56,29.4267,29.5333,21.4851,14100,0,0
2012-10-03,29.6567,29.67,29.5067,29.5667,21.5093,12600,0,0
2012-10-04,29.6067,29.8567,29.6067,29.8367,21.7057,10200,0,0
2012-10-05,30.0333,30.1767,29.9,29.9167,21.7639,51900,0,0
2012-10-08,29.7667,29.9033,29.7667,29.8267,21.6985,143700,0,0
2012-10-09,29.8333,29.8333,29.5167,29.5167,21.4729,21000,0,0
2012-10-10,29.5167,29.5567,29.3233,29.3767,21.3711,13800,0,0
2012-10-11,29.5467,29.74,29.5467,29.6367,21.5602,58500,0,0
2012-10-12,29.6067,29.6333,29.2567,29.3067,21.3202,33900,0,0
2012-10-15,29.3633,29.4733,29.1667,29.47,21.439,30000,0,0
2012-10-16,29.5967,29.7367,29.5867,29.7367,21.633,94500,0,0
2012-10-17,29.7633,30.0667,29.7467,30.0033,21.827,23700,0,0
2012-10-18,30.0967,30.1633,30.03,30.0567,21.8658,24000,0,0
2012-10-19,30.1633,30.1633,28.3067,29.5833,21.5214,27900,0,0
2012-10-22,29.5367,29.6333,29.4333,29.5233,21.4778,10200,0,0
2012-10-23,29.2967,29.35,29.11,29.3233,21.3323,13500,0,0
2012-10-24,29.5033,29.54,29.29,29.2967,21.3129,10800,0,0
2012-10-25,29.5333,29.58,29.23,29.3767,21.3711,20400,0,0
2012-10-26,29.4333,29.59,29.1533,29.2533,21.2814,22500,0,0
2012-10-31,29.2433,29.4333,29.09,29.4267,21.4075,117900,0,0
2012-11-01,29.4733,29.8733,29.4733,29.8667,21.7275,18300,0,0
2012-11-02,29.98,29.98,29.4767,29.4767,21.4438,22500,0,0
2012-11-05,29.46,29.5767,29.46,29.5233,21.4778,15000,0,0
2012-11-06,29.65,29.89,29.64,29.84,21.7082,28200,0,0
2012-11-07,29.5333,29.5333,28.9867,29.1033,21.1722,124200,0,0
2012-11-08,29.0933,29.1867,28.7533,28.7533,20.9176,28800,0,0
2012-11-09,28.67,28.9833,28.6467,28.7733,20.9322,40200,0,0
2012-11-12,28.8967,28.8967,28.6533,28.6967,20.8764,43800,0,0
2012-11-13,28.4867,28.7467,28.0667,28.4767,20.7164,112200,0,0
2012-11-14,28.51,28.5167,27.8867,27.9233,20.3138,33600,0,0
2012-11-15,27.8567,28.0267,27.75,27.8533,20.2629,34200,0,0
2012-11-16,27.88,28.1233,27.6833,28.1167,20.4545,75900,0,0
2012-11-19,28.4367,28.67,28.4233,28.67,20.857,53100,0,0
2012-11-20,28.6433,28.7267,28.5067,28.6967,20.8764,53700,0,0
2012-11-21,28.7433,28.83,28.71,28.83,20.9734,34500,0,0
2012-11-23,28.9633,29.1633,28.9633,29.15,21.2062,12600,0,0
2012-11-26,29.1367,29.2233,29.07,29.2233,21.2595,185100,0,0
2012-11-27,29.1967,29.3667,29.16,29.1867,21.2329,273600,0,0
2012-11-28,29.01,29.37,28.89,29.3667,21.3638,119700,0,0
2012-11-29,29.58,29.7,29.4967,29.63,21.5554,93000,0,0
2012-11-30,29.65,29.6867,29.55,29.6233,21.5505,56400,0,0
2012-12-03,29.8933,29.94,29.5067,29.56,21.5045,14700,0,0
2012-12-04,29.6167,29.68,29.4533,29.6367,21.5602,46500,0,0
2012-12-05,29.7767,29.7933,29.45,29.7167,21.6184,37200,0,0
2012-12-06,29.72,29.7933,29.6633,29.7933,21.6742,30600,0,0
2012-12-07,29.9167,29.9233,29.7733,29.8533,21.7179,250200,0,0
2012-12-10,30.0233,30.04,29.87,30.04,21.8536,20400,0,0
2012-12-11,30.6633,30.6633,30.17,30.2267,21.9894,38700,0,0
2012-12-12,30.45,30.45,30.1067,30.1067,21.9022,19500,0,0
2012-12-13,30.2133,30.2133,29.8367,29.9267,21.7712,32400,0,0
2012-12-14,29.8733,29.9967,29.8067,29.86,21.7227,21600,0,0
2012-12-17,30.0567,30.1967,30.03,30.1967,21.9676,35100,0,0
2012-12-18,30.3,30.6467,30.3,30.63,22.2829,112500,0,0
2012-12-19,30.43,30.75,30.3333,30.39,22.3257,41400,0.298333,0
2012-12-20,30.4433,30.57,30.34,30.56,22.4506,69000,0,0
2012-12-21,30.11,30.3467,30.11,30.29,22.2523,63600,0,0
2012-12-24,30.4,30.4,30.1333,30.1567,22.1543,32700,0,0
2012-12-26,30.28,30.28,29.9767,29.99,22.0319,48900,0,0
2012-12-27,29.87,30.0167,29.58,29.9067,21.9706,226200,0,0
2012-12-28,29.78,29.93,29.6733,29.6767,21.8017,52200,0,0
2012-12-31,29.7133,30.2533,29.6333,30.2533,22.2253,83700,0,0
2013-01-02,31.0167,31.02,30.8133,31.01,22.7812,49200,0,0
2013-01-03,31.05,31.3267,31.05,31.1367,22.8742,83700,0,0
2013-01-04,31.2333,31.4967,31.19,31.44,23.0971,56100,0,0
2013-01-07,31.42,31.42,31.24,31.2833,22.982,124800,0,0
2013-01-08,31.3133,31.3133,31.08,31.14,22.8767,34800,0,0
2013-01-09,31.18,31.23,31.1433,31.1533,22.8865,17700,0,0
2013-01-10,31.29,31.3033,31.1467,31.2633,22.9673,47700,0,0
2013-01-11,31.2867,31.2867,31.1333,31.27,22.9722,34800,0,0
2013-01-14,31.26,31.2767,31.2333,31.2533,22.96,15600,0,0
2013-01-15,31.1567,31.4767,31.12,31.43,23.0897,22200,0,0
2013-01-16,31.41,31.4567,31.3133,31.4133,23.0775,27900,0,0
2013-01-17,31.59,31.7867,31.59,31.7367,23.315,40800,0,0
2013-01-18,31.7533,31.86,31.68,31.8533,23.4007,22800,0,0
2013-01-22,31.8967,32.2067,31.8933,32.2067,23.6603,32700,0,0
2013-01-23,32.3233,32.3233,32.1533,32.1667,23.6309,42900,0,0
2013-01-24,32.3067,32.43,32.1467,32.2333,23.6799,89700,0,0
2013-01-25,32.4033,32.46,32.2667,32.46,23.8464,108000,0,0
2013-01-28,32.6167,32.6567,32.3133,32.5467,23.9101,76200,0,0
2013-01-29,32.5233,32.5467,32.4333,32.5467,23.9101,29100,0,0
2013-01-30,32.51,32.5133,32.2733,32.3067,23.7338,29700,0,0
2013-01-31,32.27,32.5267,32.23,32.4833,23.8636,33900,0,0
2013-02-01,32.7767,32.8633,32.6133,32.76,24.0668,56100,0,0
2013-02-04,32.61,33.09,32.2967,32.3033,23.7313,74700,0,0
2013-02-05,32.5167,32.66,32.4533,32.59,23.9419,30900,0,0
2013-02-06,32.51,32.83,32.4633,32.8233,24.1133,66300,0,0
2013-02-07,32.8833,32.9133,32.6533,32.82,24.1109,24000,0,0
2013-02-08,32.8967,33.0633,32.8967,33.0433,24.275,28200,0,0
2013-02-11,33.0633,33.0633,32.9,32.9733,24.2235,63900,0,0
2013-02-12,33.0033,33.2267,33.0033,33.16,24.3607,17400,0,0
2013-02-13,33.2967,33.4,33.2533,33.3467,24.4978,1264800,0,0
2013-02-14,33.2833,33.5367,33.2833,33.4967,24.608,74700,0,0
2013-02-15,33.6667,33.6667,33.3967,33.4667,24.586,80700,0,0
2013-02-19,33.5733,33.7533,33.5167,33.7533,24.7966,80700,0,0
2013-02-20,33.7933,33.81,33.0567,33.0733,24.297,60900,0,0
2013-02-21,33,33,32.6133,32.8433,24.128,48600,0,0
2013-02-22,32.9867,33.08,32.9267,33.0467,24.2774,33600,0,0
2013-02-25,33.2367,33.28,32.36,32.38,23.7877,215400,0,0
2013-02-26,32.4967,32.6167,32.2667,32.61,23.9566,36600,0,0
2013-02-27,32.5467,33.0267,32.5367,32.9967,24.2407,16800,0,0
2013-02-28,32.9067,33.1667,32.87,32.9833,24.2309,104700,0,0
2013-03-01,32.8033,32.9467,32.4567,32.88,24.155,57600,0,0
2013-03-04,32.8633,32.9633,32.7133,32.9233,24.1868,1239900,0,0
2013-03-05,33.0733,33.4167,33.0733,33.3233,24.4807,27900,0,0
2013-03-06,33.46,33.4833,33.3467,33.4,24.537,27300,0,0
2013-03-07,33.4967,33.6133,33.46,33.57,24.6619,29100,0,0
2013-03-08,33.9033,33.9033,33.7067,33.8733,24.8847,57000,0,0
2013-03-11,33.79,33.9533,33.7567,33.9333,24.9288,50700,0,0
2013-03-12,33.9,34.0267,33.84,33.94,24.9337,34200,0,0
2013-03-13,34.0233,34.1933,33.9333,34.1933,25.1198,19500,0,0
2013-03-14,34.34,34.5033,34.3267,34.5033,25.3475,23700,0,0
2013-03-15,34.44,34.57,34.39,34.5,25.3451,27000,0,0
2013-03-18,34.1867,34.52,34.1867,34.3833,25.2594,77100,0,0
2013-03-19,34.6533,34.6533,34.1267,34.3567,25.2398,53100,0,0
2013-03-20,34.5033,34.67,34.5033,34.6533,25.4577,51300,0,0
2013-03-21,34.4367,34.6633,34.3133,34.39,25.2643,77100,0,0
2013-03-22,34.49,34.53,34.3667,34.4067,25.2765,56400,0,0
2013-03-25,34.4167,34.6033,34.1467,34.2533,25.2765,84000,0.153333,0
2013-03-26,34.38,34.4633,34.2833,34.4333,25.4094,40200,0,0
2013-03-27,34.2367,34.4933,34.15,34.4733,25.4389,23700,0,0
2013-03-28,34.4833,34.5267,34.39,34.5033,25.461,27900,0,0
2013-04-01,34.5067,34.52,34.0133,34.1133,25.1732,116400,0,0
2013-04-02,34.4167,34.4167,33.77,33.8467,24.9764,53100,0,0
2013-04-03,33.79,33.79,33.25,33.4033,24.6493,80700,0,0
2013-04-04,33.3433,33.5533,33.2667,33.5533,24.76,47700,0,0
2013-04-05,33.1233,33.4167,32.96,33.4,24.6468,83400,0,0
2013-04-08,33.5067,33.85,33.4133,33.8433,24.974,31200,0,0
2013-04-09,33.9133,34.03,33.76,33.9233,25.033,15900,0,0
2013-04-10,33.9033,34.27,33.9033,34.27,25.2888,24000,0,0
2013-04-11,34.32,34.5233,34.32,34.4667,25.434,35700,0,0
2013-04-12,34.4067,34.4067,34.09,34.2233,25.2544,32700,0,0
2013-04-15,34.0733,34.0733,32.9867,33.03,24.3738,159000,0,0
2013-04-16,33.24,33.43,33.12,33.43,24.669,26100,0,0
2013-04-17,33.2367,33.2467,32.66,32.84,24.2336,117300,0,0
2013-04-18,32.95,32.95,32.5767,32.7067,24.1352,49800,0,0
2013-04-19,32.7867,33.1067,32.62,33.0967,24.423,28800,0,0
2013-04-22,33.1567,33.2833,32.7533,33.1733,24.4796,36900,0,0
2013-04-23,33.37,33.6167,33.3,33.5467,24.7551,64800,0,0
2013-04-24,33.6733,33.9133,33.6733,33.8967,25.0133,21000,0,0
2013-04-25,33.9767,34.18,33.93,34.0167,25.1019,73800,0,0
2013-04-26,33.9533,33.9633,33.7533,33.8367,24.9691,13500,0,0
2013-04-29,34.0667,34.2367,34.01,34.2133,25.247,68700,0,0
2013-04-30,34.22,34.3667,34.0867,34.3667,25.3602,45000,0,0
2013-05-01,34.3267,34.3267,33.6533,33.6533,24.8338,40500,0,0
2013-05-02,33.8267,34.0667,33.7367,34.0133,25.0994,54300,0,0
2013-05-03,34.4133,34.6667,34.3567,34.5067,25.4635,30600,0,0
2013-05-06,34.47,34.7967,34.47,34.7733,25.6603,59100,0,0
2013-05-07,34.8467,35.11,34.75,35.11,25.9087,39900,0,0
2013-05-08,35.0533,35.2167,35.0233,35.15,25.9382,35400,0,0
2013-05-09,35.18,35.2467,34.9567,34.9567,25.7955,24600,0,0
2013-05-10,35.0833,35.15,35,35.1467,25.9357,6900,0,0
2013-05-13,35.11,35.1233,34.73,34.9867,25.8177,32700,0,0
2013-05-14,35.0667,35.3667,35.0667,35.3667,26.0981,49800,0,0
2013-05-15,35.27,35.61,35.27,35.4733,26.1768,28200,0,0
2013-05-16,35.4767,35.58,35.29,35.29,26.0415,27000,0,0
2013-05-17,35.5267,35.7033,35.5267,35.69,26.3367,16800,0,0
2013-05-20,35.6533,35.97,35.6533,35.81,26.4252,39300,0,0
2013-05-21,35.87,35.93,35.7833,35.83,26.44,24000,0,0
2013-05-22,35.9,36.11,35.18,35.2533,26.0145,35100,0,0
2013-05-23,34.9067,35.2467,34.7867,35.2167,25.9874,22800,0,0
2013-05-24,35.1,35.2067,34.8433,35.1667,25.9505,42300,0,0
2013-05-28,35.6367,35.8767,35.31,35.4967,26.194,24000,0,0
2013-05-29,35.27,35.37,34.8867,35.2133,25.9849,23400,0,0
2013-05-30,35.3433,35.57,35.3367,35.4767,26.1793,20100,0,0
2013-05-31,35.34,35.6567,35.21,35.21,25.9825,25500,0,0
2013-06-03,35.28,35.3367,34.8233,35.2433,26.0071,69600,0,0
2013-06-04,35.46,35.46,34.6667,34.9133,25.7636,23700,0,0
2013-06-05,34.7267,34.8067,34.3633,34.4067,25.3897,17100,0,0
2013-06-06,34.3767,34.62,34.3333,34.6033,25.5348,13800,0,0
2013-06-07,35.02,35.16,34.83,35.1367,25.9284,25200,0,0
2013-06-10,35.21,35.2933,35.0567,35.22,25.9899,71700,0,0
2013-06-11,34.89,35.06,34.57,34.7367,25.6332,64200,0,0
2013-06-12,35.08,35.08,34.5433,34.5533,25.4979,17700,0,0
2013-06-13,34.4633,35.1833,34.4633,35.1833,25.9628,17400,0,0
2013-06-14,35.15,35.2167,34.8233,34.8667,25.7291,18900,0,0
2013-06-17,35.0967,35.1467,34.8333,35.0033,25.83,22200,0,0
2013-06-18,35.05,35.3833,35.0067,35.3167,26.0612,33600,0,0
2013-06-19,35.34,35.34,34.8,34.8,25.6799,33000,0,0
2013-06-20,34.3067,34.3067,33.7933,33.91,25.0232,31500,0,0
2013-06-21,33.89,33.9867,33.5933,33.8667,24.9912,33300,0,0
2013-06-24,33.5133,33.6567,33.18,33.4267,24.6665,50400,0,0
2013-06-25,33.6833,34.28,33.5567,33.8867,25.006,50100,0,0
2013-06-26,33.9867,34.1133,33.73,33.88,25.1251,51300,0.167333,0
2013-06-27,34.1167,34.4633,34.0633,34.3733,25.4909,25500,0,0
2013-06-28,34.32,34.5367,34.3,34.33,25.4588,36000,0,0
2013-07-01,34.4967,34.9367,34.4933,34.7467,25.7678,123000,0,0
2013-07-02,34.8267,35.0467,34.6433,34.7133,25.7431,109200,0,0
2013-07-03,34.59,34.8667,34.59,34.83,25.8296,14400,0,0
2013-07-05,35.1033,35.1033,34.7267,35.0833,26.0175,58200,0,0
2013-07-08,35.39,35.48,35.3233,35.35,26.2152,40500,0,0
2013-07-09,35.4433,35.8067,35.4167,35.6833,26.4624,34200,0,0
2013-07-10,35.74,35.8067,35.6067,35.6967,26.4723,17100,0,0
2013-07-11,36.1467,36.1467,35.9067,36.04,26.7269,28200,0,0
2013-07-12,36.01,36.1933,35.9867,36.14,26.8011,21300,0,0
2013-07-15,36.2167,36.4167,36.2167,36.3667,26.9692,23100,0,0
2013-07-16,36.4467,36.4467,36.1333,36.18,26.8308,16200,0,0
2013-07-17,36.3333,36.4233,36.3,36.3633,26.9667,31800,0,0
2013-07-18,36.46,36.8367,36.46,36.7867,27.2806,22500,0,0
2013-07-19,36.7867,36.8267,36.7367,36.8,27.2905,30000,0,0
2013-07-22,36.9267,37.0167,36.8733,36.9533,27.4042,25800,0,0
2013-07-23,37.14,37.1733,37,37.06,27.4834,37200,0,0
2013-07-24,37.0133,37.0133,36.7767,36.8067,27.2955,21000,0,0
2013-07-25,36.8233,36.9767,36.77,36.9767,27.4216,36600,0,0
2013-07-26,36.79,36.8233,36.6467,36.8133,27.3004,13200,0,0
2013-07-29,36.8167,36.8167,36.5133,36.6367,27.1694,18600,0,0
2013-07-30,36.6767,36.7967,36.59,36.7133,27.2263,60300,0,0
2013-07-31,36.8,37.0633,36.7633,36.7833,27.2782,36900,0,0
2013-08-01,37.1433,37.4533,37.1433,37.3867,27.7256,70500,0,0
2013-08-02,37.2767,37.3333,37.15,37.2833,27.649,15000,0,0
2013-08-05,37.1667,37.35,37.1667,37.2867,27.6515,12900,0,0
2013-08-06,37.2167,37.2167,36.8667,36.8933,27.3598,18300,0,0
2013-08-07,36.76,36.76,36.57,36.71,27.2238,31500,0,0
2013-08-08,36.87,36.9133,36.7533,36.8433,27.3227,14100,0,0
2013-08-09,36.8367,36.9467,36.7067,36.81,27.298,27600,0,0
2013-08-12,36.5967,36.9833,36.5967,36.93,27.387,24000,0,0
2013-08-13,36.9667,36.9733,36.6967,36.8567,27.3326,33000,0,0
2013-08-14,36.8967,36.8967,36.81,36.83,27.3128,16500,0,0
2013-08-15,36.56,36.56,36.1433,36.28,26.9049,75000,0,0
2013-08-16,36.1233,36.2967,36.06,36.0833,26.7591,79500,0,0
2013-08-19,36.0833,36.0833,35.6833,35.6833,26.4624,106500,0,0
2013-08-20,35.6967,36.1667,35.6967,36.14,26.8011,24300,0,0
2013-08-21,35.9267,36.07,35.65,35.8733,26.6033,25200,0,0
2013-08-22,36.01,36.41,36.01,36.1567,26.8135,20100,0,0
2013-08-23,36.1733,36.2267,36.0333,36.2267,26.8654,29100,0,0
2013-08-26,36.3433,36.38,36.13,36.1433,26.8036,200400,0,0
2013-08-27,35.7933,35.7933,35.3467,35.3833,26.24,42000,0,0
2013-08-28,35.3767,35.54,35.3533,35.39,26.2449,92100,0,0
2013-08-29,35.5833,35.75,35.5533,35.6067,26.4056,18600,0,0
2013-08-30,35.5767,35.7,35.0933,35.0933,26.0249,23400,0,0
2013-09-03,35.65,35.7233,34.9233,35.08,26.015,37800,0,0
2013-09-04,35.2133,35.35,35.2,35.29,26.1707,42300,0,0
2013-09-05,35.39,35.4767,35.34,35.34,26.2078,31500,0,0
2013-09-06,35.4333,35.6,35.1733,35.36,26.2227,16800,0,0
2013-09-09,35.5167,35.8567,35.5167,35.8433,26.5811,30000,0,0
2013-09-10,35.9533,36.12,35.9533,36.09,26.764,51600,0,0
2013-09-11,36.1867,36.2733,36.0267,36.1467,26.806,21600,0,0
2013-09-12,36.1833,36.2167,35.9367,35.9367,26.6503,101700,0,0
2013-09-13,35.9367,36.0867,35.9233,36.07,26.7492,41400,0,0
2013-09-16,36.51,36.5533,36.1967,36.24,26.8753,27600,0,0
2013-09-17,36.28,36.5467,36.28,36.5467,27.1027,68400,0,0
2013-09-18,36.56,37.04,36.37,36.8733,27.3449,15900,0,0
2013-09-19,37.0067,37.0067,36.71,36.81,27.298,11700,0,0
2013-09-20,36.8967,36.8967,36.59,36.59,27.1348,70500,0,0
2013-09-23,36.55,36.6433,36.4167,36.5733,27.1224,27300,0,0
2013-09-24,36.46,36.7833,36.3867,36.51,27.2017,12900,0.169667,0
2013-09-25,36.6133,36.8267,36.5233,36.5833,27.2563,248100,0,0
2013-09-26,36.6767,36.8033,36.49,36.5733,27.2489,24300,0,0
2013-09-27,36.4433,36.6267,36.44,36.49,27.1868,27900,0,0
2013-09-30,36.1167,36.5533,36.1167,36.44,27.1495,18300,0,0
2013-10-01,36.5267,36.9033,36.5267,36.8567,27.46,27900,0,0
2013-10-02,36.6767,36.8233,36.6433,36.7567,27.3855,24000,0,0
2013-10-03,36.7433,36.7433,36.31,36.47,27.1719,18600,0,0
2013-10-04,36.4567,36.79,36.4567,36.7067,27.3482,19800,0,0
2013-10-07,36.3533,36.5,36.34,36.35,27.0825,20700,0,0
2013-10-08,36.4,36.4,35.9133,35.92,26.7621,35400,0,0
2013-10-09,36.03,36.0367,35.7533,35.79,26.6652,54900,0,0
2013-10-10,36.3167,36.66,36.3167,36.6067,27.2737,34500,0,0
2013-10-11,36.55,37.0667,36.55,37.0167,27.5792,45600,0,0
2013-10-14,36.8967,37.26,36.8967,37.2333,27.7406,36000,0,0
2013-10-15,37.1067,37.19,36.8167,36.88,27.4773,18000,0,0
2013-10-16,37.2733,37.3333,37.2367,37.2967,27.7878,11100,0,0
2013-10-17,37.21,37.6667,37.21,37.6667,28.0634,11700,0,0
2013-10-18,37.9133,37.9567,37.7067,37.9233,28.2547,27600,0,0
2013-10-21,38.0467,38.0467,37.8667,37.9467,28.2721,40800,0,0
2013-10-22,38.0767,38.26,38.0767,38.18,28.4459,27600,0,0
2013-10-23,38.1133,38.21,38.0633,38.1367,28.4136,14100,0,0
2013-10-24,38.2633,38.2633,38.1133,38.2233,28.4782,30300,0,0
2013-10-25,38.23,38.3333,38.18,38.3333,28.5601,8100,0,0
2013-10-28,38.35,38.3633,38.26,38.3,28.5353,6600,0,0
2013-10-29,38.4067,38.4067,38.1933,38.33,28.5577,12000,0,0
2013-10-30,38.5033,38.5033,38.04,38.04,28.3416,26400,0,0
2013-10-31,38.1333,38.1967,37.8733,37.9333,28.2621,22800,0,0
2013-11-01,37.9133,38,37.6833,37.94,28.2671,29100,0,0
2013-11-04,38.12,38.2967,38.0067,38.2733,28.5154,9000,0,0
2013-11-05,38.0833,38.1867,37.9533,38.1067,28.3913,18600,0,0
2013-11-06,38.35,38.35,37.99,38.0567,28.354,27300,0,0
2013-11-07,38.1167,38.1167,37.44,37.4467,27.8995,15000,0,0
2013-11-08,37.3967,38.0667,37.3967,38.03,28.3341,44400,0,0
2013-11-11,37.9067,38.0733,37.8667,38.07,28.364,24900,0,0
2013-11-12,38.0133,38.0733,37.8033,37.91,28.2447,24600,0,0
2013-11-13,37.8167,38.2567,37.8167,38.25,28.4981,13800,0,0
2013-11-14,38.27,38.5,38.25,38.4867,28.6744,24300,0,0
2013-11-15,38.42,38.5867,38.42,38.56,28.729,10200,0,0
2013-11-18,38.6667,38.7267,38.3633,38.3933,28.6049,14100,0,0
2013-11-19,38.51,38.5767,38.1633,38.1633,28.4335,6900,0,0
2013-11-20,38.2533,38.4,38.1133,38.1367,28.4136,6000,0,0
2013-11-21,38.3833,38.76,38.3833,38.6967,28.8308,11700,0,0
2013-11-22,38.6967,38.89,38.65,38.89,28.9749,5400,0,0
2013-11-25,38.9767,39.0267,38.9,38.92,28.9972,47700,0,0
2013-11-26,38.9867,39.1167,38.9067,39.0467,29.0916,18300,0,0
2013-11-27,39.1033,39.18,39.1,39.17,29.1835,7800,0,0
2013-11-29,39.2867,39.3667,39.2,39.25,29.2431,10200,0,0
2013-12-02,39.19,39.2933,38.9767,38.9867,29.0469,22500,0,0
2013-12-03,38.94,39.0033,38.6367,38.7633,28.8805,14100,0,0
2013-12-04,38.6033,38.9333,38.3667,38.7033,28.8358,18900,0,0
2013-12-05,38.55,38.6633,38.55,38.5867,28.7489,6900,0,0
2013-12-06,38.93,39.1633,38.93,39.1167,29.1438,56700,0,0
2013-12-09,39.12,39.2167,39.0333,39.1333,29.1562,92100,0,0
2013-12-10,39.0467,39.1567,38.89,38.9367,29.0096,12600,0,0
2013-12-11,38.9367,38.9367,38.3533,38.3533,28.575,74700,0,0
2013-12-12,38.4867,38.6133,38.42,38.4867,28.6744,15300,0,0
2013-12-13,38.4533,38.6333,38.4333,38.62,28.7737,12600,0,0
2013-12-16,38.6933,39.0567,38.6933,39.0067,29.0618,16800,0,0
2013-12-17,38.95,38.99,38.74,38.9167,28.9948,30300,0,0
2013-12-18,39.0367,39.4333,38.7767,39.4333,29.3797,27000,0,0
2013-12-19,39.4,39.4,39.1033,39.11,29.1388,26400,0,0
2013-12-20,39.2033,39.6133,39.2033,39.56,29.4741,23700,0,0
2013-12-23,39.5133,39.7533,39.5067,39.7267,29.7754,29700,0.235333,0
2013-12-24,39.79,39.9767,39.79,39.9433,29.9378,9000,0,0
2013-12-26,40.07,40.1067,39.8867,39.9067,29.9103,11100,0,0
2013-12-27,39.95,39.9767,39.87,39.9767,29.9627,13800,0,0
2013-12-30,40.01,40.0533,39.9267,40.0467,30.0152,27600,0,0
2013-12-31,40.1667,40.1667,40.0867,40.0867,30.0452,10800,0,0
2014-01-02,39.9167,39.9167,39.56,39.6667,29.7304,47700,0,0
2014-01-03,39.7567,39.85,39.6567,39.7767,29.8128,79200,0,0
2014-01-06,39.7767,39.7767,39.5733,39.6167,29.6929,25500,0,0
2014-01-07,39.81,40.0133,39.7367,39.9167,29.9178,18300,0,0
2014-01-08,39.8667,39.97,39.7667,39.8933,29.9003,30000,0,0
2014-01-09,40,40.0267,39.7667,39.9567,29.9478,24900,0,0
2014-01-10,40.01,40.14,39.9767,40.0667,30.0302,48000,0,0
2014-01-13,40.0267,40.0267,39.5633,39.64,29.7104,22500,0,0
2014-01-14,39.78,40.0367,39.78,40.0367,30.0077,23700,0,0
2014-01-15,40.0933,40.3467,40.0933,40.31,30.2126,29100,0,0
2014-01-16,40.2067,40.2233,40.12,40.2233,30.1476,17100,0,0
2014-01-17,40.23,40.25,40.1767,40.19,30.1227,74100,0,0
2014-01-21,40.4067,40.47,40.23,40.36,30.2501,23700,0,0
2014-01-22,40.4067,40.5633,40.3867,40.5233,30.3725,17100,0,0
2014-01-23,40.4133,40.4133,40.0667,40.1833,30.1177,26700,0,0
2014-01-24,40.0367,40.0367,39.24,39.2667,29.4306,35400,0,0
2014-01-27,39.3833,39.3833,38.6733,38.9967,29.2283,28800,0,0
2014-01-28,38.9033,39.0633,37.8333,39.0567,29.2732,35700,0,0
2014-01-29,38.7567,38.99,38.56,38.6067,28.9359,36600,0,0
2014-01-30,38.8833,39.2033,38.84,39.1633,29.3531,46500,0,0
2014-01-31,38.68,39.2333,38.6467,38.91,29.1633,16500,0,0
2014-02-03,38.8133,38.9567,37.6733,37.7067,28.2614,65700,0,0
2014-02-04,37.8567,38.1633,37.5833,38.0833,28.5437,282000,0,0
2014-02-05,37.9433,38.0067,37.6667,37.8933,28.4013,29400,0,0
2014-02-06,38.01,38.38,38.01,38.3267,28.7261,21300,0,0
2014-02-07,38.5833,38.6033,38.4067,38.58,28.9159,42600,0,0
2014-02-10,38.49,38.7,38.4067,38.7,29.0059,18300,0,0
2014-02-11,38.8267,39.2233,38.8267,39.1567,29.3481,23100,0,0
2014-02-12,39.2667,39.31,39.1,39.2333,29.4056,46800,0,0
2014-02-13,38.94,39.6433,38.94,39.6167,29.6929,30300,0,0
2014-02-14,39.5367,39.87,39.5367,39.8567,29.8728,17400,0,0
2014-02-18,39.9433,40.1467,39.8567,40.12,30.0702,25800,0,0
2014-02-19,40.0133,40.18,39.6733,39.6733,29.7354,24300,0,0
2014-02-20,39.6733,39.95,39.4,39.95,29.9428,21000,0,0
2014-02-21,40.01,40.1267,39.96,40.02,29.9952,14400,0,0
2014-02-24,40.1667,40.54,40.1667,40.3367,30.2326,32100,0,0
2014-02-25,40.2067,40.3833,40.1567,40.1667,30.1052,24600,0,0
2014-02-26,40.23,40.5967,40.23,40.4033,30.2825,11400,0,0
2014-02-27,40.57,40.6867,40.57,40.6867,30.4949,9300,0,0
2014-02-28,40.8867,41.0367,40.7067,40.82,30.5948,30300,0,0
2014-03-03,40.86,40.86,40.26,40.6033,30.4324,106800,0,0
2014-03-04,40.9467,41.4067,40.9467,41.2833,30.9421,34500,0,0
2014-03-05,41.2433,41.2633,41.0833,41.13,30.8272,19500,0,0
2014-03-06,41.2567,41.33,41.2067,41.29,30.9471,31800,0,0
2014-03-07,41.3933,41.43,41.2067,41.2633,30.9271,20100,0,0
2014-03-10,41.27,41.31,41.0333,41.2167,30.8921,20700,0,0
2014-03-11,41.2733,41.2733,40.8267,40.9133,30.6648,14700,0,0
2014-03-12,40.6133,40.9567,40.6133,40.9467,30.6898,25200,0,0
2014-03-13,41.0933,41.1133,40.5367,40.6767,30.4874,16200,0,0
2014-03-14,40.8933,40.96,40.7133,40.7733,30.5598,27300,0,0
2014-03-17,41.0833,41.2,41.0333,41.06,30.7747,24600,0,0
2014-03-18,41.1133,41.5167,41.1,41.4467,31.0645,18900,0,0
2014-03-19,41.4433,41.46,41.0733,41.2633,30.9271,33600,0,0
2014-03-20,41.0933,41.4567,41.0933,41.39,31.0221,76800,0,0
2014-03-21,41.6167,41.84,41.4233,41.4433,31.062,31500,0,0
2014-03-24,41.3733,41.5567,40.9933,41.1933,30.8746,53100,0,0
2014-03-25,41.0567,41.2433,40.8467,41.0167,30.8794,22200,0.183,0
2014-03-26,40.9467,40.95,40.49,40.49,30.4829,14400,0,0
2014-03-27,40.4167,40.4933,40.25,40.2933,30.3348,15000,0,0
2014-03-28,40.4067,40.81,40.4067,40.4567,30.4578,14400,0,0
2014-03-31,40.7667,41.1967,40.6467,41.1567,30.9848,76500,0,0
2014-04-01,41.1833,41.4933,41.1667,41.48,31.2282,30900,0,0
2014-04-02,41.7,41.72,41.43,41.7,31.3939,42300,0,0
2014-04-03,41.7333,41.7733,41.5467,41.5467,31.2784,11700,0,0
2014-04-04,41.9,41.9467,40.9867,41.0733,30.9221,48600,0,0
2014-04-07,40.89,40.89,40.3833,40.4833,30.4779,32700,0,0
2014-04-08,40.4733,40.7833,40.4733,40.71,30.6485,35400,0,0
2014-04-09,40.8167,41.04,40.7233,41.0367,30.8945,32700,0,0
2014-04-10,40.9167,40.9333,40.1667,40.3033,30.3424,35100,0,0
2014-04-11,39.95,40.0633,39.7167,39.7933,29.9584,34200,0,0
2014-04-14,40.07,40.15,39.6,39.8767,30.0212,170700,0,0
2014-04-15,39.9333,40.2,39.56,40.1367,30.2169,88200,0,0
2014-04-16,40.29,40.4667,40.2633,40.42,30.4302,28800,0,0
2014-04-17,40.4,40.6567,40.36,40.6133,30.5758,121200,0,0
2014-04-21,40.55,40.7467,40.55,40.6667,30.6159,22500,0,0
2014-04-22,40.85,41.1467,40.85,41.07,30.9196,35100,0,0
2014-04-23,41.0667,41.21,40.99,41.0867,30.9321,66300,0,0
2014-04-24,41.2,41.2,40.7633,40.98,30.8518,25500,0,0
2014-04-25,40.8167,40.8167,40.5267,40.6,30.5657,30600,0,0
2014-04-28,40.6833,40.6833,40.1467,40.44,30.4453,33900,0,0
2014-04-29,40.6533,40.7133,40.4367,40.4433,30.4478,61200,0,0
2014-04-30,40.33,40.7133,40.2667,40.6733,30.6209,40200,0,0
2014-05-01,40.5633,40.8133,40.4633,40.6467,30.6009,29100,0,0
2014-05-02,40.8,41.1167,40.69,40.7433,30.6736,29700,0,0
2014-05-05,40.5,40.7467,40.3633,40.6567,30.6084,20400,0,0
2014-05-06,40.5733,40.6133,40.2567,40.2667,30.3148,20100,0,0
2014-05-07,40.27,40.51,40.1767,40.51,30.498,29100,0,0
2014-05-08,40.6367,40.8167,40.31,40.3267,30.3599,26400,0,0
2014-05-09,40.2867,40.4567,40.22,40.4567,30.4578,18300,0,0
2014-05-12,40.95,41.1967,40.9467,41.13,30.9647,33900,0,0
2014-05-13,41.1,41.2233,40.9033,40.9233,30.8092,18900,0,0
2014-05-14,40.73,40.7467,40.3867,40.3867,30.4051,44100,0,0
2014-05-15,40.0533,40.1433,39.61,40.1433,30.2219,33300,0,0
2014-05-16,40.0567,40.2433,39.95,40.2433,30.2972,18900,0,0
2014-05-19,40.09,40.5833,40.09,40.4067,30.4202,16500,0,0
2014-05-20,40.3367,40.3367,39.9,40.0933,30.1843,26100,0,0
2014-05-21,40.34,40.34,40.0733,40.24,30.2947,14100,0,0
2014-05-22,40.4333,40.5233,40.4267,40.4267,30.4352,20700,0,0
2014-05-23,40.6467,40.77,40.6467,40.72,30.6561,37800,0,0
2014-05-27,41,41.1367,40.9967,41.1133,30.9522,26100,0,0
2014-05-28,41.03,41.11,40.91,41.03,30.8894,18000,0,0
2014-05-29,40.94,41.13,40.94,41.1233,30.9597,24300,0,0
2014-05-30,41.1467,41.18,41.06,41.18,31.0024,18900,0,0
2014-06-02,41.0033,41.22,40.8733,41.19,31.0099,50700,0,0
2014-06-03,41.03,41.2333,41.03,41.21,31.025,10500,0,0
2014-06-04,41.0933,41.3767,41.0933,41.3767,31.1504,62400,0,0
2014-06-05,41.5067,41.99,41.3567,41.9667,31.5946,29700,0,0
2014-06-06,42.1,42.3833,42.1,42.26,31.8154,23400,0,0
2014-06-09,42.2667,42.67,42.2667,42.5133,32.0062,110400,0,0
2014-06-10,42.4233,42.47,42.3267,42.47,31.9736,15000,0,0
2014-06-11,42.2933,42.2967,42.11,42.2533,31.8104,18000,0,0
2014-06-12,41.9833,42.0733,41.84,41.8933,31.5394,30300,0,0
2014-06-13,41.95,42.14,41.8333,42.01,31.6272,14100,0,0
2014-06-16,41.9533,42.12,41.9367,42.0567,31.6624,59100,0,0
2014-06-17,42.0133,42.5633,42.0033,42.4233,31.9384,52800,0,0
2014-06-18,42.4267,42.63,42.3067,42.6267,32.0915,24300,0,0
2014-06-19,42.74,42.74,42.5333,42.61,32.079,16800,0,0
2014-06-20,42.6667,42.7833,42.6433,42.7433,32.1793,24600,0,0
2014-06-23,42.9233,42.9233,42.5833,42.6033,32.0739,17100,0,0
2014-06-24,42.5533,42.7433,42.1433,42.1433,31.8535,22200,0.168333,0
2014-06-25,41.8967,42.3333,41.8967,42.3333,31.9971,25200,0,0
2014-06-26,42.3333,42.41,42.08,42.27,31.9492,30900,0,0
2014-06-27,42.1433,42.4833,42.1433,42.4833,32.1105,32100,0,0
2014-06-30,42.4167,42.6467,42.3367,42.5633,32.1709,120600,0,0
2014-07-01,42.7733,43.29,42.7733,43.06,32.5463,73500,0,0
2014-07-02,43,43.0067,42.6867,42.6967,32.2717,19800,0,0
2014-07-03,42.9467,43.01,42.8633,42.9367,32.4531,20100,0,0
2014-07-07,42.85,42.85,42.5033,42.55,32.1609,17700,0,0
2014-07-08,42.4367,42.4367,42.1933,42.2733,31.9517,20700,0,0
2014-07-09,42.2733,42.4333,42.2233,42.2233,31.9139,17700,0,0
2014-07-10,41.65,42.1767,41.5667,41.99,31.7376,26700,0,0
2014-07-11,41.7833,41.9433,41.7833,41.8867,31.6595,9000,0,0
2014-07-14,42.23,42.23,42.0067,42.0667,31.7955,19800,0,0
2014-07-15,42.0067,42.0867,41.7033,41.91,31.6771,26100,0,0
2014-07-16,42.14,42.14,41.7,41.8533,31.6343,28200,0,0
2014-07-17,41.6233,41.72,41.2567,41.32,31.2312,38100,0,0
2014-07-18,41.3467,41.79,41.3367,41.73,31.5411,22200,0,0
2014-07-21,41.5733,41.62,41.3567,41.5967,31.4403,35700,0,0
2014-07-22,41.7967,41.9033,41.6967,41.7833,31.5814,26100,0,0
2014-07-23,42.0167,42.0533,41.85,42.0133,31.7552,27900,0,0
2014-07-24,42.1233,42.2067,41.9667,42.0167,31.7577,22200,0,0
2014-07-25,41.75,41.8267,41.6233,41.64,31.473,56400,0,0
2014-07-28,41.7067,41.7067,41.39,41.5433,31.4,26700,0,0
2014-07-29,41.7267,41.7267,41.47,41.47,31.3445,14100,0,0
2014-07-30,41.81,41.81,41.3267,41.3533,31.2564,24600,0,0
2014-07-31,41.1033,41.1033,40.6567,40.71,30.7701,121500,0,0
2014-08-01,40.7467,40.7467,40.31,40.5533,30.6517,22800,0,0
2014-08-04,40.5533,40.69,40.1967,40.6367,30.7147,107400,0,0
2014-08-05,40.7633,40.8233,40.3833,40.51,30.619,25500,0,0
2014-08-06,40.4233,40.8333,40.4233,40.68,30.7475,20400,0,0
2014-08-07,40.81,40.81,40.4733,40.4733,30.5912,10500,0,0
2014-08-08,40.5767,40.92,40.5667,40.92,30.9288,16500,0,0
2014-08-11,41.0467,41.3867,41.0467,41.1633,31.1128,15900,0,0
2014-08-12,41.1367,41.1833,40.8,40.9567,30.9566,18900,0,0
2014-08-13,41.13,41.24,40.6533,41.2233,31.1581,14700,0,0
2014-08-14,41.3133,41.4267,41.3133,41.3833,31.2791,19800,0,0
2014-08-15,41.7133,41.7133,41.1133,41.3333,31.2413,20100,0,0
2014-08-18,41.7767,41.85,41.6167,41.8333,31.6192,18600,0,0
2014-08-19,41.8833,42.1067,41.8833,42.08,31.8056,19500,0,0
2014-08-20,41.95,42.0667,41.8933,42.0667,31.7955,18600,0,0
2014-08-21,42.0067,42.25,41.8933,42.2167,31.9089,24000,0,0
2014-08-22,42.1633,42.26,42.0867,42.26,31.9417,19500,0,0
2014-08-25,42.4167,42.4167,42.2333,42.27,31.9492,14100,0,0
2014-08-26,42.2767,42.5433,42.2733,42.4767,32.1054,26100,0,0
2014-08-27,42.4833,42.5233,42.4033,42.5,32.1231,15900,0,0
2014-08-28,42.3267,42.42,42.2133,42.3533,32.0122,19800,0,0
2014-08-29,42.4367,42.55,42.3267,42.5333,32.1483,14400,0,0
2014-09-02,42.6767,42.7833,42.5733,42.6733,32.2541,20700,0,0
2014-09-03,42.8733,42.8733,42.4733,42.53,32.1457,24600,0,0
2014-09-04,42.7467,42.77,42.34,42.4067,32.0525,21600,0,0
2014-09-05,42.43,42.5733,42.35,42.5733,32.1785,11700,0,0
2014-09-08,42.6,42.6367,42.2733,42.52,32.1382,15300,0,0
2014-09-09,42.4667,42.4667,42.0833,42.0833,31.8081,18000,0,0
2014-09-10,41.8633,42.2333,41.8633,42.1533,31.861,15600,0,0
2014-09-11,41.92,42.4033,41.92,42.4,32.0475,18900,0,0
2014-09-12,42.21,42.2167,41.8967,42,31.7451,24600,0,0
2014-09-15,42.08,42.08,41.71,41.8,31.594,27000,0,0
2014-09-16,41.6667,42.0333,41.6667,41.9267,31.6897,17100,0,0
2014-09-17,41.9,42.0767,41.75,42.05,31.783,17400,0,0
2014-09-18,42.0467,42.1633,42.03,42.0733,31.8006,22200,0,0
2014-09-19,42.25,42.25,41.66,41.71,31.526,18000,0,0
2014-09-22,41.58,41.58,41.08,41.0933,31.0599,40200,0,0
2014-09-23,41.0067,41.0667,40.65,40.65,30.7248,29700,0,0
2014-09-24,40.4267,40.65,40.3333,40.5733,30.8245,45900,0.208,0
2014-09-25,40.46,40.46,39.9433,40.05,30.4269,30000,0,0
2014-09-26,40.2233,40.32,40.0333,40.2567,30.584,32100,0,0
2014-09-29,39.9833,40.2567,39.82,40.1167,30.4776,24600,0,0
2014-09-30,40.1133,40.1133,39.7533,39.8167,30.2497,17400,0,0
2014-10-01,39.6533,39.8133,39.2233,39.3233,29.8749,50400,0,0
2014-10-02,39.3633,39.6633,38.99,39.5367,30.037,45300,0,0
2014-10-03,39.85,40.05,39.7033,39.91,30.3206,30000,0,0
2014-10-06,39.9733,39.9733,39.6233,39.7,30.1611,69000,0,0
2014-10-07,39.4767,39.5767,39.2733,39.2733,29.8369,28500,0,0
2014-10-08,39.02,39.73,38.83,39.73,30.1838,49800,0,0
2014-10-09,39.55,39.5767,38.8167,38.8167,29.49,37500,0,0
2014-10-10,38.6867,39.0367,38.5,38.5,29.2494,30300,0,0
2014-10-13,38.41,38.8033,38.19,38.2433,29.0544,109500,0,0
2014-10-14,38.6533,38.95,38.5267,38.65,29.3633,120300,0,0
2014-10-15,38.1567,38.69,37.5967,38.66,29.3709,104100,0,0
2014-10-16,38.1533,39.1533,38.0567,39.0433,29.6622,117900,0,0
2014-10-17,39.5433,39.5433,38.94,39.1233,29.7229,63300,0,0
2014-10-20,38.94,39.4867,38.94,39.4867,29.999,58800,0,0
2014-10-21,39.74,40.2567,39.6367,40.2467,30.5764,93300,0,0
2014-10-22,40.25,40.56,39.91,39.91,30.3206,73200,0,0
2014-10-23,40.23,40.68,40.21,40.45,30.7309,21600,0,0
2014-10-24,40.3767,40.44,40.2,40.43,30.7157,30600,0,0
2014-10-27,40.2,40.38,40.07,40.3533,30.6574,12300,0,0
2014-10-28,40.53,41.3233,40.53,41.3133,31.3867,31800,0,0
2014-10-29,41.3367,41.56,40.97,41.25,31.3386,41400,0,0
2014-10-30,41.21,41.5667,41.1333,41.4633,31.5007,16500,0,0
2014-10-31,42.0367,42.12,41.7867,42.1,31.9844,297000,0,0
2014-11-03,42.0367,42.2933,41.9833,41.9833,31.8958,44400,0,0
2014-11-04,42.1267,42.1267,41.7733,41.94,31.8628,42000,0,0
2014-11-05,42.3333,42.3333,42.1,42.3033,32.1389,19500,0,0
2014-11-06,42.3467,42.3967,42.1833,42.2967,32.1338,31200,0,0
2014-11-07,42.2833,42.47,42.2833,42.4533,32.2528,18300,0,0
2014-11-10,42.39,42.55,42.39,42.54,32.3187,18900,0,0
2014-11-11,42.5033,42.5267,42.43,42.5067,32.2933,22200,0,0
2014-11-12,42.4667,42.8167,42.4667,42.7967,32.5137,24300,0,0
2014-11-13,42.9033,42.9033,42.45,42.4667,32.263,15900,0,0
2014-11-14,42.5733,42.59,42.36,42.36,32.1819,24000,0,0
2014-11-17,42.39,42.39,42.2333,42.2367,32.0882,23400,0,0
2014-11-18,42.37,42.57,42.37,42.4233,32.23,17700,0,0
2014-11-19,42.4,42.4,41.9767,42.2233,32.0781,21300,0,0
2014-11-20,42.1333,42.5533,42.0933,42.55,32.3263,117600,0,0
2014-11-21,43.1533,43.1533,42.5033,42.7,32.4402,136200,0,0
2014-11-24,42.7333,42.9567,42.7333,42.9533,32.6327,27900,0,0
2014-11-25,43.0467,43.06,42.8533,43.0067,32.6732,13200,0,0
2014-11-26,43.0867,43.0867,42.98,43.0667,32.7188,15600,0,0
2014-11-28,43.08,43.08,42.9733,42.9733,32.6479,14400,0,0
2014-12-01,43.5333,43.5333,42.19,42.19,32.0528,44700,0,0
2014-12-02,42.2233,42.65,42.2233,42.5433,32.3212,27300,0,0
2014-12-03,42.6033,43.04,42.6033,42.9933,32.6631,31200,0,0
2014-12-04,42.8567,42.92,42.7067,42.8133,32.5263,24600,0,0
2014-12-05,42.9467,43.1067,42.88,42.88,32.577,30000,0,0
2014-12-08,42.9,43.1867,42.5333,42.61,32.3719,31800,0,0
2014-12-09,42.2667,42.9733,42.1667,42.9467,32.6276,47100,0,0
2014-12-10,42.9667,42.98,42.13,42.13,32.0072,26400,0,0
2014-12-11,42.1967,42.7467,42.1967,42.3433,32.1693,33900,0,0
2014-12-12,41.95,42.1167,41.71,41.74,31.7109,226500,0,0
2014-12-15,41.9733,41.9733,41.33,41.3533,31.4171,44400,0,0
2014-12-16,41.3267,41.9133,41.3267,41.34,31.407,40200,0,0
2014-12-17,41.47,42.2433,41.34,42.24,32.0908,40800,0,0
2014-12-18,42.9567,42.9567,42.5567,42.83,32.539,46800,0,0
2014-12-19,42.9167,43.1767,42.81,42.96,32.6378,97500,0,0
2014-12-22,42.9733,43.2033,42.9733,43.2033,32.8226,176700,0,0
2014-12-23,43.41,43.57,43.3533,43.3933,32.967,55500,0,0
2014-12-24,43.1333,43.14,42.87,43.0833,33.0901,24600,0.470333,0
2014-12-26,43.09,43.34,43.09,43.3067,33.2616,18300,0,0
2014-12-29,43.3,43.71,43.3,43.62,33.5023,45000,0,0
2014-12-30,43.6133,43.6333,43.4167,43.4167,33.3461,44700,0,0
2014-12-31,43.5467,43.63,42.9733,42.99,33.0184,105300,0,0
2015-01-02,43.1267,43.2633,42.4567,42.7933,32.8674,444000,0,0
2015-01-05,42.5,42.5433,41.9133,42.0967,32.3323,171000,0,0
2015-01-06,42.11,42.13,41.2233,41.48,31.8587,159600,0,0
2015-01-07,41.5633,41.85,41.4133,41.8,32.1044,101400,0,0
2015-01-08,42.0133,42.4133,42.01,42.3867,32.555,106200,0,0
2015-01-09,42.3833,42.3833,41.88,41.8833,32.1685,55500,0,0
2015-01-12,41.8033,41.8967,41.3333,41.6667,32.002,61500,0,0
2015-01-13,41.9033,42.3667,41.34,41.6867,32.0174,71700,0,0
2015-01-14,41.2033,41.4867,40.9533,41.4867,31.8638,36000,0,0
2015-01-15,41.5767,41.5767,41.01,41.02,31.5054,39900,0,0
2015-01-16,40.9033,41.5567,40.9033,41.5567,31.9176,59100,0,0
2015-01-20,41.6533,41.6533,41.05,41.34,31.7511,38700,0,0
2015-01-21,41.16,41.58,41.16,41.4467,31.8331,27000,0,0
2015-01-22,41.7,42.3367,41.3767,42.3333,32.5141,27600,0,0
2015-01-23,42.3667,42.3667,42.0233,42.1,32.3349,42000,0,0
2015-01-26,42.0733,42.53,42.0733,42.53,32.6651,22800,0,0
2015-01-27,42.19,42.4,42.0367,42.2633,32.4603,42300,0,0
2015-01-28,42.3933,42.3933,41.48,41.5633,31.9227,87300,0,0
2015-01-29,41.6433,42.0267,41.2933,41.9767,32.2401,24000,0,0
2015-01-30,41.6967,41.8233,41.3333,41.36,31.7665,416400,0,0
2015-02-02,41.5633,41.8133,41,41.81,32.1121,27900,0,0
2015-02-03,41.98,42.6667,41.98,42.6433,32.7522,61200,0,0
2015-02-04,42.4333,42.7333,42.41,42.4533,32.6062,42300,0,0
2015-02-05,42.56,42.9733,42.56,42.9267,32.9698,30900,0,0
2015-02-06,43.03,43.2233,42.7833,42.8433,32.9058,32700,0,0
2015-02-09,42.82,43.0033,42.6,42.6433,32.7522,20700,0,0
2015-02-10,42.85,42.8833,42.4367,42.8567,32.916,24900,0,0
2015-02-11,42.8233,42.8233,42.4967,42.65,32.7573,30900,0,0
2015-02-12,42.7633,43.21,42.7633,43.17,33.1567,21900,0,0
2015-02-13,43.16,43.38,43.16,43.3633,33.3052,35100,0,0
2015-02-17,43.3633,43.4567,43.2167,43.38,33.318,30600,0,0
2015-02-18,43.28,43.3533,43.1967,43.3533,33.2975,36300,0,0
2015-02-19,43.35,43.45,43.31,43.3933,33.3282,47700,0,0
2015-02-20,43.3667,43.49,43.01,43.49,33.4025,30900,0,0
2015-02-23,43.5467,43.5633,43.2067,43.5633,33.4588,18000,0,0
2015-02-24,43.6167,43.74,43.5833,43.74,33.5945,15000,0,0
2015-02-25,43.6867,43.7533,43.54,43.64,33.5176,19500,0,0
2015-02-26,43.5667,43.67,43.44,43.5933,33.4818,20400,0,0
2015-02-27,43.5267,43.6933,43.4967,43.4967,33.4076,26700,0,0
2015-03-02,43.49,43.6767,43.4333,43.62,33.5023,16200,0,0
2015-03-03,43.5833,43.6167,43.3633,43.4967,33.4076,27900,0,0
2015-03-04,43.3233,43.33,43.18,43.3067,33.2616,36000,0,0
2015-03-05,43.2,43.3233,43.1233,43.31,33.2642,30300,0,0
2015-03-06,43.0567,43.3433,42.7233,42.8033,32.8751,30600,0,0
2015-03-09,42.83,42.9867,42.83,42.9833,33.0133,23400,0,0
2015-03-10,42.6,42.6033,42.3267,42.42,32.5806,23100,0,0
2015-03-11,42.3633,42.6433,42.3333,42.5467,32.6779,24300,0,0
2015-03-12,42.83,43.1767,42.83,43.1033,33.1055,20700,0,0
2015-03-13,43.23,43.23,42.6633,43.0833,33.0901,23400,0,0
2015-03-16,43.2233,43.3167,43.2167,43.27,33.2335,24600,0,0
2015-03-17,43.1167,43.4733,43.1167,43.4733,33.3897,18600,0,0
2015-03-18,43.26,43.96,43.26,43.7967,33.638,47100,0,0
2015-03-19,43.7333,43.74,43.5567,43.7,33.5637,17100,0,0
2015-03-20,43.9433,44.19,43.83,44.19,33.9401,218400,0,0
2015-03-23,44.21,44.3933,44.21,44.3167,34.0374,24300,0,0
2015-03-24,44.1833,44.24,44.0933,44.1233,33.8889,34500,0,0
2015-03-25,44.06,44.06,43.1533,43.18,33.3318,24600,0.221667,0
2015-03-26,42.9467,43.16,42.8933,42.9933,33.1877,264000,0,0
2015-03-27,43.0533,43.1667,42.95,43.14,33.3009,28500,0,0
2015-03-30,43.4067,43.9067,43.4067,43.8633,33.8593,36900,0,0
2015-03-31,43.7233,43.7933,43.6567,43.7367,33.7615,19200,0,0
2015-04-01,43.6567,43.7367,43.3733,43.7367,33.7615,31500,0,0
2015-04-02,43.6867,44.04,43.6867,43.8567,33.8541,21600,0,0
2015-04-06,43.5567,44.1433,43.5567,44.1367,34.0703,26400,0,0
2015-04-07,44.07,44.07,43.77,43.77,33.7872,24900,0,0
2015-04-08,43.8633,43.9133,43.8433,43.8733,33.867,31200,0,0
2015-04-09,43.7933,43.84,43.5,43.7667,33.7847,49800,0,0
2015-04-10,43.8167,43.99,43.8167,43.8933,33.8824,12900,0,0
2015-04-13,43.81,44.0967,43.81,43.9167,33.9005,21900,0,0
2015-04-14,43.94,43.94,43.75,43.89,33.8799,17700,0,0
2015-04-15,43.96,44.3433,43.96,44.1633,34.0909,72000,0,0
2015-04-16,44.1133,44.15,43.94,44.05,34.0034,39300,0,0
2015-04-17,43.76,43.76,43.3067,43.44,33.5325,68700,0,0
2015-04-20,43.64,43.8933,43.64,43.7767,33.7924,15900,0,0
2015-04-21,43.7767,43.86,43.6033,43.7067,33.7384,21600,0,0
2015-04-22,43.61,43.8367,43.5367,43.7667,33.7847,28500,0,0
2015-04-23,43.6933,44,43.6667,43.94,33.9185,22800,0,0
2015-04-24,43.93,43.9467,43.74,43.74,33.7641,20400,0,0
2015-04-27,43.86,43.8967,43.32,43.4267,33.5222,16500,0,0
2015-04-28,43.4933,43.7833,43.27,43.75,33.7718,16500,0,0
2015-04-29,43.6233,43.6233,43.3667,43.52,33.5943,13200,0,0
2015-04-30,43.3133,43.3133,42.7333,42.77,33.0153,29400,0,0
2015-05-01,42.9733,43.06,42.8,43.01,33.2006,17700,0,0
2015-05-04,43.0833,43.2533,43.0833,43.15,33.3087,16500,0,0
2015-05-05,43.0667,43.2167,42.5333,42.6467,32.9201,33600,0,0
2015-05-06,42.6333,42.6333,42.3567,42.62,32.8995,15900,0,0
2015-05-07,42.6167,42.72,42.4267,42.6333,32.9098,21300,0,0
2015-05-08,43.0433,43.0467,42.87,42.9833,33.18,38700,0,0
2015-05-11,42.9067,43.1133,42.8567,42.8867,33.1054,50400,0,0
2015-05-12,42.7333,42.91,42.4267,42.86,33.0848,16200,0,0
2015-05-13,43.04,43.04,42.7767,42.8767,33.0976,22500,0,0
2015-05-14,42.97,43.21,42.9633,43.1533,33.3112,80400,0,0
2015-05-15,43.3033,43.3033,43.0567,43.18,33.3318,19200,0,0
2015-05-18,43.1233,43.6,43.1233,43.6,33.656,17100,0,0
2015-05-19,43.6567,43.6567,43.4433,43.4967,33.5763,24300,0,0
2015-05-20,43.53,43.6133,43.4233,43.5167,33.5917,20700,0,0
2015-05-21,43.5133,43.6167,43.41,43.4633,33.5505,27600,0,0
2015-05-22,43.47,43.5,43.3033,43.3167,33.4373,18000,0,0
2015-05-26,43.21,43.21,42.74,42.84,33.0693,28200,0,0
2015-05-27,42.81,43.2833,42.81,43.25,33.3858,16800,0,0
2015-05-28,43.2033,43.24,43.0367,43.19,33.3395,29100,0,0
2015-05-29,43.2333,43.2333,42.8733,42.9733,33.1723,37200,0,0
2015-06-01,43.13,43.1367,42.75,42.95,33.1543,15300,0,0
2015-06-02,42.8833,43.2067,42.7467,43.0133,33.2031,34800,0,0
2015-06-03,42.9867,43.3533,42.9867,43.28,33.409,33300,0,0
2015-06-04,43.1367,43.1367,42.8733,42.8833,33.1028,12000,0,0
2015-06-05,42.6167,43,42.6167,42.9767,33.1749,36000,0,0
2015-06-08,42.95,42.9533,42.7033,42.76,33.0076,21000,0,0
2015-06-09,42.65,42.7667,42.6267,42.64,32.915,22200,0,0
2015-06-10,42.86,43.3133,42.86,43.24,33.3781,37200,0,0
2015-06-11,43.3567,43.3867,43.22,43.31,33.4322,18300,0,0
2015-06-12,43.14,43.21,43.14,43.19,33.3395,9300,0,0
2015-06-15,42.9033,43.0133,42.6767,42.9733,33.1723,13200,0,0
2015-06-16,43.0067,43.2567,42.9567,43.21,33.355,38100,0,0
2015-06-17,43.2967,43.3667,43.0767,43.1667,33.3215,34800,0,0
2015-06-18,43.2467,43.5667,43.2467,43.51,33.5866,10800,0,0
2015-06-19,43.5033,43.5867,43.4833,43.49,33.5711,9900,0,0
2015-06-22,43.6667,43.7267,43.6033,43.6267,33.6766,24000,0,0
2015-06-23,43.7733,43.8,43.6367,43.7733,33.7898,28500,0,0
2015-06-24,43.4667,43.5567,43.2133,43.2167,33.5268,107400,0.217667,0
2015-06-25,43.3733,43.3733,42.9833,43.02,33.3742,14700,0,0
2015-06-26,43.0333,43.0767,42.8933,43.0767,33.4182,66300,0,0
2015-06-29,42.6833,42.89,42.0133,42.0133,32.5933,34200,0,0
2015-06-30,42.3267,42.3733,41.88,41.9667,32.5571,18600,0,0
2015-07-01,42.2533,42.3367,42.0033,42.1333,32.6864,22500,0,0
2015-07-02,42.1767,42.1767,41.8633,42,32.583,13200,0,0
2015-07-06,41.6533,42.0467,41.6533,41.78,32.4123,11700,0,0
2015-07-07,41.9267,42.0733,41.35,42.02,32.5985,76200,0,0
2015-07-08,41.6633,41.8233,41.28,41.4333,32.1433,39600,0,0
2015-07-09,41.6933,41.6933,41.4667,41.5167,32.208,6900,0,0
2015-07-10,41.92,41.9367,41.8167,41.9067,32.5105,20400,0,0
2015-07-13,42.09,42.2733,42.09,42.2567,32.7821,15900,0,0
2015-07-14,42.2267,42.4133,42.1933,42.4133,32.9036,189000,0,0
2015-07-15,42.29,42.29,42.14,42.1633,32.7097,14400,0,0
2015-07-16,42.4567,42.4567,42.19,42.2467,32.7743,12600,0,0
2015-07-17,42.21,42.21,41.81,41.8567,32.4718,30000,0,0
2015-07-20,41.7633,41.77,41.6367,41.6967,32.3476,18300,0,0
2015-07-21,41.8133,41.8933,41.4,41.4533,32.1589,34200,0,0
2015-07-22,41.3233,41.4867,41.2633,41.4367,32.1459,50100,0,0
2015-07-23,41.4633,41.47,40.9567,41.02,31.8227,25200,0,0
2015-07-24,41.1333,41.1333,40.6433,40.6467,31.5331,25500,0,0
2015-07-27,40.5533,40.5533,40.2167,40.35,31.3029,20100,0,0
2015-07-28,40.5733,40.75,40.27,40.7333,31.6003,21900,0,0
2015-07-29,40.7167,41.1067,40.7167,41.1067,31.8899,22500,0,0
2015-07-30,41.0467,41.15,41.0467,41.15,31.9235,9600,0,0
2015-07-31,41.04,41.3333,41.04,41.2067,31.9675,13200,0,0
2015-08-03,40.9433,41.13,40.8267,41.04,31.8382,22800,0,0
2015-08-04,41.04,41.21,40.8667,40.8833,31.7167,15600,0,0
2015-08-05,41.2167,41.3333,40.8367,40.98,31.7917,12000,0,0
2015-08-06,40.8633,40.8667,40.5,40.7733,31.6313,20100,0,0
2015-08-07,40.6,40.7633,40.4033,40.53,31.4426,12900,0,0
2015-08-10,41,41.1333,41,41.1333,31.9106,7500,0,0
2015-08-11,40.9133,41.06,40.78,40.95,31.7684,21300,0,0
2015-08-12,40.6667,40.9067,40.3967,40.8833,31.7167,11100,0,0
2015-08-13,40.98,40.98,40.7133,40.7533,31.6158,19500,0,0
2015-08-14,40.77,41.0733,40.7633,41.0733,31.8641,29100,0,0
2015-08-17,41.0833,41.3533,41.0833,41.31,32.0477,12000,0,0
2015-08-18,41.2567,41.2567,41.0733,41.1567,31.9287,12900,0,0
2015-08-19,40.91,40.91,40.46,40.7633,31.6236,42000,0,0
2015-08-20,40.3467,40.4,39.9767,39.9767,31.0133,199800,0,0
2015-08-21,39.68,39.8033,39.3333,39.3333,30.5142,31500,0,0
2015-08-24,37.95,38.9033,27.6467,37.86,29.3712,103200,0,0
2015-08-25,38.2367,39.35,37.4133,37.43,29.0376,44100,0,0
2015-08-26,37.57,38.3267,37.5,38.2467,29.6712,92400,0,0
2015-08-27,38.37,39.2333,38.37,39.03,30.2789,64800,0,0
2015-08-28,39.0267,39.4167,38.96,39.1867,30.4004,20400,0,0
2015-08-31,39.1567,39.4767,38.99,39.38,30.5504,39600,0,0
2015-09-01,38.9867,38.9867,38.15,38.1733,29.6143,42300,0,0
2015-09-02,38.5533,38.5633,38.1067,38.4967,29.8651,32100,0,0
2015-09-03,38.6733,39.04,38.66,38.7033,30.0255,24900,0,0
2015-09-04,37.6667,38.3867,37.6667,38.3867,29.7798,24300,0,0
2015-09-08,38.7867,39.1333,38.6433,39.1033,30.3358,12600,0,0
2015-09-09,39.29,39.3267,38.61,38.6133,29.9556,24000,0,0
2015-09-10,38.53,38.8567,38.53,38.61,29.953,12600,0,0
2015-09-11,38.3433,38.6767,38.3433,38.6733,30.0022,37200,0,0
2015-09-14,38.83,38.83,38.5367,38.5633,29.9168,25500,0,0
2015-09-15,38.84,38.96,38.8267,38.96,30.2246,9300,0,0
2015-09-16,39.13,39.4267,39.13,39.4267,30.5866,13500,0,0
2015-09-17,39.4733,39.78,39.3067,39.3067,30.4935,48900,0,0
2015-09-18,38.8033,38.9333,38.7267,38.8133,30.1108,11700,0,0
2015-09-21,38.92,39.0633,38.84,38.8433,30.1341,14100,0,0
2015-09-22,38.4667,38.5433,38.1467,38.3,29.7125,39900,0,0
2015-09-23,38.4567,38.4567,38.1567,38.1933,29.6298,15900,0,0
2015-09-24,38,38.2533,37.7933,38.2333,29.6608,6900,0,0
2015-09-25,38.3467,38.3467,37.8933,37.94,29.6408,16200,0.267667,0
2015-09-28,37.7733,37.7733,37.09,37.09,28.9767,14700,0,0
2015-09-29,37.1533,37.1733,36.8967,37.0833,28.9715,17400,0,0
2015-09-30,37.39,37.5133,37.16,37.4933,29.2918,44700,0,0
2015-10-01,37.68,37.68,37.0533,37.43,29.2423,76200,0,0
2015-10-02,36.95,37.57,36.8933,37.57,29.3517,41100,0,0
2015-10-05,38.1133,38.8267,38.0933,38.8067,30.3179,42000,0,0
2015-10-06,38.9133,38.98,38.8233,38.9367,30.4194,19200,0,0
2015-10-07,39.0833,39.3833,39.0033,39.2967,30.7007,18600,0,0
2015-10-08,39.3033,39.9633,39.3033,39.9633,31.2215,19500,0,0
2015-10-09,40.02,40.0633,39.81,39.8433,31.1278,26700,0,0
2015-10-12,39.88,39.89,39.7267,39.8033,31.0965,9900,0,0
2015-10-13,39.6267,39.9533,39.47,39.47,30.8361,12900,0,0
2015-10-14,39.4433,39.54,39.1333,39.1333,30.5731,10800,0,0
2015-10-15,39.2433,39.6667,38.9,39.6667,30.9898,51300,0,0
2015-10-16,39.6867,39.6867,39.3633,39.6133,30.9481,18300,0,0
2015-10-19,39.66,39.74,39.57,39.63,30.9611,7200,0,0
2015-10-20,39.61,39.8867,39.59,39.8667,31.146,12600,0,0
2015-10-21,39.6967,39.8533,39.3933,39.3933,30.7762,16200,0,0
2015-10-22,39.5167,39.8367,39.5167,39.6467,30.9741,29400,0,0
2015-10-23,39.9867,39.9867,39.6633,39.91,31.1798,11100,0,0
2015-10-26,39.9933,39.9933,39.7933,39.8533,31.1356,12300,0,0
2015-10-27,39.64,39.64,39.11,39.2033,30.6278,12000,0,0
2015-10-28,39.3167,40.12,39.3167,40.12,31.3439,11100,0,0
2015-10-29,39.9567,39.9967,39.7867,39.8433,31.1278,7800,0,0
2015-10-30,39.8333,39.99,39.73,39.78,31.0783,21900,0,0
2015-11-02,39.7733,40.4767,39.7733,40.4467,31.5991,18600,0,0
2015-11-03,40.4033,40.8767,40.4,40.7267,31.8179,18600,0,0
2015-11-04,40.78,40.78,40.46,40.5067,31.646,31800,0,0
2015-11-05,40.5067,40.6533,40.3333,40.5933,31.7137,14100,0,0
2015-11-06,40.4567,40.5867,40.2167,40.5867,31.7085,36000,0,0
2015-11-09,40.5033,40.5033,40.03,40.21,31.4142,15300,0,0
2015-11-10,40.0133,40.39,40.0133,40.3367,31.5132,27900,0,0
2015-11-11,40.4467,40.4467,40.0733,40.1433,31.3622,15300,0,0
2015-11-12,39.8767,39.8767,39.2233,39.2233,30.6434,57900,0,0
2015-11-13,39.1133,39.2533,38.8933,38.9167,30.4038,33600,0,0
2015-11-16,38.9,39.3367,38.88,39.3367,30.7319,17100,0,0
2015-11-17,39.4667,39.66,39.1633,39.2567,30.6694,44400,0,0
2015-11-18,39.3267,39.9333,39.2767,39.9333,31.1981,19500,0,0
2015-11-19,39.85,39.95,39.8033,39.95,31.2111,11100,0,0
2015-11-20,40.06,40.2533,40.06,40.1033,31.3309,23700,0,0
2015-11-23,40.1067,40.37,40.1067,40.24,31.4377,12900,0,0
2015-11-24,40.0667,40.5633,40.0667,40.5633,31.6903,10500,0,0
2015-11-25,40.53,40.6933,40.53,40.66,31.7658,26400,0,0
2015-11-27,40.6733,40.8233,40.6733,40.7267,31.8179,10200,0,0
2015-11-30,40.7667,40.91,40.6367,40.6867,31.7866,22200,0,0
2015-12-01,40.7967,40.95,40.71,40.95,31.9924,32700,0,0
2015-12-02,40.9433,40.9433,40.3033,40.33,31.508,25500,0,0
2015-12-03,40.45,40.5567,39.68,39.79,31.0861,31200,0,0
2015-12-04,39.7933,40.1167,39.7933,40.09,31.3205,20400,0,0
2015-12-07,39.9967,39.9967,39.39,39.46,30.8283,20400,0,0
2015-12-08,39.2633,39.29,39.0567,39.1233,30.5653,24900,0,0
2015-12-09,39.0433,39.36,38.7033,38.7933,30.3075,13200,0,0
2015-12-10,38.8067,39.0333,38.7433,38.82,30.3283,14700,0,0
2015-12-11,38.3333,38.36,38.06,38.1,29.7658,21600,0,0
2015-12-14,38.1633,38.22,37.6033,37.7433,29.4871,27000,0,0
2015-12-15,37.9533,38.2833,37.9533,38.1833,29.8309,28200,0,0
2015-12-16,38.5667,38.7467,38.19,38.74,30.2658,28500,0,0
2015-12-17,38.8233,38.83,38.2833,38.3167,29.9351,30600,0,0
2015-12-18,38.1033,38.1033,37.66,37.77,29.508,27300,0,0
2015-12-21,37.87,37.99,37.5967,37.82,29.547,34800,0,0
2015-12-22,37.98,38.5267,37.98,38.4933,30.0731,28500,0,0
2015-12-23,38.6667,39.1967,38.6667,39.1767,30.6069,35100,0,0
2015-12-24,38.9367,39.0367,38.9033,39.0367,30.7229,36600,0.287333,0
2015-12-28,38.7433,38.7433,38.41,38.5867,30.3687,21300,0,0
2015-12-29,38.7767,39,38.6267,38.91,30.6232,23700,0,0
2015-12-30,38.95,38.98,38.5933,38.6533,30.4212,37200,0,0
2015-12-31,38.4967,38.6333,38.2567,38.2567,30.109,32100,0,0
2016-01-04,37.6733,37.7933,37.3733,37.7933,29.7443,60900,0,0
2016-01-05,37.8967,37.8967,37.48,37.75,29.7102,26400,0,0
2016-01-06,37.1467,37.2933,36.9867,37.1067,29.2039,27600,0,0
2016-01-07,36.4467,36.6567,35.9333,36.1333,28.4379,37500,0,0
2016-01-08,36.1433,36.1433,35.4867,35.49,27.9316,39300,0,0
2016-01-11,35.5033,35.61,35.2467,35.53,27.9631,42600,0,0
2016-01-12,35.9133,35.9133,35.0067,35.0267,27.5669,12900,0,0
2016-01-13,35.5067,35.51,34.4167,34.43,27.0973,30300,0,0
2016-01-14,34.47,35.08,34.2,34.8567,27.4331,55500,0,0
2016-01-15,33.9,34.1533,33.4567,34.1167,26.8507,60600,0,0
2016-01-19,34.47,34.47,33.4333,33.6933,26.5175,29700,0,0
2016-01-20,33.2067,33.7133,32.25,33.46,26.3339,73500,0,0
2016-01-21,33.3733,33.9867,33.35,33.5967,26.4415,63000,0,0
2016-01-22,34.1667,34.41,33.9033,34.2767,26.9766,149700,0,0
2016-01-25,33.95,34.0733,33.29,33.3433,26.2421,79800,0,0
2016-01-26,33.7833,34.3533,33.6267,34.34,27.0265,23700,0,0
2016-01-27,34.1567,34.67,34.1567,34.1867,26.9058,19800,0,0
2016-01-28,34.31,34.61,34.31,34.35,27.0344,43800,0,0
2016-01-29,34.6633,35.2733,34.6633,35.2733,27.7611,14100,0,0
2016-02-01,35.3233,35.4933,35.0867,35.4933,27.9342,36300,0,0
2016-02-02,34.05,34.9367,34.05,34.57,27.2075,48000,0,0
2016-02-03,34.88,34.95,34.05,34.93,27.4908,28200,0,0
2016-02-04,34.9333,35.6833,34.9333,35.3133,27.7925,33300,0,0
2016-02-05,35.1267,35.1433,34.7467,34.7467,27.3465,20100,0,0
2016-02-08,34.0433,34.1333,33.6533,34.1333,26.8638,27600,0,0
2016-02-09,33.7567,34.06,33.61,33.9033,26.6828,44100,0,0
2016-02-10,34.0867,34.36,33.71,33.71,26.5307,32700,0,0
2016-02-11,33.3833,33.3833,32.86,33.1767,26.1109,21900,0,0
2016-02-12,33.48,33.9033,33.48,33.8833,26.6671,20400,0,0
2016-02-16,34.12,34.5467,34.0167,34.5,27.1524,15600,0,0
2016-02-17,34.92,35.2967,34.7933,35.21,27.7112,12600,0,0
2016-02-18,35.1833,35.1833,34.9433,35.0967,27.622,13200,0,0
2016-02-19,34.9467,34.9667,34.78,34.9667,27.5197,36900,0,0
2016-02-22,35.1933,35.6067,35.1933,35.5567,27.984,38100,0,0
2016-02-23,35.46,35.5,35.2267,35.2267,27.7243,12000,0,0
2016-02-24,34.9667,35.5033,34.7833,35.4933,27.9342,14700,0,0
2016-02-25,35.6367,35.8233,35.4567,35.7967,28.1729,11700,0,0
2016-02-26,36.1333,36.29,36.1133,36.14,28.4431,9000,0,0
2016-02-29,36.13,36.53,36.13,36.21,28.4982,9000,0,0
2016-03-01,36.49,36.87,36.49,36.87,29.0177,28200,0,0
2016-03-02,37.1267,37.3167,37.03,37.2633,29.3272,16200,0,0
2016-03-03,37.73,38.09,37.73,38.09,29.9778,9300,0,0
2016-03-04,38.8833,38.8833,38.37,38.5167,30.3136,21000,0,0
2016-03-07,38.2467,39.02,38.2467,39.0033,30.6966,27000,0,0
2016-03-08,38.8167,38.8167,38.0533,38.0567,29.9516,14100,0,0
2016-03-09,38.1733,38.2467,38.1233,38.2033,30.067,10200,0,0
2016-03-10,38.36,38.36,37.7033,38.11,29.9936,12900,0,0
2016-03-11,38.6467,39.0267,38.6233,39.0267,30.715,9900,0,0
2016-03-14,38.77,38.9567,38.63,38.8567,30.5812,20700,0,0
2016-03-15,38.3133,38.4133,38.3133,38.4133,30.2323,4800,0,0
2016-03-16,38.4133,38.9467,38.4133,38.8833,30.6022,25200,0,0
2016-03-17,38.7233,39.62,38.7233,39.6067,31.1715,10800,0,0
2016-03-18,39.5633,40,39.5633,39.7333,31.2712,23400,0,0
2016-03-21,39.6333,39.8533,39.4867,39.68,31.2292,12900,0,0
2016-03-22,39.3767,39.7433,39.3767,39.6067,31.1715,15600,0,0
2016-03-23,39.2633,39.2633,38.6867,38.6867,30.6157,15600,0.217667,0
2016-03-24,38.4767,38.8433,38.2833,38.8267,30.7265,20700,0,0
2016-03-28,38.9,39.0233,38.6667,38.8967,30.7819,26400,0,0
2016-03-29,38.6667,39.6333,38.6233,39.6333,31.3649,14100,0,0
2016-03-30,40.01,40.01,39.5533,39.6433,31.3728,23700,0,0
2016-03-31,39.7533,39.81,39.69,39.75,31.4572,10200,0,0
2016-04-01,39.3333,39.7167,39.2333,39.7067,31.4229,93300,0,0
2016-04-04,39.7033,39.7033,39.27,39.2833,31.0879,21600,0,0
2016-04-05,38.8533,39.1467,38.77,38.77,30.6816,17400,0,0
2016-04-06,38.8333,39.13,38.7133,39.13,30.9665,22200,0,0
2016-04-07,38.96,38.96,38.4333,38.5133,30.4785,16200,0,0
2016-04-08,39.0733,39.2033,38.7967,38.7967,30.7027,33000,0,0
2016-04-11,39.11,39.3267,38.9667,38.99,30.8557,44400,0,0
2016-04-12,38.99,39.6667,38.99,39.53,31.2831,27000,0,0
2016-04-13,39.6867,40.2667,39.6867,40.2667,31.8661,13800,0,0
2016-04-14,40.1633,40.27,40.1233,40.1833,31.8001,14100,0,0
2016-04-15,40.37,40.37,40.1833,40.2533,31.8555,11400,0,0
2016-04-18,39.95,40.5733,39.95,40.52,32.0665,17700,0,0
2016-04-19,40.53,40.9,40.53,40.7767,32.2696,15000,0,0
2016-04-20,40.73,41.09,40.73,40.9933,32.4411,45300,0,0
2016-04-21,40.9867,40.9867,40.4033,40.4333,31.9979,19800,0,0
2016-04-22,40.4667,40.9567,40.4667,40.9,32.3673,40800,0,0
2016-04-25,40.8267,40.8267,40.43,40.5367,32.0797,12900,0,0
2016-04-26,40.63,41.0867,40.63,41.0533,32.4886,12900,0,0
2016-04-27,41.1867,41.4067,40.9967,41.3333,32.7102,30300,0,0
2016-04-28,41.1033,41.33,40.8633,40.8633,32.3382,7200,0,0
2016-04-29,40.8633,41.0033,40.43,40.7633,32.2591,34800,0,0
2016-05-02,40.7633,41.0233,40.62,40.99,32.4385,56100,0,0
2016-05-03,40.57,40.57,40.1033,40.3467,31.9294,8700,0,0
2016-05-04,40.22,40.4833,40.0233,40.1467,31.7711,7200,0,0
2016-05-05,40.3367,40.3367,39.97,40.0067,31.6603,12000,0,0
2016-05-06,40.0333,40.11,40.0333,40.07,31.7104,7500,0,0
2016-05-09,40.09,40.17,40,40.17,31.7896,5700,0,0
2016-05-10,40.2467,40.52,40.1333,40.48,32.0349,10200,0,0
2016-05-11,40.49,40.49,40.1667,40.2033,31.8159,8100,0,0
2016-05-12,40.29,40.29,39.8233,39.99,31.6471,17100,0,0
2016-05-13,39.9933,39.9933,39.4733,39.55,31.2989,14700,0,0
2016-05-16,39.6067,40.0633,39.6067,39.98,31.6392,15600,0,0
2016-05-17,39.96,40.16,39.3733,39.5233,31.2778,36300,0,0
2016-05-18,39.3167,39.8367,39.31,39.4133,31.1908,19800,0,0
2016-05-19,39.32,39.3933,39.08,39.24,31.0536,8100,0,0
2016-05-20,39.2167,39.76,39.2167,39.76,31.4651,8100,0,0
2016-05-23,39.6967,39.81,39.6167,39.6167,31.3517,25500,0,0
2016-05-24,39.7033,40.36,39.7033,40.33,31.9162,64500,0,0
2016-05-25,40.3967,40.7333,40.3967,40.6933,32.2037,10800,0,0
2016-05-26,40.8,40.8,40.6767,40.7133,32.2195,10500,0,0
2016-05-27,40.7567,40.88,40.7567,40.7567,32.2538,6900,0,0
2016-05-31,41.18,41.1867,40.8767,41.06,32.4939,48000,0,0
2016-06-01,40.7133,41.2233,40.6667,41.2,32.6047,23100,0,0
2016-06-02,41.0067,41.44,40.9933,41.44,32.7946,21000,0,0
2016-06-03,41.37,41.3767,41.0233,41.2567,32.6495,24900,0,0
2016-06-06,41.4333,41.9633,41.4333,41.9167,33.1718,24300,0,0
2016-06-07,42.0933,42.2733,42.02,42.1233,33.3354,75600,0,0
2016-06-08,42.27,42.4533,42.1967,42.4167,33.5675,22200,0,0
2016-06-09,42.12,42.2133,42.0533,42.19,33.3881,25500,0,0
2016-06-10,41.68,41.8433,41.5633,41.59,32.9133,10800,0,0
2016-06-13,41.4767,41.6567,41.05,41.0733,32.5044,19500,0,0
2016-06-14,40.91,41.1,40.71,40.87,32.3435,13500,0,0
2016-06-15,40.88,41.2467,40.88,40.91,32.3752,24600,0,0
2016-06-16,40.5667,40.7967,40.31,40.7967,32.2855,15900,0,0
2016-06-17,40.91,41.2033,40.89,41.08,32.5097,12600,0,0
2016-06-20,41.9167,41.9167,41.5433,41.5433,32.8764,21300,0,0
2016-06-21,41.19,41.2867,40.9033,41.21,32.7926,19500,0.228,0
2016-06-22,41.1833,41.3,41.0067,41.0133,32.6361,12900,0,0
2016-06-23,41.5533,41.7633,41.5233,41.7633,33.2329,15600,0,0
2016-06-24,40.2167,40.6267,39.8567,40.03,31.8536,28500,0,0
2016-06-27,39.4767,39.4767,38.3333,38.4233,30.5751,66000,0,0
2016-06-28,38.9433,39.2233,38.7833,39.0867,31.1029,65400,0,0
2016-06-29,39.57,39.94,39.57,39.8667,31.7236,168600,0,0
2016-06-30,39.75,40.4033,39.75,40.3833,32.1347,42900,0,0
2016-07-01,40.6533,40.92,40.4867,40.7867,32.4557,39300,0,0
2016-07-05,40.7467,40.7467,39.6933,39.9233,31.7687,69300,0,0
2016-07-06,39.67,40.1033,39.67,40.0833,31.896,26400,0,0
2016-07-07,40.3867,40.5233,39.8933,40.0367,31.8589,91500,0,0
2016-07-08,40.3133,41.0033,40.3133,41.0033,32.6281,39600,0,0
2016-07-11,41.2767,41.3667,41.22,41.3633,32.9146,60000,0,0
2016-07-12,41.7733,42.1633,41.7733,42.0467,33.4583,34500,0,0
2016-07-13,42.21,42.2733,41.8033,41.9167,33.3549,24300,0,0
2016-07-14,42.2467,42.2633,42.0333,42.0467,33.4583,19200,0,0
2016-07-15,42.08,42.4033,42,42.1033,33.5034,79800,0,0
2016-07-18,42.1733,42.23,42.0033,42.23,33.6042,12300,0,0
2016-07-19,42.08,42.1333,41.8433,41.99,33.4132,14100,0,0
2016-07-20,41.9833,42.2733,41.9833,42.2033,33.583,38100,0,0
2016-07-21,42.3,42.4533,42.0133,42.04,33.453,14700,0,0
2016-07-22,41.9533,42.3033,41.93,42.27,33.636,26700,0,0
2016-07-25,42.1167,42.1933,42.1133,42.1533,33.5432,17700,0,0
2016-07-26,42.2267,42.43,42.1733,42.43,33.7634,12600,0,0
2016-07-27,42.59,42.6067,42.1267,42.28,33.644,15600,0,0
2016-07-28,42.2833,42.3267,42.1167,42.3,33.6599,23700,0,0
2016-07-29,42.0833,42.4733,42.0433,42.46,33.7872,46800,0,0
2016-08-01,42.15,42.4967,42.0167,42.0167,33.4345,11400,0,0
2016-08-02,41.7467,41.7467,41.49,41.62,33.1188,13200,0,0
2016-08-03,41.6533,42.1067,41.6533,42.08,33.4849,21000,0,0
2016-08-04,42.04,42.2433,42.0133,42.1133,33.5114,10800,0,0
2016-08-05,42.56,42.84,42.56,42.7767,34.0392,22200,0,0
2016-08-08,42.6667,42.95,42.6667,42.8433,34.0923,10800,0,0
2016-08-09,42.9567,42.9567,42.73,42.7767,34.0392,14100,0,0
2016-08-10,42.7567,42.7567,42.4733,42.5267,33.8403,9000,0,0
2016-08-11,42.7933,42.8533,42.7167,42.7567,34.0233,21000,0,0
2016-08-12,42.7,42.7333,42.58,42.7133,33.9888,30600,0,0
2016-08-15,42.89,43.3333,42.89,43.2233,34.3947,60900,0,0
2016-08-16,42.9333,43.0033,42.89,42.9,34.1374,12600,0,0
2016-08-17,42.7667,42.8867,42.53,42.8767,34.1188,25800,0,0
2016-08-18,42.66,43.27,42.66,43.27,34.4318,29100,0,0
2016-08-19,43.1467,43.2667,43.08,43.2267,34.3973,8700,0,0
2016-08-22,43.0333,43.17,42.9867,43.17,34.3522,6600,0,0
2016-08-23,43.38,43.6133,43.38,43.5433,34.6493,196800,0,0
2016-08-24,43.2867,43.35,43.06,43.1067,34.3018,53100,0,0
2016-08-25,42.88,43.23,42.88,43.1467,34.3337,18900,0,0
2016-08-26,43.5133,43.5633,42.82,43.0367,34.2461,13200,0,0
2016-08-29,42.9933,43.3933,42.9933,43.34,34.4875,6000,0,0
2016-08-30,43.2767,43.48,43.1733,43.32,34.4716,14100,0,0
2016-08-31,43.34,43.37,42.98,43.13,34.3204,15000,0,0
2016-09-01,43.0333,43.0833,42.84,43.03,34.2408,12300,0,0
2016-09-02,43.1333,43.5333,43.1333,43.4867,34.6042,6600,0,0
2016-09-06,43.53,43.53,43.3033,43.4567,34.5803,13200,0,0
2016-09-07,43.4967,43.7567,43.4967,43.7567,34.8191,16500,0,0
2016-09-08,43.6867,43.8433,43.6867,43.76,34.8217,5700,0,0
2016-09-09,43.8267,43.8267,42.38,42.38,33.7236,17100,0,0
2016-09-12,42.23,42.8167,42.23,42.7933,34.0525,7800,0,0
2016-09-13,42.2067,42.2067,41.7133,41.9533,33.3841,11700,0,0
2016-09-14,41.6667,41.8433,41.6667,41.8433,33.2965,4200,0,0
2016-09-15,41.6833,42.2433,41.6833,42.2067,33.5857,8700,0,0
2016-09-16,41.89,42.11,41.89,42.09,33.4928,9900,0,0
2016-09-19,42.6767,42.6767,42.3867,42.4367,33.7687,7200,0,0
2016-09-20,42.5133,42.5133,42.23,42.2833,33.6466,27900,0,0
2016-09-21,42.6167,42.79,42.4,42.79,34.0498,10800,0,0
2016-09-22,43.02,43.5133,43.02,43.51,34.6228,18300,0,0
2016-09-23,43.4133,43.5,43.1633,43.1633,34.3469,13200,0,0
2016-09-26,42.68,42.68,42.5633,42.5633,34.0986,12300,0.29,0
2016-09-27,42.4533,42.58,42.4133,42.49,34.0398,12600,0,0
2016-09-28,42.68,43.1833,42.4367,43.1833,34.5953,50700,0,0
2016-09-29,43.11,43.3367,42.8867,42.99,34.4404,13800,0,0
2016-09-30,43.2133,43.4967,43.05,43.4967,34.8463,13500,0,0
2016-10-03,43.0433,43.1333,42.92,43.0333,34.4751,90000,0,0
2016-10-04,42.9667,43.0567,42.65,42.65,34.168,14100,0,0
2016-10-05,43.0133,43.2867,43.0133,43.1333,34.5552,16200,0,0
2016-10-06,42.94,43.23,42.9167,43.1967,34.6059,12900,0,0
2016-10-07,43.0267,43.0433,42.6933,42.8967,34.3656,26700,0,0
2016-10-10,43.2933,43.4,43.2133,43.2133,34.6193,6300,0,0
2016-10-11,42.9367,42.9967,42.3267,42.4,33.9677,15900,0,0
2016-10-12,42.46,42.7233,42.46,42.5967,34.1253,5400,0,0
2016-10-13,42.2667,42.4033,41.93,42.27,33.8636,12900,0,0
2016-10-14,42.42,42.6667,42.25,42.3633,33.9383,11700,0,0
2016-10-17,42.2067,42.3667,42.2067,42.2833,33.8743,9000,0,0
2016-10-18,42.4733,42.6467,42.4,42.5267,34.0692,18600,0,0
2016-10-19,42.56,42.9767,42.56,42.9533,34.411,13500,0,0
2016-10-20,42.6333,42.82,42.6333,42.75,34.2481,6300,0,0
2016-10-21,42.5833,42.7033,42.5833,42.65,34.168,5100,0,0
2016-10-24,42.9267,43.09,42.75,42.8167,34.3015,9000,0,0
2016-10-25,42.7533,42.7933,42.4567,42.5333,34.0745,22200,0,0
2016-10-26,42.51,42.5867,42.51,42.57,34.1039,6600,0,0
2016-10-27,42.4567,42.4567,42.01,42.02,33.6633,5400,0,0
2016-10-28,41.9,42.1133,41.7767,41.8367,33.5164,21900,0,0
2016-10-31,41.89,41.9233,41.8167,41.88,33.5511,63300,0,0
2016-11-01,41.92,42.03,41.3867,41.3867,33.1559,8400,0,0
2016-11-02,41.1733,41.2967,40.9733,41.0033,32.8488,21600,0,0
2016-11-03,41.0233,41.1967,40.9533,41.0067,32.8515,24900,0,0
2016-11-04,40.88,41.3633,40.88,41.0967,32.9236,9000,0,0
2016-11-07,41.81,42.0267,41.81,41.98,33.6312,27600,0,0
2016-11-08,41.92,42.24,41.92,42.0233,33.666,10200,0,0
2016-11-09,41.6667,43.32,41.6667,43.1633,34.5792,12600,0,0
2016-11-10,43.48,43.9233,43.3633,43.7467,35.0466,27000,0,0
2016-11-11,44.2433,44.38,43.7667,44.38,35.5539,21900,0,0
2016-11-14,44.8767,45.1933,44.8767,45.1033,36.1334,17700,0,0
2016-11-15,45.2267,45.4867,45.1667,45.47,36.4272,12000,0,0
2016-11-16,45.39,45.4733,45.28,45.4033,36.3738,234600,0,0
2016-11-17,45.5867,45.7933,45.5233,45.62,36.5473,135300,0,0
2016-11-18,45.7567,45.8267,45.6533,45.8033,36.6942,35400,0,0
2016-11-21,46,46.2233,45.98,46.21,37.02,34800,0,0
2016-11-22,46.5,46.7167,46.3333,46.71,37.4206,67200,0,0
2016-11-23,46.7,46.9267,46.59,46.9267,37.5941,22500,0,0
2016-11-25,47.0033,47.0033,46.9167,46.9867,37.6422,5100,0,0
2016-11-28,46.8667,47.0033,46.51,46.5667,37.3057,81600,0,0
2016-11-29,46.7,46.7833,46.5367,46.5367,37.2817,24900,0,0
2016-11-30,47.0867,47.1467,46.9767,47.0267,37.6743,31500,0,0
2016-12-01,47.3767,47.3767,46.84,46.95,37.6128,17700,0,0
2016-12-02,46.81,47.14,46.7967,46.9567,37.6182,13500,0,0
2016-12-05,47.3,47.62,47.3,47.62,38.1496,29400,0,0
2016-12-06,47.7533,48.17,47.6333,48.14,38.5662,21000,0,0
2016-12-07,48.15,48.7133,48.09,48.63,38.9587,32700,0,0
2016-12-08,48.6267,49.36,48.6267,49.2833,39.4821,41700,0,0
2016-12-09,49.2733,49.4067,49.1467,49.2667,39.4688,23100,0,0
2016-12-12,49.3567,49.3567,48.7467,48.7733,39.0736,28500,0,0
2016-12-13,48.9033,49.0867,48.53,48.81,39.1029,49800,0,0
2016-12-14,48.7067,48.7067,47.96,48.0067,38.4594,22800,0,0
2016-12-15,48.0467,48.4833,48.0467,48.2633,38.665,20400,0,0
2016-12-16,48.4233,49.3667,48.13,48.1667,38.5875,32100,0,0
2016-12-19,48.21,48.5467,48.21,48.5467,38.892,30600,0,0
2016-12-20,48.88,49.0167,48.8167,49.01,39.2632,29400,0,0
2016-12-21,48.6233,48.6233,48.3967,48.3967,39.13,30600,0.448667,0
2016-12-22,48.3233,48.3233,47.85,47.9667,38.7823,29400,0,0
2016-12-23,47.9033,48.1333,47.9033,48.0933,38.8848,27300,0,0
2016-12-27,48.17,48.3867,48.1667,48.2767,39.033,21300,0,0
2016-12-28,48.37,48.37,47.6133,47.6667,38.5398,29400,0,0
2016-12-29,47.6267,48.0233,47.61,47.78,38.6314,15900,0,0
2016-12-30,47.9667,47.9667,47.4933,47.6,38.4859,17400,0,0
2017-01-03,48.04,48.4567,47.8167,48.0933,38.8848,48600,0,0
2017-01-04,48.26,49.0467,48.26,49.0467,39.6556,47100,0,0
2017-01-05,48.97,48.97,48.3,48.52,39.2297,30000,0,0
2017-01-06,48.68,48.7033,48.4233,48.4233,39.1516,761700,0,0
2017-01-09,48.3367,48.3367,47.7867,47.8133,38.6584,37800,0,0
2017-01-10,47.97,48.33,47.79,48.2333,38.998,76800,0,0
2017-01-11,48.1733,48.55,48.1733,48.4533,39.1758,26100,0,0
2017-01-12,48.52,48.52,47.5667,48.0667,38.8632,48900,0,0
2017-01-13,48.1933,48.4833,48.1533,48.22,38.9872,65100,0,0
2017-01-17,48.1133,48.1467,47.77,47.7967,38.6449,44100,0,0
2017-01-18,47.89,48.0567,47.8667,48.0567,38.8551,30900,0,0
2017-01-19,48.3467,48.3467,47.4733,47.6667,38.5398,26100,0,0
2017-01-20,48.0067,48.03,47.83,47.9333,38.7554,21000,0,0
2017-01-23,47.8867,47.8867,47.4333,47.7,38.5667,24900,0,0
2017-01-24,47.9033,48.67,47.9033,48.52,39.2297,33600,0,0
2017-01-25,48.91,49.04,48.8333,49,39.6178,69600,0,0
2017-01-26,49.11,49.11,48.78,48.81,39.4642,18900,0,0
2017-01-27,48.9033,48.9033,48.42,48.4467,39.1704,66300,0,0
2017-01-30,48.11,48.11,47.4667,47.8333,38.6745,23100,0,0
2017-01-31,47.7967,48.2133,47.7367,48.2033,38.9737,23100,0,0
2017-02-01,48.5333,48.6433,47.8733,48.0567,38.8551,38100,0,0
2017-02-02,47.98,48.1833,47.9067,47.9967,38.8066,26700,0,0
2017-02-03,48.31,48.7133,48.29,48.6767,39.3564,68700,0,0
2017-02-06,48.6267,48.69,48.2267,48.2933,39.0465,25200,0,0
2017-02-07,48.3833,48.4767,47.9133,48.06,38.8578,41400,0,0
2017-02-08,47.9733,48.07,47.7,48.0167,38.8228,24000,0,0
2017-02-09,48.09,48.76,48.09,48.71,39.3834,24600,0,0
2017-02-10,48.9733,49.1467,48.9367,49.08,39.6825,15000,0,0
2017-02-13,49.2633,49.4833,49.2633,49.3233,39.8792,64500,0,0
2017-02-14,49.25,49.5533,49.1233,49.4933,40.0167,24000,0,0
2017-02-15,49.4733,49.6,49.2767,49.5733,40.0814,59100,0,0
2017-02-16,49.4833,49.4933,49.17,49.3533,39.9035,57900,0,0
2017-02-17,49.2033,49.2033,49.0033,49.19,39.7714,17400,0,0
2017-02-21,49.5,49.7233,49.4767,49.7167,40.1973,56700,0,0
2017-02-22,49.42,49.55,49.2967,49.4133,39.952,41400,0,0
2017-02-23,49.84,49.84,48.8867,49.11,39.7068,16200,0,0
2017-02-24,48.9467,49.1133,48.85,49.1133,39.7094,19200,0,0
2017-02-27,49.0267,49.4733,49.0267,49.4733,40.0005,31800,0,0
2017-02-28,49.28,49.3833,48.89,48.9267,39.5585,22800,0,0
2017-03-01,49.54,49.9233,49.54,49.7933,40.2592,28500,0,0
2017-03-02,49.6433,49.6433,49.0367,49.0367,39.6475,18900,0,0
2017-03-03,49.1167,49.1167,48.85,49.0767,39.6798,27900,0,0
2017-03-06,48.7433,48.7633,48.4767,48.6833,39.3618,22500,0,0
2017-03-07,48.5967,48.5967,48.2533,48.2533,39.0141,18300,0,0
2017-03-08,48.3333,48.3333,47.8033,47.8033,38.6503,19500,0,0
2017-03-09,47.8767,47.9833,47.37,47.6033,38.4886,77700,0,0
2017-03-10,47.89,47.89,47.4633,47.75,38.6072,22200,0,0
2017-03-13,47.6967,48.05,47.6967,47.8267,38.6691,26400,0,0
2017-03-14,47.6467,47.66,47.2267,47.66,38.5344,16800,0,0
2017-03-15,47.93,48.4967,47.9067,48.4433,39.1678,216000,0,0
2017-03-16,48.62,48.7333,48.39,48.43,39.157,25800,0,0
2017-03-17,48.5367,48.58,48.4067,48.5433,39.2486,10500,0,0
2017-03-20,48.2267,48.3233,48.06,48.2033,38.9737,14700,0,0
2017-03-21,48.43,48.43,47.0567,47.0567,38.0466,26400,0,0
2017-03-22,46.88,47.11,46.6767,46.97,37.9765,118500,0,0
2017-03-23,46.77,47.4867,46.77,47.14,38.114,21300,0,0
2017-03-24,47.0467,47.1467,46.61,46.78,37.9625,32700,0.173333,0
2017-03-27,46.1733,46.7267,46.0767,46.7267,37.9192,94800,0,0
2017-03-28,46.73,47.2767,46.6767,47.2633,38.3547,17100,0,0
2017-03-29,47.2167,47.59,47.2167,47.5267,38.5684,20700,0,0
2017-03-30,47.6167,47.9733,47.6167,47.94,38.9038,16800,0,0
2017-03-31,47.9,48.1867,47.9,48.0633,39.0039,25200,0,0
2017-04-03,48.2,48.2,47.3733,47.5767,38.609,79200,0,0
2017-04-04,47.38,47.6833,47.38,47.5333,38.5738,23400,0,0
2017-04-05,47.77,48.1667,47.1867,47.1867,38.2925,17700,0,0
2017-04-06,47.06,47.73,47.06,47.73,38.7334,23100,0,0
2017-04-07,47.58,47.79,47.58,47.6633,38.6793,8700,0,0
2017-04-10,47.4967,48.1233,47.4967,47.9133,38.8822,11100,0,0
2017-04-11,47.8767,48.1367,47.74,48.1367,39.0634,40500,0,0
2017-04-12,48.2467,48.2467,47.5067,47.5067,38.5522,31500,0,0
2017-04-13,47.38,47.38,46.8533,46.8533,38.022,12600,0,0
2017-04-17,46.8833,47.43,46.8833,47.43,38.49,34500,0,0
2017-04-18,47.1933,47.4967,47.0767,47.45,38.5062,26400,0,0
2017-04-19,47.7267,47.8333,47.4133,47.4133,38.4764,14400,0,0
2017-04-20,47.6133,47.96,47.57,47.95,38.912,87600,0,0
2017-04-21,47.8367,47.9767,47.74,47.9767,38.9336,10800,0,0
2017-04-24,48.3733,48.5033,48.3567,48.4567,39.3231,23100,0,0
2017-04-25,48.71,49,48.71,48.8,39.6017,36900,0,0
2017-04-26,48.7833,49.23,48.7833,48.9233,39.7018,16200,0,0
2017-04-27,48.9967,48.9967,48.5,48.6367,39.4692,14100,0,0
2017-04-28,48.4133,48.4133,47.8767,47.8767,38.8524,18900,0,0
2017-05-01,47.94,48.1367,47.7367,48.0133,38.9633,28200,0,0
2017-05-02,48.0033,48.0033,47.5867,47.6833,38.6955,17700,0,0
2017-05-03,47.4967,47.4967,47.2533,47.44,38.4981,22800,0,0
2017-05-04,47.1333,47.18,46.88,47.1367,38.2519,10200,0,0
2017-05-05,47.3133,47.48,47.2,47.48,38.5305,9000,0,0
2017-05-08,47.45,47.53,47.1967,47.3767,38.4467,23400,0,0
2017-05-09,47.3533,47.3533,47.0967,47.1633,38.2736,16200,0,0
2017-05-10,47.0533,47.3433,47.0533,47.33,38.4088,15300,0,0
2017-05-11,47.0133,47.0133,46.63,46.8733,38.0382,25800,0,0
2017-05-12,46.87,46.87,46.42,46.42,37.6703,20100,0,0
2017-05-15,46.4867,47.0933,46.4867,46.8,37.9787,22500,0,0
2017-05-16,46.7333,46.7867,46.57,46.7267,37.9192,31500,0,0
2017-05-17,46.1333,46.1333,45.5933,45.63,37.0293,15000,0,0
2017-05-18,45.4533,45.7433,45.2767,45.6033,37.0076,13500,0,0
2017-05-19,45.7567,46.29,45.7567,46.2567,37.5378,9600,0,0
2017-05-22,46.1033,46.4,46.1033,46.3233,37.5919,24000,0,0
2017-05-23,46.31,46.53,46.2467,46.52,37.7515,11400,0,0
2017-05-24,46.2967,46.55,46.2933,46.5067,37.7407,12900,0,0
2017-05-25,46.7,46.7767,46.1333,46.28,37.5567,571200,0,0
2017-05-26,46.0867,46.2267,45.9867,46.2267,37.5134,87600,0,0
2017-05-30,46.17,46.17,45.86,45.92,37.2646,15600,0,0
2017-05-31,46.0267,46.0267,45.4,45.8467,37.2051,18000,0,0
2017-06-01,46.2133,46.6533,46.2133,46.6533,37.8597,15600,0,0
2017-06-02,46.6433,47.0167,46.6433,46.6967,37.8948,30600,0,0
2017-06-05,46.6967,46.7233,46.5233,46.55,37.7758,27600,0,0
2017-06-06,46.2333,46.6,46.1233,46.4067,37.6595,14400,0,0
2017-06-07,46.54,46.5733,46.1267,46.2433,37.527,13800,0,0
2017-06-08,46.3,46.8533,46.3,46.81,37.9868,86700,0,0
2017-06-09,47.41,47.5433,47.2267,47.3633,38.4359,38400,0,0
2017-06-12,47.41,47.5433,47.41,47.44,38.4981,11100,0,0
2017-06-13,47.6833,47.7133,47.64,47.7133,38.7199,6000,0,0
2017-06-14,47.5,47.5,47.1133,47.24,38.3358,27900,0,0
2017-06-15,46.92,47.2233,46.92,47.1467,38.26,163200,0,0
2017-06-16,46.8,46.95,46.7067,46.95,38.1004,18600,0,0
2017-06-19,47.0167,47.2033,46.9567,47.0533,38.1843,21900,0,0
2017-06-20,46.79,46.79,46.5133,46.5267,37.7569,31200,0,0
2017-06-21,46.4133,46.4133,46.0167,46.0333,37.3565,10200,0,0
2017-06-22,46.03,46.2967,46,46.2733,37.5513,63600,0,0
2017-06-23,46.37,46.49,46.28,46.4733,37.7136,28800,0,0
2017-06-26,46.7033,46.7833,46.4767,46.7667,37.9517,10500,0,0
2017-06-27,46.51,46.8033,46.36,46.36,37.8144,18000,0.238333,0
2017-06-28,46.94,47.14,46.92,46.9767,38.3173,11100,0,0
2017-06-29,47.0167,47.0167,46.62,46.91,38.263,6600,0,0
2017-06-30,47.1333,47.1333,46.82,46.98,38.3201,14400,0,0
2017-07-03,46.98,47.55,46.98,47.55,38.785,7500,0,0
2017-07-05,47.41,47.41,46.7467,46.9567,38.301,12600,0,0
2017-07-06,46.7467,46.8133,46.3267,46.3267,37.7872,20100,0,0
2017-07-07,46.4067,46.7033,46.2433,46.68,38.0754,92100,0,0
2017-07-10,46.5067,46.78,46.5067,46.6667,38.0645,9300,0,0
2017-07-11,46.6567,46.6667,46.5333,46.66,38.0591,6300,0,0
2017-07-12,46.9133,47.23,46.9067,46.9967,38.3337,15000,0,0
2017-07-13,46.97,47.0833,46.9233,47.0833,38.4043,7200,0,0
2017-07-14,47.1,47.4267,47.1,47.4267,38.6844,9000,0,0
2017-07-17,47.26,47.5467,47.26,47.4167,38.6762,13500,0,0
2017-07-18,47.4167,47.4167,47.1633,47.2667,38.5539,17700,0,0
2017-07-19,47.5367,47.8033,47.5367,47.8033,38.9916,8100,0,0
2017-07-20,47.9433,47.9567,47.7,47.8533,39.0324,15900,0,0
2017-07-21,47.6633,47.6633,47.5567,47.57,38.8013,7500,0,0
2017-07-24,47.4667,47.5667,47.4333,47.54,38.7768,19500,0,0
2017-07-25,47.8667,48.29,47.8667,48.18,39.2989,8400,0,0
2017-07-26,48.33,48.33,47.75,47.75,38.9481,32700,0,0
2017-07-27,47.6067,47.8367,47.4767,47.6033,38.8285,9900,0,0
2017-07-28,47.6433,47.6433,47.3633,47.4433,38.698,8400,0,0
2017-07-31,47.47,47.47,47.2133,47.4133,38.6735,13800,0,0
2017-08-01,47.54,47.54,47.2867,47.4667,38.717,10200,0,0
2017-08-02,47.4867,47.4867,46.9667,47.1267,38.4397,16200,0,0
2017-08-03,47.0433,47.06,46.7933,46.84,38.2059,14400,0,0
2017-08-04,47,47.2033,47,47.11,38.4261,6600,0,0
2017-08-07,47.0067,47.2567,47.0067,47.1933,38.4941,5700,0,0
2017-08-08,47.0167,47.4467,46.9067,47.09,38.4098,18000,0,0
2017-08-09,46.7867,46.7867,46.5067,46.6067,38.0156,10500,0,0
2017-08-10,46.3933,46.3933,45.9433,45.9433,37.4745,14400,0,0
2017-08-11,45.72,45.8267,45.64,45.78,37.3413,54600,0,0
2017-08-14,45.9933,46.3333,45.9933,46.3,37.7654,25200,0,0
2017-08-15,46.1033,46.1167,45.9867,46,37.5207,12600,0,0
2017-08-16,46.21,46.21,45.9167,45.9167,37.4527,28200,0,0
2017-08-17,45.74,45.9233,45.2567,45.2567,36.9144,15600,0,0
2017-08-18,45.0533,45.31,44.8867,45.18,36.8519,14400,0,0
2017-08-21,45.0867,45.1167,44.96,44.9833,36.6915,40500,0,0
2017-08-22,45.2933,45.4367,45.27,45.4367,37.0612,12000,0,0
2017-08-23,45.28,45.56,45.28,45.4567,37.0775,18900,0,0
2017-08-24,45.5267,45.6067,45.4867,45.49,37.1047,24900,0,0
2017-08-25,45.6867,45.9,45.6867,45.8133,37.3685,11400,0,0
2017-08-28,45.8967,45.9567,45.61,45.69,37.2679,8700,0,0
2017-08-29,45.4333,45.7933,45.4333,45.79,37.3494,23400,0,0
2017-08-30,45.66,45.97,45.66,45.96,37.4881,16800,0,0
2017-08-31,46.24,46.3767,46.24,46.3767,37.828,5700,0,0
2017-09-01,46.4667,46.68,46.4667,46.6667,38.0645,12000,0,0
2017-09-05,46.7133,46.7533,45.9067,45.9667,37.4935,10800,0,0
2017-09-06,46.2167,46.2233,46.0767,46.2233,37.7029,9300,0,0
2017-09-07,45.9867,45.9867,45.8433,45.9,37.4392,7200,0,0
2017-09-08,45.7833,46.0567,45.7833,46.0333,37.5479,18300,0,0
2017-09-11,46.3067,46.7233,46.3067,46.6767,38.0727,21000,0,0
2017-09-12,46.8667,47.1533,46.8667,47.09,38.4098,10500,0,0
2017-09-13,47.21,47.33,47.21,47.2833,38.5675,8700,0,0
2017-09-14,47.19,47.26,47.1133,47.1433,38.4533,6900,0,0
2017-09-15,47.1033,47.3233,47.1033,47.3233,38.6001,45000,0,0
2017-09-18,47.64,47.64,47.5333,47.5833,38.8122,16500,0,0
2017-09-19,47.7167,47.7167,47.5733,47.6467,38.8638,11100,0,0
2017-09-20,47.6167,47.9133,47.6167,47.8967,39.0678,8100,0,0
2017-09-21,47.8533,47.8667,47.7867,47.8133,38.9998,10500,0,0
2017-09-22,47.6333,48.0067,47.6333,47.9667,39.1249,58500,0,0
2017-09-25,48.2633,48.2633,48.0267,48.24,39.3478,16200,0,0
2017-09-26,48.04,48.3233,48.04,48.22,39.5007,43800,0.206667,0
2017-09-27,48.3967,48.7467,48.1367,48.7433,39.9294,58200,0,0
2017-09-28,48.8933,48.8933,48.4867,48.8867,40.0468,28200,0,0
2017-09-29,48.93,49.0067,48.8533,48.8767,40.0387,34200,0,0
2017-10-02,48.9,49.3367,48.9,49.3367,40.4155,20400,0,0
2017-10-03,49.3633,49.4067,49.1667,49.4067,40.4728,117000,0,0
2017-10-04,49.4267,49.4867,49.2133,49.2867,40.3745,147300,0,0
2017-10-05,49.4033,49.6,49.2833,49.4667,40.522,208500,0,0
2017-10-06,49.3533,49.3667,49.1867,49.22,40.3199,19500,0,0
2017-10-09,49.3767,49.3833,49.0467,49.09,40.2134,67200,0,0
2017-10-10,49.3633,49.4133,49.2033,49.31,40.3936,21600,0,0
2017-10-11,49.34,49.3467,49.2,49.3167,40.3991,17400,0,0
2017-10-12,49.1967,49.2433,49.1567,49.1833,40.2899,13200,0,0
2017-10-13,49.3833,49.5067,49.2633,49.2633,40.3554,18600,0,0
2017-10-16,49.32,49.4767,49.17,49.1967,40.3008,15300,0,0
2017-10-17,49.21,49.2733,48.97,49.0367,40.1697,74100,0,0
2017-10-18,49.17,49.31,49.1267,49.2233,40.3226,53400,0,0
2017-10-19,48.9533,49.19,48.8767,49.19,40.2953,9000,0,0
2017-10-20,49.44,49.44,49.36,49.36,40.4346,20100,0,0
2017-10-23,49.4367,49.4367,48.9733,48.9733,40.1178,42600,0,0
2017-10-24,49.0567,49.2267,49.0567,49.07,40.197,13800,0,0
2017-10-25,49.0133,49.0133,48.3967,48.75,39.9349,43800,0,0
2017-10-26,48.8967,48.9767,48.7833,48.9533,40.1015,19200,0,0
2017-10-27,48.94,49.1133,48.6433,49.0733,40.1998,22500,0,0
2017-10-30,48.94,49.04,48.52,48.6767,39.8748,50100,0,0
2017-10-31,48.7533,48.8133,48.69,48.7967,39.9731,27900,0,0
2017-11-01,49.15,49.25,48.5167,48.6767,39.8748,14100,0,0
2017-11-02,48.7267,48.95,48.6767,48.81,39.984,14700,0,0
2017-11-03,48.7333,48.7333,48.52,48.5467,39.7683,9300,0,0
2017-11-06,48.53,48.8,48.52,48.7833,39.9622,19800,0,0
2017-11-07,48.7767,48.7767,48.1067,48.1567,39.4488,19500,0,0
2017-11-08,48.06,48.2433,47.9233,48.19,39.4761,11100,0,0
2017-11-09,47.9433,48.3467,47.9433,48.1567,39.4488,19500,0,0
2017-11-10,48.2367,48.2367,48.0067,48.09,39.3942,20400,0,0
2017-11-13,47.93,48.0467,47.86,48.0333,39.3478,18000,0,0
2017-11-14,47.8,47.9233,47.74,47.8367,39.1867,14700,0,0
2017-11-15,47.5233,47.7733,47.24,47.6533,39.0365,15900,0,0
2017-11-16,47.8567,48.3033,47.8567,48.1767,39.4652,17100,0,0
2017-11-17,48.1333,48.4967,48.1333,48.41,39.6564,24600,0,0
2017-11-20,48.49,48.6867,48.4767,48.6867,39.883,19200,0,0
2017-11-21,48.8333,49.0467,48.8167,48.9433,40.0933,18600,0,0
2017-11-22,49.0667,49.2033,49.04,49.09,40.2134,6300,0,0
2017-11-24,49.1833,49.1833,48.9367,48.9867,40.1288,5700,0,0
2017-11-27,48.97,49.0667,48.8833,48.9767,40.1206,9900,0,0
2017-11-28,49.0167,49.6867,49.0167,49.68,40.6967,10200,0,0
2017-11-29,49.8867,50.2833,49.8867,50.2833,41.191,43200,0,0
2017-11-30,50.4833,50.6333,50.3533,50.4433,41.322,8400,0,0
2017-12-01,50.44,50.44,49.3133,50.2367,41.1527,11100,0,0
2017-12-04,50.8367,51.06,50.59,50.6033,41.4531,17100,0,0
2017-12-05,50.63,50.63,50.16,50.1667,41.0954,1226100,0,0
2017-12-06,50.1167,50.1167,49.8767,49.8767,40.8578,8700,0,0
2017-12-07,49.7933,50.23,49.7933,50.0967,41.038,16200,0,0
2017-12-08,50.3067,50.37,50.2567,50.2633,41.1746,8700,0,0
2017-12-11,50.3933,50.3933,50.2633,50.2667,41.1773,398400,0,0
2017-12-12,50.3533,50.38,50.2133,50.2133,41.1336,11100,0,0
2017-12-13,50.1533,50.3133,50.1267,50.1267,41.0626,15000,0,0
2017-12-14,50.1467,50.18,49.45,49.4933,40.5438,21600,0,0
2017-12-15,49.8833,50.37,49.8833,50.0433,40.9944,23700,0,0
2017-12-18,50.4167,50.8067,50.4167,50.7767,41.5951,22500,0,0
2017-12-19,50.6267,50.6267,50.2,50.2,41.3382,16800,0.264667,0
2017-12-20,50.6067,50.6067,50.2833,50.3233,41.4397,12900,0,0
2017-12-21,50.33,50.7433,50.33,50.6533,41.7115,13800,0,0
2017-12-22,50.6233,50.6433,50.49,50.5933,41.6621,9900,0,0
2017-12-26,50.64,50.83,50.64,50.7133,41.7609,16200,0,0
2017-12-27,50.7733,50.84,50.6033,50.6167,41.6813,11400,0,0
2017-12-28,50.6967,50.8133,50.5833,50.8133,41.8432,16200,0,0
2017-12-29,50.8933,50.8967,50.72,50.7533,41.7938,16800,0,0
2018-01-02,50.7467,50.9,50.5833,50.8933,41.9091,33600,0,0
2018-01-03,50.9167,50.9433,50.8133,50.8267,41.8542,19200,0,0
2018-01-04,51.0333,51.12,50.9067,51.0733,42.0573,43800,0,0
2018-01-05,51.0967,51.12,50.92,51.1133,42.0903,12900,0,0
2018-01-08,51.08,51.39,50.9267,51.38,42.3099,33900,0,0
2018-01-09,51.38,51.38,51.14,51.1467,42.1177,17400,0,0
2018-01-10,51.0933,51.2833,51.0267,51.1167,42.093,22200,0,0
2018-01-11,51.2367,51.9933,51.2367,51.9933,42.8149,13500,0,0
2018-01-12,52.0867,52.1867,52.03,52.0833,42.889,81000,0,0
2018-01-16,52.38,52.4333,51.5167,51.5167,42.4224,17700,0,0
2018-01-17,51.8733,52.0033,51.7533,51.8867,42.7271,25500,0,0
2018-01-18,51.8433,51.8433,51.5133,51.5133,42.4197,20400,0,0
2018-01-19,51.4033,51.99,51.4033,51.99,42.8122,14700,0,0
2018-01-22,52.15,52.43,52.1,52.43,43.1745,14700,0,0
2018-01-23,52.46,52.5667,52.2167,52.5667,43.287,10200,0,0
2018-01-24,52.6533,52.7167,52.2867,52.34,43.1004,18600,0,0
2018-01-25,52.6133,52.6133,51.9867,52.21,42.9933,19500,0,0
2018-01-26,52.2933,52.2933,52.09,52.29,43.0592,13800,0,0
2018-01-29,52.2133,52.2133,51.92,51.92,42.7545,14400,0,0
2018-01-30,51.56,51.5633,51.21,51.31,42.2522,17100,0,0
2018-01-31,51.5933,51.6033,50.8633,51.06,42.0464,19200,0,0
2018-02-01,50.92,51.14,50.75,51.1233,42.0985,16200,0,0
2018-02-02,50.7067,50.7067,49.94,49.94,41.1241,22200,0,0
2018-02-05,49.3933,49.74,48.0467,48.1533,39.6528,26400,0,0
2018-02-06,46.87,48.55,46.7833,48.48,39.9218,44100,0,0
2018-02-07,48.39,48.77,48.39,48.44,39.8889,104100,0,0
2018-02-08,48.4,48.4367,46.9633,46.9633,38.6729,37200,0,0
2018-02-09,47.4433,47.4433,46,46.8333,38.5658,45900,0,0
2018-02-12,47.48,47.85,47.0733,47.85,39.403,12000,0,0
2018-02-13,47.45,47.7033,47.45,47.7033,39.2822,19200,0,0
2018-02-14,47.3567,48.53,47.3567,48.5167,39.952,19200,0,0
2018-02-15,48.8967,48.8967,48.48,48.75,40.1441,13200,0,0
2018-02-16,48.7233,49.3333,48.7233,49.1167,40.4461,70500,0,0
2018-02-20,48.77,49.1033,48.4167,48.6233,40.0398,27000,0,0
2018-02-21,48.67,49.2733,48.67,48.7867,40.1743,18300,0,0
2018-02-22,48.7767,49.1833,48.58,48.58,40.0041,58500,0,0
2018-02-23,48.8767,48.8867,48.69,48.8667,40.2402,7500,0,0
2018-02-26,49.02,49.3767,49.02,49.3633,40.6492,8400,0,0
2018-02-27,49.3133,49.6367,48.5967,48.5967,40.0179,24900,0,0
2018-02-28,48.23,48.44,47.72,47.72,39.296,20400,0,0
2018-03-01,47.74,48.0633,47.39,47.5367,39.145,9900,0,0
2018-03-02,47.1933,47.9633,47.01,47.9633,39.4963,8100,0,0
2018-03-05,48.0067,48.6867,48.0067,48.6867,40.092,10500,0,0
2018-03-06,48.9433,49.07,48.6333,49.04,40.3829,33600,0,0
2018-03-07,48.6467,49.0967,48.6467,49.0633,40.4021,10200,0,0
2018-03-08,49.1533,49.1533,48.7,48.88,40.2512,7800,0,0
2018-03-09,49.2967,49.5633,49.09,49.5633,40.8139,25200,0,0
2018-03-12,49.7433,49.8333,49.59,49.68,40.91,7500,0,0
2018-03-13,49.81,49.8267,49.43,49.43,40.7041,9300,0,0
2018-03-14,49.59,49.59,49.0233,49.0633,40.4021,10500,0,0
2018-03-15,49.1467,49.1467,48.7533,48.9,40.2677,11400,0,0
2018-03-16,48.9533,49.5,48.8467,49.38,40.6629,13800,0,0
2018-03-19,49.1567,49.1767,48.4367,48.8633,40.2375,24300,0,0
2018-03-20,49.05,49.05,48.6167,48.7267,40.1249,10800,0,0
2018-03-21,48.9,49.2167,48.89,49.2167,40.5284,33000,0,0
2018-03-22,48.3867,48.5433,47.6133,47.6133,39.3585,15000,0.188,0
2018-03-23,47.7133,47.7133,46.73,46.73,38.6283,39900,0,0
2018-03-26,47.2267,47.4167,46.78,47.4167,39.1959,10500,0,0
2018-03-27,47.66,47.66,47.0767,47.0767,38.9148,18600,0,0
2018-03-28,47.0067,47.34,46.98,47.09,38.9259,15000,0,0
2018-03-29,47.3867,47.8133,47.3867,47.6767,39.4108,16500,0,0
2018-04-02,47.52,47.52,46.2667,46.4333,38.3831,10800,0,0
2018-04-03,46.8267,47.4233,46.8267,47.3967,39.1794,9600,0,0
2018-04-04,46.88,47.79,46.88,47.79,39.5045,12900,0,0
2018-04-05,47.99,48.2967,47.9,48.1433,39.7966,29400,0,0
2018-04-06,46.95,49.43,46.95,47.26,39.0664,17700,0,0
2018-04-09,47.6767,47.76,47.23,47.23,39.0416,51600,0,0
2018-04-10,47.91,48.1667,47.91,48.1667,39.8159,6600,0,0
2018-04-11,47.8333,48.2067,47.8333,48.0967,39.758,30600,0,0
2018-04-12,48.2567,48.3633,48.2567,48.3633,39.9784,3900,0,0
2018-04-13,48.3733,48.4033,48.0967,48.0967,39.758,15000,0,0
2018-04-16,48.39,48.77,48.27,48.6,40.1741,21300,0,0
2018-04-17,48.7833,48.9967,48.75,48.85,40.3807,12300,0,0
2018-04-18,48.86,49.3267,48.86,49.1633,40.6397,169800,0,0
2018-04-19,48.8167,49.01,48.7167,48.7167,40.2705,50100,0,0
2018-04-20,48.7033,48.7033,48.3633,48.4367,40.0391,12300,0,0
2018-04-23,48.53,48.7033,48.3667,48.47,40.0666,11100,0,0
2018-04-24,48.7067,49.1333,48.5067,48.5067,40.0969,18000,0,0
2018-04-25,48.4467,48.7967,48.3133,48.6233,40.1934,36900,0,0
2018-04-26,48.4867,48.6367,48.4867,48.5233,40.1107,9900,0,0
2018-04-27,48.4033,48.6033,48.2733,48.52,40.1079,10800,0,0
2018-04-30,48.5967,48.5967,48.13,48.1433,39.7966,8400,0,0
2018-05-01,48.0467,48.2233,47.5,48.14,39.7938,46200,0,0
2018-05-02,48.09,48.4267,48.0033,48.25,39.8848,13200,0,0
2018-05-03,47.9433,48.0233,47.4,47.9033,39.5982,29700,0,0
2018-05-04,47.8033,48.6267,47.8033,48.4333,40.0363,15900,0,0
2018-05-07,48.9067,48.9067,48.7067,48.7433,40.2926,8100,0,0
2018-05-08,48.7533,48.8433,48.7,48.7367,40.287,8100,0,0
2018-05-09,49,49.2567,49,49.1467,40.626,13800,0,0
2018-05-10,49.2867,49.4833,49.2867,49.4167,40.8492,6300,0,0
2018-05-11,49.44,49.58,49.3667,49.4033,40.8381,16500,0,0
2018-05-14,49.4733,49.5267,49.4467,49.4767,40.8988,31800,0,0
2018-05-15,49.3633,49.5733,49.3633,49.43,40.8602,26100,0,0
2018-05-16,49.82,50.1167,49.6467,49.9333,41.2762,162300,0,0
2018-05-17,49.92,50.3867,49.92,50.1667,41.4691,15900,0,0
2018-05-18,50.17,50.2033,50.1533,50.1867,41.4857,7800,0,0
2018-05-21,50.5733,50.6767,50.5067,50.6533,41.8714,14700,0,0
2018-05-22,50.77,50.9467,50.4333,50.46,41.7116,19800,0,0
2018-05-23,50.2567,50.3533,50.2033,50.3467,41.6179,7200,0,0
2018-05-24,50.1733,50.41,50.1733,50.4067,41.6675,9300,0,0
2018-05-25,50.2933,50.3933,50.2367,50.2833,41.5656,9300,0,0
2018-05-29,50.0867,50.4567,49.8467,50.1533,41.4581,330600,0,0
2018-05-30,50.5333,51.09,50.5333,50.96,42.1249,16500,0,0
2018-05-31,50.8167,50.8533,50.43,50.47,41.7199,34800,0,0
2018-06-01,50.6933,50.91,50.6933,50.91,42.0836,7200,0,0
2018-06-04,50.97,51.1767,50.8467,51.04,42.191,18300,0,0
2018-06-05,50.94,51.2667,50.94,51.17,42.2985,9300,0,0
2018-06-06,51.3867,51.6267,51.2533,51.6033,42.6567,8100,0,0
2018-06-07,51.7667,51.9133,51.65,51.84,42.8523,14100,0,0
2018-06-08,51.6767,51.83,51.65,51.83,42.8441,5100,0,0
2018-06-11,51.81,52.0667,51.81,52,42.9846,10500,0,0
2018-06-12,51.9933,52.0833,51.8333,51.8733,42.8799,7500,0,0
2018-06-13,51.93,51.9633,51.5767,51.6333,42.6815,12600,0,0
2018-06-14,51.67,51.7,51.6,51.7,42.7366,6600,0,0
2018-06-15,51.5667,51.5867,51.19,51.4567,42.5355,21300,0,0
2018-06-18,51.3533,51.62,50.98,51.54,42.6044,31500,0,0
2018-06-19,51.52,51.82,51.28,51.7833,42.8055,258000,0,0
2018-06-20,52.0133,52.1633,51.8133,52.1533,43.1114,8700,0,0
2018-06-21,52.1867,52.1867,51.75,51.75,42.7779,12300,0,0
2018-06-22,52.1867,52.23,51.8667,51.8667,42.8744,57300,0,0
2018-06-25,51.8267,51.8267,51.1367,51.4367,42.5189,15000,0,0
2018-06-26,51.22,51.35,50.9133,51.2667,42.5848,14700,0.249333,0
2018-06-27,51.2567,51.27,50.7567,50.7567,42.1612,5400,0,0
2018-06-28,50.6767,50.7067,50.3833,50.6833,42.1003,255600,0,0
2018-06-29,50.82,51.09,50.82,50.8233,42.2166,6000,0,0
2018-07-02,50.35,50.5133,50.1967,50.51,41.9563,41700,0,0
2018-07-03,50.9,51.04,50.9,51.0367,42.3938,6900,0,0
2018-07-05,50.8267,51.2367,50.8267,51.2367,42.5599,25200,0,0
2018-07-06,51.3167,51.7433,51.3167,51.6767,42.9254,9300,0,0
2018-07-09,51.7933,52.12,51.7933,52.12,43.2937,10200,0,0
2018-07-10,52.3133,52.3133,51.8833,51.9567,43.158,12900,0,0
2018-07-11,51.7567,51.7567,51.46,51.46,42.7454,6000,0,0
2018-07-12,51.6,51.6,51.1533,51.3933,42.6901,28200,0,0
2018-07-13,51.54,51.7,51.4767,51.4767,42.7593,15300,0,0
2018-07-16,51.28,51.2867,50.8833,50.9867,42.3523,18000,0,0
2018-07-17,50.9467,51.26,50.9467,51.14,42.4796,29400,0,0
2018-07-18,51.0133,51.3633,51.0067,51.3633,42.6651,30300,0,0
2018-07-19,51.3533,51.7367,51.1967,51.7067,42.9503,18300,0,0
2018-07-20,51.6767,51.6767,51.5167,51.5167,42.7925,7800,0,0
2018-07-23,51.5067,51.7667,51.5067,51.7033,42.9476,7800,0,0
2018-07-24,51.92,51.9267,51.29,51.4033,42.6984,19500,0,0
2018-07-25,51.1533,51.2667,51.0833,51.2667,42.5848,14100,0,0
2018-07-26,51.3767,51.9467,51.3767,51.7567,42.9919,42600,0,0
2018-07-27,51.7033,51.83,51.14,51.1667,42.5018,84000,0,0
2018-07-30,51.3367,51.62,51.3367,51.3767,42.6762,31800,0,0
2018-07-31,51.4,51.7567,51.4,51.6767,42.9254,9000,0,0
2018-08-01,51.4733,51.5867,51.1733,51.4267,42.7177,11400,0,0
2018-08-02,51.1367,51.7433,51.1367,51.7433,42.9808,45600,0,0
2018-08-03,51.6567,51.8,51.6233,51.8,43.0279,23400,0,0
2018-08-06,51.8033,52.0233,51.8033,51.99,43.1857,27300,0,0
2018-08-07,52.23,52.4367,52.1467,52.1467,43.3158,7800,0,0
2018-08-08,51.8633,52.1767,51.8633,52.14,43.3103,8100,0,0
2018-08-09,52.2433,52.2433,52.0733,52.2033,43.3629,7500,0,0
2018-08-10,51.69,51.9967,51.69,51.86,43.0777,14700,0,0
2018-08-13,51.7933,51.7933,51.4967,51.4967,42.7759,4800,0,0
2018-08-14,51.79,52.08,51.79,51.98,43.1774,11100,0,0
2018-08-15,51.4567,51.47,51.3533,51.47,42.7537,4200,0,0
2018-08-16,51.5,52.0133,51.5,51.9167,43.1248,12000,0,0
2018-08-17,52,52.2133,51.9867,52.1933,43.3546,8400,0,0
2018-08-20,52.3567,52.4967,52.2233,52.45,43.5678,9600,0,0
2018-08-21,52.5533,53.0667,52.5533,52.9733,44.0025,9900,0,0
2018-08-22,52.9667,52.9933,52.9133,52.96,43.9914,17400,0,0
2018-08-23,52.7267,52.8333,52.6267,52.7033,43.7782,6300,0,0
2018-08-24,52.7567,52.9,52.7567,52.8667,43.9139,10800,0,0
2018-08-27,53.06,53.06,52.86,52.88,43.925,9300,0,0
2018-08-28,53.02,53.02,52.6767,52.84,43.8917,7200,0,0
2018-08-29,52.9167,52.96,52.5433,52.92,43.9582,15600,0,0
2018-08-30,52.7767,52.8167,52.5267,52.5633,43.6619,12900,0,0
2018-08-31,52.5433,52.6067,52.48,52.5767,43.673,7200,0,0
2018-09-04,52.5633,52.5633,52.26,52.36,43.493,4800,0,0
2018-09-05,52.29,52.56,52.29,52.5167,43.6231,5100,0,0
2018-09-06,52.52,52.52,52.2467,52.2533,43.4044,10800,0,0
2018-09-07,51.9,52.0033,51.84,51.9867,43.1829,10500,0,0
2018-09-10,52.2933,52.31,52.05,52.0667,43.2494,16200,0,0
2018-09-11,52,52.2067,52,52.1367,43.3075,6600,0,0
2018-09-12,52.2,52.2,51.8867,52.0967,43.2743,19200,0,0
2018-09-13,52.14,52.2133,52.0733,52.0733,43.2549,24000,0,0
2018-09-14,52,52.38,51.9967,52.38,43.5096,10800,0,0
2018-09-17,52.3767,52.3767,51.9833,51.9833,43.1801,5100,0,0
2018-09-18,52.1067,52.2167,51.9167,52.1867,43.349,71700,0,0
2018-09-19,51.94,52.3867,51.94,52.0767,43.2577,13500,0,0
2018-09-20,52.3467,52.5833,52.3267,52.5767,43.673,6600,0,0
2018-09-21,52.6667,52.6667,52.4667,52.47,43.5844,9600,0,0
2018-09-24,52.45,52.45,51.86,52.0933,43.2715,6600,0,0
2018-09-25,52.15,52.15,52.0433,52.0433,43.23,3900,0,0
2018-09-26,51.7467,51.7467,51.1667,51.1667,42.7449,8100,0.296,0
2018-09-27,51.0867,51.38,51.0867,51.0967,42.6864,9600,0,0
2018-09-28,51.13,51.36,51.13,51.2467,42.8117,11400,0,0
2018-10-01,51.07,51.07,50.8133,50.8133,42.4497,41400,0,0
2018-10-02,50.73,50.9967,50.5667,50.6167,42.2854,61800,0,0
2018-10-03,50.6767,51.1167,50.6367,50.97,42.5806,18900,0,0
2018-10-04,50.7967,50.7967,50.3167,50.43,42.1295,19200,0,0
2018-10-05,50.42,50.4467,49.8567,50.12,41.8705,100800,0,0
2018-10-08,49.9933,50.4567,49.9933,50.4567,42.1518,18600,0,0
2018-10-09,50.37,50.37,50.1133,50.1133,41.8649,19500,0,0
2018-10-10,50.0867,50.0867,49.6667,49.68,41.5029,13500,0,0
2018-10-11,48.8533,48.9767,48.1867,48.49,40.5088,24300,0,0
2018-10-12,48.5733,48.5733,47.26,47.6733,39.8265,20400,0,0
2018-10-15,47.6867,48.3167,47.6867,48.1233,40.2025,21300,0,0
2018-10-16,48.1467,48.9267,48.1233,48.9,40.8513,25800,0,0
2018-10-17,48.7833,48.8067,48.5933,48.6433,40.6369,9300,0,0
2018-10-18,48.5133,48.5133,47.8133,47.8133,39.9435,8700,0,0
2018-10-19,47.9267,48.14,47.6233,47.6233,39.7848,14100,0,0
2018-10-22,47.5433,47.5433,47.29,47.29,39.5063,9300,0,0
2018-10-23,46.71,47.1267,46.1733,46.9567,39.2278,42600,0,0
2018-10-24,47,47,45.4533,45.4533,37.9719,19200,0,0
2018-10-25,45.6667,46.45,45.6667,46.17,38.5706,33300,0,0
2018-10-26,45.6667,45.97,45.23,45.7467,38.217,10800,0,0
2018-10-29,46.3033,46.78,45.4333,45.4333,37.9552,21300,0,0
2018-10-30,45.7333,46.4533,45.7333,46.4533,38.8073,20700,0,0
2018-10-31,46.8933,47.0133,46.8033,46.9233,39.2,13500,0,0
2018-11-01,46.8067,47.2767,46.8067,47.24,39.4645,18900,0,0
2018-11-02,47.4333,47.46,46.9033,47.1467,39.3866,8700,0,0
2018-11-05,47.6633,47.7533,47.3433,47.7433,39.885,20700,0,0
2018-11-06,47.71,47.8967,47.71,47.7233,39.8683,14100,0,0
2018-11-07,48.14,48.3833,47.74,48.3833,40.4197,17700,0,0
2018-11-08,48.2367,48.3433,48.0967,48.1633,40.2359,17100,0,0
2018-11-09,47.9967,47.9967,47.5367,47.8233,39.9519,9300,0,0
2018-11-12,47.8233,47.8233,47.1733,47.1733,39.4088,21600,0,0
2018-11-13,47.3933,47.6433,47.1367,47.1367,39.3782,10800,0,0
2018-11-14,47.51,47.51,46.4933,46.8033,39.0997,15900,0,0
2018-11-15,46.48,47.18,46.48,47.18,39.4144,13500,0,0
2018-11-16,46.8667,47.1267,46.8333,47.1267,39.3698,20700,0,0
2018-11-19,47.0133,47.2633,46.6667,46.6667,38.9856,12300,0,0
2018-11-20,46.09,46.33,45.74,45.7833,38.2476,19800,0,0
2018-11-21,45.99,46.5533,45.99,46.2233,38.6152,7500,0,0
2018-11-23,45.8533,45.8533,45.8533,45.8533,38.3061,4200,0,0
2018-11-26,46.4267,46.8133,46.4267,46.6567,38.9772,13800,0,0
2018-11-27,46.33,46.6333,46.31,46.31,38.6876,13200,0,0
2018-11-28,46.5033,47.02,46.0267,46.9967,39.2612,9600,0,0
2018-11-29,46.9533,47.2867,46.7167,47.05,39.3058,12600,0,0
2018-11-30,46.8533,47.3333,46.8533,47.3333,39.5425,10500,0,0
2018-12-03,47.9367,47.9367,47.3633,47.51,39.6901,11400,0,0
2018-12-04,47.4433,47.4433,45.9067,45.9067,38.3507,18300,0,0
2018-12-06,45.2333,45.6733,44.8067,45.6733,38.1557,21000,0,0
2018-12-07,45.73,45.84,44.83,45.1167,37.6907,36600,0,0
2018-12-10,44.9567,45,44.1667,44.5167,37.1894,28500,0,0
2018-12-11,45.0533,45.0933,44.2933,44.4667,37.1477,34800,0,0
2018-12-12,44.8733,45.1967,44.6967,44.6967,37.3398,52800,0,0
2018-12-13,44.6967,44.6967,44.13,44.13,36.8664,15600,0,0
2018-12-14,43.9367,44.1933,43.4767,43.4767,36.3206,33900,0,0
2018-12-17,42.9333,43.4267,42.1433,42.2433,35.5229,73800,0.284667,0
2018-12-18,42.5467,42.93,42.12,42.1533,35.4472,199200,0,0
2018-12-19,42.25,42.58,41.1567,41.3367,34.7605,42900,0,0
2018-12-20,41.1367,41.37,40.4433,40.69,34.2167,59400,0,0
2018-12-21,40.8233,41.1,39.9167,40.0067,33.642,95700,0,0
2018-12-24,39.8233,39.8233,39.0133,39.0133,32.8067,58200,0,0
2018-12-26,39.2233,40.73,38.8867,40.73,34.2503,83400,0,0
2018-12-27,40.0533,40.7333,39.4633,40.7333,34.2531,78900,0,0
2018-12-28,40.9433,41.3833,40.61,40.8567,34.3568,594300,0,0
2018-12-31,40.98,41.0867,40.45,41.0567,34.525,77700,0,0
2019-01-02,40.57,41.3867,40.5167,41.2867,34.7184,47100,0,0
2019-01-03,41.03,41.5867,40.8233,41.0633,34.5306,11400,0,0
2019-01-04,42.0133,42.4467,42.0133,42.37,35.6294,17700,0,0
2019-01-07,42.63,43.0933,42.63,42.99,36.1507,57000,0,0
2019-01-08,43.3233,43.5267,43.0833,43.5267,36.6021,24300,0,0
2019-01-09,43.62,44.0267,43.62,43.94,36.9496,8100,0,0
2019-01-10,43.7933,44.2567,43.7933,44.2533,37.2131,34800,0,0
2019-01-11,44.12,44.3933,44.0567,44.3167,37.2664,49200,0,0
2019-01-14,43.9933,44.41,43.98,44.18,37.1514,23700,0,0
2019-01-15,44.18,44.36,44.1567,44.36,37.3028,14700,0,0
2019-01-16,44.5233,44.8367,44.5233,44.7933,37.6672,13500,0,0
2019-01-17,44.65,45.1567,44.65,45.1567,37.9727,11700,0,0
2019-01-18,45.3633,45.79,45.3567,45.6933,38.424,29400,0,0
2019-01-22,45.3667,45.49,44.81,45.0433,37.8774,25200,0,0
2019-01-23,45.1167,45.27,44.6867,44.9367,37.7877,61800,0,0
2019-01-24,44.94,45.23,44.94,45.2267,38.0316,20100,0,0
2019-01-25,45.4233,45.8,45.4233,45.7333,38.4577,38700,0,0
2019-01-28,45.5,45.8133,45.41,45.7567,38.4773,16200,0,0
2019-01-29,45.76,45.9633,45.76,45.8567,38.5614,29100,0,0
2019-01-30,46,46.2667,45.65,46.0767,38.7464,12900,0,0
2019-01-31,45.9867,46.3033,45.9867,46.3033,38.937,23700,0,0
2019-02-01,46.3233,46.4467,46.1933,46.3633,38.9874,26100,0,0
2019-02-04,46.3433,46.6967,46.2167,46.6967,39.2677,19800,0,0
2019-02-05,46.89,46.9,46.6733,46.8,39.3546,18300,0,0
2019-02-06,46.6467,46.8067,46.6467,46.7267,39.293,23400,0,0
2019-02-07,46.6,46.6,46.1233,46.47,39.0771,81300,0,0
2019-02-08,46.24,46.2833,45.94,46.2733,38.9117,56700,0,0
2019-02-11,46.3067,46.5467,46.3067,46.5467,39.1416,12000,0,0
2019-02-12,46.77,47.0767,46.77,46.9233,39.4583,24300,0,0
2019-02-13,46.9667,47.1433,46.92,47.1033,39.6097,18600,0,0
2019-02-14,46.7767,47.3167,46.7767,47.0733,39.5845,34500,0,0
2019-02-15,47.4467,47.7333,47.4467,47.71,40.1199,17100,0,0
2019-02-19,47.49,48.0667,47.49,47.9867,40.3525,19200,0,0
2019-02-20,47.92,48.3567,47.92,48.31,40.6244,15300,0,0
2019-02-21,48.2,48.2,48.0267,48.0967,40.445,11700,0,0
2019-02-22,48.1633,48.37,48.1633,48.3167,40.63,16800,0,0
2019-02-25,48.4033,48.4833,48.0933,48.1,40.4478,18600,0,0
2019-02-26,48.1,48.1,47.75,47.75,40.1535,22800,0,0
2019-02-27,47.63,47.78,47.5433,47.74,40.1451,16500,0,0
2019-02-28,47.6533,47.78,47.6533,47.69,40.103,12600,0,0
2019-03-01,47.7467,47.96,47.7233,47.96,40.3301,10200,0,0
2019-03-04,48.0167,48.0167,47.4467,47.69,40.103,37200,0,0
2019-03-05,47.8233,47.8233,47.4933,47.55,39.9853,11100,0,0
2019-03-06,47.4333,47.4333,46.7767,46.7933,39.349,9900,0,0
2019-03-07,46.6767,46.6767,46.1967,46.23,38.8753,9300,0,0
2019-03-08,45.88,46.1367,45.83,46.0567,38.7296,15300,0,0
2019-03-11,46.36,46.6133,46.36,46.6133,39.1977,6900,0,0
2019-03-12,46.75,46.75,46.61,46.6467,39.2257,15600,0,0
2019-03-13,47.0067,47.0067,46.8367,46.8367,39.3855,6600,0,0
2019-03-14,46.7433,46.7733,46.6267,46.6533,39.2313,7800,0,0
2019-03-15,46.7733,46.8267,46.6533,46.6567,39.2341,8400,0,0
2019-03-18,46.7,47.11,46.7,47.0733,39.5845,33900,0,0
2019-03-19,47.2133,47.2133,46.57,46.57,39.1612,17700,0,0
2019-03-20,46.41,46.41,45.8467,45.8467,38.7624,12300,0.251667,0
2019-03-21,45.66,46.4767,45.66,46.2867,39.1344,10800,0,0
2019-03-22,46.1033,46.1033,44.9633,44.9633,38.0156,11700,0,0
2019-03-25,45.0033,45.1233,44.6333,45.0467,38.0861,21900,0,0
2019-03-26,45.3267,45.69,45.3,45.6167,38.568,19200,0,0
2019-03-27,45.6033,45.7567,45.32,45.6667,38.6102,8400,0,0
2019-03-28,45.8267,45.9767,45.5167,45.9767,38.8723,11400,0,0
2019-03-29,46.2067,46.2067,45.8933,45.96,38.8583,19200,0,0
2019-04-01,46.2433,46.7467,46.2433,46.7467,39.5234,16800,0,0
2019-04-02,46.67,46.67,46.4433,46.58,39.3824,11100,0,0
2019-04-03,46.79,46.8767,46.61,46.6967,39.4811,6300,0,0
2019-04-04,46.7467,47.2,46.7467,47.2,39.9067,12000,0,0
2019-04-05,47.2667,47.6667,47.2667,47.6667,40.3012,62100,0,0
2019-04-08,47.6,47.67,47.53,47.63,40.2702,20400,0,0
2019-04-09,47.3333,47.3333,47,47,39.7376,9300,0,0
2019-04-10,47.2767,47.61,47.1767,47.6,40.2448,12000,0,0
2019-04-11,47.5633,47.7867,47.5633,47.6567,40.2927,16800,0,0
2019-04-12,47.92,48.1,47.74,48.0367,40.614,13200,0,0
2019-04-15,48.0267,48.0267,47.73,47.76,40.3801,9600,0,0
2019-04-16,47.9967,47.9967,47.7633,47.96,40.5492,34500,0,0
2019-04-17,48.03,48.03,47.78,47.83,40.4393,10500,0,0
2019-04-18,47.7467,48.02,47.5767,47.61,40.2533,13500,0,0
2019-04-22,47.4933,47.5,47.1067,47.2433,39.9433,9900,0,0
2019-04-23,47.4033,47.9167,47.35,47.9167,40.5126,14100,0,0
2019-04-24,48.0233,48.1133,47.9233,47.9833,40.5689,8700,0,0
2019-04-25,47.32,47.5267,47.3033,47.3033,39.994,45600,0,0
2019-04-26,47.4633,47.7433,47.3633,47.7433,40.366,15000,0,0
2019-04-29,47.8433,48.0367,47.84,47.91,40.5069,15300,0,0
2019-04-30,48.0067,48.0067,47.6433,47.8767,40.4787,6900,0,0
2019-05-01,47.8367,47.92,47.4233,47.4233,40.0955,19800,0,0
2019-05-02,47.3367,47.3367,47.0367,47.2633,39.9602,8400,0,0
2019-05-03,47.4567,48.0067,47.4567,48.0067,40.5887,21300,0,0
2019-05-06,47.34,48.11,47.34,48.0567,40.6309,10200,0,0
2019-05-07,47.5633,47.5733,47.0533,47.2533,39.9517,20700,0,0
2019-05-08,47.1367,47.35,46.9633,46.9633,39.7066,7800,0,0
2019-05-09,46.6,46.8033,46.4733,46.7433,39.5206,10500,0,0
2019-05-10,46.63,46.8067,46.1733,46.8033,39.5713,17400,0,0
2019-05-13,46.03,46.04,45.4067,45.5133,38.4806,12000,0,0
2019-05-14,45.5967,46.13,45.5967,46.0567,38.94,9900,0,0
2019-05-15,45.7767,46.0867,45.7,46.0667,38.9484,23400,0,0
2019-05-16,46.4267,46.5067,46.2133,46.2833,39.1316,6900,0,0
2019-05-17,46.0067,46.3067,45.8033,45.82,38.7399,7800,0,0
2019-05-20,45.4933,45.7067,45.4667,45.4667,38.4411,8100,0,0
2019-05-21,45.7333,45.9267,45.7333,45.8767,38.7878,11700,0,0
2019-05-22,45.73,45.73,45.2767,45.3333,38.3284,8100,0,0
2019-05-23,44.9533,44.9533,44.2933,44.4667,37.5957,91200,0,0
2019-05-24,44.7867,44.7867,44.5333,44.7233,37.8127,10200,0,0
2019-05-28,44.7433,44.7433,44.3533,44.3533,37.4999,9300,0,0
2019-05-29,44.1,44.11,43.8167,44.11,37.2941,12000,0,0
2019-05-30,44.1767,44.2433,43.6233,43.7833,37.0179,186900,0,0
2019-05-31,43.25,43.3367,43.22,43.2533,36.5698,11700,0,0
2019-06-03,43.3867,43.9233,43.3867,43.7967,37.0292,20400,0,0
2019-06-04,44.3367,44.91,44.2733,44.86,37.9282,174300,0,0
2019-06-05,44.56,44.8367,44.35,44.7033,37.7958,61200,0,0
2019-06-06,44.4267,44.7833,44.2267,44.71,37.8014,160500,0,0
2019-06-07,44.7867,44.9067,44.7867,44.8167,37.8916,13500,0,0
2019-06-10,44.9333,45.2,44.9333,44.9367,37.993,7200,0,0
2019-06-11,45.2833,45.2833,44.8733,44.9667,38.0184,19500,0,0
2019-06-12,44.9667,44.9667,44.81,44.8233,37.8972,12300,0,0
2019-06-13,44.9333,45.2467,44.9333,45.17,38.1903,10800,0,0
2019-06-14,45.1333,45.1333,44.8567,44.8967,37.9592,18900,0,0
2019-06-17,44.53,44.67,44.4867,44.4867,37.843,13200,0.273333,0
2019-06-18,44.81,45.2933,44.81,45.07,38.3392,47400,0,0
2019-06-19,45.05,45.14,44.9967,45.1067,38.3704,21300,0,0
2019-06-20,45.52,45.52,45.19,45.4167,38.6341,13500,0,0
2019-06-21,45.41,45.41,45.0367,45.0833,38.3505,31800,0,0
2019-06-24,45.0433,45.0933,44.59,44.59,37.9309,137400,0,0
2019-06-25,44.59,44.6733,44.4933,44.4933,37.8486,25500,0,0
2019-06-26,44.62,44.71,44.5167,44.5167,37.8685,9600,0,0
2019-06-27,44.8367,45.0633,44.67,45.06,38.3307,12000,0,0
2019-06-28,45.06,45.7167,45.06,45.6867,38.8638,28200,0,0
2019-07-01,46.1967,46.1967,45.5933,45.75,38.9176,53400,0,0
2019-07-02,45.6467,45.6467,45.3233,45.4767,38.6851,13500,0,0
2019-07-03,45.54,45.88,45.54,45.8667,39.0169,8100,0,0
2019-07-05,45.69,46.0567,45.6233,46.0167,39.1445,11700,0,0
2019-07-08,45.8133,45.8633,45.5933,45.6433,38.8269,9900,0,0
2019-07-09,45.4067,45.5033,45.2733,45.5033,38.7078,22800,0,0
2019-07-10,45.6,45.6,45.3767,45.4133,38.6313,27000,0,0
2019-07-11,45.54,45.54,45.07,45.2333,38.4781,11400,0,0
2019-07-12,45.3733,45.7467,45.3733,45.6833,38.8609,14400,0,0
2019-07-15,45.7333,45.7333,45.24,45.2933,38.5292,15900,0,0
2019-07-16,45.17,45.5533,45.17,45.4433,38.6568,19800,0,0
2019-07-17,45.2867,45.2867,45.0167,45.0167,38.2938,11700,0,0
2019-07-18,45.09,45.13,45.07,45.1133,38.3761,4800,0,0
2019-07-19,45.11,45.33,45.09,45.09,38.3562,9000,0,0
2019-07-22,45.0933,45.0933,44.7933,44.8333,38.1379,19800,0,0
2019-07-23,44.8933,45.3833,44.8933,45.3833,38.6057,4500,0,0
2019-07-24,45.56,46.2067,45.56,46.18,39.2834,12600,0,0
2019-07-25,46.18,46.18,45.6467,45.6467,38.8297,9000,0,0
2019-07-26,45.8833,46.0533,45.8833,46.0533,39.1757,5100,0,0
2019-07-29,45.9767,45.9767,45.8433,45.8433,38.997,8100,0,0
2019-07-30,45.6333,46.2233,45.6333,46.2233,39.3203,9000,0,0
2019-07-31,46.16,46.4667,45.97,45.97,39.1048,5400,0,0
2019-08-01,45.7567,45.7567,44.6033,44.6167,37.9536,10500,0,0
2019-08-02,44.45,44.45,44.0267,44.1467,37.5538,14700,0,0
2019-08-05,43.5233,43.5233,42.6667,42.93,36.5188,15600,0,0
2019-08-06,43.1867,43.24,42.66,43.14,36.6974,13800,0,0
2019-08-07,42.36,43.0967,42.3567,43.09,36.6549,8100,0,0
2019-08-08,43.34,43.85,43.34,43.85,37.3014,9600,0,0
2019-08-09,43.5867,43.5867,43.0933,43.2033,36.7513,9000,0,0
2019-08-12,42.8833,42.8833,42.52,42.5233,36.1728,7200,0,0
2019-08-13,42.5433,43.3167,42.5433,42.9633,36.5471,11400,0,0
2019-08-14,42.1267,42.1267,41.6433,41.75,35.515,5400,0,0
2019-08-15,41.65,41.65,41.31,41.5033,35.3052,9000,0,0
2019-08-16,41.7233,42.44,41.7233,42.4133,36.0793,6900,0,0
2019-08-19,42.89,43.05,42.89,42.9267,36.5159,45000,0,0
2019-08-20,42.63,42.63,42.5567,42.5567,36.2012,6300,0,0
2019-08-21,42.7467,42.7633,42.67,42.74,36.3572,7800,0,0
2019-08-22,42.78,42.8567,42.61,42.81,36.4167,11400,0,0
2019-08-23,42.7367,42.7367,41.4767,41.4767,35.2825,15900,0,0
2019-08-26,41.7067,41.86,41.7067,41.86,35.6086,8100,0,0
2019-08-27,41.65,41.65,41.3167,41.32,35.1492,9300,0,0
2019-08-28,41.1667,41.8833,41.1667,41.7533,35.5178,32400,0,0
2019-08-29,42.06,42.57,42.06,42.54,36.187,13500,0,0
2019-08-30,42.6933,42.6933,42.5133,42.6367,36.2693,8100,0,0
2019-09-03,42.2533,42.2533,41.9267,42.09,35.8042,8400,0,0
2019-09-04,42.5167,42.64,42.4133,42.62,36.2551,10200,0,0
2019-09-05,43.3767,43.7667,43.3767,43.53,37.0292,17100,0,0
2019-09-06,43.4567,43.65,43.4567,43.4733,36.981,21600,0,0
2019-09-09,43.57,44.3933,43.57,44.3933,37.7636,17700,0,0
2019-09-10,44.4733,45.0767,44.4733,45.0767,38.3449,16800,0,0
2019-09-11,44.9933,45.92,44.9933,45.8833,39.0311,34200,0,0
2019-09-12,45.82,45.9,45.5667,45.7667,38.9318,30300,0,0
2019-09-13,46.0167,46.0933,45.9433,45.9433,39.0821,7800,0,0
2019-09-16,45.87,46.0733,45.83,45.9633,39.0991,35700,0,0
2019-09-17,45.7933,45.7933,45.38,45.52,38.722,26400,0,0
2019-09-18,45.4933,45.4933,45.0867,45.2967,38.532,11700,0,0
2019-09-19,45.2967,45.6667,45.1767,45.1767,38.4299,11700,0,0
2019-09-20,45.14,45.4333,45.06,45.0633,38.3335,11700,0,0
2019-09-23,44.75,45.26,44.75,45.13,38.3902,9900,0,0
2019-09-24,45,45,44.2233,44.27,37.8974,12900,0.284333,0
2019-09-25,44.5033,44.9533,44.3633,44.8833,38.4225,12900,0,0
2019-09-26,44.97,44.97,44.45,44.54,38.1286,16500,0,0
2019-09-27,44.78,44.9,44.2967,44.3767,37.9887,16500,0,0
2019-09-30,44.59,44.69,44.4933,44.5767,38.16,19200,0,0
2019-10-01,44.6733,44.9533,43.6867,43.7167,37.4237,32700,0,0
2019-10-02,43.28,43.28,42.8667,43.1167,36.9101,13200,0,0
2019-10-03,43.0067,43.18,42.6433,43.15,36.9386,17100,0,0
2019-10-04,43.14,43.5533,43,43.5533,37.2839,12000,0,0
2019-10-07,43.3633,43.64,43.3633,43.4033,37.1555,11100,0,0
2019-10-08,42.9333,42.9333,42.6,42.6,36.4678,10800,0,0
2019-10-09,42.7933,42.9233,42.6133,42.7967,36.6362,11400,0,0
2019-10-10,42.81,43.2967,42.81,43.1433,36.9329,9600,0,0
2019-10-11,43.7133,44.3267,43.7133,44.0133,37.6777,33000,0,0
2019-10-14,43.5333,43.8933,43.5333,43.83,37.5208,16500,0,0
2019-10-15,44.0167,44.4167,44.0167,44.27,37.8974,18300,0,0
2019-10-16,44.5,44.5,44.2267,44.2967,37.9203,17400,0,0
2019-10-17,44.59,44.7067,44.52,44.6433,38.217,6300,0,0
2019-10-18,44.5333,44.73,44.45,44.6767,38.2456,16200,0,0
2019-10-21,44.8533,45.2967,44.8533,45.1333,38.6365,13500,0,0
2019-10-22,45.17,45.5733,45.0733,45.34,38.8134,47400,0,0
2019-10-23,45.2233,45.4533,45.1233,45.4533,38.9104,11700,0,0
2019-10-24,45.6467,45.6467,44.9967,45.2067,38.6993,8700,0,0
2019-10-25,45.2733,45.5333,45.2733,45.4667,38.9218,18300,0,0
2019-10-28,45.78,45.9267,45.64,45.6767,39.1016,14700,0,0
2019-10-29,45.4567,45.92,45.4567,45.8233,39.2272,13500,0,0
2019-10-30,45.7933,45.7933,45.47,45.6833,39.1073,10800,0,0
2019-10-31,45.3167,45.3267,45.0667,45.3,38.7792,14400,0,0
2019-11-01,45.5233,46.14,45.5233,46.14,39.4982,28200,0,0
2019-11-04,46.3633,46.73,46.3633,46.68,39.9605,19200,0,0
2019-11-05,46.6867,47.0067,46.6867,46.8133,40.0746,14700,0,0
2019-11-06,46.69,46.77,46.4833,46.64,39.9263,13500,0,0
2019-11-07,47.09,47.1367,46.7533,46.7633,40.0318,14400,0,0
2019-11-08,46.62,46.82,46.62,46.8033,40.0661,11700,0,0
2019-11-11,46.5,46.69,46.5,46.5833,39.8778,5100,0,0
2019-11-12,46.7733,46.7733,46.5167,46.5167,39.8207,8400,0,0
2019-11-13,46.3367,46.5033,46.3367,46.3867,39.7094,5400,0,0
2019-11-14,46.5267,46.56,46.3567,46.4167,39.7351,7500,0,0
2019-11-15,46.5333,46.6367,46.4467,46.4967,39.8036,20700,0,0
2019-11-18,46.3367,46.3467,46.2233,46.3467,39.6752,9300,0,0
2019-11-19,46.4333,46.4533,46.3233,46.3233,39.6552,9900,0,0
2019-11-20,46.12,46.2667,45.7867,46.01,39.387,8100,0,0
2019-11-21,46.2133,46.2133,45.7833,45.9033,39.2956,12600,0,0
2019-11-22,46,46.1633,45.95,46.1267,39.4868,20700,0,0
2019-11-25,46.3833,46.72,46.3833,46.6833,39.9634,55500,0,0
2019-11-26,46.6333,46.8667,46.6333,46.7433,40.0147,42900,0,0
2019-11-27,46.8733,47.0833,46.8733,47.0533,40.2801,3600,0,0
2019-11-29,46.9433,46.9433,46.6933,46.6933,39.9719,6600,0,0
2019-12-02,46.7467,46.7467,46.3833,46.3833,39.7065,11100,0,0
2019-12-03,45.7033,46.0133,45.69,46.0133,39.3898,6000,0,0
2019-12-04,46.0967,46.63,46.0967,46.4367,39.7522,21300,0,0
2019-12-05,46.4633,46.6767,46.4567,46.55,39.8492,8100,0,0
2019-12-06,46.8,47.33,46.8,47.1433,40.3572,15300,0,0
2019-12-09,47.19,47.2267,47.0967,47.0967,40.3172,13500,0,0
2019-12-10,47.13,47.13,46.97,47.03,40.2601,9300,0,0
2019-12-11,47.18,47.18,47.0433,47.09,40.3115,8400,0,0
2019-12-12,47.6667,47.8233,47.5133,47.7933,40.9136,10500,0,0
2019-12-13,47.7767,47.7767,47.3533,47.4267,40.5997,14400,0,0
2019-12-16,47.3567,47.7067,47.3567,47.4933,40.9321,21300,0.319,0
2019-12-17,47.6733,47.7967,47.6033,47.7933,41.1906,9300,0,0
2019-12-18,47.79,47.9567,47.7733,47.9167,41.2969,6900,0,0
2019-12-19,47.9733,48.02,47.97,47.97,41.3429,6000,0,0
2019-12-20,48.22,48.22,48.0267,48.0667,41.4262,36900,0,0
2019-12-23,48.09,48.09,47.9133,47.9967,41.3659,23700,0,0
2019-12-24,48.0733,48.0733,48.02,48.02,41.386,3000,0,0
2019-12-26,47.94,48.1367,47.94,48.1367,41.4865,7200,0,0
2019-12-27,47.94,47.9867,47.8367,47.8367,41.228,9900,0,0
2019-12-30,48.0067,48.0067,47.7467,47.7567,41.159,21900,0,0
2019-12-31,47.9867,48.05,47.8733,47.8733,41.2596,25500,0,0
2020-01-02,48.1167,48.1167,47.4533,47.77,41.1705,15000,0,0
2020-01-03,47.3867,47.62,47.3633,47.56,40.9895,12000,0,0
2020-01-06,47.1967,47.5533,47.1967,47.5,40.9378,29700,0,0
2020-01-07,47.35,47.4967,47.2533,47.39,40.843,11700,0,0
2020-01-08,47.48,47.6167,47.3633,47.45,40.8947,17100,0,0
2020-01-09,47.3767,47.43,47.3167,47.3867,40.8402,30300,0,0
2020-01-10,47.4167,47.4167,47.2367,47.2833,40.7511,24600,0,0
2020-01-13,47.3467,47.67,47.34,47.67,41.0843,11700,0,0
2020-01-14,47.6667,48.03,47.6,47.86,41.2481,33600,0,0
2020-01-15,47.84,48.0233,47.7433,47.7633,41.1648,13200,0,0
2020-01-16,47.9067,48.38,47.9067,48.34,41.6618,40800,0,0
2020-01-17,48.2667,48.29,48.2433,48.2467,41.5813,13800,0,0
2020-01-21,48.09,48.09,47.7367,47.7533,41.1562,15600,0,0
2020-01-22,47.8333,47.8633,47.7333,47.7333,41.1389,16500,0,0
2020-01-23,47.41,47.8033,47.2667,47.6867,41.0987,34500,0,0
2020-01-24,47.7,47.7,46.7867,47.08,40.5758,14100,0,0
2020-01-27,46.4,46.53,46.3333,46.3333,39.9323,29100,0,0
2020-01-28,46.65,46.8567,46.6433,46.6733,40.2254,16500,0,0
2020-01-29,46.7067,46.8533,46.6067,46.6067,40.1679,13200,0,0
2020-01-30,46.39,46.6133,46.1233,46.5533,40.1219,37200,0,0
2020-01-31,46.27,46.27,45.7167,45.7367,39.4181,39300,0,0
2020-02-03,45.9367,46.4133,45.9367,46.0933,39.7255,24900,0,0
2020-02-04,46.7167,46.9133,46.68,46.68,40.2311,14400,0,0
2020-02-05,47.16,47.7133,47.16,47.7,41.1102,21300,0,0
2020-02-06,47.7933,47.7933,47.3767,47.3767,40.8315,7800,0,0
2020-02-07,46.9233,46.9667,46.77,46.78,40.3173,15300,0,0
2020-02-10,46.8233,46.9367,46.77,46.9367,40.4523,18900,0,0
2020-02-11,47.0833,47.53,47.0833,47.27,40.7396,11400,0,0
2020-02-12,47.6667,47.6867,47.5233,47.67,41.0843,22800,0,0
2020-02-13,47.57,47.7367,47.57,47.7367,41.1418,6900,0,0
2020-02-14,47.6867,47.6867,47.4633,47.5767,41.0039,9300,0,0
2020-02-18,47.3267,47.5467,47.07,47.3067,40.7712,28500,0,0
2020-02-19,47.2967,47.51,47.2967,47.42,40.8689,48300,0,0
2020-02-20,47.2167,47.7967,47.2167,47.77,41.1705,15300,0,0
2020-02-21,47.4833,47.4833,47.2867,47.36,40.8172,9300,0,0
2020-02-24,45.93,46.0533,45.6733,45.9567,39.6077,21300,0,0
2020-02-25,45.81,45.81,44.0533,44.15,38.0506,37200,0,0
2020-02-26,44.2067,44.41,43.1867,43.1867,37.2204,29700,0,0
2020-02-27,42.41,43.1433,41.55,41.61,35.8615,73500,0,0
2020-02-28,40.0833,41.1333,40.0833,40.7867,35.152,79200,0,0
2020-03-02,41.0067,42.2067,40.5033,42.2067,36.3758,67800,0,0
2020-03-03,42.1633,42.5867,40.8433,41.1033,35.4249,36300,0,0
2020-03-04,41.81,42.15,41.1867,42.1233,36.3039,33600,0,0
2020-03-05,41.07,41.09,40.0033,40.3233,34.7526,26700,0,0
2020-03-06,39,40.0667,38.83,39.54,34.0775,53100,0,0
2020-03-09,36.33,36.8567,35.2967,35.4867,30.5841,99300,0,0
2020-03-10,36.4667,36.83,34.7867,36.6733,31.6069,48300,0,0
2020-03-11,35.29,35.3767,33.78,34.2333,29.504,53700,0,0
2020-03-12,31.4567,32.0033,24.81,30.3567,26.1629,139500,0,0
2020-03-13,31.8067,32.2967,29.94,32.2967,27.8349,107100,0,0
2020-03-16,28.94,30.15,27.9967,27.9967,24.1289,246300,0,0
2020-03-17,28.5233,29.3533,27.19,28.8767,24.8873,111900,0,0
2020-03-18,27.2833,27.6367,24.45,25.6333,22.0921,122400,0,0
2020-03-19,25.3967,27.5833,24.44,27.1167,23.3705,101100,0,0
2020-03-20,27.4967,28.03,25.8033,25.9267,22.3449,141300,0,0
2020-03-23,25.7767,25.7767,24.05,24.73,21.3135,109800,0,0
2020-03-24,25.91,27.2467,25.91,27.2467,23.4825,43200,0,0
2020-03-25,27.5167,29.19,26.64,28.22,24.5961,93000,0.304333,0
2020-03-26,28.39,30.26,28.39,29.91,26.0691,144300,0,0
2020-03-27,29.08,29.13,28.22,28.64,24.9622,29700,0,0
2020-03-30,28.4733,28.8533,27.8433,28.8533,25.1481,48900,0,0
2020-03-31,28.93,29.1533,28.2033,28.4533,24.7995,54900,0,0
2020-04-01,27.2667,27.32,26.5533,26.72,23.2887,38400,0,0
2020-04-02,26.61,27.57,26.3667,26.9667,23.5037,79500,0,0
2020-04-03,26.9667,26.9667,25.6067,25.9967,22.6583,107700,0,0
2020-04-06,26.95,28.22,26.95,28.1567,24.5409,46800,0,0
2020-04-07,29.2133,30.2567,28.64,28.86,25.1539,40500,0,0
2020-04-08,29.0233,30.52,29.0233,30.3733,26.4729,40200,0,0
2020-04-09,31.36,32.5867,31.3567,31.9633,27.8587,125100,0,0
2020-04-13,32.1,32.1,30.36,30.8067,26.8506,41400,0,0
2020-04-14,31.7167,31.79,30.7833,31.17,27.1673,90300,0,0
2020-04-15,30.15,30.15,29.29,29.46,25.6769,61800,0,0
2020-04-16,29.4867,29.4867,28.65,29.1133,25.3747,73200,0,0
2020-04-17,30.1967,30.8167,30.1067,30.5867,26.6589,36900,0,0
2020-04-20,29.7167,30.5567,29.6533,29.87,26.0342,47400,0,0
2020-04-21,29.3433,29.3933,29.0733,29.3167,25.5519,17100,0,0
2020-04-22,29.9667,29.9667,29.2333,29.2333,25.4793,12600,0,0
2020-04-23,29.58,30.1533,29.58,29.6367,25.8308,33900,0,0
2020-04-24,29.8367,30.2867,29.4833,30.1067,26.2405,21300,0,0
2020-04-27,30.5267,31.8533,30.5267,31.6167,27.5566,19800,0,0
2020-04-28,32.4467,32.8867,32.3433,32.4567,28.2887,33600,0,0
2020-04-29,33.3333,34.4467,33.3333,34.0867,29.7094,45600,0,0
2020-04-30,33.6933,33.6933,32.8133,32.9567,28.7245,62100,0,0
2020-05-01,32.0733,32.0733,31.1267,31.48,27.4375,24600,0,0
2020-05-04,31.23,31.45,30.8133,31.4367,27.3997,111900,0,0
2020-05-05,32.0433,32.4033,31.3367,31.42,27.3852,15000,0,0
2020-05-06,31.7133,31.7133,30.67,30.67,26.7315,25500,0,0
2020-05-07,31.0867,31.66,31.0867,31.25,27.237,18000,0,0
2020-05-08,31.78,32.7467,31.78,32.7267,28.524,24300,0,0
2020-05-11,32.51,32.51,31.7233,32.0267,27.9139,37500,0,0
2020-05-12,32.1633,32.2,30.5667,30.5667,26.6414,53400,0,0
2020-05-13,30.4,30.4,28.8967,29.25,25.4938,36900,0,0
2020-05-14,28.72,29.62,28.0067,29.62,25.8163,46500,0,0
2020-05-15,29.5,29.9367,29.5,29.8467,26.0139,24000,0,0
2020-05-18,30.9867,32.4033,30.9867,32.2733,28.1289,67500,0,0
2020-05-19,32.2333,32.4767,31.62,31.63,27.5682,21300,0,0
2020-05-20,32.3167,32.6867,32.3167,32.5267,28.3497,128700,0,0
2020-05-21,32.62,32.9167,32.5267,32.7267,28.524,18300,0,0
2020-05-22,32.6867,32.6867,32.2467,32.61,28.4224,18900,0,0
2020-05-26,33.7467,34.5867,33.7467,34.3067,29.9012,18300,0,0
2020-05-27,35.2533,35.7433,34.8833,35.74,31.1504,18900,0,0
2020-05-28,36.1967,36.1967,34.8367,34.84,30.366,25500,0,0
2020-05-29,34.6167,34.67,34.0367,34.4167,29.997,15600,0,0
2020-06-01,34.5167,35.1767,34.5167,34.9633,30.4735,264300,0,0
2020-06-02,35.2767,35.5367,35.15,35.2967,30.764,16500,0,0
2020-06-03,35.8233,36.9333,35.8233,36.7567,32.0365,20700,0,0
2020-06-04,36.77,37.36,36.77,37.36,32.5624,12300,0,0
2020-06-05,39.3467,39.9967,38.9467,38.9867,33.9802,41700,0,0
2020-06-08,40.0467,40.4967,39.83,40.4967,35.2963,61800,0,0
2020-06-09,39.6433,39.6433,38.8667,39.1667,34.1371,28800,0,0
2020-06-10,39.2,39.2,37.4,37.44,32.6321,18600,0,0
2020-06-11,35.37,35.6,34.25,34.25,29.8518,40800,0,0
2020-06-12,35.8867,36.0033,34.4333,35.33,30.7931,31500,0,0
2020-06-15,33.9567,35.7,33.76,35.5933,31.19,29400,0.189667,0
2020-06-16,37.1867,37.1867,36.05,36.4667,31.9553,54600,0,0
2020-06-17,36.7567,36.7567,35.6833,35.6867,31.2718,51300,0,0
2020-06-18,35.5733,36.01,35.5433,35.5733,31.1725,26700,0,0
2020-06-19,36.23,36.23,34.89,35.11,30.7665,30000,0,0
2020-06-22,34.2967,35.2533,34.2967,35.1367,30.7899,38700,0,0
2020-06-23,35.83,35.83,35.11,35.2733,30.9096,21300,0,0
2020-06-24,34.2967,34.3867,33.56,33.7,29.5309,69000,0,0
2020-06-25,33.47,34.1333,33.38,34.1333,29.9106,71700,0,0
2020-06-26,33.8033,33.9067,32.9133,32.97,28.8912,39900,0,0
2020-06-29,33.28,34.2467,33.28,34.1333,29.9106,19800,0,0
2020-06-30,34.19,34.6667,34.19,34.5933,30.3137,25200,0,0
2020-07-01,34.6167,34.7533,33.91,33.91,29.7149,15300,0,0
2020-07-02,34.7967,35.0833,34.1233,34.1233,29.9019,18600,0,0
2020-07-06,34.8267,35.1667,34.2433,34.5033,30.2349,15300,0,0
2020-07-07,34.0067,34.08,33.5133,33.5367,29.3878,27600,0,0
2020-07-08,33.5533,33.8967,33.25,33.8,29.6186,26100,0,0
2020-07-09,33.7533,33.7533,32.5933,32.7133,28.6663,27000,0,0
2020-07-10,33.2633,33.7233,32.9067,33.7233,29.5514,17400,0,0
2020-07-13,33.5033,34.48,33.5033,33.6467,29.4842,23100,0,0
2020-07-14,33.4067,34.0667,33.4067,34.0667,29.8522,21600,0,0
2020-07-15,35.0133,35.7933,35.0133,35.6367,31.228,35400,0,0
2020-07-16,35.1933,35.9,35.1933,35.55,31.152,32100,0,0
2020-07-17,35.5933,35.6167,35.2067,35.2333,30.8746,28500,0,0
2020-07-20,35.0933,35.0933,34.6533,34.66,30.3722,19500,0,0
2020-07-21,35.05,35.81,35.05,35.55,31.152,16800,0,0
2020-07-22,35.3067,35.8467,35.3067,35.77,31.3448,21000,0,0
2020-07-23,35.9567,36.2233,35.8033,35.9067,31.4646,6900,0,0
2020-07-24,35.7333,35.7733,35.48,35.48,31.0907,10500,0,0
2020-07-27,35.02,35.51,35.02,35.5067,31.1141,12300,0,0
2020-07-28,35.6567,35.6567,35.25,35.25,30.8892,16500,0,0
2020-07-29,35.5567,36.1267,35.4967,36.0933,31.6282,14400,0,0
2020-07-30,35.78,35.78,35.2567,35.6233,31.2163,15900,0,0
2020-07-31,35.5,35.5,34.7167,35.2467,30.8863,18600,0,0
2020-08-03,35.3333,35.7233,35.1667,35.5933,31.19,15600,0,0
2020-08-04,35.3533,35.7567,35.3533,35.7567,31.3332,8100,0,0
2020-08-05,36.0967,36.4533,36.0967,36.4533,31.9436,10500,0,0
2020-08-06,36.4833,36.71,36.3433,36.38,31.8794,16500,0,0
2020-08-07,36.4367,37.19,36.4367,37.19,32.5892,10800,0,0
2020-08-10,37.4167,38.07,37.4167,37.9567,33.261,31800,0,0
2020-08-11,38.6,39.0167,38.1,38.1,33.3866,18900,0,0
2020-08-12,38.7867,38.7867,37.9467,38.1967,33.4713,13500,0,0
2020-08-13,37.9833,37.9833,37.79,37.7967,33.1208,9000,0,0
2020-08-14,37.5833,38.2567,37.5833,38.0167,33.3136,13200,0,0
2020-08-17,37.9567,37.9567,37.6933,37.8267,33.1471,16800,0,0
2020-08-18,37.7333,37.7333,37.2267,37.23,32.6242,37500,0,0
2020-08-19,37.1267,37.4933,37.11,37.13,32.5366,14700,0,0
2020-08-20,36.9,37.0767,36.7567,36.7567,32.2094,16200,0,0
2020-08-21,36.5333,36.5333,36.43,36.4733,31.9612,12900,0,0
2020-08-24,36.8,37.52,36.5133,37.52,32.8783,19800,0,0
2020-08-25,37.76,37.76,37.21,37.47,32.8345,15000,0,0
2020-08-26,37.4133,37.4133,37.0433,37.0433,32.4607,8100,0,0
2020-08-27,37.46,37.5667,37.32,37.49,32.8521,20100,0,0
2020-08-28,37.64,37.8167,37.4467,37.8167,33.1383,10800,0,0
2020-08-31,37.73,37.73,37.1767,37.1767,32.5775,11100,0,0
2020-09-01,36.9433,37.3967,36.9433,37.3967,32.7703,19200,0,0
2020-09-02,37.4467,37.9267,37.3467,37.9267,33.2347,6900,0,0
2020-09-03,38.0167,38.0167,37.22,37.3067,32.6914,21900,0,0
2020-09-04,37.72,37.8833,37.04,37.5867,32.9368,18300,0,0
2020-09-08,36.8067,36.8067,36.5533,36.5533,32.0313,7500,0,0
2020-09-09,36.6867,36.9333,36.5333,36.8867,32.3234,10800,0,0
2020-09-10,36.8967,37.1467,36.39,36.39,31.8881,15600,0,0
2020-09-11,36.4433,36.4433,36.21,36.3833,31.8823,13800,0,0
2020-09-14,36.8433,37.2767,36.8433,37.2767,32.6651,10500,0,0
2020-09-15,37.5933,37.5933,37.0033,37.0133,32.4344,18300,0,0
2020-09-16,37.15,37.8933,37.15,37.5133,32.8725,5700,0,0
2020-09-17,36.9233,37.4033,36.9233,37.4033,32.7761,4500,0,0
2020-09-18,37.4433,37.4433,36.8533,36.91,32.3438,11400,0,0
2020-09-21,36.11,36.11,35.1067,35.46,31.0732,12900,0,0
2020-09-22,35.7267,35.77,35.2867,35.5633,31.1637,17700,0,0
2020-09-23,35.6133,35.6133,34.36,34.36,30.3161,45000,0.242667,0
2020-09-24,34.2567,34.7067,33.71,34.32,30.2808,16800,0,0
2020-09-25,34.0333,34.6733,34.0333,34.6633,30.5838,15600,0,0
2020-09-28,35.1667,35.83,35.1667,35.6467,31.4514,19200,0,0
2020-09-29,35.78,35.78,34.8967,35.08,30.9514,13200,0,0
2020-09-30,35.0867,35.7867,35.0867,35.3633,31.2014,29400,0,0
2020-10-01,35.4733,35.7167,35.3567,35.7167,31.5131,22200,0,0
2020-10-02,35.08,36.5433,35.08,36.5067,32.2102,6000,0,0
2020-10-05,36.82,37.3,36.82,37.2733,32.8866,11700,0,0
2020-10-06,37.6867,37.9967,37.0667,37.07,32.7072,7200,0,0
2020-10-07,37.4167,37.9333,37.4167,37.8633,33.4072,8400,0,0
2020-10-08,38.0333,38.45,38.0333,38.45,33.9248,12600,0,0
2020-10-09,38.67,38.85,38.27,38.29,33.7836,13800,0,0
2020-10-12,38.4567,38.5533,38.4133,38.54,34.0042,7200,0,0
2020-10-13,38.1667,38.1667,37.9733,37.9933,33.5219,8400,0,0
2020-10-14,38.2,38.27,37.9033,37.9033,33.4425,7800,0,0
2020-10-15,37.3333,38.3567,37.3333,38.3567,33.8424,6000,0,0
2020-10-16,38.4833,38.5833,38.2567,38.2833,33.7777,19800,0,0
2020-10-19,38.5667,38.6,37.7833,37.79,33.3425,7200,0,0
2020-10-20,38.21,38.5467,38.12,38.19,33.6954,13200,0,0
2020-10-21,38.2867,38.2867,37.8967,37.8967,33.4366,4500,0,0
2020-10-22,37.9167,38.76,37.9167,38.7,34.1454,13200,0,0
2020-10-23,38.8,39.0933,38.8,39.0933,34.4924,10200,0,0
2020-10-26,38.5,38.5,37.7533,38.0067,33.5336,13200,0,0
2020-10-27,37.63,37.63,37.32,37.32,32.9278,7800,0,0
2020-10-28,36.4933,36.5933,36.0433,36.0433,31.8014,18900,0,0
2020-10-29,36.1467,36.7533,36.1133,36.6733,32.3572,10500,0,0
2020-10-30,36.6467,36.6467,36.2433,36.5067,32.2102,24600,0,0
2020-11-02,36.96,37.5,36.8467,37.4833,33.0719,8700,0,0
2020-11-03,38.13,38.51,38.13,38.51,33.9777,12000,0,0
2020-11-04,37.6667,38.1967,37.6667,37.78,33.3336,12000,0,0
2020-11-05,38.3,39,38.3,38.84,34.2689,21300,0,0
2020-11-06,38.84,38.9467,38.2533,38.26,33.7571,11100,0,0
2020-11-09,41.03,42.5067,41.03,41.35,36.4835,26700,0,0
2020-11-10,41.4767,42.21,41.3267,42.0767,37.1246,9900,0,0
2020-11-11,42.4633,42.4633,41.32,41.5567,36.6658,32100,0,0
2020-11-12,41.0833,41.22,40.3533,40.5933,35.8159,13500,0,0
2020-11-13,40.9167,41.9967,40.9167,41.9967,37.054,8400,0,0
2020-11-16,43.1367,43.4533,42.83,43.3067,38.2099,33900,0,0
2020-11-17,42.93,43.72,42.6867,43.5967,38.4657,19500,0,0
2020-11-18,43.87,44.3233,43.15,43.15,38.0716,35700,0,0
2020-11-19,43.0233,43.4733,43.0233,43.4733,38.3569,21600,0,0
2020-11-20,43.3067,43.3067,43.2033,43.29,38.1952,8400,0,0
2020-11-23,43.9333,44.76,43.9333,44.68,39.4216,51300,0,0
2020-11-24,45.4767,46.2067,45.4767,46.17,40.7362,55800,0,0
2020-11-25,46.0033,46.0033,45.3167,45.69,40.3127,135000,0,0
2020-11-27,45.4533,45.7833,45.3167,45.4533,40.1039,41100,0,0
2020-11-30,45.6067,45.6067,44.1,44.1,38.9098,41700,0,0
2020-12-01,44.94,44.9633,44.73,44.77,39.501,15300,0,0
2020-12-02,44.68,45.1567,44.4633,45.1133,39.8039,11100,0,0
2020-12-03,45.4433,45.8767,45.42,45.5367,40.1774,252600,0,0
2020-12-04,46.3367,46.6,46.3367,46.6,41.1156,6000,0,0
2020-12-07,46.4667,46.4667,46.06,46.1667,40.7333,35100,0,0
2020-12-08,46.2067,46.42,46.2067,46.3667,40.9097,20100,0,0
2020-12-09,46.7467,46.9067,46.2267,46.51,41.0362,15300,0,0
2020-12-10,46.1,46.7867,46.1,46.7867,41.2803,14100,0,0
2020-12-11,46.3733,46.3733,45.9367,46.2267,40.7862,14700,0,0
2020-12-14,46.65,46.65,45.5467,45.5467,40.3655,31500,0.205333,0
2020-12-15,45.8133,46.65,45.8133,46.65,41.3434,12600,0,0
2020-12-16,46.92,46.92,46.3967,46.51,41.2193,11700,0,0
2020-12-17,46.7267,46.83,46.64,46.83,41.5029,13200,0,0
2020-12-18,46.97,46.97,46.3533,46.5033,41.2134,19500,0,0
2020-12-21,45.5067,46.26,45.3933,46.21,40.9534,27600,0,0
2020-12-22,46.3733,46.3733,45.9433,46.0267,40.7909,17100,0,0
2020-12-23,46.69,46.9367,46.69,46.8767,41.5442,9900,0,0
2020-12-24,47.1333,47.1333,46.59,46.7867,41.4645,5100,0,0
2020-12-28,47.1633,47.2567,46.9067,46.9067,41.5708,11700,0,0
2020-12-29,47.04,47.04,46.2433,46.36,41.0863,9900,0,0
2020-12-30,46.4433,47.1633,46.4433,46.9667,41.624,9600,0,0
2020-12-31,46.52,47.0933,46.52,46.9567,41.6151,15600,0,0
2021-01-04,46.51,46.51,45.7,46.0633,40.8234,49800,0,0
2021-01-05,45.9233,47.3067,45.9233,46.9567,41.6151,15000,0,0
2021-01-06,46.9733,49.65,46.9733,49.2633,43.6594,26100,0,0
2021-01-07,49.6967,49.8567,49.4933,49.66,44.011,15600,0,0
2021-01-08,49.6867,49.6867,48.8033,49.2767,43.6712,14100,0,0
2021-01-11,48.3733,49.4233,48.3733,49.4233,43.8012,19500,0,0
2021-01-12,50.0867,50.4333,50.0867,50.4333,44.6963,9300,0,0
2021-01-13,50.4833,50.4833,49.8433,49.9333,44.2532,13500,0,0
2021-01-14,50.19,51.0133,50.19,50.71,44.9415,24000,0,0
2021-01-15,49.8933,50.21,49.78,49.9967,44.3093,18900,0,0
2021-01-19,50.4367,50.4367,50.1333,50.2,44.4895,23100,0,0
2021-01-20,50.3533,50.5433,50.1767,50.4233,44.6874,11700,0,0
2021-01-21,50.32,50.32,49.8067,49.8567,44.1852,42600,0,0
2021-01-22,49.5,50.0233,49.3067,50.0233,44.333,51900,0,0
2021-01-25,49.8367,50.2467,49.17,49.7733,44.1114,9600,0,0
2021-01-26,50.03,50.1367,49.35,49.35,43.7362,8100,0,0
2021-01-27,48.77,49.03,48.3267,48.4667,42.9534,24900,0,0
2021-01-28,48.9733,49.25,48.8267,48.9667,43.3965,18300,0,0
2021-01-29,48.9367,48.9367,47.8233,47.8767,42.4305,13500,0,0
2021-02-01,48.2233,48.5633,47.8767,48.5633,43.039,7800,0,0
2021-02-02,48.94,48.94,48.6267,48.8567,43.299,4500,0,0
2021-02-03,48.88,49.5133,48.86,49.4667,43.8396,11400,0,0
2021-02-04,49.7433,50.33,49.73,50.2533,44.5368,11400,0,0
2021-02-05,50.6333,50.74,50.5633,50.6467,44.8854,5100,0,0
2021-02-08,51.2333,51.7633,51.2333,51.7633,45.875,9000,0,0
2021-02-09,51.5733,51.8667,51.4033,51.7133,45.8307,31200,0,0
2021-02-10,52.05,52.0833,51.6433,51.8933,45.9902,10800,0,0
2021-02-11,52.18,52.18,51.6067,51.7767,45.8868,5700,0,0
2021-02-12,51.61,52.02,51.61,52.0133,46.0966,8700,0,0
2021-02-16,52.42,52.54,52.2767,52.4367,46.4718,25200,0,0
2021-02-17,52.2467,52.32,51.8533,52.2467,46.3034,10200,0,0
2021-02-18,51.74,51.7767,51.2533,51.4133,45.5648,6900,0,0
2021-02-19,51.63,52.5167,51.63,52.5167,46.5427,11400,0,0
2021-02-22,52.4533,53.8167,52.4533,53.36,47.2901,20400,0,0
2021-02-23,53.3633,53.9667,52.3067,53.87,47.742,12600,0,0
2021-02-24,54.1467,55.24,54.1467,55.2333,48.9503,215100,0,0
2021-02-25,54.9833,55,53.47,53.47,47.3875,25500,0,0
2021-02-26,53.2567,53.46,52.2533,53.2,47.1483,34800,0,0
2021-03-01,54.0833,54.75,54.0833,54.5133,48.3122,12600,0,0
2021-03-02,54.5267,54.6667,54.33,54.33,48.1497,15900,0,0
2021-03-03,54.5967,55.6133,54.5967,54.7867,48.5544,30900,0,0
2021-03-04,55.14,55.1767,53.4933,54.11,47.9547,84000,0,0
2021-03-05,54.95,55.69,53.6,55.6033,49.2782,232800,0,0
2021-03-08,56.16,57.2233,56.0667,56.88,50.4096,69300,0,0
2021-03-09,57.26,57.26,56.1567,56.3167,49.9104,25200,0,0
2021-03-10,56.3767,57.3833,56.3767,57.2767,50.7612,21900,0,0
2021-03-11,57.3367,57.9233,57.3367,57.77,51.1984,31200,0,0
2021-03-12,58.0733,58.58,58.0733,58.5467,51.8867,14100,0,0
2021-03-15,58.8633,59.09,58.35,59.09,52.3683,35700,0,0
2021-03-16,58.2333,58.31,57.8333,57.99,51.3934,32100,0,0
2021-03-17,57.99,58.4933,57.9367,58.4933,51.8395,17400,0,0
2021-03-18,58.7867,59.28,57.4833,57.5567,51.0093,30900,0,0
2021-03-19,57.0333,58.0833,57.0333,57.5767,51.0271,52500,0,0
2021-03-22,57.1633,57.1633,56.53,56.77,50.3122,39900,0,0
2021-03-23,56.6667,56.6667,54.4533,54.7233,48.4983,27000,0,0
2021-03-24,55.9433,55.9433,54.22,54.22,48.0522,16800,0,0
2021-03-25,53.1033,55.4367,53.1033,55.4333,49.3875,17700,0.285333,0
2021-03-26,55.7567,56.4533,55.6733,56.4467,50.2903,49500,0,0
2021-03-29,56.7067,56.71,55.1833,55.3433,49.3073,174900,0,0
2021-03-30,55.4967,56.2367,55.4967,56.15,50.026,27300,0,0
2021-03-31,56.6433,56.6433,56.13,56.25,50.115,26700,0,0
2021-04-01,56.7333,56.96,56.3767,56.96,50.7476,58800,0,0
2021-04-05,57.8733,57.8733,56.9,57.1833,50.9466,21600,0,0
2021-04-06,57.38,57.6633,57.0167,57.1133,50.8842,53100,0,0
2021-04-07,57.45,57.45,56.6667,56.7233,50.5367,20700,0,0
2021-04-08,56.2233,56.7933,56.18,56.7933,50.5991,6600,0,0
2021-04-09,57.0967,57.0967,56.6333,56.98,50.7654,94500,0,0
2021-04-12,56.8967,57.1767,56.86,57.0967,50.8694,18000,0,0
2021-04-13,57.2467,57.2467,56.3333,56.6533,50.4744,30600,0,0
2021-04-14,56.8633,57.8433,56.8633,57.1967,50.9585,21600,0,0
2021-04-15,57.79,57.79,57.1067,57.3767,51.1188,13200,0,0
2021-04-16,57.84,57.84,57.4267,57.6967,51.4039,10500,0,0
2021-04-19,57.67,57.67,56.98,57.3,51.0505,14200,0,3
2021-04-20,57,57.02,55.67,56.09,49.9725,47500,0,0
2021-04-21,55.87,57.23,55.61,57.22,50.9792,28400,0,0
2021-04-22,57.28,57.57,56.81,56.95,50.7387,7200,0,0
2021-04-23,57.23,58.14,57.23,57.96,51.6385,57900,0,0
2021-04-26,57.97,58.55,57.97,58.28,51.9236,23700,0,0
2021-04-27,58.19,58.66,58.12,58.53,52.1464,19600,0,0
2021-04-28,58.73,58.97,58.56,58.76,52.3513,18800,0,0
2021-04-29,59.09,59.33,58.64,59.01,52.574,13200,0,0
2021-04-30,58.5,58.54,58.18,58.26,51.9058,11000,0,0
2021-05-03,58.92,59.4,58.6,59.05,52.6097,65600,0,0
2021-05-04,58.9,59.01,58.3,59.01,52.574,26500,0,0
2021-05-05,59,59.37,58.69,59.14,52.6898,312200,0,0
2021-05-06,59.07,59.5,58.53,59.47,52.9839,10400,0,0
2021-05-07,59.5,60.34,59.25,60.31,53.7322,20300,0,0
2021-05-10,60.68,60.73,59.59,59.61,53.1086,16200,0,0
2021-05-11,59.32,59.4,58.25,59.08,52.6364,19200,0,0
2021-05-12,59.09,59.09,57.23,57.28,51.0327,20100,0,0
2021-05-13,57.29,58.68,57.29,58.42,52.0484,33100,0,0
2021-05-14,58.74,59.78,58.74,59.73,53.2155,10700,0,0
2021-05-17,59.6,60.07,59.3,60,53.4561,10900,0,0
2021-05-18,59.95,60.13,59.4,59.41,52.9304,19800,0,0
2021-05-19,58.23,58.68,57.73,58.66,52.2622,21500,0,0
2021-05-20,58.54,58.96,58.11,58.64,52.2444,7800,0,0
2021-05-21,59,59.44,58.91,59.03,52.5918,12500,0,0
2021-05-24,59.15,59.45,58.85,59.26,52.7968,17000,0,0
2021-05-25,59.29,59.4,58.45,58.5,52.1196,34300,0,0
2021-05-26,58.65,59.51,58.65,59.44,52.9571,12200,0,0
2021-05-27,60.02,60.27,59.75,60.25,53.6788,30200,0,0
2021-05-28,60.32,60.32,59.78,60.08,53.5273,31800,0,0
2021-06-01,60.51,61.15,60.51,61.15,54.4806,29400,0,0
2021-06-02,61.42,61.42,60.78,61.03,54.3737,25500,0,0
2021-06-03,60.58,60.95,60.26,60.77,54.1421,9000,0,0
2021-06-04,61.03,61.03,60.37,60.84,54.2044,43500,0,0
2021-06-07,61.11,61.17,60.95,61.12,54.4539,13300,0,0
2021-06-08,60.93,61.84,60.92,61.75,55.0152,17100,0,0
2021-06-09,61.92,61.92,61.25,61.25,54.5697,8200,0,0
2021-06-10,61.58,61.58,60.51,60.52,54.0641,10600,0.164,0
2021-06-11,60.92,61.1,60.75,61.04,54.5286,17000,0,0
2021-06-14,61.38,61.38,60.17,60.38,53.939,10800,0,0
2021-06-15,60.31,60.65,59.94,60.53,54.073,12800,0,0
2021-06-16,60.58,60.58,59.83,60.35,53.9122,23800,0,0
2021-06-17,60.55,60.55,58.32,58.9,52.6169,26200,0,0
2021-06-18,58.36,58.36,57.45,57.5,51.3662,20900,0,0
2021-06-21,58.17,58.88,57.76,58.86,52.5812,10700,0,0
2021-06-22,58.9,58.91,58.33,58.85,52.5722,13200,0,0
2021-06-23,58.85,59.29,58.85,58.9,52.6169,10500,0,0
2021-06-24,59.09,59.6,58.89,59.54,53.1886,14800,0,0
2021-06-25,59.71,60.07,59.71,59.77,53.3941,5700,0,0
2021-06-28,59.57,59.78,58.43,58.84,52.5633,13000,0,0
2021-06-29,58.89,59.17,58.44,58.47,52.2328,59300,0,0
2021-06-30,58.5,58.87,58.5,58.78,52.5097,4700,0,0
2021-07-01,59.06,59.5,59.06,59.29,52.9653,46000,0,0
2021-07-02,59.3,59.3,58.66,58.77,52.5008,7700,0,0
2021-07-06,58.7,58.7,57.34,57.71,51.5538,12700,0,0
2021-07-07,57.47,57.77,57,57.36,51.2412,43300,0,0
2021-07-08,56.53,57.34,55.9,56.66,50.6158,57300,0,0
2021-07-09,57.24,58.14,57.24,58.14,51.938,14200,0,0
2021-07-12,57.82,58.3,57.52,58.29,52.072,13800,0,0
2021-07-13,58.02,58.03,57.11,57.11,51.0178,36800,0,0
2021-07-14,57.61,57.65,56.61,56.63,50.589,14400,0,0
2021-07-15,56.26,56.77,56.09,56.49,50.464,123000,0,0
2021-07-16,56.83,56.9,55.5,55.53,49.6064,15400,0,0
2021-07-19,54.45,54.72,53.83,54.15,48.3736,20800,0,0
2021-07-20,54.27,56.14,54.08,55.9,49.9369,11500,0,0
2021-07-21,56.39,57.21,56.39,56.81,50.7499,10100,0,0
2021-07-22,56.83,56.83,55.72,55.84,49.8833,16100,0,0
2021-07-23,56.12,56.39,55.76,56.17,50.1781,5700,0,0
2021-07-26,56.37,56.74,56.37,56.73,50.6784,4800,0,0
2021-07-27,56.35,56.4,55.94,56.3,50.2942,8300,0,0
2021-07-28,56.46,57.12,56.29,56.74,50.6873,5700,0,0
2021-07-29,57.05,57.72,57.05,57.3,51.1876,5900,0,0
2021-07-30,56.85,57.54,56.84,56.9,50.8303,6900,0,0
2021-08-02,57.31,57.9,56.52,56.57,50.5355,34400,0,0
2021-08-03,56.56,56.95,55.89,56.89,50.8213,112600,0,0
2021-08-04,56.56,56.62,55.78,55.78,49.8297,7800,0,0
2021-08-05,56.17,56.73,55.95,56.66,50.6158,11900,0,0
2021-08-06,56.86,57.45,56.86,57.23,51.125,11900,0,0
2021-08-09,57.22,57.22,56.6,56.84,50.7767,135400,0,0
2021-08-10,56.89,57.46,56.69,57.33,51.2144,8900,0,0
2021-08-11,57.61,57.99,57.25,57.99,51.804,8400,0,0
2021-08-12,57.9,57.9,57.4,57.82,51.6521,9200,0,0
2021-08-13,57.67,57.68,57.45,57.51,51.3752,10200,0,0
2021-08-16,57.01,57.32,56.71,57.11,51.0178,17300,0,0
2021-08-17,56.48,56.8,55.85,56.49,50.464,56400,0,0
2021-08-18,56.28,56.72,55.92,55.92,49.9548,9400,0,0
2021-08-19,55.5,55.5,54.87,55.16,49.2759,145900,0,0
2021-08-20,55.14,55.97,55.14,55.94,49.9727,7300,0,0
2021-08-23,56.31,56.66,56.28,56.65,50.6069,318100,0,0
2021-08-24,56.99,57.45,56.99,57.29,51.1786,9400,0,0
2021-08-25,57.55,58.02,57.55,57.67,51.5181,10300,0,0
2021-08-26,57.71,57.71,56.94,56.94,50.866,5900,0,0
2021-08-27,57.27,58.51,57.27,58.41,52.1792,6600,0,0
2021-08-30,58.73,58.73,57.91,57.91,51.7325,47600,0,0
2021-08-31,57.91,58.24,57.81,58.11,51.9112,43400,0,0
2021-09-01,58.16,58.42,57.81,58.2,51.9916,10900,0,0
2021-09-02,58.38,58.75,58.38,58.55,52.3042,9900,0,0
2021-09-03,58.4,58.4,57.99,58.23,52.0184,11600,0,0
2021-09-07,58.31,58.31,57.79,57.82,51.6521,8300,0,0
2021-09-08,57.66,57.66,57.23,57.34,51.2233,8000,0,0
2021-09-09,57.19,57.79,57.19,57.33,51.2144,36000,0,0
2021-09-10,57.8,57.8,56.69,56.69,50.6427,10000,0,0
2021-09-13,57.09,57.4,56.93,57.38,51.259,7700,0,0
2021-09-14,57.56,57.56,56.36,56.44,50.4193,10300,0,0
2021-09-15,56.51,57.25,56.51,57.18,51.0804,26700,0,0
2021-09-16,57.13,57.33,56.86,56.97,50.8928,17600,0,0
2021-09-17,56.95,56.95,56.5,56.74,50.6873,12200,0,0
2021-09-20,55.87,55.87,55.01,55.72,49.7761,25300,0,0
2021-09-21,56.18,56.18,55.32,55.52,49.5975,12700,0,0
2021-09-22,56.08,56.9,56.08,56.4,50.3836,27000,0,0
2021-09-23,57.28,57.75,57.28,57.37,51.2501,5800,0,0
2021-09-24,56.87,57.49,56.87,57.17,51.3624,6200,0.325,0
2021-09-27,57.52,58.72,57.52,58.36,52.4315,6600,0,0
2021-09-28,58.76,58.76,57.57,57.58,51.7308,41700,0,0
2021-09-29,57.69,57.94,57.5,57.71,51.8476,9600,0,0
2021-09-30,57.96,57.96,56.85,56.85,51.0749,12800,0,0
2021-10-01,57.03,58.3,56.88,58.02,52.1261,82700,0,0
2021-10-04,58.12,58.14,57.8,57.93,52.0452,14700,0,0
2021-10-05,57.83,58.52,57.81,58.1,52.198,23000,0,0
2021-10-06,57.53,57.68,56.83,57.65,51.7937,6600,0,0
2021-10-07,58.56,58.67,58.39,58.4,52.4675,5100,0,0
2021-10-08,58.59,58.65,58.32,58.33,52.4046,6000,0,0
2021-10-11,58.78,58.83,57.96,57.96,52.0722,11300,0,0
2021-10-12,58.02,58.41,57.95,58.25,52.3327,8200,0,0
2021-10-13,58.4,58.4,57.76,58.24,52.3237,15600,0,0
2021-10-14,58.76,59.08,58.76,58.97,52.9796,16500,0,0
2021-10-15,59.48,59.8,59,59,53.0065,11900,0,0
2021-10-18,58.99,59.35,58.85,59.08,53.0784,10800,0,0
2021-10-19,59.25,59.25,58.89,59.03,53.0335,13000,0,0
2021-10-20,59.14,59.72,58.78,59.57,53.5186,9200,0,0
2021-10-21,59.76,59.76,59.24,59.51,53.4647,13600,0,0
2021-10-22,59.48,59.76,59.31,59.55,53.5006,6700,0,0
2021-10-25,59.64,60.1,59.64,59.97,53.878,5800,0,0
2021-10-26,60.1,60.1,59.43,59.43,53.3928,19700,0,0
2021-10-27,59.28,59.28,58.13,58.15,52.2429,10000,0,0
2021-10-28,58.3,58.93,58.3,58.93,52.9436,5600,0,0
2021-10-29,59,59.09,58.65,58.81,52.8358,10400,0,0
2021-11-01,58.96,60.31,58.96,60.23,54.1116,20900,0,0
2021-11-02,60.24,60.45,60.24,60.44,54.3002,9600,0,0
2021-11-03,60.33,61.57,60.33,61.49,55.2436,32800,0,0
2021-11-04,61.87,61.87,60.8,60.94,54.7495,6400,0,0
2021-11-05,61.65,62.32,61.65,62.28,55.9533,10800,0,0
2021-11-08,62.73,62.73,62.06,62.23,55.9084,18200,0,0
2021-11-09,62,62.1,61.77,61.96,55.6658,38700,0,0
2021-11-10,61.65,62.14,61.31,61.45,55.2076,19500,0,0
2021-11-11,61.84,62.02,61.73,61.91,55.6209,8900,0,0
2021-11-12,62.2,62.2,61.85,61.88,55.594,3900,0,0
2021-11-15,62.06,62.11,61.8,62,55.7018,16800,0,0
2021-11-16,61.88,62.11,61.71,61.89,55.6029,9200,0,0
2021-11-17,61.92,61.92,61.04,61.3,55.0729,29300,0,0
2021-11-18,61.61,61.61,60.8,61.09,54.8842,12200,0,0
2021-11-19,60.64,60.64,60.38,60.39,54.2553,3000,0,0
2021-11-22,60.92,61.48,60.91,60.91,54.7225,7400,0,0
2021-11-23,61.14,61.19,60.76,61.16,54.9471,23800,0,0
2021-11-24,60.75,61.07,60.75,61.03,54.8303,4300,0,0
2021-11-26,59.82,59.82,57.79,58.76,52.7909,15500,0,0
2021-11-29,59.7,59.7,58.39,58.56,52.6112,31500,0,0
2021-11-30,58.13,58.13,56.81,57.11,51.3085,13900,0,0
2021-12-01,58.11,58.52,56.08,56.08,50.3832,13800,0,0
2021-12-02,56.18,57.85,56.18,57.69,51.8296,5100,0,0
2021-12-03,58,58,56.72,57.09,51.2905,13000,0,0
2021-12-06,57.89,58.9,57.68,58.43,52.4944,16900,0,0
2021-12-07,59.36,59.67,59.05,59.1,53.0964,23900,0,0
2021-12-08,59.35,59.7,59.35,59.54,53.4917,7700,0,0
2021-12-09,59.27,59.27,58.75,58.76,52.7909,11800,0,0
2021-12-10,59.2,59.2,58.3,58.73,52.7639,14600,0,0
2021-12-13,58.17,58.17,57.19,57.31,51.828,26000,0.385,0
2021-12-14,56.98,58.01,56.98,57.11,51.6471,10500,0,0
2021-12-15,57.16,57.8,56.52,57.72,52.1987,52000,0,0
2021-12-16,58.13,58.39,57,57.21,51.7375,11300,0,0
2021-12-17,57,57.61,56.64,57.07,51.6109,12000,0,0
2021-12-20,56.31,56.31,55.3,56.17,50.797,25300,0,0
2021-12-21,56.69,57.71,56.69,57.71,52.1897,29500,0,0
2021-12-22,57.82,58.31,57.82,58.26,52.6871,10000,0,0
2021-12-23,58.34,58.81,58.05,58.6,52.9945,9700,0,0
2021-12-27,58.86,59.32,58.74,59.32,53.6457,12400,0,0
2021-12-28,59.18,59.62,59.18,59.33,53.6547,18800,0,0
2021-12-29,59.46,59.63,59.29,59.51,53.8175,7700,0,0
2021-12-30,59.45,59.98,59.4,59.4,53.718,8200,0,0
2021-12-31,59.25,59.59,59.25,59.43,53.7452,7500,0,0
2022-01-03,59.57,60.23,59.57,60.07,54.324,10900,0,0
2022-01-04,60.52,61.14,60.52,60.86,55.0384,10300,0,0
2022-01-05,61.13,61.38,59.81,59.84,54.1159,17700,0,0
2022-01-06,59.98,60.59,59.8,60.35,54.5772,19700,0,0
2022-01-07,60.62,60.7,60.06,60.23,54.4686,14600,0,0
2022-01-10,60.22,60.22,59.39,60.06,54.3149,36200,0,0
2022-01-11,59.82,60.5,59.56,60.44,54.6586,15100,0,0
2022-01-12,60.67,61,60,60.41,54.6314,15500,0,0
2022-01-13,60.31,61.09,60.31,60.48,54.6947,16300,0,0
2022-01-14,60.11,60.69,59.86,60.69,54.8846,32500,0,0
2022-01-18,60.41,60.41,59.37,59.38,53.7,14600,0,0
2022-01-19,59.62,59.62,58.48,58.48,52.886,23400,0,0
2022-01-20,58.67,59.29,57.25,57.25,51.7737,30700,0,0
2022-01-21,57.01,57.63,56.4,56.4,51.005,14300,0,0
2022-01-24,55.51,57.3,54.91,57.3,51.8189,18900,0,0
2022-01-25,56.34,57.44,55.58,56.89,51.4481,36000,0,0
2022-01-26,57.41,58.01,55.7,56.22,50.8422,21000,0,0
2022-01-27,56.62,57.08,55.08,55.39,50.0916,23200,0,0
2022-01-28,55.2,55.91,54.52,55.91,50.5619,15900,0,0
2022-01-31,55.76,57,55.76,57,51.5476,9500,0,0
2022-02-01,57.01,57.76,56.82,57.76,52.2349,61600,0,0
2022-02-02,57.65,57.68,57.2,57.59,52.0812,7300,0,0
2022-02-03,57.08,57.36,56.71,56.8,51.3667,24200,0,0
2022-02-04,56.93,57.09,56.09,56.76,51.3306,7700,0,0
2022-02-07,56.83,57.33,56.76,57.03,51.5747,41200,0,0
2022-02-08,57.18,57.88,57.18,57.85,52.3163,16200,0,0
2022-02-09,58.35,58.71,58.35,58.51,52.9132,38200,0,0
2022-02-10,58.4,59.16,57.6,57.93,52.3886,50300,0,0
2022-02-11,58.29,58.58,57.38,57.77,52.2439,13800,0,0
2022-02-14,57.62,58.19,57.11,57.37,51.8822,12900,0,0
2022-02-15,57.94,58.76,57.61,58.69,53.0759,8400,0,0
2022-02-16,58.71,59.13,58.55,59,53.3563,7300,0,0
2022-02-17,58.56,58.56,57.84,58.01,52.461,10700,0,0
2022-02-18,57.92,58.35,57.59,57.68,52.1626,31000,0,0
2022-02-22,57.75,57.88,56.63,56.87,51.43,45000,0,0
2022-02-23,56.98,57.1,56.04,56.08,50.7156,12500,0,0
2022-02-24,55.18,56.62,54.69,56.56,51.1497,27600,0,0
2022-02-25,56.67,58.05,56.67,58,52.4519,146800,0,0
2022-02-28,57.47,58.21,57.36,58.09,52.5333,7600,0,0
2022-03-01,57.8,57.8,56.49,56.81,51.3758,14000,0,0
2022-03-02,57.11,58.75,57.11,58.48,52.886,17200,0,0
2022-03-03,58.54,58.54,57.77,58.2,52.6328,15200,0,0
2022-03-04,57.7,57.7,56.92,57.44,51.9455,8100,0,0
2022-03-07,57.29,57.29,55.95,55.95,50.598,11800,0,0
2022-03-08,56.19,57.34,56.08,56.2,50.8241,122600,0,0
2022-03-09,57.04,57.63,57.04,57.31,51.828,61500,0,0
2022-03-10,56.57,57.54,56.57,57.54,52.036,15500,0,0
2022-03-11,57.94,58.01,57.18,57.18,51.7104,29400,0,0
2022-03-14,57.45,57.45,56.54,56.62,51.2039,8600,0,0
2022-03-15,57.06,57.13,56.63,57.13,51.6652,98900,0,0
2022-03-16,57.71,58.38,57.1,58.38,52.7956,12700,0,0
2022-03-17,58.21,58.91,58.21,58.84,53.2116,9200,0,0
2022-03-18,58.5,59.12,58.36,59.07,53.4196,28400,0,0
2022-03-21,59.18,59.29,58.64,58.86,53.2297,7900,0,0
2022-03-22,59.14,59.41,58.99,59.21,53.5462,9800,0,0
2022-03-23,59.21,59.21,58.31,58.31,52.7323,21300,0,0
2022-03-24,58.29,58.67,58.07,58.67,53.2597,16400,0.221,0
2022-03-25,58.65,59.36,58.65,59.36,53.8861,10600,0,0
2022-03-28,59.24,59.24,58.57,59.06,53.6138,13800,0,0
2022-03-29,59.33,60.2,59.33,60.19,54.6395,5100,0,0
2022-03-30,60.3,60.3,59.2,59.3,53.8316,7400,0,0
2022-03-31,59.48,59.51,58.71,58.77,53.3505,8900,0,0
2022-04-01,59.17,59.37,58.57,59.07,53.6228,16400,0,0
2022-04-04,59.11,59.11,58.58,58.82,53.3959,35500,0,0
2022-04-05,59.02,59.16,57.81,57.81,52.479,4900,0,0
2022-04-06,57.44,57.44,57.17,57.26,51.9797,5800,0,0
2022-04-07,57.18,57.23,56.36,57,51.7437,8400,0,0
2022-04-08,56.98,57.5,56.98,57.03,51.771,12300,0,0
2022-04-11,56.79,57.46,56.79,56.82,51.5803,13900,0,0
2022-04-12,57.08,57.79,56.79,57,51.7437,14400,0,0
2022-04-13,57.03,58.02,57.03,57.95,52.6061,8800,0,0
2022-04-14,58.17,58.38,57.71,57.71,52.3882,7900,0,0
2022-04-18,57.94,58.06,57.63,57.81,52.479,23800,0,0
2022-04-19,57.97,58.86,57.77,58.8,53.3777,13600,0,0
2022-04-20,58.98,59.49,58.98,59.27,53.8044,11300,0,0
2022-04-21,59.91,59.91,58.16,58.28,52.9057,33700,0,0
2022-04-22,58,58,56.77,56.77,51.5349,17400,0,0
2022-04-25,56.25,56.86,55.58,56.82,51.5803,10100,0,0
2022-04-26,56.4,56.43,55.43,55.43,50.3185,12900,0,0
2022-04-27,55.34,55.71,54.98,55.27,50.1733,30200,0,0
2022-04-28,55.96,56.54,55.1,56.3,51.1083,21000,0,0
2022-04-29,56.01,56.45,54.71,54.78,49.7284,13100,0,0
2022-05-02,54.75,55.27,53.9,54.93,49.8646,106300,0,0
2022-05-03,54.88,56.01,54.88,56.01,50.845,183400,0,0
2022-05-04,55.76,57.31,55.58,57.31,52.0251,23500,0,0
2022-05-05,56.89,56.89,54.92,55.46,50.3457,14600,0,0
2022-05-06,55.45,55.45,54.49,54.95,49.8828,17400,0,0
2022-05-09,54.13,54.47,53.29,53.29,48.3758,13500,0,0
2022-05-10,54.04,54.04,52.03,52.91,48.0309,20800,0,0
2022-05-11,53.12,53.85,52.22,52.22,47.4045,26900,0,0
2022-05-12,51.86,52.67,51.7,52.49,47.6496,18300,0,0
2022-05-13,53.32,54.15,53.32,53.75,48.7934,13300,0,0
2022-05-16,54.01,54.19,53.75,53.78,48.8206,10400,0,0
2022-05-17,54.76,55.43,54.5,55.4,50.2913,8400,0,0
2022-05-18,54.9,54.92,53.39,53.66,48.7117,9100,0,0
2022-05-19,53.19,54.03,53.15,53.41,48.4848,16700,0,0
2022-05-20,53.85,53.85,52.22,53.13,48.2306,27300,0,0
2022-05-23,53.66,54.15,53.34,53.88,48.9114,24500,0,0
2022-05-24,53.51,53.51,52.39,53.4,48.4757,5400,0,0
2022-05-25,53.46,54.66,53.4,54.56,49.5287,60500,0,0
2022-05-26,54.98,55.83,54.98,55.61,50.4819,9600,0,0
2022-05-27,55.93,56.71,55.93,56.71,51.4805,21300,0,0
2022-05-31,56.43,56.48,55.98,56.21,51.0266,5300,0,0
2022-06-01,56.61,56.61,55.38,56.16,50.9812,116600,0,0
2022-06-02,56.24,56.94,55.88,56.81,51.5712,98800,0,0
2022-06-03,56.51,56.61,56.25,56.47,51.2626,9800,0,0
2022-06-06,57.09,57.09,56.65,56.88,51.6348,14200,0,0
2022-06-07,56.6,57.6,56.6,57.6,52.2884,11000,0,0
2022-06-08,57.33,57.33,56.66,56.66,51.4351,6200,0,0
2022-06-09,56.13,56.23,55.36,55.36,50.4401,12200,0.208,0
2022-06-10,54.66,54.66,53.79,54.03,49.2283,19800,0,0
2022-06-13,52.67,52.67,51.28,51.49,46.914,23400,0,0
2022-06-14,51.68,51.75,50.76,51.19,46.6407,14200,0,0
2022-06-15,51.79,52.06,51.66,51.68,47.0872,15100,0,0
2022-06-16,50.58,50.58,49.04,49.29,44.9096,16300,0,0
2022-06-17,49.57,49.72,48.98,49.43,45.0371,13300,0,0
2022-06-21,50.06,50.63,49.81,50.07,45.6202,42500,0,0
2022-06-22,49.43,49.99,49.43,49.93,45.4927,7800,0,0
2022-06-23,49.83,50.04,49.36,50.04,45.5929,12800,0,0
2022-06-24,50.52,51.61,50.5,51.56,46.9778,47000,0,0
2022-06-27,51.97,52.15,51.54,51.82,47.2147,28100,0,0
2022-06-28,52.4,52.57,51.26,51.26,46.7045,16800,0,0
2022-06-29,50.72,50.78,50.48,50.67,46.1669,8600,0,0
2022-06-30,50.05,50.77,49.82,50.31,45.8389,36400,0,0
2022-07-01,50.7,51.06,50.1,51.06,46.5223,7400,0,0
2022-07-05,49.98,50.9,49.78,50.9,46.3765,9000,0,0
2022-07-06,50.75,50.81,49.89,50.48,45.9938,41300,0,0
2022-07-07,51.21,51.53,51.21,51.48,46.9049,4500,0,0
2022-07-08,51.59,51.77,51.07,51.37,46.8047,8800,0,0
2022-07-11,51.09,51.09,50.62,50.66,46.1578,24200,0,0
2022-07-12,50.37,51.3,50.37,50.71,46.2034,87200,0,0
2022-07-13,50.28,50.78,50.12,50.63,46.1305,122700,0,0
2022-07-14,49.8,49.95,49.34,49.95,45.5109,68400,0,0
2022-07-15,50.81,50.99,50,50.94,46.4129,17100,0,0
2022-07-18,51.57,51.76,50.9,50.98,46.4494,142000,0,0
2022-07-19,51.44,52.77,51.44,52.72,48.0347,14000,0,0
2022-07-20,52.99,53.36,52.84,53.27,48.5359,53800,0,0
2022-07-21,53.01,53.35,52.47,53.35,48.6088,12400,0,0
2022-07-22,53.55,53.55,52.58,52.91,48.2079,28100,0,0
2022-07-25,53.19,53.54,53.07,53.45,48.6999,26700,0,0
2022-07-26,53.17,53.28,53,53.15,48.4265,29900,0,0
2022-07-27,53.31,54.28,53.24,54.17,49.3559,44600,0,0
2022-07-28,54.43,54.8,53.79,54.78,49.9117,17500,0,0
2022-07-29,55.03,55.41,54.94,55.27,50.3581,28800,0,0
2022-08-01,55.07,55.53,55.07,55.28,50.3672,4300,0,0
2022-08-02,55.2,55.29,54.74,54.75,49.8843,23100,0,0
2022-08-03,54.95,55.39,54.92,55.27,50.3581,10400,0,0
2022-08-04,54.92,55.01,54.83,54.83,49.9572,8200,0,0
2022-08-05,55.16,55.16,54.83,55.14,50.2397,8600,0,0
2022-08-08,55.26,55.97,55.26,55.48,50.5495,19600,0,0
2022-08-09,55.4,55.4,54.75,54.85,49.9754,17500,0,0
2022-08-10,55.92,56.36,55.9,56.28,51.2784,6300,0,0
2022-08-11,56.85,57.13,56.72,56.78,51.7339,17200,0,0
2022-08-12,57.36,57.74,57.31,57.73,52.5995,4500,0,0
2022-08-15,57.15,57.82,57.15,57.8,52.6633,4400,0,0
2022-08-16,57.6,58.43,57.6,58.2,53.0277,18100,0,0
2022-08-17,57.56,57.73,57.23,57.43,52.3262,10400,0,0
2022-08-18,57.44,57.91,57.44,57.82,52.6815,8400,0,0
2022-08-19,57.43,57.43,56.76,56.89,51.8341,106900,0,0
2022-08-22,56.36,56.36,55.54,55.6,50.6588,13300,0,0
2022-08-23,55.91,56.24,55.67,55.67,50.7226,12600,0,0
2022-08-24,55.78,55.96,55.6,55.89,50.923,7400,0,0
2022-08-25,56.57,56.68,56.37,56.68,51.6428,11900,0,0
2022-08-26,56.67,56.67,55.07,55.13,50.2306,7100,0,0
2022-08-29,54.78,55.04,54.52,54.72,49.857,14400,0,0
2022-08-30,54.14,54.18,53.73,53.9,49.1099,7000,0,0
2022-08-31,53.9,53.9,53.39,53.44,48.6907,24700,0,0
2022-09-01,52.72,52.92,52.49,52.92,48.217,71700,0,0
2022-09-02,53.54,53.7,52.62,52.62,47.9436,99200,0,0
2022-09-06,53.01,53.01,51.91,52.04,47.4152,120500,0,0
2022-09-07,52.03,53.02,51.95,53,48.2899,98400,0,0
2022-09-08,52.35,53.26,52.26,53.26,48.5267,35000,0,0
2022-09-09,53.89,54.34,53.89,54.28,49.4561,32400,0,0
2022-09-12,54.62,55.17,54.62,55.02,50.1303,26300,0,0
2022-09-13,53.88,53.92,52.72,52.96,48.2534,96800,0,0
2022-09-14,52.99,53.04,52.46,52.99,48.2807,9600,0,0
2022-09-15,52.73,53.53,52.59,52.77,48.0803,43900,0,0
2022-09-16,52.16,52.16,51.62,52.09,47.4607,24500,0,0
2022-09-19,52.13,52.75,52.09,52.67,47.9892,25200,0,0
2022-09-20,52.32,52.32,51.61,51.97,47.3514,18300,0,0
2022-09-21,52.24,52.53,51.26,51.26,46.7045,34000,0,0
2022-09-22,51.57,51.57,50.18,50.24,45.7751,54500,0,0
2022-09-23,49.75,49.75,48.36,49,44.6453,13500,0,0
2022-09-26,48.47,48.66,47.63,47.66,43.7296,167500,0.342,0
2022-09-27,48.42,48.48,47.24,47.66,43.7296,76100,0,0
2022-09-28,48,49.2,47.82,49.03,44.9867,115100,0,0
2022-09-29,48.49,48.49,47.33,47.88,43.9315,39900,0,0
2022-09-30,47.84,48.54,47.46,47.53,43.6104,36900,0,0
2022-10-03,48.04,49.01,48.01,48.83,44.8032,36400,0,0
2022-10-04,49.75,50.76,49.75,50.76,46.574,209200,0,0
2022-10-05,50.23,50.6,49.63,50.46,46.2987,61200,0,0
2022-10-06,50.11,50.78,50.05,50.14,46.0051,15400,0,0
2022-10-07,49.62,49.65,48.86,48.99,44.95,13900,0,0
2022-10-10,49.27,49.41,48.66,48.84,44.8123,12000,0,0
2022-10-11,48.41,49.54,48.37,48.95,44.9133,46500,0,0
2022-10-12,49.01,49.06,48.52,48.79,44.7664,108700,0,0
2022-10-13,47.76,50.38,47.6,50.11,45.9776,19100,0,0
2022-10-14,50.54,50.54,49.04,49.1,45.0509,9800,0,0
2022-10-17,49.87,50.47,49.87,50.39,46.2345,91800,0,0
2022-10-18,51.47,51.73,50.72,51.06,46.8493,70800,0,0
2022-10-19,50.77,50.9,49.94,50.38,46.2253,32700,0,0
2022-10-20,50.35,50.84,49.45,49.63,45.5372,18400,0,0
2022-10-21,49.78,50.8,49.59,50.75,46.5648,37000,0,0
2022-10-24,50.96,51.21,50.53,51.14,46.9227,23900,0,0
2022-10-25,51.59,52.33,51.48,52.25,47.9411,13300,0,0
2022-10-26,52.38,53.17,52.38,52.48,48.1521,85600,0,0
2022-10-27,52.84,53.39,52.6,52.61,48.2714,8600,0,0
2022-10-28,52.86,53.75,52.68,53.67,49.244,9600,0,0
2022-10-31,53.34,53.9,53.25,53.75,49.3174,27500,0,0
2022-11-01,54.37,54.37,53.72,53.88,49.4367,16900,0,0
2022-11-02,53.86,54.24,52.46,52.46,48.1338,27000,0,0
2022-11-03,52,52.43,51.37,52.1,47.8035,16800,0,0
2022-11-04,53.04,53.11,52.45,53.11,48.7302,6600,0,0
2022-11-07,53.52,53.63,52.98,53.57,49.1523,13000,0,0
2022-11-08,53.81,54.09,53.15,53.43,49.0238,62600,0,0
2022-11-09,52.98,53.12,52.23,52.29,47.9778,12700,0,0
2022-11-10,54.26,55.11,54.26,55.11,50.5653,9400,0,0
2022-11-11,55.36,55.93,55.35,55.51,50.9323,9800,0,0
2022-11-14,55.31,55.75,54.89,54.92,50.3909,18900,0,0
2022-11-15,55.65,56.02,55.29,55.52,50.9415,12900,0,0
2022-11-16,55.17,55.17,54.57,54.67,50.1615,11000,0,0
2022-11-17,53.81,54.35,53.74,54.35,49.8679,20500,0,0
2022-11-18,54.97,54.97,54.4,54.72,50.2074,11400,0,0
2022-11-21,54.55,54.68,54.22,54.63,50.1249,12700,0,0
2022-11-22,55.11,55.51,54.97,55.51,50.9323,55900,0,0
2022-11-23,55.51,55.63,55.22,55.44,50.868,12400,0,0
2022-11-25,55.53,55.87,55.52,55.7,51.1066,2500,0,0
2022-11-28,55.16,55.39,54.52,54.68,50.1707,19300,0,0
2022-11-29,54.87,54.99,54.33,54.98,50.446,34200,0,0
2022-11-30,54.54,56.04,54.4,56.02,51.4002,7900,0,0
2022-12-01,56.21,56.4,55.85,55.85,51.2442,52100,0,0
2022-12-02,55.26,56.15,55.26,56.02,51.4002,7400,0,0
2022-12-05,55.8,55.8,54.38,54.47,49.978,13600,0,0
2022-12-06,54.36,54.36,53.67,53.92,49.4734,14700,0,0
2022-12-07,53.78,54.07,53.66,53.66,49.2348,4000,0,0
2022-12-08,54.09,54.33,53.76,53.84,49.4,12700,0,0
2022-12-09,53.73,53.89,53.36,53.37,48.9688,13600,0,0
2022-12-12,53.33,54.02,53.18,53.89,49.4459,21700,0,0
2022-12-13,54.69,55.18,53.6,53.79,49.661,12600,0.333,0
2022-12-14,53.84,54.12,53.28,53.47,49.3656,10600,0,0
2022-12-15,52.93,52.93,52.16,52.24,48.23,16000,0,0
2022-12-16,51.58,52.01,51.33,51.79,47.8145,14500,0,0
2022-12-19,51.87,51.92,51.06,51.26,47.3252,19600,0,0
2022-12-20,51.04,51.74,51.04,51.41,47.4637,37100,0,0
2022-12-21,51.82,52.46,51.82,52.33,48.3131,17000,0,0
2022-12-22,52.33,52.33,50.85,51.69,47.7222,20000,0,0
2022-12-23,51.56,52.12,51.51,52.12,48.1192,8500,0,0
2022-12-27,52.05,52.25,51.7,52.1,48.1007,385300,0,0
2022-12-28,51.98,52.3,51.11,51.11,47.1867,40100,0,0
2022-12-29,51.36,52.31,51.36,52.23,48.2207,36900,0,0
2022-12-30,51.74,52.12,51.7,52.06,48.0638,40800,0,0
2023-01-03,52.45,52.86,51.68,51.93,47.9438,14900,0,0
2023-01-04,52.49,53.1,52.43,52.84,48.7839,15600,0,0
2023-01-05,52.41,52.57,51.97,52.45,48.4239,20600,0,0
2023-01-06,52.97,53.78,52.92,53.64,49.5225,26400,0,0
2023-01-09,53.97,54.22,53.6,53.67,49.5502,34900,0,0
2023-01-10,53.5,54.28,53.5,54.27,50.1041,20800,0,0
2023-01-11,54.6,55,54.6,54.98,50.7596,90800,0,0
2023-01-12,55.22,55.76,55.21,55.71,51.4336,27900,0,0
2023-01-13,55.31,56.02,55.31,55.93,51.6367,36400,0,0
2023-01-17,55.86,56,55.7,55.78,51.4982,18700,0,0
2023-01-18,56,56.15,54.93,54.94,50.7227,14000,0,0
2023-01-19,54.6,54.6,53.96,54.46,50.2796,26100,0,0
2023-01-20,54.35,55.45,54.35,55.45,51.1936,12900,0,0
2023-01-23,55.67,56.34,55.33,56.2,51.886,10700,0,0
2023-01-24,55.9,56.18,55.68,55.95,51.6552,15300,0,0
2023-01-25,55.6,56.16,55.32,56.15,51.8398,18100,0,0
2023-01-26,56.04,56.52,55.9,56.52,52.1814,12200,0,0
2023-01-27,56.49,57.07,56.39,56.87,52.5046,22000,0,0
2023-01-30,56.37,56.84,56.27,56.27,51.9506,8800,0,0
2023-01-31,56.73,57.66,56.73,57.66,53.2339,13400,0,0
2023-02-01,57.73,59,57.48,58.59,54.0925,44500,0,0
2023-02-02,59.08,60.11,59.08,59.69,55.1081,13600,0,0
2023-02-03,59.23,59.91,59.23,59.37,54.8127,13600,0,0
2023-02-06,58.99,58.99,58.35,58.49,54.0002,7200,0,0
2023-02-07,58.47,58.93,57.92,58.87,54.351,12800,0,0
2023-02-08,58.41,58.41,57.99,58.01,53.5571,15500,0,0
2023-02-09,58.63,58.76,57.14,57.15,52.7631,7800,0,0
2023-02-10,56.99,57.27,56.85,57.27,52.8739,12000,0,0
2023-02-13,57.36,57.96,57,57.9,53.4555,16600,0,0
2023-02-14,57.74,58.24,57.17,57.84,53.4001,13400,0,0
2023-02-15,57.51,58.42,57.51,58.41,53.9263,14800,0,0
2023-02-16,57.83,58.56,57.8,58.02,53.5663,11300,0,0
2023-02-17,57.88,58.08,57.58,58.06,53.6032,9600,0,0
2023-02-21,57.46,57.46,56.33,56.33,52.006,6700,0,0
2023-02-22,56.74,56.8,56.23,56.41,52.0799,10900,0,0
2023-02-23,56.97,57.23,56.08,56.74,52.3845,17500,0,0
2023-02-24,55.94,56.2,55.82,56.2,51.886,6400,0,0
2023-02-27,56.66,56.93,56.33,56.36,52.0337,11500,0,0
2023-02-28,56.6,56.82,56.38,56.38,52.0522,31900,0,0
2023-03-01,56.32,56.49,56.04,56.32,51.9968,6600,0,0
2023-03-02,55.84,56.47,55.84,56.45,52.1168,7000,0,0
2023-03-03,56.8,57.22,56.55,57.14,52.7538,12000,0,0
2023-03-06,57.34,57.34,56.1,56.22,51.9045,7000,0,0
2023-03-07,56.3,56.32,55.41,55.5,51.2397,9800,0,0
2023-03-08,55.44,55.65,55.17,55.47,51.212,8100,0,0
2023-03-09,55.05,55.19,53.76,53.8,49.6702,50500,0,0
2023-03-10,53.4,53.51,51.71,52.26,48.2484,23400,0,0
2023-03-13,51.07,51.78,50.45,50.94,47.0298,22800,0,0
2023-03-14,52.86,52.86,51.34,51.7,47.7314,7300,0,0
2023-03-15,50.01,50.73,49.93,50.73,46.8359,18700,0,0
2023-03-16,50.22,51.59,49.85,51.43,47.4821,17800,0,0
2023-03-17,50.99,50.99,49.88,50.04,46.1988,23400,0,0
2023-03-20,50.59,51.18,50.54,50.67,46.7805,23600,0,0
2023-03-21,51.69,51.97,51.61,51.75,47.7776,20300,0,0
2023-03-22,51.67,51.86,50.29,50.29,46.4297,28800,0,0
2023-03-23,50.72,50.84,49.12,49.59,46.0545,60100,0.296,0
2023-03-24,48.99,50.05,48.92,50.05,46.4817,11700,0,0
2023-03-27,50.58,50.84,50.29,50.56,46.9553,43700,0,0
2023-03-28,50.7,50.85,50.38,50.69,47.076,78700,0,0
2023-03-29,51.38,51.45,50.84,51.24,47.5868,35900,0,0
2023-03-30,51.55,51.95,51.15,51.25,47.5961,13400,0,0
2023-03-31,51.72,52.17,51.7,52.17,48.4505,22600,0,0
2023-04-03,52.16,52.45,51.79,52.18,48.4598,13300,0,0
2023-04-04,52.4,52.4,50.91,51.16,47.5125,11400,0,0
2023-04-05,50.84,50.97,50.6,50.82,47.1968,13300,0,0
2023-04-06,50.96,51.1,50.69,50.88,47.2525,10800,0,0
2023-04-10,50.76,51.38,50.6,51.37,47.7076,14900,0,0
2023-04-11,51.68,52.12,51.68,51.87,48.1719,6800,0,0
2023-04-12,52.25,52.28,51.4,51.4,47.7354,7600,0,0
2023-04-13,51.61,52.05,51.59,51.93,48.2276,4800,0,0
2023-04-14,52,52.42,51.31,51.56,47.884,11400,0,0
2023-04-17,51.77,52.07,51.53,52.07,48.3576,25800,0,0
2023-04-18,52.13,52.13,51.62,51.84,48.144,23500,0,0
2023-04-19,51.71,52.25,51.51,52.09,48.3762,26100,0,0
2023-04-20,51.69,51.95,51.6,51.76,48.0698,21200,0,0
2023-04-21,51.7,51.7,51.32,51.69,48.0047,9500,0,0
2023-04-24,51.59,51.81,51.42,51.66,47.9769,27100,0,0
2023-04-25,51.16,51.16,50.4,50.4,46.8067,21400,0,0
2023-04-26,50.41,50.44,49.8,49.94,46.3795,26100,0,0
2023-04-27,50.11,50.77,49.97,50.74,47.1225,10100,0,0
2023-04-28,51,51.37,51,51.28,47.624,21100,0,0
2023-05-01,51.13,51.58,51.13,51.16,47.5125,10100,0,0
2023-05-02,51.07,51.07,49.43,50.02,46.4538,28700,0,0
2023-05-03,49.99,50.63,49.84,49.84,46.2866,99600,0,0
2023-05-04,49.45,49.45,48.75,49.05,45.553,84600,0,0
2023-05-05,49.83,50.46,49.83,50.33,46.7417,259300,0,0
2023-05-08,50.55,50.55,50.07,50.16,46.5838,18500,0,0
2023-05-09,49.82,50.18,49.7,49.98,46.4166,22700,0,0
2023-05-10,50.12,50.18,49.51,49.96,46.3981,27900,0,0
2023-05-11,49.71,49.71,49.43,49.56,46.0266,18000,0,0
2023-05-12,49.71,49.71,49.22,49.48,45.9523,5600,0,0
2023-05-15,49.58,50.2,49.58,50.09,46.5188,19600,0,0
2023-05-16,49.73,49.76,49.24,49.24,45.7294,6400,0,0
2023-05-17,49.54,50.59,49.43,50.53,46.9274,72200,0,0
2023-05-18,50.37,50.94,50.35,50.92,47.2896,8200,0,0
2023-05-19,51.1,51.13,50.25,50.36,46.7696,10100,0,0
2023-05-22,50.59,51.06,50.4,50.91,47.2803,10500,0,0
2023-05-23,50.89,51.46,50.6,50.8,47.1782,10100,0,0
2023-05-24,50.64,50.64,50,50.14,46.5652,10800,0,0
2023-05-25,50.17,50.17,49.65,49.79,46.2402,4000,0,0
2023-05-26,49.87,50.41,49.77,50.33,46.7417,12200,0,0
2023-05-30,50.51,50.6,50.01,50.27,46.686,15500,0,0
2023-05-31,50.03,50.06,49.27,49.51,45.9802,24700,0,0
2023-06-01,49.76,50.18,49.47,49.96,46.3981,15000,0,0
2023-06-02,50.59,52.02,50.59,52.02,48.3112,6800,0,0
2023-06-05,52.07,52.07,50.97,51.23,47.5775,12200,0,0
2023-06-06,51.1,52.86,51.1,52.74,48.9799,11600,0,0
2023-06-07,52.73,53.72,52.7,53.66,50.0898,6500,0.269,0
2023-06-08,53.49,53.5,52.94,53.4,49.8471,11800,0,0
2023-06-09,53.53,53.53,52.82,52.96,49.4363,37700,0,0
2023-06-12,52.94,53.3,52.8,53.07,49.539,11500,0,0
2023-06-13,53.48,53.92,53.48,53.8,50.2205,9000,0,0
2023-06-14,53.95,54.25,53,53.3,49.7537,16200,0,0
2023-06-15,53.21,53.82,53.15,53.77,50.1924,39800,0,0
2023-06-16,53.83,53.83,53.23,53.55,49.9871,9100,0,0
2023-06-20,53.39,53.39,52.93,53.08,49.5484,10000,0,0
2023-06-21,52.96,53.2,52.63,52.93,49.4083,10200,0,0
2023-06-22,52.63,52.63,52.21,52.38,48.8949,15400,0,0
2023-06-23,51.89,52.13,51.6,51.6,48.1668,9500,0,0
2023-06-26,51.66,52.39,51.54,52.1,48.6336,11400,0,0
2023-06-27,52.1,53.1,52.1,53,49.4737,8400,0,0
2023-06-28,52.9,53.09,52.78,53.08,49.5484,8400,0,0
2023-06-29,53.18,53.85,53.18,53.85,50.2671,10800,0,0
2023-06-30,54.22,54.22,53.89,54.02,50.4258,8000,0,0
2023-07-03,53.89,54.51,53.89,54.4,50.7805,10300,0,0
2023-07-05,54.28,54.28,53.79,53.8,50.2205,7800,0,0
2023-07-06,53.13,53.13,52.43,52.97,49.4457,7000,0,0
2023-07-07,53.48,54.18,53.48,53.77,50.1924,8100,0,0
2023-07-10,53.79,54.54,53.79,54.46,50.8365,9900,0,0
2023-07-11,54.73,55.22,54.5,55.18,51.5086,6100,0,0
2023-07-12,55.99,55.99,55.72,55.72,52.0127,8400,0,0
2023-07-13,55.98,56.18,55.98,56.18,52.4421,7200,0,0
2023-07-14,56.29,56.29,55.26,55.35,51.6673,7900,0,0
2023-07-17,55.25,55.93,55.23,55.73,52.022,8800,0,0
2023-07-18,55.8,56.65,55.8,56.62,52.8528,6200,0,0
2023-07-19,57,57.19,56.95,57.19,53.3849,5100,0,0
2023-07-20,57.13,57.13,56.6,56.88,53.0955,6000,0,0
2023-07-21,57.24,57.24,56.55,56.55,52.7875,9000,0,0
2023-07-24,56.66,57.12,56.66,56.94,53.1515,10400,0,0
2023-07-25,56.88,57.21,56.82,56.82,53.0395,14000,0,0
2023-07-26,56.89,57.49,56.89,57.44,53.6183,10700,0,0
2023-07-27,57.88,57.96,56.65,56.75,52.9742,5600,0,0
2023-07-28,57.28,57.52,57.19,57.33,53.5156,6300,0,0
2023-07-31,57.6,57.87,57.59,57.84,53.9916,6800,0,0
2023-08-01,57.61,57.61,57.11,57.6,53.7676,6600,0,0
2023-08-02,56.6,57.02,56.6,56.92,53.1329,7100,0,0
2023-08-03,56.57,56.98,56.4,56.76,52.9835,5300,0,0
2023-08-04,56.76,57.26,56.7,56.7,52.9275,15700,0,0
2023-08-07,56.91,57.07,56.8,57.06,53.2636,6600,0,0
2023-08-08,56.33,56.69,55.91,56.69,52.9182,7100,0,0
2023-08-09,56.77,56.77,56.16,56.24,52.4981,6600,0,0
2023-08-10,56.54,57.02,56.02,56.04,52.3114,12300,0,0
2023-08-11,55.96,56.19,55.96,56.11,52.3768,6300,0,0
2023-08-14,56.04,56.04,55.37,55.82,52.1061,7300,0,0
2023-08-15,55.46,55.46,54.95,54.95,51.2939,58200,0,0
2023-08-16,54.99,54.99,54.3,54.3,50.6872,9200,0,0
2023-08-17,54.36,54.51,53.87,53.87,50.2858,12900,0,0
2023-08-18,53.51,54.17,53.51,54.04,50.4445,9200,0,0
2023-08-21,54.19,54.19,53.56,53.86,50.2765,4500,0,0
2023-08-22,54.08,54.08,53.42,53.47,49.9124,4600,0,0
2023-08-23,53.42,54,53.42,53.93,50.3418,13200,0,0
2023-08-24,53.93,54.14,53.57,53.57,50.0057,9000,0,0
2023-08-25,53.42,53.9,53.2,53.63,50.0618,9200,0,0
2023-08-28,54.02,54.39,53.98,54.23,50.6218,15100,0,0
2023-08-29,54.33,54.89,54.33,54.86,51.2099,16300,0,0
2023-08-30,54.94,55.16,54.77,55,51.3406,5800,0,0
2023-08-31,55.22,55.37,55.06,55.08,51.4153,6000,0,0
2023-09-01,55.58,55.86,55.58,55.78,52.0687,6400,0,0
2023-09-05,55.51,55.51,54.48,54.48,50.8552,8800,0,0
2023-09-06,54.4,54.76,53.97,54.18,50.5752,11100,0,0
2023-09-07,53.92,53.92,53.51,53.62,50.0524,9800,0,0
2023-09-08,53.5,53.75,53.5,53.62,50.0524,6800,0,0
2023-09-11,53.94,54.03,53.53,53.56,49.9964,6200,0,0
2023-09-12,53.76,53.94,53.63,53.71,50.1364,10200,0,0
2023-09-13,53.63,53.63,53.14,53.26,49.7164,8900,0,0
2023-09-14,53.86,54.26,53.86,54.17,50.5658,8000,0,0
2023-09-15,54.15,54.15,53.57,53.75,50.1738,7900,0,0
2023-09-18,53.69,53.74,53.43,53.43,49.8751,10200,0,0
2023-09-19,53.41,53.71,53.21,53.27,49.7257,5700,0,0
2023-09-20,53.44,53.72,52.89,52.89,49.371,8200,0,0
2023-09-21,52.47,52.47,52.07,52.07,48.6055,10400,0,0
2023-09-22,52.11,52.23,51.83,51.88,48.4282,62600,0,0
2023-09-25,51.6,52.23,51.6,52.13,48.6616,11800,0,0
2023-09-26,51.44,51.74,51.02,51.03,47.979,17900,0.374,0
2023-09-27,51.16,51.53,51,51.31,48.2422,8600,0,0
2023-09-28,51.31,52.13,51.31,51.91,48.8064,10900,0,0
2023-09-29,52.21,52.28,51.68,51.78,48.6841,6000,0,0
2023-10-02,51.77,51.77,50.72,50.93,47.885,11300,0,0
2023-10-03,50.69,50.69,49.77,50,47.0106,20600,0,0
2023-10-04,49.97,50.09,49.43,50.07,47.0764,10100,0,0
2023-10-05,49.86,50.14,49.73,50.07,47.0764,47400,0,0
2023-10-06,49.71,50.64,49.54,50.36,47.349,17700,0,0
2023-10-09,49.99,50.9,49.99,50.72,47.6875,12200,0,0
2023-10-10,50.99,51.54,50.99,51.25,48.1858,15300,0,0
2023-10-11,51.3,51.56,51.04,51.39,48.3174,21300,0,0
2023-10-12,51.4,51.4,50.16,50.42,47.4054,12600,0,0
2023-10-13,50.53,50.53,49.94,49.96,46.9729,8700,0,0
2023-10-16,50.39,50.94,50.39,50.79,47.7533,11500,0,0
2023-10-17,50.48,51.76,50.48,51.48,48.4021,15100,0,0
2023-10-18,51.12,51.12,50.37,50.43,47.4148,6700,0,0
2023-10-19,50.26,50.59,49.56,49.67,46.7003,39600,0,0
2023-10-20,49.68,49.68,49.03,49.03,46.0985,35900,0,0
2023-10-23,48.76,49.19,48.51,48.51,45.6096,14300,0,0
2023-10-24,48.85,49.07,48.52,48.77,45.8541,17700,0,0
2023-10-25,48.41,48.41,48.01,48.1,45.2241,15500,0,0
2023-10-26,48.38,48.65,48.18,48.44,45.5438,7600,0,0
2023-10-27,48.69,48.69,47.64,47.77,44.9139,17700,0,0
2023-10-30,48.15,48.48,47.85,48.21,45.3276,9600,0,0
2023-10-31,48.12,48.64,48.12,48.56,45.6566,37800,0,0
2023-11-01,48.58,48.95,48.38,48.95,46.0233,41600,0,0
2023-11-02,49.39,50.44,49.39,50.42,47.4054,32400,0,0
2023-11-03,50.98,52.02,50.98,51.72,48.6277,10700,0,0
2023-11-06,51.72,51.72,50.84,51.03,47.979,32700,0,0
2023-11-07,50.71,50.94,50.56,50.7,47.6687,20600,0,0
2023-11-08,50.62,50.69,50.23,50.32,47.3114,32400,0,0
2023-11-09,50.65,50.65,49.52,49.55,46.5875,10100,0,0
2023-11-10,49.87,50.14,49.42,50.02,47.0294,11700,0,0
2023-11-13,49.77,50.09,49.7,49.95,46.9635,19400,0,0
2023-11-14,51.31,52.66,51.31,52.56,49.4175,52500,0,0
2023-11-15,52.64,53.45,52.64,52.85,49.6901,19000,0,0
2023-11-16,52.71,52.71,51.94,52.09,48.9756,12300,0,0
2023-11-17,52.43,52.91,52.43,52.78,49.6243,15700,0,0
2023-11-20,52.91,53.09,52.57,52.98,49.8124,18700,0,0
2023-11-21,52.77,52.77,52.37,52.37,49.2388,56300,0,0
2023-11-22,52.7,52.89,52.54,52.67,49.5209,11100,0,0
2023-11-24,52.73,53.03,52.6,52.97,49.803,11600,0,0
2023-11-27,52.63,52.88,52.45,52.8,49.6431,29600,0,0
2023-11-28,52.71,52.89,52.55,52.72,49.5679,29700,0,0
2023-11-29,53.19,53.63,53.08,53.11,49.9346,29300,0,0
2023-11-30,53.25,53.46,53.2,53.24,50.0568,14700,0,0
2023-12-01,53.08,54.95,53.08,54.93,51.6458,16400,0,0
2023-12-04,54.79,55.51,54.79,55.5,52.1817,24600,0,0
2023-12-05,55.32,55.32,54.63,54.68,51.4107,15400,0,0
2023-12-06,55.08,55.75,54.58,54.58,51.3167,19700,0,0
2023-12-07,54.84,55.16,54.74,55.16,51.862,25500,0,0
2023-12-08,55.04,55.73,55.04,55.46,52.1441,9500,0,0
2023-12-11,55.42,55.75,55.35,55.64,52.3133,11200,0,0
2023-12-12,55.71,55.71,55.32,55.34,52.0313,27000,0,0
2023-12-13,55.31,57.33,55.08,57.33,53.9023,31800,0,0
2023-12-14,58.33,59.3,58.33,59.07,55.5383,15100,0,0
2023-12-15,59.12,59.16,58.38,58.6,55.0964,20700,0,0
2023-12-18,58.98,58.98,58.45,58.47,54.9741,13400,0,0
2023-12-19,58.95,59.58,58.95,59.57,56.0084,11600,0,0
2023-12-20,59.06,59.54,58.06,58.08,54.9487,15700,0.37,0
2023-12-21,58.81,58.98,58.38,58.98,55.8002,30100,0,0
2023-12-22,59.36,59.62,59.01,59.32,56.1219,16500,0,0
2023-12-26,59.47,60.07,59.47,59.93,56.699,13000,0,0
2023-12-27,60.1,60.1,59.74,59.95,56.7179,10900,0,0
2023-12-28,59.79,60.05,59.71,59.95,56.7179,12500,0,0
2023-12-29,60,60,59.19,59.21,56.0178,11500,0,0
2024-01-02,58.82,59.58,58.79,59.02,55.8381,30300,0,0
2024-01-03,58.5,58.5,57.5,57.51,54.4095,9900,0,0
2024-01-04,57.72,57.72,57.34,57.41,54.3149,21000,0,0
2024-01-05,57.17,58.03,56.77,57.55,54.4473,10400,0,0
2024-01-08,57.41,58.32,57.32,58.32,55.1758,10800,0,0
2024-01-09,58.04,58.04,57.57,57.74,54.6271,22900,0,0
2024-01-10,57.67,57.87,57.5,57.81,54.6933,17800,0,0
2024-01-11,57.83,57.83,56.94,57.43,54.3338,11300,0,0
2024-01-12,57.87,58.01,57.01,57.13,54.05,10000,0,0
2024-01-16,56.6,56.6,56.23,56.37,53.3309,39200,0,0
2024-01-17,55.65,56.14,55.58,55.84,52.8295,6700,0,0
2024-01-18,56.17,56.25,55.66,56.24,53.208,20300,0,0
2024-01-19,56.42,56.91,55.99,56.9,53.8324,9700,0,0
2024-01-22,57.33,57.87,57.09,57.87,54.7501,22500,0,0
2024-01-23,58.31,58.34,57.46,57.63,54.523,25900,0,0
2024-01-24,58.25,58.25,57.24,57.26,54.173,6300,0,0
2024-01-25,57.88,57.91,57.32,57.82,54.7028,9200,0,0
2024-01-26,57.99,58.13,57.79,57.94,54.8163,11900,0,0
2024-01-29,58.09,58.67,57.89,58.67,55.5069,7300,0,0
2024-01-30,58.48,58.48,58.2,58.33,55.1853,6700,0,0
2024-01-31,58.08,58.12,56.92,56.92,53.8513,14600,0,0
2024-02-01,57.38,57.38,56.15,57.28,54.1919,11100,0,0
2024-02-02,56.9,57.2,56.57,57.01,53.9364,6300,0,0
2024-02-05,56.5,56.5,55.75,56.09,53.066,10600,0,0
2024-02-06,56.19,56.49,56.19,56.42,53.3782,22000,0,0
2024-02-07,56.63,56.63,55.83,56.23,53.1985,20700,0,0
2024-02-08,56.32,56.9,56.21,56.87,53.804,5100,0,0
2024-02-09,57.06,57.39,56.68,57.35,54.2581,5400,0,0
2024-02-12,57.51,58.65,57.51,58.47,55.3177,20900,0,0
2024-02-13,56.89,56.89,55.88,56.3,53.2647,28800,0,0
2024-02-14,57.03,57.29,56.56,57.29,54.2013,22400,0,0
2024-02-15,57.48,58.54,57.48,58.48,55.3272,22600,0,0
2024-02-16,57.92,58.4,57.63,57.91,54.7879,12300,0,0
2024-02-20,57.39,57.62,57.08,57.4,54.3054,15600,0,0
2024-02-21,57.32,57.48,57.13,57.39,54.296,11800,0,0
2024-02-22,57.54,57.79,57.52,57.64,54.5325,11100,0,0
2024-02-23,57.65,58.12,57.61,57.93,54.8068,10400,0,0
2024-02-26,57.79,58.1,57.59,57.78,54.6649,17000,0,0
2024-02-27,58,58.35,57.93,58.28,55.138,10400,0,0
2024-02-28,57.99,58.24,57.91,57.91,54.7879,8500,0,0
2024-02-29,58.2,58.77,58.1,58.38,55.2326,54100,0,0
2024-03-01,58.34,58.62,58,58.6,55.4407,14300,0,0
2024-03-04,58.81,59.04,58.5,58.5,55.3461,20600,0,0
2024-03-05,58.19,58.91,58.19,58.57,55.4123,10100,0,0
2024-03-06,58.94,58.94,58.44,58.69,55.5259,12100,0,0
2024-03-07,59.05,59.35,59.03,59.16,55.9705,13300,0,0
2024-03-08,59.44,60.06,59.19,59.22,56.0273,23300,0,0
2024-03-11,59.09,59.16,58.92,59.08,55.8948,3400,0,0
2024-03-12,58.95,59.19,58.72,59.02,55.8381,8600,0,0
2024-03-13,59.08,59.5,59.08,59.16,55.9705,9400,0,0
2024-03-14,59.13,59.13,57.9,58.16,55.0244,13300,0,0
2024-03-15,58.14,58.58,58.14,58.4,55.2515,7800,0,0
2024-03-18,58.65,58.67,58.15,58.24,55.1001,13900,0,0
2024-03-19,57.99,58.71,57.99,58.63,55.4691,11200,0,0
2024-03-20,58.54,59.79,58.52,59.79,56.5666,8200,0,0
2024-03-21,60,60.31,60,60.17,57.1709,11200,0.256,0
2024-03-22,60.22,60.22,59.34,59.34,56.3822,6200,0,0
2024-03-25,59.52,59.77,59.43,59.43,56.4677,12700,0,0
2024-03-26,59.56,59.7,59.35,59.35,56.3917,17100,0,0
2024-03-27,59.66,60.76,59.66,60.76,57.7315,11300,0,0
2024-03-28,60.9,61.32,60.85,61.2,58.1495,16800,0,0
2024-04-01,61.41,61.41,60.59,60.61,57.5889,15400,0,0
2024-04-02,60,60,59.28,59.51,56.5438,35400,0,0
2024-04-03,59.35,59.81,59.35,59.77,56.7908,7000,0,0
2024-04-04,60.4,60.4,59.02,59.21,56.2587,25200,0,0
2024-04-05,59.22,59.55,59.05,59.3,56.3442,25000,0,0
2024-04-08,59.85,59.89,59.71,59.72,56.7433,10800,0,0
2024-04-09,60.05,60.18,59.65,60.03,57.0378,10800,0,0
2024-04-10,58.43,58.81,58,58.35,55.4416,27200,0,0
2024-04-11,58.57,58.57,58.2,58.43,55.5176,8600,0,0
2024-04-12,58.17,58.17,57.34,57.45,54.5864,11100,0,0
2024-04-15,57.67,58.03,56.7,56.86,54.0258,17500,0,0
2024-04-16,56.39,56.67,55.96,56.46,53.6458,13700,0,0
2024-04-17,56.75,56.75,56.09,56.09,53.2942,9500,0,0
2024-04-18,56.22,56.81,56.06,56.16,53.3607,18600,0,0
2024-04-19,56.05,56.77,56.05,56.77,53.9403,56300,0,0
2024-04-22,56.9,57.58,56.77,57.27,54.4154,7600,0,0
2024-04-23,57.31,58.32,57.31,58.1,55.204,6800,0,0
2024-04-24,58.05,58.14,57.72,58.13,55.2325,10600,0,0
2024-04-25,57.57,57.71,57.08,57.6,54.729,7400,0,0
2024-04-26,57.77,58.04,57.61,57.88,54.995,4100,0,0
2024-04-29,58.06,58.34,58.03,58.21,55.3086,14200,0,0
2024-04-30,57.76,57.76,57.14,57.14,54.2919,5300,0,0
2024-05-01,57.17,58,57.06,57.21,54.3584,7400,0,0
2024-05-02,57.61,58.18,57.52,58.18,55.2801,4100,0,0
2024-05-03,59.16,59.41,58.65,58.72,55.7931,14500,0,0
2024-05-06,59.22,59.48,59.22,59.37,56.4107,5300,0,0
2024-05-07,59.62,59.76,59.27,59.37,56.4107,5000,0,0
2024-05-08,58.94,59.34,58.94,59.34,56.3822,3400,0,0
2024-05-09,59.25,60.02,59.25,60.02,57.0283,11100,0,0
2024-05-10,60.22,60.22,59.62,59.81,56.8288,7000,0,0
2024-05-13,60.27,60.54,60.01,60.01,57.0188,4800,0,0
2024-05-14,60.77,60.93,60.46,60.73,57.703,4200,0,0
2024-05-15,60.8,60.93,60.78,60.92,57.8835,4100,0,0
2024-05-16,60.88,60.88,60.45,60.45,57.4369,11000,0,0
2024-05-17,60.49,60.7,60.4,60.46,57.4464,13200,0,0
2024-05-20,60.28,60.69,60.28,60.32,57.3134,9900,0,0
2024-05-21,60.03,60.3,60.03,60.25,57.2469,5000,0,0
2024-05-22,59.94,60.06,59.57,59.66,56.6863,2900,0,0
2024-05-23,59.72,59.72,58.55,58.67,55.7456,11300,0,0
2024-05-24,58.88,59.16,58.88,59.16,56.2112,10800,0,0
2024-05-28,59.48,59.48,58.75,58.93,55.9927,12000,0,0
2024-05-29,58.14,58.21,58.09,58.09,55.1945,5200,0,0
2024-05-30,58.48,58.94,58.48,58.9,55.9642,3900,0,0
2024-05-31,59.33,59.73,59.12,59.73,56.7528,6500,0,0
2024-06-03,59.96,59.96,59.14,59.36,56.4012,8400,0,0
2024-06-04,58.89,58.98,58.42,58.47,55.5556,13400,0,0
2024-06-05,58.64,58.99,58.42,58.99,56.0497,47500,0,0
2024-06-06,58.97,59.02,58.64,58.78,55.8501,8000,0,0
2024-06-07,58.3,58.3,58.12,58.2,55.299,8600,0,0
2024-06-10,57.82,58.19,57.45,58.19,55.2896,14100,0,0
2024-06-11,57.13,57.64,57.13,57.53,54.9097,15100,0.262,0
2024-06-12,58.75,59.22,58.26,58.42,55.7591,7200,0,0
2024-06-13,58.41,58.41,57.46,57.75,55.1197,14800,0,0
2024-06-14,57.3,57.3,56.7,56.87,54.2797,12300,0,0
2024-06-17,56.94,57.37,56.55,57.37,54.757,13000,0,0
2024-06-18,57.49,57.58,57.36,57.45,54.8333,15400,0,0
2024-06-20,57.27,57.63,57.12,57.3,54.6902,12700,0,0
2024-06-21,57.3,57.42,57.26,57.42,54.8047,9400,0,0
2024-06-24,57.64,58.21,57.64,58.02,55.3774,8800,0,0
2024-06-25,58,58,57.16,57.25,54.6424,23800,0,0
2024-06-26,57.08,57.29,56.94,57.29,54.6806,10300,0,0
2024-06-27,57.2,57.41,57.12,57.41,54.7951,21700,0,0
2024-06-28,57.52,57.93,57.5,57.91,55.2724,38700,0,0
2024-07-01,57.95,58.17,57.34,57.42,54.8047,12400,0,0
2024-07-02,57.35,57.71,57.35,57.69,55.0624,9000,0,0
2024-07-03,57.78,58.1,57.75,57.75,55.1197,4400,0,0
2024-07-05,57.42,57.76,57.05,57.29,54.6806,23600,0,0
2024-07-08,57.51,57.72,57.36,57.47,54.8524,15300,0,0
2024-07-09,57.34,57.59,57.03,57.26,54.652,18100,0,0
2024-07-10,57.31,57.96,57.31,57.95,55.3106,9600,0,0
2024-07-11,58.9,59.95,58.63,59.95,57.2195,6700,0,0
2024-07-12,60.48,60.75,60.33,60.49,57.7349,6200,0,0
2024-07-15,60.89,61.6,60.56,61.15,58.3648,7400,0,0
2024-07-16,61.67,63.13,61.67,63.1,60.226,17000,0,0
2024-07-17,62.74,63.67,62.74,62.96,60.0924,17100,0,0
2024-07-18,62.94,63.64,61.88,62.03,59.2047,21700,0,0
2024-07-19,61.79,62.05,61.37,61.54,58.737,5500,0,0
2024-07-22,61.83,62.34,61.03,62.29,59.4529,9200,0,0
2024-07-23,62.2,62.76,61.92,62.6,59.7488,7600,0,0
2024-07-24,62.31,62.61,61.46,61.46,58.6607,7200,0,0
2024-07-25,61.51,63.11,61.51,62.39,59.5483,7400,0,0
2024-07-26,63.26,63.56,62.96,63.4,60.5123,9600,0,0
2024-07-29,63.53,63.53,62.92,63.09,60.2164,13000,0,0
2024-07-30,63.57,63.66,63.22,63.54,60.6459,13500,0,0
2024-07-31,63.43,64.79,63.43,63.74,60.8368,15300,0,0
2024-08-01,63.91,63.91,61.63,62.03,59.2047,9100,0,0
2024-08-02,60.53,60.53,59.85,60.12,57.3817,12300,0,0
2024-08-05,57.39,58.68,57.37,58.26,55.6064,44000,0,0
2024-08-06,58.67,59.3,58.02,58.81,56.1314,11000,0,0
2024-08-07,59.79,59.79,58.27,58.29,55.6351,6500,0,0
2024-08-08,58.78,59.52,58.78,59.45,56.7422,13500,0,0
2024-08-09,59.56,59.56,59.21,59.39,56.685,7900,0,0
2024-08-12,59.56,59.56,58.66,58.71,56.0359,11800,0,0
2024-08-13,58.77,59.71,58.77,59.71,56.9904,6200,0,0
2024-08-14,59.82,59.84,59.39,59.52,56.809,5100,0,0
2024-08-15,60.71,60.98,60.63,60.72,57.9544,4900,0,0
2024-08-16,61.05,61.07,60.77,60.98,58.2025,14600,0,0
2024-08-19,61.13,61.58,61.13,61.53,58.7275,3400,0,0
2024-08-20,61.29,61.39,60.8,60.89,58.1166,12900,0,0
2024-08-21,61.31,61.51,61.03,61.51,58.7084,10500,0,0
2024-08-22,61.38,61.72,61.1,61.1,58.3171,11300,0,0
2024-08-23,61.23,63.08,61.23,63,60.1305,12400,0,0
2024-08-26,63.24,63.48,63,63,60.1305,10800,0,0
2024-08-27,62.66,62.73,62.39,62.64,59.7869,4300,0,0
2024-08-28,62.41,62.69,62.15,62.43,59.5865,6500,0,0
2024-08-29,62.3,63.14,62.3,62.73,59.8728,7700,0,0
2024-08-30,62.98,63.09,62.42,63.09,60.2164,4800,0,0
2024-09-03,62.56,62.78,61.64,61.64,58.8325,14700,0,0
2024-09-04,61.58,61.82,61.37,61.48,58.6798,7000,0,0
2024-09-05,61.64,61.7,61.03,61.11,58.3266,13300,0,0
2024-09-06,61.24,61.39,60.2,60.2,57.4581,6900,0,0
2024-09-09,60.51,60.51,60.21,60.3,57.5535,5500,0,0
2024-09-10,60.38,60.38,59.46,60.02,57.2863,5200,0,0
2024-09-11,59.8,60.04,58.77,59.98,57.2481,3400,0,0
2024-09-12,60.24,60.56,60.24,60.53,57.773,4800,0,0
2024-09-13,61.1,62.01,61.1,62.01,59.1856,10200,0,0
2024-09-16,62.1,62.53,62.1,62.52,59.6724,4200,0,0
2024-09-17,62.96,63.36,62.83,62.92,60.0542,23900,0,0
2024-09-18,62.82,64.44,62.73,63.07,60.1974,8200,0,0
2024-09-19,64.32,64.32,63.78,64.15,61.2282,6500,0,0
2024-09-20,63.88,63.88,63.42,63.42,60.5314,2300,0,0
2024-09-23,63.7,63.7,63.3,63.5,60.6078,6800,0,0
2024-09-24,63.87,63.87,63.55,63.63,60.7318,9900,0,0
2024-09-25,63.37,63.37,62.37,62.4,59.9138,5000,0.378,0
2024-09-26,62.68,63.2,62.68,62.94,60.4323,12200,0,0
2024-09-27,63.53,63.92,63.15,63.26,60.7395,11500,0,0
2024-09-30,63.23,63.51,63.01,63.48,60.9508,14400,0,0
2024-10-01,63.46,63.46,62.32,62.7,60.2018,7000,0,0
2024-10-02,62.56,62.81,62.38,62.49,60.0002,11300,0,0
2024-10-03,62.15,62.34,61.87,62.21,59.7314,24600,0,0
2024-10-04,63,63,62.61,62.89,60.3843,5900,0,0
2024-10-07,62.82,62.82,62.11,62.44,59.9522,7800,0,0
2024-10-08,62.36,62.58,62.17,62.35,59.8658,5900,0,0
2024-10-09,62.46,62.74,62.34,62.59,60.0962,5300,0,0
2024-10-10,62.33,62.45,61.87,62.32,59.837,7200,0,0
2024-10-11,62.38,63.45,62.38,63.45,60.922,4700,0,0
2024-10-14,63.46,63.74,63.02,63.74,61.2004,3900,0,0
2024-10-15,63.57,64.51,63.57,63.96,61.4116,5800,0,0
2024-10-16,64.39,64.88,64.39,64.82,62.2374,3700,0,0
2024-10-17,64.84,64.84,64.55,64.8,62.2182,7500,0,0
2024-10-18,64.82,64.92,64.66,64.79,62.2086,9000,0,0
2024-10-21,64.78,64.84,63.55,63.55,61.018,3300,0,0
2024-10-22,63.25,63.4,63.14,63.36,60.8355,12200,0,0
2024-10-23,63.18,63.38,62.6,63.08,60.5667,12600,0,0
2024-10-24,63.14,63.4,62.99,63.34,60.8163,7700,0,0
2024-10-25,63.44,63.66,62.83,62.83,60.3267,6800,0,0
2024-10-28,63.23,63.85,63.23,63.79,61.2484,4600,0,0
2024-10-29,63.34,63.48,63.23,63.46,60.9316,7300,0,0
2024-10-30,63.21,64.35,63.1,63.71,61.1716,7400,0,0
2024-10-31,63.58,63.96,62.99,62.99,60.4803,5000,0,0
2024-11-01,63.28,63.59,62.74,62.82,60.3171,19600,0,0
2024-11-04,63.14,63.5,62.96,62.98,60.4707,4900,0,0
2024-11-05,62.66,63.98,62.66,63.98,61.4308,7000,0,0
2024-11-06,66.6,67.4,66.21,67.33,64.6474,9500,0,0
2024-11-07,67.35,67.44,66.97,66.97,64.3017,4200,0,0
2024-11-08,67.11,67.27,66.82,67.18,64.5033,11700,0,0
2024-11-11,67.73,68.43,67.61,68.06,65.3483,8800,0,0
2024-11-12,67.81,68.08,67.08,67.17,64.4937,7200,0,0
2024-11-13,67.74,67.74,66.84,66.84,64.1769,4100,0,0
2024-11-14,67.15,67.15,66.34,66.34,63.6968,6200,0,0
2024-11-15,66.43,66.45,65.69,65.92,63.2935,6500,0,0
2024-11-18,66.17,66.18,65.94,66.01,63.38,8000,0,0
2024-11-19,65.29,65.93,65.29,65.9,63.2743,7000,0,0
2024-11-20,65.98,65.98,65.41,65.97,63.3416,10400,0,0
2024-11-21,66.41,67.25,66.41,67.07,64.3977,6700,0,0
2024-11-22,67.41,68.25,67.41,68.21,65.4923,14200,0,0
2024-11-25,68.99,70.13,68.99,69.5,66.7309,8700,0,0
2024-11-26,69.32,69.32,68.57,68.87,66.126,13900,0,0
2024-11-27,69.33,69.69,68.89,68.9,66.1548,6700,0,0
2024-11-29,69.39,69.39,69,69,66.2508,9200,0,0
2024-12-02,69.08,69.08,68.58,68.87,66.126,9700,0,0
2024-12-03,68.88,68.88,68.25,68.39,65.6651,51500,0,0
2024-12-04,68.37,68.55,68.1,68.47,65.7419,11900,0,0
2024-12-05,68.31,68.49,67.87,67.88,65.1754,15500,0,0
2024-12-06,67.94,67.95,67.65,67.85,65.1466,9600,0,0
2024-12-09,68.31,68.54,67.7,67.7,65.0026,9600,0,0
2024-12-10,67.69,67.95,67.33,67.34,64.657,16300,0,0
2024-12-11,67.83,67.97,67.56,67.72,65.0218,8600,0,0
2024-12-12,67.86,67.86,67.18,67.18,64.5033,11200,0,0
2024-12-13,67.19,67.19,66.6,66.74,64.0809,7200,0,0
2024-12-16,66.36,67.14,66.34,66.74,64.0809,50000,0,0
2024-12-17,66.37,66.37,65.5,65.54,63.29,14700,0.381,0
2024-12-18,65.55,65.97,62.9,62.93,60.7696,27300,0,0
2024-12-19,63.66,63.83,62.53,62.53,60.3833,24200,0,0
2024-12-20,62.27,63.7,62.27,63.15,60.982,20800,0,0
2024-12-23,62.99,63.29,62.78,63.29,61.1172,32900,0,0
2024-12-24,63.47,63.78,63.41,63.78,61.5904,13100,0,0
2024-12-26,63.7,64.16,63.53,64.13,61.9284,26200,0,0
2024-12-27,64.06,64.08,63,63.37,61.1945,58700,0,0
2024-12-30,63.21,63.3,62.52,63.05,60.8855,15800,0,0
2024-12-31,63.69,63.81,63.09,63.41,61.2331,31700,0,0
2025-01-02,64.06,64.06,62.9,63.1,60.9338,13800,0,0
2025-01-03,63.34,63.78,62.93,63.77,61.5808,92200,0,0
2025-01-06,63.97,64.52,63.7,63.7,61.5132,18900,0,0
2025-01-07,64.03,64.5,63.19,63.37,61.1945,12200,0,0
2025-01-08,62.61,63.24,62.55,63.15,60.982,39800,0,0
2025-01-10,62.73,62.73,61.9,62.08,59.9488,13800,0,0
2025-01-13,61.59,62.7,61.59,62.68,60.5282,9900,0,0
2025-01-14,63.29,63.59,62.93,63.58,61.3973,4800,0,0
2025-01-15,65.1,65.1,64.37,64.62,62.4016,18300,0,0
2025-01-16,64.49,64.94,64.2,64.85,62.6237,14900,0,0
2025-01-17,65.58,65.58,64.93,65.13,62.8941,18800,0,0
2025-01-21,65.51,65.96,65.51,65.96,63.6956,8700,0,0
2025-01-22,65.94,65.94,65.4,65.41,63.1644,7900,0,0
2025-01-23,65.21,65.69,65.05,65.55,63.2996,15100,0,0
2025-01-24,65.4,65.87,65.29,65.53,63.2803,13100,0,0
2025-01-27,65.18,65.9,65.18,65.58,63.3286,7500,0,0
2025-01-28,65.8,65.8,65.28,65.5,63.2514,23300,0,0
2025-01-29,65.47,65.89,65,65.35,63.1065,23400,0,0
2025-01-30,65.91,66.3,65.57,66,63.7342,26500,0,0
2025-01-31,65.87,66.16,65.27,65.32,63.0775,16400,0,0
2025-02-03,64.22,64.72,63.58,64.25,62.0443,22700,0,0
2025-02-04,64.09,64.96,64.09,64.92,62.6913,10000,0,0
2025-02-05,65.03,65.42,64.85,65.39,63.1451,14200,0,0
2025-02-06,65.72,65.79,65.26,65.37,63.1258,13200,0,0
2025-02-07,65.43,65.43,64.68,64.71,62.4885,7100,0,0
2025-02-10,65.07,65.07,64.58,64.74,62.5174,123600,0,0
2025-02-11,64.53,64.93,64.53,64.86,62.6333,6600,0,0
2025-02-12,64.16,64.42,64.13,64.21,62.0056,11500,0,0
2025-02-13,64.65,65.01,64.37,65,62.7685,55300,0,0
2025-02-14,65.27,65.74,65.07,65.15,62.9134,18400,0,0
2025-02-18,65.37,65.6,65.03,65.58,63.3286,12800,0,0
2025-02-19,65.33,65.43,64.87,65.3,63.0582,15300,0,0
2025-02-20,65.21,65.36,64.46,64.8,62.5754,14800,0,0
2025-02-21,64.42,64.42,63.2,63.4,61.2235,17500,0,0
2025-02-24,63.72,63.72,62.95,63.21,61.04,9600,0,0
2025-02-25,63.24,63.61,62.86,63.26,61.0883,8900,0,0
2025-02-26,63.36,63.69,62.93,63.1,60.9338,9600,0,0
2025-02-27,63.05,63.19,62.45,62.46,60.3157,49400,0,0
2025-02-28,62.36,62.97,62.27,62.97,60.8082,14900,0,0
2025-03-03,63.4,63.4,61.3,61.54,59.4273,17200,0,0
2025-03-04,61.08,61.3,59.86,60.52,58.4423,12500,0,0
2025-03-05,60.52,61.23,59.97,61.03,58.9348,68400,0,0
2025-03-06,60.3,60.9,60.1,60.45,58.3747,23700,0,0
2025-03-07,60.42,61.13,59.8,60.96,58.8672,51100,0,0
2025-03-10,60.15,60.47,59.43,59.61,57.5636,26900,0,0
2025-03-11,59.71,59.71,58.64,59.1,57.0711,96900,0,0
2025-03-12,59.41,59.42,58.67,58.97,56.9455,25300,0,0
2025-03-13,59.09,59.26,57.95,58.11,56.1151,16600,0,0
2025-03-14,58.53,59.54,58.53,59.54,57.496,7900,0,0
2025-03-17,59.49,60.42,59.38,60.27,58.2009,41200,0,0
2025-03-18,59.89,59.95,59.54,59.72,57.9139,15800,0.254,0
2025-03-19,59.78,60.79,59.62,60.44,58.6121,141700,0,0
2025-03-20,60.03,60.64,60.03,60.17,58.3503,24300,0,0
2025-03-21,59.63,59.91,59.26,59.76,57.9526,25500,0,0
2025-03-24,60.38,61.05,60.38,60.98,59.1358,20000,0,0
2025-03-25,61.08,61.08,60.47,60.64,58.806,54900,0,0
2025-03-26,61.02,61.02,60.31,60.56,58.7285,23300,0,0
2025-03-27,60.33,60.64,60.06,60.3,58.4763,13200,0,0
2025-03-28,60.19,60.19,58.8,59.17,57.3805,17700,0,0
2025-03-31,58.33,59.55,58.33,59.3,57.5066,30700,0,0
2025-04-01,59.09,59.7,58.77,59.41,57.6132,14400,0,0
2025-04-02,58.76,60.33,58.76,60.22,58.3987,44000,0,0
2025-04-03,57.57,57.92,55.86,55.86,54.1706,93300,0,0
2025-04-04,54.15,54.41,52.23,53.45,51.8335,121300,0,0
2025-04-07,51.47,55.17,51.22,52.74,51.145,181100,0,0
2025-04-08,54.31,54.51,50.85,51.37,49.8164,122500,0,0
2025-04-09,50.83,56.06,50.53,55.86,54.1706,41100,0,0
2025-04-10,54.52,54.52,52.03,53.32,51.7074,65400,0,0
2025-04-11,53.17,53.88,52.27,53.81,52.1826,103100,0,0
2025-04-14,54.64,54.75,53.82,54.5,52.8517,83100,0,0
2025-04-15,54.42,55.02,54.31,54.41,52.7644,23600,0,0
2025-04-16,54.26,54.75,53.5,54,52.3669,43800,0,0
2025-04-17,54.17,54.89,54.17,54.57,52.9196,16400,0,0
2025-04-21,54.05,54.16,53.05,53.56,51.9402,16100,0,0
2025-04-22,54.22,55.1,53.97,54.99,53.3269,130500,0,0
2025-04-23,56.42,57,55.43,55.58,53.8991,18400,0,0
2025-04-24,55.8,56.66,55.76,56.54,54.83,10000,0,0
2025-04-25,56.25,56.51,56.11,56.48,54.7718,12100,0,0
2025-04-28,56.53,57.05,56.22,56.81,55.0919,13100,0,0
2025-04-29,56.51,57.16,56.23,57.04,55.3149,18100,0,0
2025-04-30,56.1,56.77,55.51,56.75,55.0337,72900,0,0
2025-05-01,56.48,57.32,56.48,56.87,55.1501,15800,0,0
2025-05-02,57.62,58.22,57.52,58.13,56.3719,19600,0,0
2025-05-05,57.65,58.2,57.65,57.7,55.955,13300,0,0
2025-05-06,57.33,57.8,57.21,57.41,55.6737,13700,0,0
2025-05-07,57.6,57.89,57.17,57.52,55.7804,12200,0,0
2025-05-08,58.14,58.9,57.97,58.54,56.7695,8600,0,0
2025-05-09,58.77,58.86,58.44,58.66,56.8859,11900,0,0
2025-05-12,60.78,61.4,60.38,60.68,58.8448,11700,0,0
2025-05-13,61.02,61.2,60.72,60.93,59.0873,4900,0,0
2025-05-14,60.72,60.83,60.46,60.5,58.6703,8800,0,0
2025-05-15,60.36,60.73,60.18,60.73,58.8933,25900,0,0
2025-05-16,60.94,61.31,60.78,61.21,59.3588,9700,0,0
2025-05-19,60.48,60.9,60.48,60.89,59.0485,6700,0,0
2025-05-20,60.89,61.09,60.69,60.78,58.9418,4300,0,0
2025-05-21,60.28,60.28,58.96,59.03,57.2447,11300,0,0
2025-05-22,58.78,59.23,58.56,58.96,57.1768,14800,0,0
2025-05-23,58.01,58.9,58.01,58.78,57.0023,9700,0,0
2025-05-27,59.61,60.25,59.2,60.25,58.4278,13800,0,0
2025-05-28,60.25,60.25,59.51,59.55,57.749,18400,0,0
2025-05-29,60.05,60.05,59.24,59.69,57.8848,20300,0,0
2025-05-30,59.46,59.57,59.06,59.41,57.6132,15900,0,0
2025-06-02,59.45,59.45,58.84,59.04,57.2544,9100,0,0
2025-06-03,59.11,60.06,59.07,59.95,58.1369,6400,0,0
2025-06-04,59.87,59.93,59.66,59.67,57.8654,15100,0,0
2025-06-05,59.55,59.88,59.28,59.51,57.7102,22800,0,0
2025-06-06,60.25,60.37,60.06,60.35,58.5248,10600,0,0
2025-06-09,60.62,61.11,60.52,60.8,58.9612,13200,0,0
2025-06-10,60.94,61.48,60.92,61.28,59.4267,12200,0,0
2025-06-11,61.68,61.68,61,61.05,59.2036,5900,0,0
2025-06-12,60.68,60.86,60.42,60.83,58.9903,12100,0,0
2025-06-13,60.35,60.51,59.68,59.78,57.972,7200,0,0
2025-06-16,60.03,60.54,59.97,60.18,58.6513,17400,0.297,0
2025-06-17,59.7,60.29,59.57,59.58,58.0666,11100,0,0
2025-06-18,59.59,60.25,59.59,59.85,58.3297,10300,0,0
2025-06-20,60.28,60.28,59.85,59.93,58.4077,10800,0,0
2025-06-23,59.85,60.49,59.29,60.49,58.9535,12800,0,0
2025-06-24,60.73,61.28,60.73,61.17,59.6162,63500,0,0
2025-06-25,61.18,61.18,60.54,60.58,59.0412,41200,0,0
2025-06-26,60.9,61.47,60.59,61.47,59.9086,22000,0,0
2025-06-27,61.66,61.89,61.1,61.54,59.9768,19800,0,0
2025-06-30,61.63,61.63,61.32,61.39,59.8306,36100,0,0
2025-07-01,61.29,63.31,60.99,62.79,61.195,31900,0,0
2025-07-02,63.03,63.7,62.9,63.69,62.0722,20200,0,0
2025-07-03,64.02,64.26,63.93,63.98,62.3548,7500,0,0
2025-07-07,63.52,63.98,62.76,63.12,61.5167,12200,0,0
2025-07-08,63.2,64.05,63.2,63.63,62.0137,45600,0,0
2025-07-09,63.91,64.07,63.5,64.07,62.4425,20600,0,0
2025-07-10,64.07,64.96,64.07,64.67,63.0273,16600,0,0
2025-07-11,64.02,64.15,63.87,64,62.3743,10200,0,0
2025-07-14,63.79,64.03,63.52,64.02,62.3938,40700,0,0
2025-07-15,64.37,64.37,62.61,62.66,61.0683,17100,0,0
2025-07-16,62.85,63,61.95,62.86,61.2633,59100,0,0
2025-07-17,62.92,63.69,62.92,63.65,62.0332,11100,0,0
2025-07-18,64.01,64.01,63.25,63.39,61.7798,23800,0,0
2025-07-21,63.76,63.91,63.19,63.19,61.5849,20400,0,0
2025-07-22,63.47,64.42,63.47,64.34,62.7057,16200,0,0
2025-07-23,64.91,65.13,64.49,65.13,63.4756,58900,0,0
2025-07-24,64.78,64.9,64.19,64.29,62.6569,52500,0,0
2025-07-25,63.87,64.43,63.87,64.43,62.7934,20600,0,0
2025-07-28,64.43,64.47,64.1,64.24,62.6082,14600,0,0
2025-07-29,64.34,64.34,63.68,63.88,62.2574,19900,0,0
2025-07-30,63.91,64,62.74,63.2,61.5946,47100,0,0
2025-07-31,62.73,62.97,62.33,62.46,60.8734,14000,0,0
2025-08-01,61.71,61.71,60.96,61.33,59.7721,12200,0,0
2025-08-04,61.68,62.31,61.68,62.24,60.659,33000,0,0
2025-08-05,62.36,62.54,61.82,62.48,60.8929,14600,0,0
2025-08-06,62.33,62.62,62.16,62.27,60.6883,11800,0,0
2025-08-07,62.75,63.05,61.98,62.14,60.5616,10800,0,0
2025-08-08,62.45,62.55,62.22,62.26,60.6785,15900,0,0
2025-08-11,62.27,62.67,61.98,62.11,60.5323,19000,0,0
2025-08-12,62.47,63.77,62.47,63.75,62.1307,14100,0,0
2025-08-13,64.04,65.3,64.04,65.3,63.6413,10400,0,0
2025-08-14,64.43,64.81,64.24,64.78,63.1345,20200,0,0
2025-08-15,64.98,64.98,64.29,64.33,62.6959,12600,0,0
2025-08-18,64.29,64.55,64.28,64.4,62.7641,8100,0,0
2025-08-19,65,65.19,64.4,64.64,62.9981,11600,0,0
2025-08-20,64.31,64.64,64.12,64.26,62.6277,18300,0,0
2025-08-21,63.98,64.33,63.74,64.15,62.5205,4700,0,0
2025-08-22,66.1,66.77,66.08,66.65,64.957,23900,0,0
2025-08-25,66.66,66.66,66.26,66.26,64.5769,12700,0,0
2025-08-26,66.47,66.52,66.3,66.43,64.7426,11200,0,0
2025-08-27,66.44,67.04,66.4,66.96,65.2591,15500,0,0
2025-08-28,67.24,67.34,66.46,66.82,65.1227,18500,0,0
2025-08-29,67.04,67.04,66.56,66.77,65.0739,12300,0,0
2025-09-02,66.08,66.38,65.82,66.32,64.6354,21700,0,0
2025-09-03,66.31,66.56,66,66.27,64.5866,10700,0,0
2025-09-04,66.55,67.2,66.46,67.19,65.4833,15500,0,0
2025-09-05,67.49,68.12,67.01,67.55,65.8341,16000,0,0
2025-09-08,67.83,67.83,66.75,67.4,65.6879,9800,0,0
2025-09-09,67.27,67.44,66.77,66.82,65.1227,12700,0,0
2025-09-10,67.06,67.06,66.63,66.79,65.0934,13400,0,0
2025-09-11,66.94,67.87,66.94,67.87,66.146,7800,0,0
2025-09-12,67.54,67.54,67.15,67.15,65.4443,7200,0,0
2025-09-15,67.36,67.51,66.99,67.16,65.454,10500,0,0
2025-09-16,66.99,66.99,66.25,66.68,65.3364,309300,0.36,0
2025-09-17,66.56,67.65,66.56,66.6,65.2581,12900,0,0
2025-09-18,67.07,67.65,66.8,67.58,66.2183,17100,0,0
2025-09-19,67.8,67.8,66.83,66.94,65.5912,16800,0,0
2025-09-22,66.67,66.87,66.47,66.79,65.4442,14700,0,0
2025-09-23,66.9,67.65,66.72,66.72,65.3756,27900,0,0
2025-09-24,66.87,67.09,66.59,66.59,65.2483,9800,0,0
2025-09-25,65.97,66.15,65.74,65.96,64.631,18100,0,0
2025-09-26,66.09,66.7,66.09,66.68,65.3364,14500,0,0
2025-09-29,66.44,66.62,66.33,66.54,65.1993,8400,0,0
2025-09-30,66.49,66.64,65.97,66.64,65.2973,10200,0,0
2025-10-01,66.81,67.02,66.76,67.02,65.6696,4200,0,0
2025-10-02,67.23,67.43,66.72,67.14,65.7872,21600,0,0
2025-10-03,67.46,68.03,67.46,67.59,66.2281,10900,0,0
2025-10-06,67.85,68.34,67.45,67.46,66.1007,15800,0,0
2025-10-07,67,67,66.62,66.7,65.356,20700,0,0
2025-10-08,66.93,67.22,66.52,67.06,65.7088,13200,0,0
2025-10-09,67.11,67.45,66.33,66.46,65.1209,9800,0,0
2025-10-10,66.74,66.74,64.34,64.34,63.0436,16500,0,0
2025-10-13,65.33,65.71,65.14,65.71,64.386,263100,0,0
2025-10-14,65.35,66.95,65.35,66.61,65.2679,17800,0,0
2025-10-15,67.36,67.41,66.44,66.89,65.5422,18500,0,0
2025-10-16,67.06,67.06,65.5,65.72,64.3958,15000,0,0
2025-10-17,65.5,65.85,65.5,65.85,64.5232,42900,0,0
2025-10-20,66.49,66.88,66.47,66.84,65.4932,9700,0,0
2025-10-21,66.47,67.28,66.47,67.03,65.6794,8300,0,0
2025-10-22,66.83,66.94,66.11,66.5,65.1601,13500,0,0
2025-10-23,66.67,67.34,66.67,67.18,65.8264,9300,0,0
2025-10-24,67.89,68.04,67.66,67.66,66.2967,15000,0,0
2025-10-27,68.24,68.24,67.58,67.85,66.4829,18200,0,0
2025-10-28,67.65,67.65,67.32,67.34,65.9832,6100,0,0
2025-10-29,67.23,67.61,66.33,66.42,65.0817,11500,0,0
2025-10-30,65.88,66.67,65.76,66.01,64.68,14200,0,0
2025-10-31,65.89,66.37,65.78,66.34,65.0033,17400,0,0
2025-11-03,66.11,66.19,65.42,66.19,64.8563,12100,0,0
2025-11-04,65.2,65.68,65.2,65.44,64.1214,17800,0,0
2025-11-05,65.59,66.44,65.59,66.17,64.8367,4100,0,0
2025-11-06,66.25,66.42,65.41,65.48,64.1606,28100,0,0
2025-11-07,64.97,66.24,64.97,66.24,64.9053,29100,0,0
2025-11-10,66.87,67.06,66.46,66.84,65.4932,38500,0,0
2025-11-11,66.79,67.4,66.79,67.19,65.8362,45000,0,0
2025-11-12,67.42,67.72,67.18,67.22,65.8656,15600,0,0
2025-11-13,66.8,66.8,65.94,66.08,64.7485,9200,0,0
2025-11-14,65.31,66.19,65.31,65.95,64.6212,10100,0,0
2025-11-17,65.77,66.02,64.4,64.57,63.269,14900,0,0
2025-11-18,64.1,65.09,63.8,64.9,63.5923,14200,0,0
2025-11-19,64.74,65.09,64.58,64.71,63.4062,12600,0,0
2025-11-20,65.44,65.81,63.71,63.71,62.4263,14000,0,0
2025-11-21,64.55,65.91,64.4,65.61,64.288,10600,0,0
2025-11-24,65.84,66.43,65.78,66.35,65.0131,18400,0,0
2025-11-25,66.47,67.9,66.47,67.82,66.4535,15900,0,0
2025-11-26,67.79,68.71,67.79,68.28,66.9042,16000,0,0
2025-11-28,68.37,68.54,67.95,68.53,67.1492,4500,0,0
2025-12-01,67.6,68.63,67.6,68.23,66.8552,12100,0,0
2025-12-02,68.43,68.43,67.96,67.97,66.6005,8200,0,0
2025-12-03,68.12,68.88,68.12,68.86,67.4725,13200,0,0
2025-12-04,68.64,69.12,68.64,68.85,67.4627,7300,0,0
2025-12-05,68.96,69.36,68.92,68.97,67.5803,19400,0,0
2025-12-08,69.18,69.18,68.63,68.66,67.2766,13700,0,0
2025-12-09,68.52,69.19,68.52,68.68,67.2961,14400,0,0
2025-12-10,68.96,70.44,68.96,70.15,68.7365,11400,0,0
2025-12-11,70.05,70.91,70.05,70.82,69.393,25300,0,0
2025-12-12,70.95,70.95,70.07,70.12,68.7071,8500,0,0
2025-12-15,70.34,70.34,69.65,69.9,68.4916,25800,0,0
2025-12-16,69.54,69.54,68.62,68.94,68.0229,18500,0.485,0
2025-12-17,69.37,69.59,68.75,68.85,67.9341,33300,0,0
2025-12-18,69.47,69.71,68.98,69.07,68.1512,13700,0,0
2025-12-19,69.23,69.5,69.23,69.34,68.4176,10700,0,0
2025-12-22,69.52,69.98,69.52,69.83,68.9011,16600,0,0
2025-12-23,69.63,69.63,69.35,69.35,68.4274,14000,0,0
2025-12-24,69.36,69.66,69.35,69.63,68.7037,6800,0,0
2025-12-26,69.84,69.84,69.35,69.54,68.6149,8800,0,0
2025-12-29,69.33,69.4,69.16,69.26,68.3386,10300,0,0
2025-12-30,69.34,69.5,69.06,69.06,68.1413,17600,0,0
2025-12-31,69.1,69.1,68.49,68.5,67.5887,45300,0,0
2026-01-02,69,69.28,68.42,69.06,68.1413,16000,0,0
2026-01-05,69.37,70.2,69.13,69.86,68.9307,16000,0,0
2026-01-06,69.92,70.88,69.92,70.83,69.8877,15100,0,0
2026-01-07,71,71,70.11,70.19,69.2563,4400,0,0
2026-01-08,69.95,71.51,69.71,71.29,70.3416,26600,0,0
2026-01-09,71.67,71.92,71.14,71.69,70.7363,44000,0,0
2026-01-12,71.5,71.69,70.97,71.52,70.5686,20700,0,0
2026-01-13,71.52,71.91,71.31,71.52,70.5686,18100,0,0
2026-01-14,71.91,72.05,71.67,71.98,71.0225,7300,0,0
2026-01-15,72.11,72.74,71.97,72.59,71.6243,10600,0,0
2026-01-16,72.66,72.78,72.17,72.36,71.3974,9200,0,0
2026-01-20,71.35,71.9,71.19,71.34,70.391,24400,0,0
2026-01-21,71.86,73.04,71.86,73.04,72.0683,25800,0,0
2026-01-22,73.44,73.84,73.19,73.3,72.3249,12000,0,0
2026-01-23,73.06,73.19,72.25,72.44,71.4763,11700,0,0
2026-01-26,72.6,72.75,72.11,72.24,71.279,32700,0,0
2026-01-27,72.36,72.36,71.94,72.18,71.2198,13800,0,0
2026-01-28,72.35,72.35,71.68,71.73,70.7758,9100,0,0
2026-01-29,72.15,72.58,71.45,72.09,71.131,5800,0,0
2026-01-30,71.64,71.93,71.21,71.66,70.7067,9500,0,0
2026-02-02,71.35,72.34,71.35,72.11,71.1507,15600,0,0
2026-02-03,72.62,73.19,71.79,72.43,71.4665,15800,0,0
2026-02-04,72.87,73.83,72.87,73.53,72.5518,10800,0,0
2026-02-05,73.08,73.33,72.52,72.67,71.7033,12700,0,0
2026-02-06,73.44,74.45,73.21,74.37,73.3807,9100,0,0
2026-02-09,74.33,74.33,73.87,74.28,73.2919,23400,0,0
2026-02-10,74.04,74.75,73.91,74.38,73.3905,7400,0,0
2026-02-11,74.7,74.7,73.97,74.23,73.2425,13500,0,0
2026-02-12,74.6,75,72.44,72.85,71.8809,15500,0,0
2026-02-13,73.08,74.02,72.91,73.66,72.6801,19500,0,0
2026-02-17,73.63,73.95,73.01,73.64,72.6604,9100,0,0
2026-02-18,73.65,74.43,73.64,74.05,73.0649,11000,0,0
2026-02-19,73.75,74,73.43,73.83,72.8478,15900,0,0
2026-02-20,73.64,74.16,73.44,74.14,73.1537,15600,0,0
2026-02-23,73.94,74.42,72.46,72.68,71.7131,14900,0,0
2026-02-24,72.69,73.44,72.69,73.31,72.3347,10000,0,0
2026-02-25,73.63,73.76,72.68,73.29,72.315,8200,0,0
2026-02-26,73.35,73.89,73.07,73.86,72.8774,13400,0,0
2026-02-27,73.35,73.35,72.41,73.11,72.1374,18000,0,0
2026-03-02,72.39,73.24,72.06,73.23,72.2558,18000,0,0
2026-03-03,71.44,72.64,70.74,72.26,71.2987,15600,0,0
2026-03-04,72.59,72.74,72.34,72.6,71.6342,13400,0,0
2026-03-05,71.97,72.29,71.16,71.66,70.7067,12100,0,0
2026-03-06,70.55,70.66,69.87,70.37,69.4339,7800,0,0
2026-03-09,69.64,70.61,68.41,70.41,69.4733,19400,0,0
2026-03-10,70.46,71.11,69.95,69.95,69.0194,12800,0,0
2026-03-11,69.75,70.02,69.38,69.9,68.9701,14600,0,0
2026-03-12,69.1,69.49,68.81,68.87,67.9538,16000,0,0
2026-03-13,69.26,69.63,68.59,68.6,67.6874,44700,0,0
2026-03-16,69.35,69.44,68.93,68.94,68.0229,10800,0,0
2026-03-17,69.15,69.75,69.15,69.22,68.5677,11300,0.27,0
2026-03-18,68.81,69.01,68.26,68.26,67.6168,35400,0,0
2026-03-19,67.74,68.64,67.74,68.36,67.7158,24100,0,0
2026-03-20,68.31,68.31,67.08,67.23,66.5965,98200,0,0
2026-03-23,68.48,69.17,67.87,68.53,67.8842,19000,0,0
2026-03-24,68.2,69.37,68.19,68.95,68.3002,13800,0,0
2026-03-25,69.61,69.89,68.86,69.57,68.9144,10300,0,0
2026-03-26,69.01,70.04,69.01,69.17,68.5182,12800,0,0
2026-03-27,68.95,69.02,67.98,68.14,67.4979,14500,0,0
2026-03-30,68.81,68.94,67.72,67.85,67.2106,11300,0,0
2026-03-31,68.59,69.52,68.41,69.51,68.855,9000,0,0
2026-04-01,69.59,70.14,69.59,69.74,69.0828,47700,0,0
2026-04-02,68.96,69.89,68.87,69.88,69.2215,38000,0,0
2026-04-06,69.78,70.29,69.62,70.22,69.5583,14400,0,0
2026-04-07,70.49,70.59,70.01,70.29,69.6276,9800,0,0
2026-04-08,71.93,72,71.64,71.85,71.1729,33300,0,0
2026-04-09,71.63,72.32,71.5,72.17,71.4899,11000,0,0
2026-04-10,72.63,72.73,71.69,71.82,71.1432,33400,0,0
2026-04-13,71.72,72.53,71.69,72.53,71.8465,7200,0,0
2026-04-14,72.65,72.94,72.65,72.83,72.1437,18800,0,0
2026-04-15,73.01,73.01,72.54,72.7,72.0149,9300,0,0
2026-04-16,72.78,73.05,72.71,73.05,72.3616,9200,0,0
2026-04-17,73.45,74.74,73.45,74.25,73.5503,13900,0,0
2026-04-20,74.16,74.75,74.16,74.68,73.9762,15800,0,0
2026-04-21,74.81,75.29,74.1,74.24,73.5404,27700,0,0
2026-04-22,74.39,74.39,73.98,74.04,73.3423,3300,0,0
2026-04-23,74.22,74.4,73.45,74.05,73.3522,21500,0,0
2026-04-24,74.37,74.37,73.7,73.91,73.2135,6800,0,0
2026-04-27,74.05,74.4,74.05,74.15,73.4512,6400,0,0
2026-04-28,74.07,74.07,73.81,73.91,73.2135,6200,0,0
2026-04-29,73.91,73.91,73.11,73.32,72.6291,7900,0,0
2026-04-30,73.75,74.52,73.58,74.5,73.798,13500,0,0
2026-05-01,74.24,74.5,74.2,74.3,73.5998,11500,0,0
2026-05-04,74.38,74.43,73.55,73.61,72.9163,9600,0,0
2026-05-05,74.09,74.62,74.09,74.44,73.7385,11300,0,0
2026-05-06,74.92,75.38,74.92,75.21,74.5013,10500,0,0
2026-05-07,75.29,75.29,74.37,74.37,73.6692,5800,0,0
2026-05-08,74.78,74.93,74.36,74.83,74.1248,9700,0,0
2026-05-11,75.23,75.23,74.3,74.31,73.6097,6800,0,0
2026-05-12,74.44,74.44,73.33,74.05,73.3522,10000,0,0
2026-05-13,74.17,74.17,73.54,73.66,72.9659,9500,0,0
2026-05-14,73.9,74.25,73.77,73.85,73.1541,4800,0,0
2026-05-15,73.31,73.31,72.8,72.8,72.114,11100,0,0
2026-05-18,72.88,73.59,72.88,73.2,72.5102,8400,0,0
2026-05-19,72.94,72.99,72.38,72.5,71.8168,6100,0,0
2026-05-20,72.75,73.82,72.29,73.82,73.1244,8300,0,0
2026-05-21,73.5,74.28,73.36,74.09,73.3918,19500,0,0
2026-05-22,74.45,74.75,74.35,74.65,73.9465,6800,0,0
2026-05-26,75.28,75.39,74.99,75.35,74.6399,11000,0,0
2026-05-27,75.6,75.69,75.41,75.41,74.6994,6700,0,0
2026-05-28,75.19,75.77,75,75.63,74.9173,5100,0,0
2026-05-29,75.53,75.65,74.92,75.32,74.6102,13400,0,0
2026-06-01,75.08,75.38,74.85,75.1,74.3923,14100,0,0
2026-06-02,75.06,75.7,74.76,75.55,74.8381,6700,0,0
2026-06-03,75.31,75.31,75.05,75.11,74.4022,6500,0,0
2026-06-04,75.11,76.01,75.04,75.93,75.2145,10900,0,0
2026-06-05,75.53,75.75,74.67,74.9,74.1942,15300,0,0
2026-06-08,75.57,75.58,75.05,75.09,74.3824,10000,0,0
2026-06-09,75.3,76.42,74.97,75.82,75.1055,29100,0,0
2026-06-10,75.63,76.35,75.18,75.18,74.4715,7900,0,0
2026-06-11,75.78,76.58,75.44,76.52,75.7989,16500,0,0
2026-06-12,76.72,77.53,76.72,77.27,76.5418,4900,0,0
2026-06-15,77.79,77.79,76.82,76.82,76.4294,5100,0.337,0
2026-06-16,76.92,77.45,76.56,76.56,76.1707,6600,0,0
2026-06-17,76.58,77.08,75.4,75.52,75.136,9000,0,0
2026-06-18,76.44,76.44,75.93,76.22,75.8325,13800,0,0
2026-06-22,76.03,76.55,76.03,76.19,75.8026,57100,0,0
2026-06-23,76.14,76.52,75.8,76.29,75.9021,12100,0,0
2026-06-24,76.19,77.3,76.19,76.98,76.5886,8600,0,0
2026-06-25,76.99,78,76.99,77.34,76.9468,7900,0,0
2026-06-26,76.99,78.44,76.99,78.42,78.0213,9400,0,0
2026-06-29,78.17,78.35,77.81,78.35,77.9516,15400,0,0
2026-06-30,78.19,78.69,77.72,78.32,77.9218,52000,0,0
2026-07-01,78.23,79.02,78.23,78.33,77.9317,12200,0,0
2026-07-02,78.59,78.85,78.16,78.79,78.3894,13100,0,0
2026-07-06,78.6,79.08,78.4,78.78,78.3795,14700,0,0
2026-07-07,79.06,79.43,78.56,78.58,78.1805,12500,0,0
2026-07-08,78,78.24,77.19,77.43,77.0363,15200,0,0
2026-07-09,77.78,78.39,77.78,78.08,77.683,7000,0,0
2026-07-10,78.48,78.48,78.19,78.33,77.9317,8600,0,0
2026-07-13,79.02,79.02,78.26,78.32,77.9218,3400,0,0
2026-07-14,78.29,78.38,78.09,78.29,77.8919,5300,0,0
2026-07-15,78.89,79.08,78.63,78.72,78.3198,6400,0,0
2026-07-16,78.7,79.92,78.7,79.75,79.3445,5400,0,0
2026-07-17,79.09,80.18,79.07,79.32,78.9167,9000,0,0
2026-07-20,79.69,79.69,78.67,78.67,78.27,11100,0,0
2026-07-21,78.64,79.09,78.64,79.09,78.6879,9000,0,0
2026-07-22,79.38,79.57,78.87,78.99,78.5884,11700,0,0
2026-07-23,78.29,78.47,77.97,78.26,77.8621,7700,0,0
2026-07-24,78.4,79.37,78.18,78.96,78.5585,5700,0,0
2026-07-27,79.48,79.67,79.4,79.56,79.1555,9200,0,0
2026-07-28,79.93,80.59,79.93,80.59,80.1803,5200,0,0
2026-07-29,80.32,80.64,79.86,79.86,79.454,6500,0,0
2026-07-30,79.83,80.94,79.05,79.86,79.454,15600,0,0
2026-07-31,80.02,80.02,79.01,79.49,79.0858,9700,0,0
2026-08-03,79.97,80.69,79.97,80.53,80.1206,10700,0,0
2026-08-04,81.14,81.68,80.42,81.65,81.2349,15100,0,0
2026-08-05,81.51,81.99,81.13,81.19,80.7772,13900,0,0
2026-08-06,81.19,82.03,80.57,80.59,80.1803,10000,0,0
2026-08-07,80.75,81.69,80.6,81.2,80.7871,7200,0,0
2026-08-10,81.18,81.18,80.74,80.92,80.5086,11500,0,0
2026-08-11,81.24,81.27,80.4,81.03,80.618,9700,0,0
2026-08-12,81.19,81.48,80.62,81.18,80.7673,9500,0,0
2026-08-13,81.53,82.02,81.22,81.62,81.205,17300,0,0
2026-08-14,81.76,81.9,81.64,81.79,81.3742,6100,0,0
2026-08-17,81.42,81.42,81.06,81.1,80.6877,9300,0,0
2026-08-18,80.77,81.22,80.61,80.61,80.2001,10400,0,0
2026-08-19,81.12,81.81,80.92,81.07,80.6578,20900,0,0
2026-08-20,80.71,80.81,80.17,80.51,80.1007,5700,0,0
2026-08-21,81.13,81.53,80.76,81.05,80.6379,12200,0,0
2026-08-24,81.29,81.95,80.75,80.88,80.4688,11300,0,0
2026-08-25,80.9,81.75,80.49,80.89,80.4787,6600,0,0
2026-08-26,81.01,81.05,80.89,80.96,80.5484,6700,0,0
2026-08-27,80.53,80.89,80.53,80.74,80.3295,2900,0,0
2026-08-28,81,81,80.3,80.44,80.031,8900,0,0
2026-08-31,80.39,80.87,79.78,79.93,79.5236,15500,0,0
2026-09-01,79.65,79.83,79.06,79.15,78.7476,9400,0,0
2026-09-02,79.26,80.29,79.26,80.11,79.7027,5300,0,0
2026-09-03,80.54,80.6,80.17,80.59,80.1803,9900,0,0
2026-09-04,80.08,80.76,80.08,80.66,80.2499,11200,0,0
2026-09-08,80.66,80.66,79.75,79.75,79.3445,12900,0,0
2026-09-09,79.69,79.74,78.79,78.87,78.469,13300,0,0
2026-09-10,78.92,78.92,78.21,78.32,77.9218,14500,0,0
2026-09-11,79.26,79.3,78.62,78.86,78.4591,25300,0,0
2026-09-14,78.95,79.1,78.65,78.87,78.469,8900,0,0
2026-09-15,78.44,78.46,78.07,78.13,78.13,13000,0.401,0
2026-09-16,78.5,78.5,76.85,77.48,77.48,22500,0,0
2026-09-17,78.54,78.54,77.77,77.77,77.77,12200,0,0
2026-09-18,77.83,78.54,76.98,77.11,77.11,17300,0,0
2026-09-21,77.65,78.1,77.2,77.23,77.23,14800,0,0
2026-09-22,77.58,77.89,77.31,77.31,77.31,9400,0,0
2026-09-23,77.03,77.57,76.32,76.32,76.32,10500,0,0
2026-09-24,76.36,76.4,75.6,75.92,75.92,12000,0,0
2026-09-25,76.11,76.38,75.79,76.2,76.2,18800,0,0
2026-09-28,76.34,76.34,75.33,75.58,75.58,8800,0,0
2026-09-29,75.63,75.68,74.9,75.26,75.26,9500,0,0
2026-09-30,75.09,75.4,74.81,74.81,74.81,14700,0,0
2026-10-01,74.62,75.14,74.25,75.05,75.05,18300,0,0
