date,open,high,low,close,adj_close,volume,dividend,split
2012-08-14,20.13,20.13,20.06,20.08,8.54035,5600,0,0
2012-08-15,20.05,20.08,20.04,20.07,8.5361,149500,0,0
2012-08-16,20.13,20.13,20,20.06,8.53184,36800,0,0
2012-08-17,20.19,20.19,20.06,20.08,8.54035,88300,0,0
2012-08-20,20.51,20.51,20.04,20.09,8.5446,52100,0,0
2012-08-21,20.05,20.14,20.04,20.06,8.53184,39700,0,0
2012-08-22,20.06,20.06,19.98,20.04,8.52334,45500,0,0
2012-08-23,20.05,20.05,19.97,20,8.50633,93200,0,0
2012-08-24,20.03,20.07,19.96,20.07,8.5361,92600,0,0
2012-08-27,20.07,20.09,20.04,20.08,8.54035,64200,0,0
2012-08-28,20.05,20.13,20.05,20.11,8.55311,167100,0,0
2012-08-29,20.13,20.2,20.07,20.13,8.56161,99600,0,0
2012-08-30,20.15,20.15,20.06,20.11,8.55311,73100,0,0
2012-08-31,20.15,20.23,20.09,20.12,8.55736,54100,0,0
2012-09-04,20.14,20.22,20.06,20.2,8.59139,136300,0,0
2012-09-05,20.23,20.25,20.12,20.16,8.57437,44500,0,0
2012-09-06,20.22,20.28,20.21,20.25,8.61265,58700,0,0
2012-09-07,20.32,20.32,20.23,20.26,8.61691,99600,0,0
2012-09-10,20.27,20.95,20.24,20.26,8.61691,76700,0,0
2012-09-11,20.25,21.1,20.24,20.27,8.62116,51100,0,0
2012-09-12,20.66,20.66,20.26,20.31,8.63817,100400,0,0
2012-09-13,20.34,20.79,20.28,20.45,8.69771,115500,0,0
2012-09-14,20.44,20.52,20.44,20.49,8.71472,41600,0,0
2012-09-17,20.52,20.86,20.4,20.43,8.68921,43700,0,0
2012-09-18,20.75,20.75,20.38,20.4,8.67645,63400,0,0
2012-09-19,20.43,20.44,20.34,20.4,8.67645,126600,0,0
2012-09-20,20.45,20.45,20.36,20.4,8.67645,90700,0,0
2012-09-21,20.42,20.43,20.38,20.39,8.68795,93400,0.037,0
2012-09-24,20.39,20.66,20.37,20.42,8.70073,32300,0,0
2012-09-25,20.4,20.4,20.22,20.25,8.6283,104300,0,0
2012-09-26,20.28,20.28,20.15,20.17,8.59421,41600,0,0
2012-09-27,20.23,20.45,20.17,20.26,8.63256,54700,0,0
2012-09-28,20.23,20.26,20.19,20.22,8.61552,47700,0,0
2012-10-01,20.2,20.3,20.19,20.23,8.61978,38700,0,0
2012-10-02,20.26,20.29,20.22,20.29,8.64534,65700,0,0
2012-10-03,20.33,20.37,20.26,20.33,8.66239,53100,0,0
2012-10-04,20.37,20.39,20.3,20.37,8.67943,77200,0,0
2012-10-05,20.39,20.56,20.36,20.39,8.68795,33600,0,0
2012-10-08,20.39,20.39,20.35,20.39,8.68795,55700,0,0
2012-10-09,20.41,20.41,20.3,20.3,8.64961,38800,0,0
2012-10-10,20.34,20.34,20.23,20.27,8.63682,71800,0,0
2012-10-11,20.34,20.35,20.27,20.31,8.65387,62700,0,0
2012-10-12,20.45,20.45,20.19,20.24,8.62404,64900,0,0
2012-10-15,20.28,20.3,20.17,20.3,8.64961,35600,0,0
2012-10-16,20.35,20.43,20.35,20.43,8.705,69100,0,0
2012-10-17,20.49,20.53,20.46,20.53,8.74761,55800,0,0
2012-10-18,20.55,20.61,20.52,20.55,8.75613,58800,0,0
2012-10-19,20.54,20.64,20.37,20.42,8.70073,64700,0,0
2012-10-22,20.39,20.44,20.35,20.4,8.69221,28700,0,0
2012-10-23,20.34,20.34,20.18,20.3,8.64961,142500,0,0
2012-10-24,20.32,20.37,20.25,20.26,8.63256,65200,0,0
2012-10-25,20.33,20.37,20.22,20.26,8.63256,42300,0,0
2012-10-26,20.28,20.46,20.1,20.15,8.58569,72400,0,0
2012-10-31,20.26,20.38,20.18,20.34,8.66665,75700,0,0
2012-11-01,20.34,20.5,20.26,20.35,8.67091,75600,0,0
2012-11-02,20.42,20.42,20.25,20.27,8.63682,40300,0,0
2012-11-05,20.27,20.43,20.14,20.2,8.607,31600,0,0
2012-11-06,20.23,20.3,20.2,20.26,8.63256,77700,0,0
2012-11-07,20.23,20.23,19.91,19.99,8.51751,81000,0,0
2012-11-08,19.92,20.07,19.88,19.88,8.47065,56500,0,0
2012-11-09,19.76,19.89,19.76,19.79,8.4323,46200,0,0
2012-11-12,19.8,19.8,19.65,19.69,8.38969,37400,0,0
2012-11-13,19.65,19.7,18.92,19.63,8.36413,131400,0,0
2012-11-14,19.64,19.64,19.29,19.33,8.2363,96100,0,0
2012-11-15,19.32,19.38,19.1,19.24,8.19795,71700,0,0
2012-11-16,19.27,19.49,19.25,19.45,8.28743,56600,0,0
2012-11-19,19.7,19.73,19.67,19.73,8.40674,28400,0,0
2012-11-20,19.64,19.74,19.64,19.73,8.40674,32000,0,0
2012-11-21,19.73,19.77,19.69,19.77,8.42378,24500,0,0
2012-11-23,19.8,19.86,19.78,19.81,8.44082,13800,0,0
2012-11-26,19.81,19.91,19.78,19.83,8.44934,72700,0,0
2012-11-27,19.9,19.96,19.86,19.9,8.47917,31200,0,0
2012-11-28,19.79,19.92,19.77,19.92,8.48769,50300,0,0
2012-11-29,19.9,20.02,19.9,20.01,8.52604,38200,0,0
2012-11-30,20.03,20.07,19.98,20.07,8.55161,39900,0,0
2012-12-03,20.08,20.1,20.02,20.05,8.54308,28400,0,0
2012-12-04,20.09,20.09,20,20.03,8.53456,41800,0,0
2012-12-05,20.06,20.06,19.98,20.02,8.5303,36100,0,0
2012-12-06,20.04,20.3,20,20.05,8.54308,32500,0,0
2012-12-07,20.09,20.09,19.99,20.05,8.54308,25700,0,0
2012-12-10,20.08,20.11,20.05,20.09,8.56013,41800,0,0
2012-12-11,20.14,20.14,20.07,20.09,8.56013,37200,0,0
2012-12-12,20.11,20.17,20.05,20.06,8.54734,59700,0,0
2012-12-13,20,20.07,19.91,19.97,8.50899,75600,0,0
2012-12-14,19.95,19.97,19.87,19.93,8.49195,45500,0,0
2012-12-17,19.97,20.04,19.97,20.04,8.53882,39500,0,0
2012-12-18,20.08,20.19,20.07,20.18,8.59848,40700,0,0
2012-12-19,20.22,20.42,20.2,20.21,8.61126,67900,0,0
2012-12-20,20.28,20.36,20.23,20.36,8.67517,40900,0,0
2012-12-21,19.94,20.09,19.83,19.99,8.63801,42500,0.284,0
2012-12-24,19.95,19.95,19.86,19.9,8.59912,5500,0,0
2012-12-26,19.87,19.88,19.77,19.81,8.56023,79100,0,0
2012-12-27,19.81,19.81,19.66,19.75,8.5343,33900,0,0
2012-12-28,19.7,19.79,19.7,19.7,8.5127,42000,0,0
2012-12-31,19.7,19.9,19.63,19.89,8.5948,45200,0,0
2013-01-02,20.09,20.34,20.09,20.31,8.77628,55200,0,0
2013-01-03,20.3,20.45,20.25,20.36,8.79789,208800,0,0
2013-01-04,20.41,20.5,20.35,20.5,8.85839,133900,0,0
2013-01-07,20.48,20.48,20.38,20.44,8.83246,66900,0,0
2013-01-08,20.42,20.45,20.38,20.45,8.83678,126300,0,0
2013-01-09,20.47,20.52,20.41,20.51,8.86271,62600,0,0
2013-01-10,20.55,20.82,20.5,20.6,8.9016,107300,0,0
2013-01-11,20.61,20.95,20.55,20.63,8.91457,170400,0,0
2013-01-14,20.68,20.68,20.56,20.57,8.88864,83100,0,0
2013-01-15,20.64,20.66,20.56,20.66,8.92752,61600,0,0
2013-01-16,20.66,20.67,20.59,20.65,8.9232,151500,0,0
2013-01-17,20.72,20.79,20.7,20.78,8.97938,122200,0,0
2013-01-18,20.81,20.83,20.75,20.83,9.00098,113900,0,0
2013-01-22,20.83,20.98,20.83,20.98,9.0658,121000,0,0
2013-01-23,20.99,20.99,20.89,20.94,9.04852,245600,0,0
2013-01-24,20.97,20.99,20.86,20.88,9.0226,152700,0,0
2013-01-25,20.94,20.94,20.85,20.93,9.0442,155900,0,0
2013-01-28,21,21,20.87,21,9.07444,84900,0,0
2013-01-29,21,21.04,20.95,21.04,9.09173,78500,0,0
2013-01-30,21.09,21.09,20.93,20.95,9.05284,133300,0,0
2013-01-31,21,21.04,20.93,20.98,9.0658,86500,0,0
2013-02-01,21.11,21.15,21.05,21.12,9.1263,65700,0,0
2013-02-04,21.1,21.1,20.96,21.01,9.07877,77000,0,0
2013-02-05,21.08,21.08,21.02,21.03,9.08742,77800,0,0
2013-02-06,21.03,21.07,21,21.07,9.10469,137200,0,0
2013-02-07,21.1,21.1,20.96,21.04,9.09173,191800,0,0
2013-02-08,21.05,21.21,21,21.03,9.08742,173800,0,0
2013-02-11,21.1,21.11,21.05,21.1,9.11766,145700,0,0
2013-02-12,21.13,21.3,21.08,21.19,9.15655,155700,0,0
2013-02-13,21.24,21.28,21.17,21.28,9.19544,174700,0,0
2013-02-14,21.28,21.3,21.22,21.29,9.19976,187400,0,0
2013-02-15,21.39,21.39,21.22,21.27,9.19112,173600,0,0
2013-02-19,21.29,21.32,21.25,21.32,9.21273,232800,0,0
2013-02-20,21.31,21.34,21.21,21.22,9.16951,187200,0,0
2013-02-21,20.89,21.03,20.81,20.98,9.12299,386600,0.133,0
2013-02-22,21.07,21.07,20.96,21.06,9.15777,225000,0,0
2013-02-25,21.18,21.18,20.87,20.89,9.08385,239800,0,0
2013-02-26,20.98,21,20.87,21,9.13169,225800,0,0
2013-02-27,21.03,21.15,21.01,21.12,9.18386,244300,0,0
2013-02-28,21.18,21.22,21.12,21.15,9.19691,297500,0,0
2013-03-01,21.19,21.19,21.05,21.14,9.19256,207000,0,0
2013-03-04,21.18,21.24,21.12,21.23,9.23169,188100,0,0
2013-03-05,21.29,21.33,21.27,21.3,9.26214,179100,0,0
2013-03-06,21.38,21.38,21.2,21.24,9.23604,237900,0,0
2013-03-07,21.29,21.33,21.23,21.33,9.27518,356500,0,0
2013-03-08,21.42,21.5,21.29,21.4,9.30562,340100,0,0
2013-03-11,21.47,21.48,21.36,21.48,9.34041,233400,0,0
2013-03-12,21.49,21.53,21.44,21.5,9.3491,424300,0,0
2013-03-13,21.55,21.56,21.45,21.55,9.37085,269100,0,0
2013-03-14,21.6,21.64,21.55,21.63,9.40563,409500,0,0
2013-03-15,21.69,21.69,21.57,21.64,9.40998,220000,0,0
2013-03-18,21.61,21.73,21.55,21.61,9.39693,283000,0,0
2013-03-19,21.64,21.66,21.49,21.53,9.36215,310800,0,0
2013-03-20,21.61,21.78,21.56,21.65,9.41433,362400,0,0
2013-03-21,21.59,21.66,21.52,21.57,9.41258,237000,0.076,0
2013-03-22,21.6,21.77,21.59,21.65,9.4475,337300,0,0
2013-03-25,21.73,21.74,21.59,21.62,9.4344,374400,0,0
2013-03-26,21.74,21.87,21.66,21.79,9.50858,321000,0,0
2013-03-27,21.79,21.8,21.7,21.79,9.50858,406900,0,0
2013-03-28,21.87,21.95,21.78,21.91,9.56095,386100,0,0
2013-04-01,21.92,21.99,21.8,21.9,9.55659,198300,0,0
2013-04-02,21.96,21.99,21.87,21.89,9.55222,520600,0,0
2013-04-03,21.96,21.96,21.73,21.76,9.4955,308900,0,0
2013-04-04,21.81,21.92,21.78,21.89,9.55222,240900,0,0
2013-04-05,21.8,22.01,21.7,21.94,9.57404,247400,0,0
2013-04-08,22,22.07,21.91,22.06,9.6264,294900,0,0
2013-04-09,22.14,22.15,22.02,22.09,9.6395,539100,0,0
2013-04-10,22.15,22.21,22.1,22.17,9.67441,471700,0,0
2013-04-11,22.25,22.25,22.15,22.17,9.67441,516600,0,0
2013-04-12,22.2,22.25,22.08,22.16,9.67004,361000,0,0
2013-04-15,22.26,22.26,21.79,21.82,9.52168,321800,0,0
2013-04-16,21.94,22.05,21.87,22.04,9.61768,595300,0,0
2013-04-17,22.05,22.05,21.79,21.87,9.54349,390000,0,0
2013-04-18,21.94,21.97,21.84,21.92,9.56532,416200,0,0
2013-04-19,22.05,22.08,21.94,22.07,9.63077,332200,0,0
2013-04-22,22.12,22.2,22.03,22.13,9.65695,332700,0,0
2013-04-23,22.17,22.33,22.08,22.18,9.71212,406400,0.076,0
2013-04-24,22.24,22.39,22.18,22.24,9.7384,405100,0,0
2013-04-25,22.32,22.34,22.19,22.21,9.72526,527100,0,0
2013-04-26,22.26,22.38,22.08,22.17,9.70775,419500,0,0
2013-04-29,22.21,22.31,22.16,22.3,9.76467,518000,0,0
2013-04-30,22.31,22.35,22.26,22.35,9.78656,444200,0,0
2013-05-01,22.38,22.41,22.14,22.15,9.69899,438900,0,0
2013-05-02,22.21,22.35,22.14,22.19,9.7165,599000,0,0
2013-05-03,22.28,22.4,22.18,22.22,9.72964,346100,0,0
2013-05-06,22.25,22.29,22.18,22.21,9.72526,394900,0,0
2013-05-07,22.3,22.34,22.23,22.31,9.76905,840900,0,0
2013-05-08,22.4,22.47,22.35,22.47,9.83911,426700,0,0
2013-05-09,22.51,22.55,22.35,22.39,9.80408,444900,0,0
2013-05-10,22.43,22.43,22.32,22.39,9.80408,369100,0,0
2013-05-13,22.44,22.44,22.27,22.31,9.76905,460200,0,0
2013-05-14,22.35,22.47,22.31,22.35,9.78656,467700,0,0
2013-05-15,22.38,22.45,22.25,22.42,9.81722,538700,0,0
2013-05-16,22.42,22.47,22.37,22.4,9.80846,357100,0,0
2013-05-17,22.47,22.58,22.42,22.51,9.85663,348000,0,0
2013-05-20,22.55,22.58,22.45,22.49,9.84787,495800,0,0
2013-05-21,22.41,22.53,22.33,22.36,9.84567,553000,0.125,0
2013-05-22,22.44,22.55,22.12,22.23,9.78842,559200,0,0
2013-05-23,22.18,22.18,21.91,22.14,9.74879,395200,0,0
2013-05-24,22.14,22.14,21.98,22.06,9.71356,266300,0,0
2013-05-28,22.18,22.31,21.87,21.94,9.66073,317600,0,0
2013-05-29,21.9,21.9,21.5,21.71,9.55945,470600,0,0
2013-05-30,21.75,21.8,21.64,21.67,9.54184,253600,0,0
2013-05-31,21.67,21.69,21.39,21.4,9.42295,333000,0,0
2013-06-03,21.45,21.5,21.25,21.38,9.41415,293400,0,0
2013-06-04,21.35,21.46,21.31,21.37,9.40974,198900,0,0
2013-06-05,21.27,21.4,21.13,21.16,9.31728,216000,0,0
2013-06-06,21.18,21.38,21.03,21.37,9.40974,252700,0,0
2013-06-07,21.48,21.5,21.33,21.49,9.46258,151200,0,0
2013-06-10,21.53,21.53,21.37,21.45,9.44497,375900,0,0
2013-06-11,21.4,21.48,21.18,21.22,9.34369,273900,0,0
2013-06-12,21.26,21.4,21.03,21.08,9.28205,163000,0,0
2013-06-13,21.16,21.43,21.03,21.42,9.43177,160900,0,0
2013-06-14,21.47,21.52,21.39,21.45,9.44497,101600,0,0
2013-06-17,21.56,21.6,21.42,21.48,9.45818,253800,0,0
2013-06-18,21.53,21.62,21.45,21.6,9.51102,219000,0,0
2013-06-19,21.66,21.8,21.25,21.28,9.37011,223600,0,0
2013-06-20,21.19,21.19,20.75,20.83,9.17197,544600,0,0
2013-06-21,20.86,20.97,20.61,20.7,9.1437,251700,0.066,0
2013-06-24,20.69,20.69,20.25,20.53,9.0686,302600,0,0
2013-06-25,20.56,20.77,20.54,20.77,9.17461,246300,0,0
2013-06-26,20.89,21.01,20.88,20.98,9.26739,173700,0,0
2013-06-27,21.08,21.2,20.98,21.19,9.36015,257200,0,0
2013-06-28,21.22,21.32,21.04,21.15,9.34247,251800,0,0
2013-07-01,21.07,21.25,20.99,21.17,9.35131,120700,0,0
2013-07-02,21.23,21.28,21.06,21.13,9.33364,171600,0,0
2013-07-03,21.05,21.26,20.91,21.03,9.28947,98500,0,0
2013-07-05,21.1,21.14,20.66,20.86,9.21437,102900,0,0
2013-07-08,20.94,21.06,20.9,21.03,9.28947,165900,0,0
2013-07-09,21.19,21.19,21.02,21.15,9.34247,321800,0,0
2013-07-10,21.18,21.25,21.13,21.22,9.37339,145100,0,0
2013-07-11,21.41,21.52,21.29,21.5,9.49708,211000,0,0
2013-07-12,21.45,21.58,21.4,21.51,9.50149,153000,0,0
2013-07-15,21.55,21.65,21.46,21.65,9.56334,150400,0,0
2013-07-16,21.71,21.71,21.46,21.51,9.50149,253900,0,0
2013-07-17,21.49,21.61,21.49,21.56,9.52358,300800,0,0
2013-07-18,21.66,21.68,21.57,21.64,9.55892,173500,0,0
2013-07-19,21.71,21.71,21.57,21.66,9.56775,183300,0,0
2013-07-22,21.73,21.73,21.61,21.69,9.581,211200,0,0
2013-07-23,21.63,21.63,21.54,21.56,9.56593,200300,0.096,0
2013-07-24,21.58,21.58,21.31,21.37,9.48162,178300,0,0
2013-07-25,21.43,21.43,21.35,21.43,9.50824,151100,0,0
2013-07-26,21.44,21.5,21.35,21.5,9.5393,441700,0,0
2013-07-29,21.51,21.51,21.39,21.45,9.51712,144800,0,0
2013-07-30,21.49,21.5,21.36,21.43,9.50824,399300,0,0
2013-07-31,21.47,21.47,21.25,21.37,9.48162,299900,0,0
2013-08-01,21.47,21.5,21.3,21.32,9.45943,193100,0,0
2013-08-02,21.25,21.34,21.25,21.33,9.46387,113000,0,0
2013-08-05,21.25,21.32,21.2,21.25,9.42837,130500,0,0
2013-08-06,21.34,21.34,21.15,21.25,9.42837,144000,0,0
2013-08-07,21.24,21.24,21.07,21.18,9.39732,126300,0,0
2013-08-08,21.24,21.32,21.11,21.2,9.40619,174500,0,0
2013-08-09,21.22,21.25,21.13,21.18,9.39732,115900,0,0
2013-08-12,21.21,21.21,21.12,21.19,9.40176,149200,0,0
2013-08-13,21.23,21.23,21.01,21.03,9.33077,173500,0,0
2013-08-14,21.08,21.08,20.94,21.04,9.3352,126800,0,0
2013-08-15,21.04,21.04,20.8,20.81,9.23315,167500,0,0
2013-08-16,20.87,20.87,20.57,20.65,9.16216,166900,0,0
2013-08-19,20.58,20.66,20.38,20.4,9.05124,135600,0,0
2013-08-20,20.37,20.65,20.37,20.6,9.13998,174000,0,0
2013-08-21,20.37,20.5,20.36,20.38,9.10202,119100,0.135,0
2013-08-22,20.42,20.96,20.42,20.53,9.16901,88700,0,0
2013-08-23,20.5,20.7,20.5,20.69,9.24047,120900,0,0
2013-08-26,20.74,20.9,20.55,20.62,9.20921,123500,0,0
2013-08-27,20.57,20.6,20.17,20.55,9.17794,162800,0,0
2013-08-28,20.48,20.58,20.48,20.54,9.17348,129100,0,0
2013-08-29,20.47,20.62,20.47,20.61,9.20474,165100,0,0
2013-08-30,20.67,20.67,20.46,20.52,9.16454,101900,0,0
2013-09-03,20.45,20.62,20.31,20.34,9.08415,94100,0,0
2013-09-04,20.32,20.51,20.32,20.45,9.13328,84700,0,0
2013-09-05,20.46,20.46,20.31,20.36,9.09308,119200,0,0
2013-09-06,20.4,20.52,20.4,20.4,9.11095,170900,0,0
2013-09-09,20.49,20.57,20.45,20.57,9.18687,83600,0,0
2013-09-10,20.55,20.61,20.52,20.6,9.20027,196900,0,0
2013-09-11,20.56,20.61,20.52,20.61,9.20474,150300,0,0
2013-09-12,20.65,20.66,20.56,20.6,9.20027,102600,0,0
2013-09-13,20.65,20.67,20.58,20.63,9.21367,203600,0,0
2013-09-16,20.81,20.84,20.64,20.69,9.24047,81300,0,0
2013-09-17,20.65,20.75,20.65,20.74,9.2628,118900,0,0
2013-09-18,20.76,21.09,20.67,21.09,9.41911,126900,0,0
2013-09-19,21.12,21.17,21.04,21.08,9.41465,139700,0,0
2013-09-20,21,21,20.74,20.74,9.33052,105300,0.153,0
2013-09-23,20.74,20.76,20.65,20.76,9.33952,82000,0,0
2013-09-24,20.83,20.83,20.7,20.77,9.34402,129500,0,0
2013-09-25,20.82,20.82,20.71,20.77,9.34402,118200,0,0
2013-09-26,20.75,20.82,20.71,20.81,9.36201,91900,0,0
2013-09-27,20.75,20.79,20.68,20.74,9.33052,116400,0,0
2013-09-30,20.7,20.71,20.53,20.66,9.29453,126600,0,0
2013-10-01,20.73,20.81,20.52,20.77,9.34402,168900,0,0
2013-10-02,20.74,20.77,20.66,20.77,9.34402,114200,0,0
2013-10-03,20.74,20.74,20.56,20.58,9.25855,78300,0,0
2013-10-04,20.65,20.66,20.51,20.64,9.28553,151300,0,0
2013-10-07,20.59,20.6,20.5,20.55,9.24505,135100,0,0
2013-10-08,20.56,20.59,20.48,20.5,9.22255,61800,0,0
2013-10-09,20.46,20.54,20.42,20.47,9.20905,125000,0,0
2013-10-10,20.58,20.69,20.54,20.68,9.30353,99400,0,0
2013-10-11,20.69,20.77,20.65,20.77,9.34402,95600,0,0
2013-10-14,20.71,20.78,20.65,20.76,9.33952,108500,0,0
2013-10-15,20.68,20.75,20.61,20.62,9.27654,92300,0,0
2013-10-16,20.65,20.79,20.65,20.76,9.33952,117900,0,0
2013-10-17,20.8,21.04,20.78,21.02,9.45649,189400,0,0
2013-10-18,21.07,21.3,21,21.14,9.51047,131800,0,0
2013-10-21,21.16,21.16,21.07,21.14,9.51047,171700,0,0
2013-10-22,21.12,21.24,21.12,21.21,9.58185,148600,0.088,0
2013-10-23,21.15,21.29,21.14,21.26,9.60444,140600,0,0
2013-10-24,21.29,21.3,21.2,21.3,9.62251,141900,0,0
2013-10-25,21.46,21.48,21.27,21.35,9.6451,109400,0,0
2013-10-28,21.42,21.42,21.26,21.3,9.62251,142300,0,0
2013-10-29,21.28,21.28,21.12,21.22,9.58637,142700,0,0
2013-10-30,21.23,21.23,21.08,21.12,9.54118,136900,0,0
2013-10-31,21.13,21.23,21,21.08,9.52312,150200,0,0
2013-11-01,21.13,21.18,21.02,21.11,9.53667,120400,0,0
2013-11-04,21.15,21.15,21.03,21.15,9.55474,112300,0,0
2013-11-05,21.12,21.18,21.02,21.04,9.50505,124600,0,0
2013-11-06,21.08,21.12,21.03,21.12,9.54118,102700,0,0
2013-11-07,21.18,21.18,20.96,21,9.48698,103800,0,0
2013-11-08,20.9,20.94,20.77,20.94,9.45988,87700,0,0
2013-11-11,20.95,20.95,20.83,20.88,9.43277,79700,0,0
2013-11-12,20.79,20.87,20.76,20.85,9.41922,88400,0,0
2013-11-13,20.86,20.95,20.76,20.92,9.45084,91800,0,0
2013-11-14,21.02,21.12,20.95,21.09,9.52764,146500,0,0
2013-11-15,21.01,21.11,21.01,21.11,9.53667,131400,0,0
2013-11-18,21.15,21.15,21,21.01,9.4915,112300,0,0
2013-11-19,21.07,21.1,20.9,20.95,9.46439,142700,0,0
2013-11-20,20.98,20.99,20.8,20.89,9.43729,115700,0,0
2013-11-21,20.89,20.95,20.81,20.93,9.47759,120100,0.049,0
2013-11-22,20.94,20.98,20.87,20.98,9.50023,132300,0,0
2013-11-25,20.92,21.02,20.92,20.96,9.49117,149400,0,0
2013-11-26,21.03,21.03,20.89,20.93,9.47759,128300,0,0
2013-11-27,20.91,20.99,20.88,20.99,9.50476,131200,0,0
2013-11-29,21,21.04,20.95,20.96,9.49117,34000,0,0
2013-12-02,21,21,20.81,20.86,9.44589,131400,0,0
2013-12-03,20.83,20.83,20.73,20.77,9.40514,134300,0,0
2013-12-04,20.74,20.76,20.61,20.71,9.37797,295500,0,0
2013-12-05,20.62,20.68,20.57,20.61,9.33269,123800,0,0
2013-12-06,20.69,20.7,20.63,20.67,9.35985,215800,0,0
2013-12-09,20.77,20.77,20.61,20.73,9.38702,119800,0,0
2013-12-10,20.67,20.75,20.66,20.71,9.37797,245200,0,0
2013-12-11,20.66,20.69,20.49,20.53,9.29646,130500,0,0
2013-12-12,20.54,20.56,20.45,20.5,9.28288,113700,0,0
2013-12-13,20.51,20.6,20.48,20.59,9.32363,100600,0,0
2013-12-16,20.64,20.67,20.55,20.58,9.3191,188300,0,0
2013-12-17,20.61,20.64,20.53,20.62,9.33722,208800,0,0
2013-12-18,20.4,20.6,20.34,20.58,9.40347,144800,0.185,0
2013-12-19,20.49,20.5,20.41,20.48,9.35777,121600,0,0
2013-12-20,20.52,20.68,20.48,20.68,9.44916,143400,0,0
2013-12-23,20.59,20.75,20.59,20.68,9.44916,117100,0,0
2013-12-24,20.67,20.79,20.67,20.71,9.46287,39100,0,0
2013-12-26,20.71,20.8,20.7,20.75,9.48114,103300,0,0
2013-12-27,20.9,20.9,20.72,20.81,9.50856,89100,0,0
2013-12-30,20.73,20.8,20.65,20.76,9.4857,107200,0,0
2013-12-31,20.83,20.9,20.77,20.82,9.51313,247700,0,0
2014-01-02,20.86,20.86,20.63,20.69,9.45373,97700,0,0
2014-01-03,20.76,20.81,20.72,20.8,9.50399,111500,0,0
2014-01-06,20.82,20.82,20.75,20.79,9.49942,85300,0,0
2014-01-07,20.75,20.84,20.75,20.8,9.50399,132400,0,0
2014-01-08,20.8,20.83,20.7,20.71,9.46287,285500,0,0
2014-01-09,20.75,20.82,20.67,20.74,9.47657,153300,0,0
2014-01-10,20.74,20.89,20.74,20.89,9.54511,112500,0,0
2014-01-13,20.8,20.88,20.74,20.74,9.47657,155300,0,0
2014-01-14,20.73,20.88,20.73,20.84,9.52226,126900,0,0
2014-01-15,20.87,20.89,20.81,20.87,9.53598,114300,0,0
2014-01-16,20.82,20.91,20.82,20.87,9.53598,143900,0,0
2014-01-17,20.85,20.91,20.83,20.86,9.53141,126900,0,0
2014-01-21,20.92,20.98,20.87,20.98,9.58624,125700,0,0
2014-01-22,20.97,21.01,20.87,21.01,9.62702,142000,0.059,0
2014-01-23,21,21.01,20.95,21.01,9.62702,147800,0,0
2014-01-24,20.95,20.95,20.8,20.85,9.5537,109400,0,0
2014-01-27,20.86,20.9,20.7,20.78,9.52162,118600,0,0
2014-01-28,20.72,20.88,20.72,20.85,9.5537,88300,0,0
2014-01-29,20.83,20.83,20.72,20.78,9.52162,128300,0,0
2014-01-30,20.81,20.92,20.79,20.87,9.56287,94800,0,0
2014-01-31,20.91,20.96,20.76,20.88,9.56745,69800,0,0
2014-02-03,20.92,20.95,20.68,20.72,9.49414,106300,0,0
2014-02-04,20.76,20.76,20.66,20.72,9.49414,149000,0,0
2014-02-05,20.69,20.72,20.58,20.68,9.47581,160200,0,0
2014-02-06,20.7,20.81,20.7,20.81,9.53538,125600,0,0
2014-02-07,20.84,20.93,20.8,20.93,9.59036,123400,0,0
2014-02-10,20.87,20.91,20.83,20.91,9.58119,150900,0,0
2014-02-11,20.89,21.01,20.85,20.99,9.61785,241200,0,0
2014-02-12,21.02,21.03,20.94,21,9.62244,153900,0,0
2014-02-13,20.95,21.1,20.95,21.1,9.66825,127900,0,0
2014-02-14,21.1,21.14,21.07,21.14,9.68659,229000,0,0
2014-02-18,21.14,21.23,21.09,21.23,9.72782,186100,0,0
2014-02-19,21.2,21.25,21.09,21.13,9.682,141600,0,0
2014-02-20,21.09,21.18,21.07,21.16,9.69575,154500,0,0
2014-02-21,21.07,21.09,21,21.04,9.69022,125600,0.108,0
2014-02-24,21.1,21.24,21.05,21.09,9.71325,127300,0,0
2014-02-25,21.09,21.13,21.02,21.08,9.70864,254300,0,0
2014-02-26,21.13,21.22,21.07,21.12,9.72706,189400,0,0
2014-02-27,21.17,21.25,21.08,21.16,9.74549,184100,0,0
2014-02-28,21.17,21.25,21.13,21.23,9.77772,141500,0,0
2014-03-03,21.19,21.24,21.13,21.23,9.77772,127900,0,0
2014-03-04,21.26,21.38,21.26,21.37,9.84221,172200,0,0
2014-03-05,21.31,21.36,21.28,21.34,9.82839,168300,0,0
2014-03-06,21.34,21.34,21.24,21.29,9.80536,91900,0,0
2014-03-07,21.32,21.32,21.15,21.23,9.77772,78500,0,0
2014-03-10,21.23,21.24,21.13,21.19,9.7593,198500,0,0
2014-03-11,21.23,21.23,21.1,21.16,9.74549,122600,0,0
2014-03-12,21.17,21.26,21.11,21.26,9.79155,119400,0,0
2014-03-13,21.29,21.29,21.17,21.23,9.77772,102100,0,0
2014-03-14,21.43,21.43,21.23,21.31,9.81457,118200,0,0
2014-03-17,21.35,21.38,21.31,21.36,9.8376,111200,0,0
2014-03-18,21.4,21.45,21.35,21.41,9.86063,130100,0,0
2014-03-19,21.39,21.43,21.17,21.24,9.78233,118400,0,0
2014-03-20,21.23,21.26,21.11,21.23,9.77772,102000,0,0
2014-03-21,21.2,21.41,21.2,21.37,9.84221,152800,0,0
2014-03-24,21.38,21.38,21.22,21.3,9.80997,80400,0,0
2014-03-25,21.15,21.19,21.1,21.16,9.80812,96600,0.136,0
2014-03-26,21.24,21.24,21.1,21.1,9.7803,115200,0,0
2014-03-27,21.17,21.21,21.09,21.21,9.83129,79000,0,0
2014-03-28,21.25,21.28,21.16,21.27,9.8591,97900,0,0
2014-03-31,21.34,21.42,21.25,21.42,9.92864,168400,0,0
2014-04-01,21.45,21.45,21.3,21.44,9.9379,103000,0,0
2014-04-02,21.5,21.5,21.38,21.45,9.94254,160000,0,0
2014-04-03,21.4,21.51,21.4,21.5,9.96571,96600,0,0
2014-04-04,21.44,21.57,21.42,21.47,9.95181,80000,0,0
2014-04-07,21.49,21.49,21.37,21.43,9.93327,142400,0,0
2014-04-08,21.43,21.52,21.39,21.51,9.97035,120900,0,0
2014-04-09,21.57,21.57,21.41,21.54,9.98425,90200,0,0
2014-04-10,21.54,21.62,21.38,21.41,9.92399,128500,0,0
2014-04-11,21.43,21.47,21.31,21.41,9.92399,112300,0,0
2014-04-14,21.4,21.54,21.4,21.5,9.96571,98200,0,0
2014-04-15,21.43,21.6,21.43,21.58,10.0028,122400,0,0
2014-04-16,21.66,21.67,21.6,21.65,10.0352,107500,0,0
2014-04-17,21.71,21.71,21.61,21.66,10.0399,113700,0,0
2014-04-21,21.56,21.69,21.56,21.68,10.0491,147800,0,0
2014-04-22,21.65,21.65,21.57,21.64,10.0677,133900,0.08,0
2014-04-23,21.69,21.69,21.57,21.64,10.0677,151000,0,0
2014-04-24,21.64,21.64,21.56,21.62,10.0585,123600,0,0
2014-04-25,21.66,21.66,21.55,21.61,10.0538,124700,0,0
2014-04-28,21.67,21.71,21.6,21.7,10.0957,193300,0,0
2014-04-29,21.75,21.78,21.67,21.71,10.1003,160500,0,0
2014-04-30,21.75,21.78,21.67,21.75,10.1189,157600,0,0
2014-05-01,21.84,21.84,21.73,21.79,10.1375,128600,0,0
2014-05-02,21.76,21.88,21.7,21.74,10.1143,155500,0,0
2014-05-05,21.77,21.84,21.7,21.84,10.1608,156600,0,0
2014-05-06,21.83,21.83,21.73,21.76,10.1236,172000,0,0
2014-05-07,21.82,21.91,21.78,21.91,10.1934,228900,0,0
2014-05-08,21.89,21.92,21.77,21.81,10.1468,174900,0,0
2014-05-09,21.86,21.86,21.75,21.8,10.1422,111400,0,0
2014-05-12,21.85,21.88,21.79,21.85,10.1655,197100,0,0
2014-05-13,21.88,21.88,21.78,21.81,10.1468,209900,0,0
2014-05-14,21.84,21.87,21.76,21.84,10.1608,151000,0,0
2014-05-15,21.8,21.8,21.71,21.79,10.1375,207700,0,0
2014-05-16,21.82,21.89,21.76,21.89,10.1841,144600,0,0
2014-05-19,21.88,21.99,21.83,21.85,10.1655,382100,0,0
2014-05-20,21.88,21.88,21.76,21.83,10.1561,196100,0,0
2014-05-21,21.76,21.88,21.65,21.73,10.1678,226800,0.125,0
2014-05-22,21.78,21.84,21.72,21.81,10.2053,128700,0,0
2014-05-23,21.85,21.85,21.78,21.83,10.2146,126600,0,0
2014-05-27,21.88,21.92,21.85,21.89,10.2427,206300,0,0
2014-05-28,21.95,21.95,21.84,21.95,10.2708,144700,0,0
2014-05-29,21.95,22,21.9,22,10.2942,169700,0,0
2014-05-30,21.98,22.09,21.95,22.05,10.3176,249500,0,0
2014-06-02,21.98,22.12,21.98,22.05,10.3176,145200,0,0
2014-06-03,22.06,22.09,21.97,21.99,10.2895,145500,0,0
2014-06-04,21.99,22.01,21.9,22.01,10.2989,384700,0,0
2014-06-05,22.08,22.15,21.98,22.15,10.3644,202700,0,0
2014-06-06,22.18,22.23,22.17,22.21,10.3924,290300,0,0
2014-06-09,22.25,22.25,22.16,22.17,10.3737,180100,0,0
2014-06-10,22.2,22.2,22.08,22.1,10.341,180100,0,0
2014-06-11,22.16,22.16,22,22.01,10.2989,196800,0,0
2014-06-12,22.16,22.26,21.94,22,10.2942,170900,0,0
2014-06-13,22.04,22.11,22,22.11,10.3457,114700,0,0
2014-06-16,22.14,22.18,22.11,22.15,10.3644,156800,0,0
2014-06-17,22.16,22.17,22.1,22.16,10.369,191300,0,0
2014-06-18,22.17,22.25,22.13,22.25,10.4112,171900,0,0
2014-06-19,22.25,22.38,22.22,22.38,10.472,219200,0,0
2014-06-20,22.36,22.44,22.31,22.32,10.4439,190700,0,0
2014-06-23,22.32,22.33,22.25,22.3,10.4346,176400,0,0
2014-06-24,22.22,22.29,22.17,22.21,10.4378,186900,0.097,0
2014-06-25,22.23,22.26,22.16,22.26,10.4613,280900,0,0
2014-06-26,22.32,22.32,22.17,22.27,10.4661,146800,0,0
2014-06-27,22.28,22.33,22.22,22.33,10.4942,123600,0,0
2014-06-30,22.24,22.38,22.24,22.38,10.5177,214300,0,0
2014-07-01,22.44,22.46,22.36,22.41,10.5318,127400,0,0
2014-07-02,22.41,22.42,22.24,22.27,10.4661,159300,0,0
2014-07-03,22.27,22.32,22.16,22.22,10.4426,61600,0,0
2014-07-07,22.24,22.26,22.12,22.16,10.4144,164800,0,0
2014-07-08,22.18,22.24,22.11,22.18,10.4238,142900,0,0
2014-07-09,22.22,22.23,22.13,22.21,10.4378,161800,0,0
2014-07-10,22.09,22.18,22.07,22.17,10.4191,141900,0,0
2014-07-11,22.16,22.21,22.12,22.21,10.4378,166500,0,0
2014-07-14,22.25,22.25,22.13,22.14,10.405,121100,0,0
2014-07-15,22.21,22.21,22.08,22.17,10.4191,126200,0,0
2014-07-16,22.24,22.24,22.12,22.21,10.4378,187700,0,0
2014-07-17,22.23,22.23,22.06,22.09,10.3815,208500,0,0
2014-07-18,22.03,22.2,22.03,22.19,10.4284,142300,0,0
2014-07-21,22.21,22.21,22.1,22.17,10.4191,104000,0,0
2014-07-22,22.05,22.14,22.05,22.12,10.4436,164900,0.102,0
2014-07-23,22.14,22.16,22.07,22.11,10.4389,165400,0,0
2014-07-24,22.16,22.2,22.11,22.15,10.4578,156100,0,0
2014-07-25,22.17,22.17,22.03,22.06,10.4153,191200,0,0
2014-07-28,22.13,22.13,22.03,22.09,10.4294,138300,0,0
2014-07-29,22.16,22.16,22.04,22.05,10.4106,143900,0,0
2014-07-30,22.09,22.13,21.86,21.91,10.3445,193600,0,0
2014-07-31,21.93,21.93,21.62,21.66,10.2264,268200,0,0
2014-08-01,21.64,21.69,21.54,21.61,10.2028,225400,0,0
2014-08-04,21.68,21.71,21.53,21.71,10.25,229600,0,0
2014-08-05,21.63,21.7,21.51,21.57,10.1839,168300,0,0
2014-08-06,21.5,21.59,21.47,21.57,10.1839,120600,0,0
2014-08-07,21.54,21.68,21.54,21.63,10.2123,90400,0,0
2014-08-08,21.7,21.75,21.59,21.75,10.2689,113800,0,0
2014-08-11,21.93,22.01,21.91,21.94,10.3586,131500,0,0
2014-08-12,21.85,21.96,21.85,21.92,10.3492,127000,0,0
2014-08-13,22.01,22.01,21.9,22.01,10.3917,208000,0,0
2014-08-14,22.07,22.13,22.03,22.09,10.4294,249500,0,0
2014-08-15,22.1,22.2,22.06,22.15,10.4578,209900,0,0
2014-08-18,22.19,22.23,22.15,22.21,10.4861,157600,0,0
2014-08-19,22.26,22.27,22.22,22.26,10.5097,266700,0,0
2014-08-20,22.31,22.33,22.22,22.33,10.5427,225700,0,0
2014-08-21,22.27,22.27,22.19,22.25,10.5541,208200,0.104,0
2014-08-22,22.28,22.28,22.12,22.16,10.5114,168200,0,0
2014-08-25,22.13,22.23,22.13,22.23,10.5446,157200,0,0
2014-08-26,22.26,22.28,22.21,22.24,10.5494,241100,0,0
2014-08-27,22.31,22.35,22.22,22.35,10.6016,314000,0,0
2014-08-28,22.31,22.34,22.25,22.29,10.5731,193300,0,0
2014-08-29,22.32,22.42,22.29,22.38,10.6158,174600,0,0
2014-09-02,22.4,22.4,22.28,22.33,10.5921,119600,0,0
2014-09-03,22.4,22.4,22.29,22.32,10.5873,154800,0,0
2014-09-04,22.35,22.35,22.18,22.23,10.5446,196800,0,0
2014-09-05,22.25,22.33,22.15,22.33,10.5921,160300,0,0
2014-09-08,22.36,22.37,22.21,22.28,10.5684,157300,0,0
2014-09-09,22.32,22.32,22.17,22.17,10.5162,173400,0,0
2014-09-10,22.27,22.27,22.09,22.16,10.5114,129400,0,0
2014-09-11,22.18,22.18,22.05,22.17,10.5162,188500,0,0
2014-09-12,22.21,22.21,21.87,21.92,10.3976,172800,0,0
2014-09-15,21.87,21.91,21.8,21.86,10.3691,165900,0,0
2014-09-16,21.81,22,21.81,21.97,10.4213,382200,0,0
2014-09-17,21.91,22.08,21.91,21.99,10.4308,267100,0,0
2014-09-18,22.04,22.12,21.93,21.95,10.4118,228100,0,0
2014-09-19,22.01,22.01,21.93,22,10.4356,342300,0,0
2014-09-22,22.01,22.01,21.81,21.81,10.3454,269300,0,0
2014-09-23,21.77,21.77,21.58,21.6,10.2949,224200,0.104,0
2014-09-24,21.56,21.63,21.5,21.59,10.2901,174200,0,0
2014-09-25,21.55,21.57,21.43,21.47,10.2329,183600,0,0
2014-09-26,21.51,21.55,21.33,21.55,10.2711,154300,0,0
2014-09-29,21.43,21.54,21.41,21.53,10.2615,154300,0,0
2014-09-30,21.6,21.6,21.45,21.51,10.252,289500,0,0
2014-10-01,21.67,21.71,21.41,21.47,10.2329,156600,0,0
2014-10-02,21.61,21.7,21.28,21.48,10.2377,253100,0,0
2014-10-03,21.51,21.56,21.42,21.51,10.252,242300,0,0
2014-10-06,21.58,21.6,21.42,21.49,10.2425,168200,0,0
2014-10-07,21.43,21.49,21.34,21.36,10.1805,169100,0,0
2014-10-08,21.38,21.49,21.19,21.49,10.2425,213600,0,0
2014-10-09,21.49,21.51,21.21,21.22,10.1138,392800,0,0
2014-10-10,21.28,21.28,20.98,21.14,10.0757,167500,0,0
2014-10-13,21.15,21.22,20.91,20.92,9.97081,260900,0,0
2014-10-14,21.02,21.16,20.86,20.99,10.0042,228100,0,0
2014-10-15,20.96,21.08,20.68,21.03,10.0232,403400,0,0
2014-10-16,20.98,21.33,20.74,21.32,10.1615,473700,0,0
2014-10-17,21.44,21.5,21.23,21.34,10.171,185400,0,0
2014-10-20,21.39,21.58,21.34,21.58,10.2854,139500,0,0
2014-10-21,21.55,21.67,21.52,21.67,10.3768,257800,0.101,0
2014-10-22,21.73,21.73,21.54,21.57,10.3289,472400,0,0
2014-10-23,21.66,21.81,21.6,21.61,10.3481,348600,0,0
2014-10-24,21.7,21.7,21.58,21.68,10.3816,294300,0,0
2014-10-27,21.8,21.8,21.48,21.59,10.3385,173000,0,0
2014-10-28,21.63,21.72,21.53,21.7,10.3912,467300,0,0
2014-10-29,21.78,21.81,21.57,21.68,10.3816,324700,0,0
2014-10-30,21.73,21.95,21.67,21.77,10.4247,420300,0,0
2014-10-31,21.92,21.94,21.76,21.86,10.4678,284300,0,0
2014-11-03,21.92,21.94,21.83,21.93,10.5013,341600,0,0
2014-11-04,21.82,21.9,21.65,21.74,10.4104,244900,0,0
2014-11-05,21.74,21.94,21.72,21.87,10.4726,312200,0,0
2014-11-06,21.91,21.91,21.71,21.79,10.4343,323000,0,0
2014-11-07,21.81,21.92,21.76,21.9,10.487,144500,0,0
2014-11-10,21.95,21.96,21.86,21.92,10.4965,217700,0,0
2014-11-11,21.9,21.93,21.83,21.89,10.4822,213200,0,0
2014-11-12,21.91,21.91,21.78,21.84,10.4582,230800,0,0
2014-11-13,21.89,21.89,21.68,21.71,10.396,240400,0,0
2014-11-14,21.65,21.79,21.64,21.74,10.4104,259400,0,0
2014-11-17,21.76,21.86,21.67,21.85,10.463,325000,0,0
2014-11-18,21.9,21.95,21.84,21.9,10.487,250000,0,0
2014-11-19,21.89,21.89,21.77,21.82,10.4487,217800,0,0
2014-11-20,21.75,21.92,21.75,21.92,10.4965,204900,0,0
2014-11-21,21.99,21.99,21.81,21.85,10.5028,234100,0.083,0
2014-11-24,21.96,21.96,21.81,21.87,10.5124,270400,0,0
2014-11-25,21.92,21.96,21.79,21.86,10.5076,238500,0,0
2014-11-26,21.93,21.96,21.82,21.96,10.5557,163500,0,0
2014-11-28,21.91,21.96,21.72,21.72,10.4403,68900,0,0
2014-12-01,21.7,21.7,21.43,21.43,10.3009,369900,0,0
2014-12-02,21.47,21.63,21.39,21.62,10.3922,199300,0,0
2014-12-03,21.65,21.73,21.59,21.7,10.4307,324900,0,0
2014-12-04,21.7,21.71,21.61,21.66,10.4115,277800,0,0
2014-12-05,21.66,21.66,21.53,21.58,10.373,194400,0,0
2014-12-08,21.61,21.61,21.25,21.34,10.2576,163700,0,0
2014-12-09,21.32,21.51,21.22,21.51,10.3394,222500,0,0
2014-12-10,21.52,21.52,21.14,21.21,10.1952,237000,0,0
2014-12-11,21.31,21.42,21.22,21.31,10.2432,227900,0,0
2014-12-12,21.2,21.2,21.03,21.07,10.1279,191100,0,0
2014-12-15,21.13,21.13,20.76,20.79,9.99327,248400,0,0
2014-12-16,20.72,21.03,20.65,20.86,10.0269,282100,0,0
2014-12-17,20.85,21.23,20.85,21.22,10.2,193400,0,0
2014-12-18,21.44,21.44,21.23,21.42,10.2961,338600,0,0
2014-12-19,21.58,21.58,21.35,21.46,10.3153,355500,0,0
2014-12-22,21.52,21.52,21.29,21.43,10.3009,288600,0,0
2014-12-23,21.37,21.44,21.3,21.35,10.3207,298700,0.121,0
2014-12-24,21.29,21.4,21.28,21.3,10.2966,112200,0,0
2014-12-26,21.31,21.44,21.31,21.39,10.3401,117300,0,0
2014-12-29,21.49,21.54,21.41,21.52,10.4029,397000,0,0
2014-12-30,21.49,21.49,21.34,21.35,10.3207,362100,0,0
2014-12-31,21.46,21.46,21.25,21.27,10.2821,333700,0,0
2015-01-02,21.27,21.52,21.27,21.51,10.3981,188300,0,0
2015-01-05,21.5,21.5,21.2,21.25,10.2724,135500,0,0
2015-01-06,21.31,21.35,21.06,21.08,10.1902,388800,0,0
2015-01-07,21.08,21.27,21.08,21.26,10.2772,273700,0,0
2015-01-08,21.37,21.41,21.3,21.39,10.3401,215100,0,0
2015-01-09,21.45,21.45,21.26,21.38,10.3352,335200,0,0
2015-01-12,21.43,21.43,21.14,21.24,10.2676,216200,0,0
2015-01-13,21.43,21.43,20.99,21.14,10.2192,323300,0,0
2015-01-14,21.08,21.14,20.9,21.14,10.2192,251200,0,0
2015-01-15,21.19,21.19,21.01,21.08,10.1902,226000,0,0
2015-01-16,21.13,21.3,21.07,21.3,10.2966,188500,0,0
2015-01-20,21.35,21.46,21.16,21.25,10.2724,227800,0,0
2015-01-21,21.09,21.23,21,21.21,10.3215,416900,0.141,0
2015-01-22,21.28,21.31,21.2,21.31,10.3702,210400,0,0
2015-01-23,21.34,21.34,21.2,21.2,10.3167,450900,0,0
2015-01-26,21.3,21.39,21.16,21.39,10.4091,272600,0,0
2015-01-27,21.41,21.41,21.25,21.36,10.3945,233500,0,0
2015-01-28,21.43,21.5,21.17,21.21,10.3215,520100,0,0
2015-01-29,21.27,21.5,21.04,21.25,10.341,193700,0,0
2015-01-30,21.24,21.42,21.1,21.17,10.3021,255700,0,0
2015-02-02,21.25,21.35,21.1,21.34,10.3848,346400,0,0
2015-02-03,21.34,21.62,21.31,21.54,10.4821,413800,0,0
2015-02-04,21.59,21.59,21.39,21.45,10.4383,447000,0,0
2015-02-05,21.38,21.68,21.38,21.64,10.5308,621000,0,0
2015-02-06,21.65,21.65,21.44,21.5,10.4627,244000,0,0
2015-02-09,21.51,21.65,21.3,21.45,10.4383,366400,0,0
2015-02-10,21.53,21.53,21.26,21.41,10.4189,313900,0,0
2015-02-11,21.42,21.49,21.25,21.32,10.3751,307000,0,0
2015-02-12,21.39,21.51,21.3,21.44,10.4335,382500,0,0
2015-02-13,21.49,21.54,21.41,21.48,10.4529,220000,0,0
2015-02-17,21.54,21.54,21.4,21.53,10.4773,185900,0,0
2015-02-18,21.54,21.56,21.41,21.47,10.4481,214700,0,0
2015-02-19,21.51,21.53,21.42,21.48,10.4529,266600,0,0
2015-02-20,21.38,21.44,21.32,21.44,10.4872,274100,0.11,0
2015-02-23,21.46,21.47,21.35,21.45,10.4921,286100,0,0
2015-02-24,21.4,21.44,21.35,21.43,10.4823,299700,0,0
2015-02-25,21.46,21.56,21.39,21.43,10.4823,328700,0,0
2015-02-26,21.5,21.51,21.31,21.43,10.4823,299500,0,0
2015-02-27,21.43,21.46,21.32,21.46,10.497,321200,0,0
2015-03-02,21.55,21.55,21.37,21.4,10.4676,452900,0,0
2015-03-03,21.3,21.5,21.3,21.5,10.5165,315900,0,0
2015-03-04,21.48,21.54,21.36,21.43,10.4823,247700,0,0
2015-03-05,21.42,21.49,21.37,21.44,10.4872,247500,0,0
2015-03-06,21.35,21.35,21.09,21.13,10.3355,492000,0,0
2015-03-09,21.17,21.18,21.03,21.06,10.3013,319300,0,0
2015-03-10,21.03,21.07,20.9,20.95,10.2475,327700,0,0
2015-03-11,21,21,20.91,20.96,10.2524,235200,0,0
2015-03-12,21.03,21.08,21.01,21.04,10.2915,224600,0,0
2015-03-13,21.01,21.04,20.89,20.97,10.2573,217000,0,0
2015-03-16,20.93,21.03,20.93,20.98,10.2622,295400,0,0
2015-03-17,21,21,20.91,20.95,10.2475,251600,0,0
2015-03-18,20.95,21.28,20.9,21.22,10.3796,262500,0,0
2015-03-19,21.24,21.24,21.1,21.14,10.3404,292400,0,0
2015-03-20,21.27,21.32,21.17,21.32,10.4285,217500,0,0
2015-03-23,21.35,21.36,21.25,21.34,10.4383,248100,0,0
2015-03-24,21.38,21.45,21.2,21.26,10.3991,461900,0,0
2015-03-25,21.14,21.15,20.95,21,10.272,219500,0,0
2015-03-26,21.01,21.05,20.93,20.97,10.2573,351100,0,0
2015-03-27,20.9,21.01,20.9,20.94,10.2426,177600,0,0
2015-03-30,20.94,21.07,20.93,21.06,10.3013,346600,0,0
2015-03-31,21.1,21.1,20.98,21.06,10.3013,506700,0,0
2015-04-01,21.04,21.09,20.97,21.05,10.2964,391000,0,0
2015-04-02,21.11,21.14,21.07,21.12,10.3306,241500,0,0
2015-04-06,21.12,21.24,21.08,21.19,10.3649,394000,0,0
2015-04-07,21.27,21.27,21.12,21.17,10.3551,258500,0,0
2015-04-08,21.31,21.31,21.08,21.19,10.3649,262700,0,0
2015-04-09,21.23,21.23,21.07,21.14,10.3404,229400,0,0
2015-04-10,21.05,21.24,21.05,21.17,10.3551,230300,0,0
2015-04-13,21.26,21.26,21.11,21.14,10.3404,258800,0,0
2015-04-14,21.21,21.28,21.11,21.25,10.3942,197300,0,0
2015-04-15,21.31,21.4,21.25,21.28,10.4089,432400,0,0
2015-04-16,21.33,21.34,21.21,21.33,10.4334,645200,0,0
2015-04-17,21.32,21.32,21.15,21.19,10.3649,395300,0,0
2015-04-20,21.29,21.35,21.18,21.28,10.4089,302600,0,0
2015-04-21,21.27,21.3,21.14,21.17,10.3551,452600,0,0
2015-04-22,21.23,21.28,21.16,21.23,10.3845,203500,0,0
2015-04-23,21.24,21.31,21.2,21.28,10.4089,222700,0,0
2015-04-24,21.23,21.32,21.22,21.29,10.4138,202000,0,0
2015-04-27,21.26,21.31,21.21,21.25,10.3942,229100,0,0
2015-04-28,21.4,21.4,21.19,21.28,10.4089,233500,0,0
2015-04-29,21.27,21.29,21.17,21.26,10.3991,248100,0,0
2015-04-30,21.28,21.28,21.07,21.13,10.3355,227300,0,0
2015-05-01,21.23,21.23,21.06,21.16,10.3502,197000,0,0
2015-05-04,21.15,21.21,21.13,21.14,10.3404,195600,0,0
2015-05-05,21.19,21.24,20.98,21.01,10.2768,333300,0,0
2015-05-06,21.05,21.15,20.85,20.94,10.2426,235000,0,0
2015-05-07,20.87,20.95,20.81,20.91,10.2279,342600,0,0
2015-05-08,20.9,21.04,20.89,20.97,10.2573,196900,0,0
2015-05-11,21.02,21.02,20.86,20.9,10.223,161600,0,0
2015-05-12,20.78,20.93,20.76,20.91,10.2279,183400,0,0
2015-05-13,20.96,21,20.85,20.95,10.2475,220400,0,0
2015-05-14,20.88,21.09,20.88,21.06,10.3013,290100,0,0
2015-05-15,21.12,21.14,21.01,21.14,10.3404,212700,0,0
2015-05-18,21.15,21.18,21.07,21.17,10.3551,200200,0,0
2015-05-19,21.18,21.21,21.08,21.17,10.3551,263500,0,0
2015-05-20,21.1,21.18,21.08,21.11,10.3258,194000,0,0
2015-05-21,21.08,21.08,20.97,21.01,10.3307,192700,0.11,0
2015-05-22,21.08,21.08,20.95,21.04,10.3454,171700,0,0
2015-05-26,20.92,20.96,20.85,20.93,10.2913,216000,0,0
2015-05-27,20.93,21,20.88,21,10.3258,216800,0,0
2015-05-28,20.98,21.01,20.85,20.93,10.2913,171600,0,0
2015-05-29,21.01,21.01,20.85,20.91,10.2815,207700,0,0
2015-06-01,21,21,20.84,20.95,10.3012,319100,0,0
2015-06-02,20.84,20.94,20.84,20.89,10.2717,186100,0,0
2015-06-03,20.87,20.94,20.8,20.82,10.2372,564100,0,0
2015-06-04,20.76,20.82,20.68,20.72,10.1881,160100,0,0
2015-06-05,20.69,20.73,20.59,20.61,10.134,380600,0,0
2015-06-08,20.58,20.68,20.56,20.58,10.1192,171200,0,0
2015-06-09,20.5,20.65,20.5,20.56,10.1094,191600,0,0
2015-06-10,20.6,20.69,20.56,20.58,10.1192,319100,0,0
2015-06-11,20.67,20.69,20.6,20.65,10.1537,264700,0,0
2015-06-12,20.61,20.64,20.53,20.56,10.1094,175700,0,0
2015-06-15,20.48,20.57,20.45,20.53,10.0947,174600,0,0
2015-06-16,20.47,20.59,20.47,20.58,10.1192,198800,0,0
2015-06-17,20.54,20.63,20.5,20.58,10.1192,264700,0,0
2015-06-18,20.65,20.73,20.58,20.71,10.1832,176400,0,0
2015-06-19,20.6,20.71,20.55,20.55,10.1045,181600,0,0
2015-06-22,20.54,20.67,20.54,20.56,10.1094,182000,0,0
2015-06-23,20.64,20.64,20.5,20.55,10.1045,240100,0,0
2015-06-24,20.44,20.5,20.32,20.36,10.0521,227400,0.084,0
2015-06-25,20.3,20.37,20.24,20.26,10.0028,206500,0,0
2015-06-26,20.23,20.3,20.16,20.19,9.96822,289100,0,0
2015-06-29,20.16,20.19,19.96,20,9.87441,176600,0,0
2015-06-30,20.19,20.19,19.93,19.96,9.85466,313600,0,0
2015-07-01,20.08,20.08,19.96,20.05,9.8991,260600,0,0
2015-07-02,20.11,20.18,20.04,20.1,9.92378,189000,0,0
2015-07-06,19.99,20.1,19.95,20.04,9.89416,145100,0,0
2015-07-07,20.03,20.24,20,20.21,9.9781,131600,0,0
2015-07-08,20.12,20.22,20,20.02,9.88429,257400,0,0
2015-07-09,20.21,20.22,20.02,20.1,9.92378,151000,0,0
2015-07-10,20.02,20.25,20.02,20.1,9.92378,203000,0,0
2015-07-13,20.65,20.65,20.24,20.33,10.0373,304500,0,0
2015-07-14,20.26,20.37,20.26,20.33,10.0373,232500,0,0
2015-07-15,20.39,20.4,20.24,20.3,10.0225,348000,0,0
2015-07-16,20.37,20.37,20.23,20.3,10.0225,312900,0,0
2015-07-17,20.34,20.34,20.17,20.24,9.99291,154300,0,0
2015-07-20,20.31,20.31,20.09,20.19,9.96822,164800,0,0
2015-07-21,20.03,20.13,19.98,19.99,9.9112,149500,0.085,0
2015-07-22,19.98,20.07,19.91,19.91,9.87154,259800,0,0
2015-07-23,19.9,20,19.76,19.81,9.82196,290200,0,0
2015-07-24,19.73,19.84,19.69,19.7,9.76742,720900,0,0
2015-07-27,19.65,19.79,19.63,19.73,9.7823,465400,0,0
2015-07-28,19.72,19.9,19.7,19.81,9.82196,272900,0,0
2015-07-29,19.83,20.01,19.81,20,9.91616,139100,0,0
2015-07-30,20,20,19.91,19.95,9.89137,192900,0,0
2015-07-31,20,20.14,19.83,19.96,9.89633,171300,0,0
2015-08-03,19.9,19.99,19.81,19.87,9.8517,321700,0,0
2015-08-04,19.95,19.97,19.78,19.84,9.83683,140800,0,0
2015-08-05,19.82,19.91,19.63,19.65,9.74263,193800,0,0
2015-08-06,19.64,19.64,19.46,19.64,9.73767,247500,0,0
2015-08-07,19.56,19.67,19.52,19.63,9.73272,247600,0,0
2015-08-10,19.59,19.76,19.59,19.69,9.76246,284900,0,0
2015-08-11,19.61,19.73,19.61,19.73,9.7823,203300,0,0
2015-08-12,19.62,19.82,19.59,19.82,9.82692,157100,0,0
2015-08-13,19.75,19.86,19.68,19.7,9.76742,156800,0,0
2015-08-14,19.68,19.85,19.64,19.85,9.84179,134300,0,0
2015-08-17,19.85,19.93,19.77,19.92,9.87649,148900,0,0
2015-08-18,19.87,19.91,19.83,19.85,9.84179,141000,0,0
2015-08-19,19.78,19.86,19.7,19.76,9.79717,145300,0,0
2015-08-20,19.63,19.76,19.6,19.63,9.73272,167000,0,0
2015-08-21,19.34,19.44,19.19,19.19,9.5579,642100,0.089,0
2015-08-24,17.47,19.12,13,18.6,9.26403,1204000,0,0
2015-08-25,18.83,19.12,18.64,18.64,9.28396,353500,0,0
2015-08-26,18.74,18.92,18.66,18.89,9.40847,362500,0,0
2015-08-27,19,19.25,18.96,19.19,9.5579,234700,0,0
2015-08-28,19.21,19.3,19.11,19.28,9.60272,178900,0,0
2015-08-31,19.28,19.28,19.09,19.24,9.58279,177700,0,0
2015-09-01,18.96,19.15,18.89,18.95,9.43836,257400,0,0
2015-09-02,18.97,19.06,18.85,18.95,9.43836,193800,0,0
2015-09-03,18.94,19.12,18.94,19,9.46326,135600,0,0
2015-09-04,18.92,18.98,18.82,18.88,9.40349,149900,0,0
2015-09-08,19.05,19.05,18.94,19.04,9.48318,123900,0,0
2015-09-09,19.08,19.09,18.91,18.96,9.44334,119900,0,0
2015-09-10,18.87,19.04,18.87,18.91,9.41843,152300,0,0
2015-09-11,18.95,18.95,18.8,18.9,9.41345,158500,0,0
2015-09-14,18.93,18.98,18.88,18.89,9.40847,83900,0,0
2015-09-15,18.96,18.99,18.9,18.97,9.44832,132100,0,0
2015-09-16,18.95,19.1,18.95,19.1,9.51306,131400,0,0
2015-09-17,19,19.32,19,19.15,9.53796,141500,0,0
2015-09-18,18.99,19.16,18.99,19.03,9.4782,157800,0,0
2015-09-21,19.02,19.2,19.02,19.15,9.53796,109700,0,0
2015-09-22,19.01,19.14,18.91,18.99,9.45829,125500,0,0
2015-09-23,18.83,18.84,18.65,18.67,9.36249,153300,0.129,0
2015-09-24,18.58,18.64,18.46,18.61,9.33241,145800,0,0
2015-09-25,18.52,18.75,18.52,18.53,9.29229,162200,0,0
2015-09-28,18.46,18.5,18.2,18.23,9.14185,231200,0,0
2015-09-29,18.19,18.3,18.02,18.05,9.05158,1256900,0,0
2015-09-30,18.23,18.41,18.15,18.38,9.21707,275200,0,0
2015-10-01,18.46,18.49,18.28,18.46,9.25718,116000,0,0
2015-10-02,18.32,18.6,18.29,18.6,9.32739,94000,0,0
2015-10-05,18.61,18.9,18.61,18.87,9.46279,89100,0,0
2015-10-06,18.81,19,18.81,18.84,9.44774,127900,0,0
2015-10-07,18.92,19.13,18.92,19.1,9.57813,218400,0,0
2015-10-08,19.07,19.27,19.06,19.24,9.64833,78200,0,0
2015-10-09,19.2,19.3,19.17,19.24,9.64833,92900,0,0
2015-10-12,19.19,19.27,19.18,19.21,9.63329,253300,0,0
2015-10-13,19.23,19.25,19.08,19.08,9.5681,187500,0,0
2015-10-14,19.04,19.18,19.04,19.08,9.5681,140600,0,0
2015-10-15,19.06,19.26,19.04,19.26,9.65837,83600,0,0
2015-10-16,19.17,19.35,19.17,19.29,9.67341,104800,0,0
2015-10-19,19.34,19.34,19.2,19.31,9.68344,80800,0,0
2015-10-20,19.23,19.4,19.23,19.37,9.71353,106500,0,0
2015-10-21,19.27,19.4,19.19,19.21,9.66773,185900,0.069,0
2015-10-22,19.17,19.29,19.15,19.23,9.67779,366800,0,0
2015-10-23,19.33,19.33,19.12,19.15,9.63753,135300,0,0
2015-10-26,19.16,19.19,19.08,19.11,9.61741,103500,0,0
2015-10-27,19.04,19.1,18.96,19.06,9.59224,209700,0,0
2015-10-28,19,19.34,19,19.27,9.69792,284600,0,0
2015-10-29,19.2,19.29,19.17,19.28,9.70296,141200,0,0
2015-10-30,19.22,19.31,19.15,19.22,9.67276,128000,0,0
2015-11-02,19.21,19.41,19.19,19.35,9.73818,222100,0,0
2015-11-03,19.29,19.47,19.29,19.34,9.73315,298500,0,0
2015-11-04,19.4,19.45,19.25,19.29,9.708,174500,0,0
2015-11-05,19.26,19.38,19.24,19.32,9.72309,130800,0,0
2015-11-06,19.16,19.19,18.99,19.02,9.57211,174700,0,0
2015-11-09,19,19.01,18.81,18.81,9.46642,199400,0,0
2015-11-10,18.81,18.96,18.81,18.91,9.51675,153400,0,0
2015-11-11,18.93,19.04,18.81,18.86,9.49159,126400,0,0
2015-11-12,18.83,18.84,18.64,18.64,9.38087,182200,0,0
2015-11-13,18.67,18.7,18.54,18.6,9.36074,123900,0,0
2015-11-16,18.55,18.79,18.55,18.76,9.44126,112700,0,0
2015-11-17,18.74,18.8,18.64,18.67,9.39597,122800,0,0
2015-11-18,18.74,18.79,18.65,18.75,9.43623,177100,0,0
2015-11-19,18.74,18.79,18.72,18.76,9.44126,226800,0,0
2015-11-20,18.71,18.73,18.6,18.6,9.421,241300,0.12,0
2015-11-23,18.62,18.7,18.57,18.6,9.421,109200,0,0
2015-11-24,18.53,18.67,18.52,18.66,9.45139,119600,0,0
2015-11-25,18.62,18.68,18.57,18.62,9.43113,238800,0,0
2015-11-27,18.61,18.75,18.59,18.75,9.49698,51500,0,0
2015-11-30,18.72,18.75,18.58,18.65,9.44632,224500,0,0
2015-12-01,18.64,18.75,18.61,18.67,9.45646,172600,0,0
2015-12-02,18.64,18.7,18.41,18.43,9.33489,173800,0,0
2015-12-03,18.41,18.43,18.24,18.3,9.26905,194400,0,0
2015-12-04,18.25,18.35,18.2,18.24,9.23866,193100,0,0
2015-12-07,18.16,18.19,17.92,18.01,9.12216,527500,0,0
2015-12-08,17.9,18.11,17.9,17.98,9.10696,167200,0,0
2015-12-09,17.94,18.31,17.94,18.15,9.19307,296200,0,0
2015-12-10,18.13,18.21,18.02,18.02,9.12722,161300,0,0
2015-12-11,17.85,17.93,17.71,17.75,8.99047,382000,0,0
2015-12-14,17.69,17.77,17.5,17.56,8.89424,345500,0,0
2015-12-15,17.6,17.77,17.6,17.7,8.96515,342300,0,0
2015-12-16,17.75,18.03,17.75,17.99,9.11203,197900,0,0
2015-12-17,17.97,17.97,17.76,17.77,9.0006,199700,0,0
2015-12-18,17.72,17.82,17.7,17.72,8.97528,223600,0,0
2015-12-21,17.75,17.91,17.75,17.9,9.06645,187200,0,0
2015-12-22,17.91,18.21,17.9,18.16,9.19814,187800,0,0
2015-12-23,18.12,18.41,18.12,18.4,9.37079,221200,0.099,0
2015-12-24,18.4,18.47,18.38,18.4,9.37079,92400,0,0
2015-12-28,18.28,18.37,18.2,18.32,9.33004,282500,0,0
2015-12-29,18.32,18.5,18.3,18.36,9.35041,389000,0,0
2015-12-30,18.3,18.35,18.23,18.28,9.30967,296200,0,0
2015-12-31,18.29,18.42,18.22,18.34,9.34023,263000,0,0
2016-01-04,18.22,18.35,18.16,18.33,9.33513,150900,0,0
2016-01-05,18.39,18.47,18.26,18.41,9.37587,128400,0,0
2016-01-06,18.3,18.34,18.1,18.17,9.25365,112600,0,0
2016-01-07,17.94,18.05,17.77,17.82,9.0754,239300,0,0
2016-01-08,17.88,17.9,17.71,17.71,9.01938,105900,0,0
2016-01-11,17.76,17.79,17.54,17.63,8.97864,221000,0,0
2016-01-12,17.67,17.77,17.26,17.49,8.90734,266100,0,0
2016-01-13,17.48,17.55,17.09,17.09,8.70363,232900,0,0
2016-01-14,17.14,17.45,17.08,17.38,8.85132,220600,0,0
2016-01-15,17.07,17.16,16.9,17.04,8.67816,204000,0,0
2016-01-19,17.11,17.12,16.77,16.87,8.59158,427900,0,0
2016-01-20,16.7,16.73,16.2,16.51,8.40824,625200,0,0
2016-01-21,16.47,16.81,16.45,16.62,8.49772,146300,0.065,0
2016-01-22,16.78,17.15,16.78,17.08,8.73291,130100,0,0
2016-01-25,17.08,17.23,16.89,16.92,8.65111,143000,0,0
2016-01-26,16.96,17.21,16.96,17.19,8.78915,144500,0,0
2016-01-27,17.14,17.25,16.99,17.06,8.72269,126600,0,0
2016-01-28,17.16,17.41,17.16,17.3,8.8454,83100,0,0
2016-01-29,17.42,17.57,17.37,17.53,8.963,115500,0,0
2016-02-01,17.52,17.58,17.38,17.51,8.95277,174300,0,0
2016-02-02,17.46,17.46,17.25,17.38,8.88631,91800,0,0
2016-02-03,17.4,17.52,17.23,17.47,8.93232,111200,0,0
2016-02-04,17.41,17.64,17.41,17.5,8.94766,108000,0,0
2016-02-05,17.45,17.54,17.35,17.37,8.88119,128600,0,0
2016-02-08,17.25,17.25,16.81,16.91,8.646,141400,0,0
2016-02-09,16.79,16.79,16.53,16.66,8.51817,198100,0,0
2016-02-10,16.66,16.88,16.63,16.7,8.53862,120300,0,0
2016-02-11,16.64,16.64,16.25,16.39,8.38012,173800,0,0
2016-02-12,16.47,16.72,16.47,16.72,8.54885,88400,0,0
2016-02-16,16.83,17.03,16.71,16.99,8.6869,111700,0,0
2016-02-17,17.01,17.35,17.01,17.22,8.80449,193700,0,0
2016-02-18,17.33,17.4,17.19,17.36,8.87608,112900,0,0
2016-02-19,17.25,17.26,17.14,17.21,8.79938,69000,0,0
2016-02-22,17.28,17.5,17.28,17.46,8.92721,121600,0,0
2016-02-23,17.29,17.3,17.17,17.19,8.85918,154600,0.138,0
2016-02-24,17.07,17.37,17,17.28,8.90556,97800,0,0
2016-02-25,17.24,17.45,17.24,17.41,8.97256,64800,0,0
2016-02-26,17.53,17.63,17.41,17.47,9.00348,136700,0,0
2016-02-29,17.6,17.64,17.44,17.61,9.07564,115700,0,0
2016-03-01,17.69,17.75,17.57,17.75,9.14779,88600,0,0
2016-03-02,17.62,17.93,17.62,17.87,9.20962,90900,0,0
2016-03-03,17.91,18.12,17.9,18.12,9.33847,95100,0,0
2016-03-04,18.14,18.24,18.07,18.18,9.36939,140300,0,0
2016-03-07,18.16,18.32,18.1,18.32,9.44154,87700,0,0
2016-03-08,18.21,18.21,18.01,18.01,9.28178,79400,0,0
2016-03-09,18.06,18.15,18.04,18.12,9.33847,117200,0,0
2016-03-10,18.1,18.17,17.96,18.1,9.32817,91000,0,0
2016-03-11,18.18,18.32,18.18,18.28,9.42093,86000,0,0
2016-03-14,18.32,18.33,18.19,18.3,9.43123,67200,0,0
2016-03-15,18.17,18.22,18.09,18.15,9.35393,108300,0,0
2016-03-16,18.1,18.48,18.1,18.46,9.51369,107800,0,0
2016-03-17,18.47,18.76,18.45,18.69,9.63223,100400,0,0
2016-03-18,18.62,18.8,18.62,18.66,9.61677,122700,0,0
2016-03-21,18.67,18.71,18.52,18.6,9.58584,106400,0,0
2016-03-22,18.47,18.68,18.47,18.66,9.61677,111200,0,0
2016-03-23,18.53,18.53,18.25,18.25,9.46175,140700,0.111,0
2016-03-24,18.16,18.27,18.07,18.21,9.44101,74700,0,0
2016-03-28,18.22,18.29,17.9,17.9,9.28029,104800,0,0
2016-03-29,18.12,18.37,18.08,18.34,9.50841,170200,0,0
2016-03-30,18.35,18.56,18.35,18.41,9.5447,82900,0,0
2016-03-31,18.49,18.6,18.43,18.55,9.61728,111000,0,0
2016-04-01,18.43,18.48,18.3,18.42,9.54989,87800,0,0
2016-04-04,18.32,18.4,18.21,18.23,9.45139,92200,0,0
2016-04-05,18.12,18.2,18.09,18.09,9.3788,71500,0,0
2016-04-06,18.18,18.29,18.11,18.24,9.45656,108900,0,0
2016-04-07,18.25,18.3,18.09,18.17,9.42028,103100,0,0
2016-04-08,18.2,18.45,18.09,18.33,9.50323,98000,0,0
2016-04-11,18.35,18.58,18.35,18.41,9.5447,102600,0,0
2016-04-12,18.47,18.7,18.45,18.62,9.65358,138300,0,0
2016-04-13,18.75,18.77,18.62,18.71,9.70024,89100,0,0
2016-04-14,18.77,18.77,18.63,18.7,9.69505,70500,0,0
2016-04-15,18.62,18.75,18.58,18.58,9.63285,133000,0,0
2016-04-18,18.5,18.82,18.5,18.79,9.74172,112800,0,0
2016-04-19,18.79,18.99,18.79,18.95,9.82467,89800,0,0
2016-04-20,19,19.13,18.95,19.03,9.86614,136200,0,0
2016-04-21,19.01,19.01,18.78,18.81,9.7979,101200,0.089,0
2016-04-22,18.86,18.98,18.86,18.98,9.88646,68900,0,0
2016-04-25,18.9,19,18.85,18.88,9.83437,106800,0,0
2016-04-26,18.92,19.02,18.91,19.01,9.90208,105300,0,0
2016-04-27,19.06,19.17,19.01,19.16,9.98021,114800,0,0
2016-04-28,19.01,19.15,18.97,19.04,9.91771,93300,0,0
2016-04-29,19.07,19.13,18.9,19.06,9.92813,102400,0,0
2016-05-02,19.06,19.08,18.94,19.04,9.91771,93000,0,0
2016-05-03,18.98,18.98,18.73,18.92,9.85521,70600,0,0
2016-05-04,18.87,18.98,18.83,18.98,9.88646,97300,0,0
2016-05-05,18.95,19.15,18.95,19.05,9.92292,156800,0,0
2016-05-06,19.05,19.13,18.94,19.11,9.95417,62600,0,0
2016-05-09,19.13,19.13,18.91,19,9.89688,62000,0,0
2016-05-10,19.06,19.12,19,19.1,9.94897,116400,0,0
2016-05-11,19.12,19.15,18.96,19.06,9.92813,327100,0,0
2016-05-12,19.08,19.19,19.02,19.13,9.96459,77100,0,0
2016-05-13,19.08,19.1,18.98,19.01,9.90208,134300,0,0
2016-05-16,19.06,19.22,19,19.2,10.0011,109900,0,0
2016-05-17,19.13,19.29,19.12,19.18,9.99064,159900,0,0
2016-05-18,19.2,19.21,18.96,19.03,9.9125,114800,0,0
2016-05-19,19.01,19.05,18.84,19.04,9.91771,76000,0,0
2016-05-20,18.96,19.08,18.92,19.03,9.97695,81400,0.123,0
2016-05-23,18.98,19.07,18.97,18.98,9.95074,117400,0,0
2016-05-24,19.09,19.13,19.01,19.06,9.99268,687000,0,0
2016-05-25,19.14,19.26,19.06,19.23,10.0818,218400,0,0
2016-05-26,19.26,19.29,19.14,19.15,10.0399,137600,0,0
2016-05-27,19.12,19.19,19.02,19.16,10.0451,84900,0,0
2016-05-31,19.26,19.44,19.03,19.2,10.0661,238500,0,0
2016-06-01,19.2,19.34,19.05,19.32,10.129,140300,0,0
2016-06-02,19.36,19.42,19.25,19.41,10.1762,196900,0,0
2016-06-03,19.34,19.41,19.28,19.39,10.1657,160400,0,0
2016-06-06,19.43,19.52,19.39,19.49,10.2181,153800,0,0
2016-06-07,19.53,19.59,19.46,19.52,10.2339,179100,0,0
2016-06-08,19.49,19.61,19.49,19.58,10.2653,137100,0,0
2016-06-09,19.53,19.55,19.41,19.55,10.2496,149700,0,0
2016-06-10,19.48,19.48,19.25,19.33,10.1342,115300,0,0
2016-06-13,19.27,19.29,19.1,19.16,10.0451,114100,0,0
2016-06-14,19.05,19.14,18.95,19.05,9.98744,165700,0,0
2016-06-15,19.1,19.22,19,19.14,10.0346,157000,0,0
2016-06-16,19.04,19.15,18.91,19.12,10.0241,122400,0,0
2016-06-17,19.17,19.25,19.11,19.18,10.0556,143100,0,0
2016-06-20,19.24,19.4,19.24,19.25,10.0923,118500,0,0
2016-06-21,19.34,19.4,19.24,19.36,10.15,174600,0,0
2016-06-22,19.36,19.36,19.15,19.15,10.1056,214000,0.126,0
2016-06-23,19.31,19.35,19.14,19.34,10.2059,198300,0,0
2016-06-24,18.78,19.2,18.76,19,10.0265,265200,0,0
2016-06-27,18.98,18.98,18.61,18.68,9.85762,171000,0,0
2016-06-28,18.76,18.99,18.76,18.99,10.0212,166900,0,0
2016-06-29,19.1,19.22,19.1,19.19,10.1267,167600,0,0
2016-06-30,19.26,19.33,19.1,19.32,10.1953,160500,0,0
2016-07-01,19.43,19.43,19.32,19.37,10.2217,103700,0,0
2016-07-05,19.37,19.38,19.15,19.23,10.1479,92200,0,0
2016-07-06,19.14,19.29,19.11,19.29,10.1795,156100,0,0
2016-07-07,19.26,19.36,19.15,19.24,10.1531,133500,0,0
2016-07-08,19.24,19.42,19.24,19.39,10.2323,165700,0,0
2016-07-11,19.33,19.52,19.33,19.49,10.2851,196100,0,0
2016-07-12,19.49,19.67,19.49,19.61,10.3484,116000,0,0
2016-07-13,19.59,19.67,19.52,19.58,10.3326,110400,0,0
2016-07-14,19.62,19.69,19.57,19.62,10.3537,149900,0,0
2016-07-15,19.6,19.66,19.56,19.61,10.3484,116400,0,0
2016-07-18,19.59,19.7,19.58,19.66,10.3748,141600,0,0
2016-07-19,19.62,19.7,19.61,19.68,10.3853,218600,0,0
2016-07-20,19.63,19.74,19.6,19.71,10.4012,149300,0,0
2016-07-21,19.65,19.66,19.54,19.58,10.3826,135100,0.095,0
2016-07-22,19.63,19.7,19.59,19.69,10.4409,138900,0,0
2016-07-25,19.62,19.68,19.57,19.61,10.3985,174500,0,0
2016-07-26,19.65,19.65,19.52,19.58,10.3826,160300,0,0
2016-07-27,19.58,19.58,19.39,19.49,10.3349,237900,0,0
2016-07-28,19.39,19.49,19.36,19.46,10.319,120000,0,0
2016-07-29,19.49,19.64,19.43,19.64,10.4144,143600,0,0
2016-08-01,19.68,19.7,19.49,19.52,10.3508,123700,0,0
2016-08-02,19.54,19.55,19.34,19.43,10.3031,182700,0,0
2016-08-03,19.47,19.52,19.37,19.51,10.3455,108800,0,0
2016-08-04,19.54,19.56,19.44,19.49,10.3349,119800,0,0
2016-08-05,19.56,19.6,19.43,19.55,10.3667,158400,0,0
2016-08-08,19.57,19.7,19.57,19.62,10.4038,230500,0,0
2016-08-09,19.58,19.64,19.55,19.6,10.3932,138900,0,0
2016-08-10,19.62,19.64,19.51,19.55,10.3667,179300,0,0
2016-08-11,19.59,19.59,19.51,19.58,10.3826,144100,0,0
2016-08-12,19.61,19.71,19.58,19.65,10.4197,149700,0,0
2016-08-15,19.62,19.73,19.62,19.7,10.4462,117900,0,0
2016-08-16,19.73,19.73,19.58,19.58,10.3826,154900,0,0
2016-08-17,19.68,19.69,19.53,19.65,10.4197,186000,0,0
2016-08-18,19.6,19.73,19.6,19.68,10.4356,133900,0,0
2016-08-19,19.6,19.69,19.58,19.63,10.4091,125300,0,0
2016-08-22,19.59,19.64,19.5,19.62,10.4038,105100,0,0
2016-08-23,19.58,19.62,19.51,19.54,10.4214,159000,0.113,0
2016-08-24,19.56,19.56,19.43,19.47,10.3841,75200,0,0
2016-08-25,19.41,19.54,19.41,19.54,10.4214,94500,0,0
2016-08-26,19.56,19.65,19.39,19.5,10.4001,154600,0,0
2016-08-29,19.56,19.65,19.55,19.63,10.4694,93200,0,0
2016-08-30,19.66,19.67,19.57,19.6,10.4534,288600,0,0
2016-08-31,19.64,19.64,19.47,19.59,10.4481,269200,0,0
2016-09-01,19.55,19.64,19.42,19.46,10.3787,270500,0,0
2016-09-02,19.48,19.69,19.48,19.67,10.4907,108100,0,0
2016-09-06,19.72,19.75,19.66,19.73,10.5227,196100,0,0
2016-09-07,19.69,19.84,19.69,19.84,10.5814,136700,0,0
2016-09-08,19.85,19.85,19.77,19.79,10.5547,185600,0,0
2016-09-09,19.76,19.76,19.31,19.31,10.2987,170800,0,0
2016-09-12,19.3,19.46,19.2,19.44,10.3681,150900,0,0
2016-09-13,19.39,19.39,19.1,19.16,10.2187,161200,0,0
2016-09-14,19.11,19.3,19.11,19.22,10.2507,121300,0,0
2016-09-15,19.23,19.27,19.15,19.16,10.2187,141600,0,0
2016-09-16,19.17,19.17,19,19.08,10.1761,134100,0,0
2016-09-19,18.95,19.02,18.89,18.95,10.1067,121800,0,0
2016-09-20,19.05,19.05,18.83,18.84,10.0481,158100,0,0
2016-09-21,18.86,18.93,18.73,18.9,10.1328,219100,0.098,0
2016-09-22,18.99,19.1,18.97,19.08,10.2293,178800,0,0
2016-09-23,19.01,19.11,19,19.09,10.2346,190400,0,0
2016-09-26,19.09,19.09,18.97,18.99,10.181,201800,0,0
2016-09-27,19,19,18.86,18.89,10.1274,186700,0,0
2016-09-28,18.97,19.03,18.82,19.03,10.2025,142800,0,0
2016-09-29,18.92,19.03,18.83,18.86,10.1113,155600,0,0
2016-09-30,18.96,18.97,18.86,18.91,10.1381,127300,0,0
2016-10-03,18.89,18.89,18.75,18.8,10.0792,121400,0,0
2016-10-04,18.72,18.82,18.63,18.65,9.99875,159800,0,0
2016-10-05,18.67,18.77,18.66,18.67,10.0095,208500,0,0
2016-10-06,18.7,18.7,18.55,18.64,9.99339,117200,0,0
2016-10-07,18.68,18.7,18.53,18.58,9.96122,117500,0,0
2016-10-10,18.58,18.75,18.58,18.69,10.0202,79000,0,0
2016-10-11,18.73,18.73,18.52,18.61,9.9773,167400,0,0
2016-10-12,18.62,18.67,18.55,18.66,10.0041,112500,0,0
2016-10-13,18.47,18.7,18.47,18.65,9.99875,205500,0,0
2016-10-14,18.73,18.75,18.62,18.63,9.98803,85700,0,0
2016-10-17,18.58,18.68,18.58,18.65,9.99875,123300,0,0
2016-10-18,18.69,18.75,18.64,18.74,10.047,138600,0,0
2016-10-19,18.81,18.83,18.72,18.78,10.0684,233500,0,0
2016-10-20,18.72,18.79,18.68,18.75,10.0524,152500,0,0
2016-10-21,18.57,18.72,18.57,18.7,10.0626,121300,0.069,0
2016-10-24,18.69,18.79,18.66,18.73,10.0787,121900,0,0
2016-10-25,18.77,18.77,18.66,18.73,10.0787,209000,0,0
2016-10-26,18.72,18.72,18.62,18.65,10.0357,221300,0,0
2016-10-27,18.69,18.69,18.37,18.37,9.88501,104300,0,0
2016-10-28,18.48,18.54,18.28,18.33,9.86349,109500,0,0
2016-10-31,18.4,18.4,18.28,18.33,9.86349,158000,0,0
2016-11-01,18.39,18.39,18.08,18.11,9.7451,210700,0,0
2016-11-02,18.15,18.15,17.93,17.94,9.65362,208100,0,0
2016-11-03,17.93,18.02,17.92,17.92,9.64286,237900,0,0
2016-11-04,17.9,18,17.9,17.91,9.63748,132300,0,0
2016-11-07,18.1,18.1,18,18.04,9.70744,133500,0,0
2016-11-08,18.01,18.13,17.98,18.04,9.70744,269300,0,0
2016-11-09,17.94,18.39,17.94,18.35,9.87425,248200,0,0
2016-11-10,18.28,18.42,18.18,18.23,9.80968,414300,0,0
2016-11-11,18.27,18.33,18.17,18.29,9.84196,92000,0,0
2016-11-14,18.25,18.43,18.25,18.41,9.90653,143100,0,0
2016-11-15,18.39,18.54,18.39,18.51,9.96035,145100,0,0
2016-11-16,18.54,18.54,18.43,18.48,9.9442,165100,0,0
2016-11-17,18.48,18.59,18.45,18.46,9.93344,138000,0,0
2016-11-18,18.47,18.58,18.47,18.54,9.97649,184300,0,0
2016-11-21,18.51,18.7,18.51,18.65,10.0357,228000,0,0
2016-11-22,18.53,18.74,18.53,18.69,10.1027,149400,0.084,0
2016-11-23,18.67,18.76,18.6,18.71,10.1135,93800,0,0
2016-11-25,18.69,18.77,18.69,18.71,10.1135,51000,0,0
2016-11-28,18.71,18.77,18.62,18.62,10.0649,141000,0,0
2016-11-29,18.59,18.67,18.58,18.62,10.0649,246300,0,0
2016-11-30,18.75,18.75,18.6,18.64,10.0757,203100,0,0
2016-12-01,18.59,18.7,18.54,18.55,10.027,248700,0,0
2016-12-02,18.61,18.67,18.53,18.56,10.0324,128700,0,0
2016-12-05,18.57,18.71,18.56,18.68,10.0973,139400,0,0
2016-12-06,18.65,18.8,18.65,18.77,10.146,173600,0,0
2016-12-07,18.8,19.07,18.8,19,10.2703,479200,0,0
2016-12-08,19.08,19.31,19.05,19.29,10.427,344700,0,0
2016-12-09,19.32,19.38,19.26,19.3,10.4324,237900,0,0
2016-12-12,19.28,19.42,19.22,19.3,10.4324,351700,0,0
2016-12-13,19.24,19.34,19.21,19.27,10.4162,252800,0,0
2016-12-14,19.31,19.32,19.01,19.05,10.2973,256500,0,0
2016-12-15,18.95,19.15,18.93,19.02,10.2811,236600,0,0
2016-12-16,19.03,19.16,18.98,19.03,10.2865,94300,0,0
2016-12-19,19.01,19.15,19.01,19.12,10.3351,150400,0,0
2016-12-20,19.11,19.21,19.1,19.14,10.346,152200,0,0
2016-12-21,19.01,19.12,19.01,19.04,10.3487,136800,0.105,0
2016-12-22,19.02,19.11,19.02,19.05,10.3541,164900,0,0
2016-12-23,19.04,19.12,19.03,19.12,10.3921,193800,0,0
2016-12-27,19.19,19.19,19.09,19.13,10.3976,106800,0,0
2016-12-28,19.13,19.14,19.01,19.02,10.3378,118400,0,0
2016-12-29,19.1,19.15,19.07,19.13,10.3976,315000,0,0
2016-12-30,19.11,19.16,19.07,19.11,10.3867,139800,0,0
2017-01-03,19.14,19.27,19.14,19.23,10.4519,148600,0,0
2017-01-04,19.26,19.43,19.26,19.4,10.5443,230500,0,0
2017-01-05,19.38,19.48,19.33,19.43,10.5606,151700,0,0
2017-01-06,19.43,19.46,19.35,19.41,10.5498,146100,0,0
2017-01-09,19.36,19.43,19.31,19.33,10.5063,97400,0,0
2017-01-10,19.27,19.37,19.27,19.29,10.4845,113500,0,0
2017-01-11,19.27,19.4,19.24,19.35,10.5172,67400,0,0
2017-01-12,19.33,19.37,19.25,19.36,10.5226,125200,0,0
2017-01-13,19.32,19.42,19.32,19.36,10.5226,174000,0,0
2017-01-17,19.37,19.47,19.37,19.41,10.5498,241600,0,0
2017-01-18,19.47,19.47,19.33,19.42,10.5552,156000,0,0
2017-01-19,19.42,19.45,19.25,19.29,10.4845,106200,0,0
2017-01-20,19.21,19.32,19.21,19.29,10.52,98200,0.065,0
2017-01-23,19.33,19.37,19.27,19.35,10.5527,122800,0,0
2017-01-24,19.28,19.49,19.28,19.45,10.6073,190900,0,0
2017-01-25,19.5,19.55,19.46,19.54,10.6563,170400,0,0
2017-01-26,19.55,19.62,19.51,19.61,10.6945,221300,0,0
2017-01-27,19.66,19.66,19.48,19.54,10.6563,125400,0,0
2017-01-30,19.43,19.53,19.34,19.37,10.5636,149300,0,0
2017-01-31,19.43,19.47,19.31,19.47,10.6182,128200,0,0
2017-02-01,19.52,19.52,19.36,19.44,10.6018,90900,0,0
2017-02-02,19.5,19.51,19.35,19.51,10.64,112300,0,0
2017-02-03,19.54,19.62,19.53,19.56,10.6672,154700,0,0
2017-02-06,19.56,19.59,19.5,19.54,10.6563,102200,0,0
2017-02-07,19.56,19.58,19.45,19.5,10.6345,331900,0,0
2017-02-08,19.45,19.57,19.43,19.55,10.6618,145100,0,0
2017-02-09,19.57,19.65,19.57,19.61,10.6945,170800,0,0
2017-02-10,19.63,19.69,19.6,19.68,10.7327,124900,0,0
2017-02-13,19.71,19.73,19.66,19.67,10.7272,110000,0,0
2017-02-14,19.63,19.74,19.6,19.68,10.7327,105500,0,0
2017-02-15,19.64,19.73,19.6,19.72,10.7545,281600,0,0
2017-02-16,19.72,19.8,19.7,19.74,10.7654,125000,0,0
2017-02-17,19.75,19.75,19.63,19.71,10.749,102600,0,0
2017-02-21,19.69,19.84,19.69,19.81,10.8036,91100,0,0
2017-02-22,19.68,19.73,19.64,19.69,10.7855,124700,0.087,0
2017-02-23,19.69,19.76,19.66,19.71,10.7965,142500,0,0
2017-02-24,19.67,19.71,19.61,19.71,10.7965,227000,0,0
2017-02-27,19.75,19.78,19.7,19.73,10.8074,135200,0,0
2017-02-28,19.71,19.73,19.65,19.71,10.7965,148500,0,0
2017-03-01,19.75,19.82,19.7,19.77,10.8293,126900,0,0
2017-03-02,19.74,19.76,19.67,19.7,10.791,182300,0,0
2017-03-03,19.69,19.75,19.62,19.66,10.7691,264600,0,0
2017-03-06,19.62,19.66,19.57,19.6,10.7362,86000,0,0
2017-03-07,19.58,19.59,19.53,19.56,10.7143,172200,0,0
2017-03-08,19.51,19.56,19.34,19.35,10.5993,134400,0,0
2017-03-09,19.33,19.4,19.19,19.26,10.55,135800,0,0
2017-03-10,19.28,19.45,19.27,19.32,10.5828,187400,0,0
2017-03-13,19.31,19.41,19.3,19.32,10.5828,99200,0,0
2017-03-14,19.31,19.34,19.22,19.31,10.5774,98100,0,0
2017-03-15,19.34,19.53,19.34,19.48,10.6705,145200,0,0
2017-03-16,19.5,19.57,19.45,19.49,10.676,152500,0,0
2017-03-17,19.52,19.54,19.47,19.52,10.6924,97200,0,0
2017-03-20,19.51,19.54,19.41,19.42,10.6376,82600,0,0
2017-03-21,19.47,19.5,19.32,19.38,10.6157,110200,0,0
2017-03-22,19.34,19.44,19.29,19.36,10.6047,128500,0,0
2017-03-23,19.25,19.34,19.23,19.24,10.5987,163200,0.109,0
2017-03-24,19.3,19.36,19.25,19.29,10.6262,114400,0,0
2017-03-27,19.2,19.27,19.16,19.27,10.6152,145900,0,0
2017-03-28,19.34,19.35,19.25,19.35,10.6593,103800,0,0
2017-03-29,19.3,19.44,19.3,19.41,10.6923,146300,0,0
2017-03-30,19.41,19.47,19.38,19.47,10.7254,103200,0,0
2017-03-31,19.48,19.55,19.45,19.54,10.7639,106000,0,0
2017-04-03,19.57,19.57,19.42,19.52,10.7529,155500,0,0
2017-04-04,19.43,19.57,19.42,19.52,10.7529,119900,0,0
2017-04-05,19.54,19.64,19.46,19.48,10.7309,119800,0,0
2017-04-06,19.42,19.6,19.41,19.57,10.7805,98100,0,0
2017-04-07,19.55,19.61,19.53,19.56,10.775,49800,0,0
2017-04-10,19.57,19.6,19.51,19.6,10.797,95500,0,0
2017-04-11,19.56,19.63,19.53,19.59,10.7915,123500,0,0
2017-04-12,19.59,19.59,19.5,19.59,10.7915,120800,0,0
2017-04-13,19.59,19.6,19.5,19.53,10.7584,120700,0,0
2017-04-17,19.59,19.6,19.53,19.6,10.797,163500,0,0
2017-04-18,19.53,19.64,19.53,19.58,10.786,137400,0,0
2017-04-19,19.62,19.66,19.55,19.57,10.7805,146300,0,0
2017-04-20,19.61,19.64,19.53,19.6,10.797,127300,0,0
2017-04-21,19.53,19.57,19.48,19.54,10.7981,90400,0.062,0
2017-04-24,19.65,19.65,19.5,19.51,10.7815,98000,0,0
2017-04-25,19.55,19.67,19.49,19.62,10.8423,134000,0,0
2017-04-26,19.62,19.73,19.59,19.68,10.8755,119100,0,0
2017-04-27,19.68,19.72,19.63,19.65,10.8589,110000,0,0
2017-04-28,19.66,19.7,19.53,19.57,10.8147,113900,0,0
2017-05-01,19.6,19.62,19.55,19.58,10.8202,87200,0,0
2017-05-02,19.56,19.57,19.5,19.5,10.776,103100,0,0
2017-05-03,19.52,19.55,19.4,19.43,10.7373,134200,0,0
2017-05-04,19.44,19.45,19.24,19.27,10.6489,264200,0,0
2017-05-05,19.29,19.43,19.26,19.41,10.7263,122800,0,0
2017-05-08,19.4,19.48,19.33,19.36,10.6986,97500,0,0
2017-05-09,19.38,19.38,19.25,19.27,10.6489,126900,0,0
2017-05-10,19.27,19.39,19.27,19.36,10.6986,93300,0,0
2017-05-11,19.31,19.35,19.27,19.32,10.6765,131600,0,0
2017-05-12,19.31,19.39,19.3,19.32,10.6765,89700,0,0
2017-05-15,19.36,19.45,19.34,19.37,10.7042,94400,0,0
2017-05-16,19.37,19.4,19.32,19.34,10.6876,120500,0,0
2017-05-17,19.28,19.42,19.26,19.28,10.6544,165000,0,0
2017-05-18,19.28,19.31,19.18,19.28,10.6544,101200,0,0
2017-05-19,19.3,19.42,19.25,19.37,10.7042,80800,0,0
2017-05-22,19.39,19.48,19.38,19.47,10.7594,83900,0,0
2017-05-23,19.4,19.44,19.3,19.43,10.7861,214200,0.088,0
2017-05-24,19.39,19.48,19.39,19.42,10.7805,111600,0,0
2017-05-25,19.44,19.48,19.37,19.44,10.7916,87000,0,0
2017-05-26,19.45,19.46,19.35,19.42,10.7805,76600,0,0
2017-05-30,19.43,19.43,19.32,19.35,10.7417,102000,0,0
2017-05-31,19.41,19.41,19.26,19.35,10.7417,103000,0,0
2017-06-01,19.42,19.45,19.3,19.45,10.7972,109900,0,0
2017-06-02,19.41,19.5,19.4,19.41,10.775,106300,0,0
2017-06-05,19.47,19.47,19.37,19.41,10.775,222500,0,0
2017-06-06,19.43,19.45,19.3,19.37,10.7528,103700,0,0
2017-06-07,19.36,19.41,19.29,19.3,10.7139,163900,0,0
2017-06-08,19.3,19.38,19.28,19.33,10.7306,68500,0,0
2017-06-09,19.29,19.44,19.25,19.38,10.7583,103400,0,0
2017-06-12,19.37,19.49,19.35,19.38,10.7583,88100,0,0
2017-06-13,19.47,19.47,19.35,19.41,10.775,119200,0,0
2017-06-14,19.39,19.49,19.37,19.42,10.7805,121300,0,0
2017-06-15,19.37,19.43,19.35,19.4,10.7694,116000,0,0
2017-06-16,19.37,19.46,19.33,19.41,10.775,86400,0,0
2017-06-19,19.41,19.48,19.38,19.42,10.7805,205500,0,0
2017-06-20,19.43,19.43,19.24,19.27,10.6972,98900,0,0
2017-06-21,19.32,19.33,19.15,19.16,10.6362,67000,0,0
2017-06-22,19.11,19.17,19.06,19.1,10.6647,102000,0.111,0
2017-06-23,19.1,19.24,19.1,19.19,10.7149,103500,0,0
2017-06-26,19.23,19.34,19.21,19.3,10.7763,60900,0,0
2017-06-27,19.37,19.38,19.23,19.24,10.7428,104200,0,0
2017-06-28,19.32,19.38,19.23,19.34,10.7987,102700,0,0
2017-06-29,19.38,19.38,19.23,19.3,10.7763,130900,0,0
2017-06-30,19.39,19.39,19.26,19.29,10.7707,94900,0,0
2017-07-03,19.28,19.46,19.28,19.38,10.821,71100,0,0
2017-07-05,19.39,19.48,19.29,19.35,10.8042,114500,0,0
2017-07-06,19.4,19.4,19.22,19.22,10.7317,109100,0,0
2017-07-07,19.23,19.31,19.16,19.27,10.7596,101700,0,0
2017-07-10,19.2,19.29,19.19,19.23,10.7372,78500,0,0
2017-07-11,19.2,19.29,19.18,19.22,10.7317,97500,0,0
2017-07-12,19.27,19.37,19.26,19.32,10.7875,91800,0,0
2017-07-13,19.4,19.4,19.27,19.3,10.7763,114500,0,0
2017-07-14,19.29,19.43,19.27,19.42,10.8433,120400,0,0
2017-07-17,19.44,19.49,19.41,19.44,10.8545,103900,0,0
2017-07-18,19.36,19.42,19.35,19.4,10.8322,155700,0,0
2017-07-19,19.38,19.49,19.36,19.44,10.8545,85000,0,0
2017-07-20,19.47,19.49,19.43,19.48,10.8768,106700,0,0
2017-07-21,19.39,19.47,19.34,19.41,10.869,67300,0.056,0
2017-07-24,19.46,19.46,19.37,19.39,10.8578,79100,0,0
2017-07-25,19.35,19.46,19.35,19.39,10.8578,113300,0,0
2017-07-26,19.41,19.47,19.36,19.4,10.8634,183200,0,0
2017-07-27,19.36,19.42,19.32,19.38,10.8522,148100,0,0
2017-07-28,19.43,19.43,19.32,19.39,10.8578,87600,0,0
2017-07-31,19.48,19.48,19.34,19.43,10.8802,86700,0,0
2017-08-01,19.44,19.48,19.39,19.43,10.8802,160500,0,0
2017-08-02,19.43,19.45,19.38,19.43,10.8802,81300,0,0
2017-08-03,19.43,19.47,19.34,19.35,10.8354,124100,0,0
2017-08-04,19.46,19.46,19.31,19.35,10.8354,78300,0,0
2017-08-07,19.4,19.42,19.28,19.32,10.8186,167000,0,0
2017-08-08,19.32,19.37,19.2,19.3,10.8074,91800,0,0
2017-08-09,19.26,19.27,19.2,19.25,10.7794,174600,0,0
2017-08-10,19.24,19.24,19.11,19.13,10.7122,70000,0,0
2017-08-11,19.14,19.14,19.04,19.11,10.701,83000,0,0
2017-08-14,19.19,19.25,19.13,19.19,10.7458,140600,0,0
2017-08-15,19.14,19.17,19.06,19.09,10.6898,109900,0,0
2017-08-16,19.07,19.18,19.07,19.1,10.6954,83100,0,0
2017-08-17,19.08,19.15,19,19.02,10.6506,88200,0,0
2017-08-18,18.95,19.05,18.93,18.99,10.6338,75200,0,0
2017-08-21,18.98,19.01,18.95,18.99,10.6338,68700,0,0
2017-08-22,18.88,18.98,18.88,18.94,10.6603,97200,0.097,0
2017-08-23,18.92,19.04,18.92,19,10.694,96200,0,0
2017-08-24,18.96,19.04,18.96,18.99,10.6884,95900,0,0
2017-08-25,19.01,19.11,19.01,19.05,10.7222,76900,0,0
2017-08-28,19.12,19.13,19.01,19.01,10.6997,83100,0,0
2017-08-29,19,19.06,18.99,19.02,10.7053,98400,0,0
2017-08-30,18.96,19.07,18.96,19.05,10.7222,642700,0,0
2017-08-31,19.15,19.2,19.06,19.2,10.8066,98800,0,0
2017-09-01,19.16,19.25,19.16,19.2,10.8066,74000,0,0
2017-09-05,19.17,19.25,19.1,19.12,10.7616,66500,0,0
2017-09-06,19.15,19.22,19.14,19.16,10.7841,119600,0,0
2017-09-07,19.16,19.22,19.13,19.16,10.7841,103700,0,0
2017-09-08,19.19,19.19,19.11,19.14,10.7728,90500,0,0
2017-09-11,19.23,19.25,19.18,19.23,10.8235,120800,0,0
2017-09-12,19.19,19.27,19.19,19.22,10.8179,180100,0,0
2017-09-13,19.22,19.27,19.21,19.25,10.8347,84900,0,0
2017-09-14,19.24,19.31,19.22,19.31,10.8685,210100,0,0
2017-09-15,19.28,19.32,19.24,19.25,10.8347,73500,0,0
2017-09-18,19.29,19.33,19.25,19.28,10.8516,65600,0,0
2017-09-19,19.27,19.3,19.25,19.25,10.8347,103700,0,0
2017-09-20,19.26,19.32,19.22,19.26,10.8404,91700,0,0
2017-09-21,19.18,19.18,19.04,19.05,10.8007,100900,0.14,0
2017-09-22,19.08,19.1,19.03,19.07,10.812,109100,0,0
2017-09-25,19.02,19.22,19.02,19.19,10.8801,143600,0,0
2017-09-26,19.17,19.22,19.16,19.2,10.8857,103900,0,0
2017-09-27,19.29,19.29,19.11,19.18,10.8744,130100,0,0
2017-09-28,19.22,19.22,19.08,19.18,10.8744,112900,0,0
2017-09-29,19.25,19.26,19.15,19.18,10.8744,135300,0,0
2017-10-02,19.29,19.29,19.16,19.23,10.9027,78200,0,0
2017-10-03,19.31,19.31,19.19,19.24,10.9084,96000,0,0
2017-10-04,19.17,19.26,19.17,19.26,10.9197,80800,0,0
2017-10-05,19.32,19.34,19.27,19.32,10.9538,92100,0,0
2017-10-06,19.28,19.28,19.21,19.27,10.9254,76900,0,0
2017-10-09,19.24,19.3,19.22,19.22,10.8971,103800,0,0
2017-10-10,19.24,19.3,19.24,19.28,10.9311,74500,0,0
2017-10-11,19.28,19.33,19.28,19.3,10.9424,67000,0,0
2017-10-12,19.3,19.33,19.28,19.31,10.9481,90800,0,0
2017-10-13,19.29,19.34,19.26,19.26,10.9197,81000,0,0
2017-10-16,19.27,19.35,19.26,19.27,10.9254,71500,0,0
2017-10-17,19.33,19.34,19.2,19.23,10.9027,104700,0,0
2017-10-18,19.26,19.3,19.19,19.21,10.8914,91300,0,0
2017-10-19,19.19,19.28,19.18,19.25,10.9141,98700,0,0
2017-10-20,19.21,19.34,19.17,19.18,10.9107,123900,0.064,0
2017-10-23,19.25,19.26,19.09,19.09,10.8595,156000,0,0
2017-10-24,19.09,19.14,19.05,19.07,10.8481,171300,0,0
2017-10-25,19.04,19.07,18.86,18.93,10.7684,130400,0,0
2017-10-26,19.06,19.06,18.91,18.92,10.7628,146000,0,0
2017-10-27,18.97,19.05,18.89,19.02,10.8196,88300,0,0
2017-10-30,18.96,19.07,18.93,18.94,10.7741,100200,0,0
2017-10-31,19.03,19.03,18.91,18.96,10.7855,192400,0,0
2017-11-01,19.04,19.05,18.96,19.01,10.814,162200,0,0
2017-11-02,18.96,19.01,18.86,18.92,10.7628,125200,0,0
2017-11-03,18.85,18.96,18.82,18.91,10.7571,107600,0,0
2017-11-06,18.87,18.94,18.87,18.91,10.7571,73000,0,0
2017-11-07,18.86,18.98,18.86,18.93,10.7684,205800,0,0
2017-11-08,18.93,18.98,18.87,18.9,10.7514,146400,0,0
2017-11-09,18.85,18.9,18.83,18.83,10.7116,127000,0,0
2017-11-10,18.78,18.91,18.78,18.81,10.7002,65200,0,0
2017-11-13,18.8,18.87,18.79,18.83,10.7116,84800,0,0
2017-11-14,18.82,18.87,18.76,18.78,10.6831,126700,0,0
2017-11-15,18.71,18.75,18.63,18.71,10.6433,92400,0,0
2017-11-16,18.79,18.82,18.72,18.79,10.6888,125600,0,0
2017-11-17,18.76,18.84,18.72,18.81,10.7002,111900,0,0
2017-11-20,18.84,18.91,18.8,18.89,10.7457,191100,0,0
2017-11-21,18.66,18.75,18.66,18.68,10.7182,95900,0.162,0
2017-11-22,18.68,18.78,18.68,18.74,10.7526,132800,0,0
2017-11-24,18.74,18.78,18.72,18.72,10.7411,33700,0,0
2017-11-27,18.73,18.75,18.69,18.69,10.7239,125100,0,0
2017-11-28,18.69,18.74,18.58,18.7,10.7296,201800,0,0
2017-11-29,18.69,18.8,18.69,18.76,10.764,188800,0,0
2017-11-30,18.86,18.92,18.73,18.91,10.8501,210500,0,0
2017-12-01,18.94,18.97,18.82,18.96,10.8788,229600,0,0
2017-12-04,18.99,19.08,18.98,18.99,10.896,285800,0,0
2017-12-05,18.96,19,18.92,18.95,10.8731,232700,0,0
2017-12-06,18.89,18.92,18.84,18.86,10.8214,128300,0,0
2017-12-07,18.86,18.95,18.82,18.94,10.8673,210600,0,0
2017-12-08,18.92,19.01,18.92,18.99,10.896,179400,0,0
2017-12-11,18.95,19.07,18.94,19.05,10.9304,144500,0,0
2017-12-12,19.1,19.15,19.05,19.07,10.9419,127300,0,0
2017-12-13,19.05,19.15,19.05,19.1,10.9591,296300,0,0
2017-12-14,19.09,19.18,19.06,19.1,10.9591,145700,0,0
2017-12-15,19.13,19.2,19.04,19.15,10.9878,66100,0,0
2017-12-18,19.19,19.32,19.19,19.21,11.0223,272600,0,0
2017-12-19,19.22,19.3,19.06,19.06,10.9362,137900,0,0
2017-12-20,19.06,19.09,19,19.01,10.9075,140700,0,0
2017-12-21,18.87,19,18.87,18.92,10.9185,390600,0.109,0
2017-12-22,18.89,18.96,18.89,18.94,10.93,67400,0,0
2017-12-26,18.9,19.05,18.9,18.99,10.9589,120500,0,0
2017-12-27,19,19.05,18.98,18.98,10.9531,132200,0,0
2017-12-28,18.99,19.04,18.98,19.03,10.9819,222100,0,0
2017-12-29,19.12,19.13,19,19.01,10.9704,161200,0,0
2018-01-02,19,19.11,19,19.08,11.0108,144600,0,0
2018-01-03,19.09,19.19,19.09,19.15,11.0512,176300,0,0
2018-01-04,19.14,19.23,19.14,19.17,11.0627,80400,0,0
2018-01-05,19.2,19.2,19.11,19.16,11.057,127800,0,0
2018-01-08,19.15,19.28,19.15,19.25,11.1089,116400,0,0
2018-01-09,19.29,19.29,19.18,19.22,11.0916,93100,0,0
2018-01-10,19.18,19.22,19.09,19.21,11.0858,104300,0,0
2018-01-11,19.18,19.36,19.18,19.32,11.1493,101600,0,0
2018-01-12,19.37,19.4,19.29,19.34,11.1608,90900,0,0
2018-01-16,19.28,19.45,19.27,19.27,11.1205,161500,0,0
2018-01-17,19.29,19.35,19.27,19.3,11.1378,118500,0,0
2018-01-18,19.27,19.33,19.17,19.2,11.0801,64000,0,0
2018-01-19,19.19,19.31,19.16,19.26,11.1147,98500,0,0
2018-01-22,19.26,19.45,19.26,19.42,11.207,127100,0,0
2018-01-23,19.24,19.42,19.24,19.39,11.2412,97100,0.089,0
2018-01-24,19.41,19.44,19.33,19.34,11.2122,159800,0,0
2018-01-25,19.32,19.39,19.32,19.35,11.218,121400,0,0
2018-01-26,19.36,19.41,19.3,19.37,11.2296,83200,0,0
2018-01-29,19.38,19.38,19.13,19.13,11.0905,180400,0,0
2018-01-30,19.06,19.13,18.99,19.05,11.0441,122100,0,0
2018-01-31,19.05,19.11,18.96,19.05,11.0441,188900,0,0
2018-02-01,18.99,19.1,18.99,19.01,11.0209,216400,0,0
2018-02-02,18.98,18.98,18.74,18.74,10.8644,627800,0,0
2018-02-05,18.72,18.78,18.34,18.43,10.6847,184400,0,0
2018-02-06,18.37,18.7,18.25,18.61,10.789,120200,0,0
2018-02-07,18.57,18.78,18.55,18.61,10.789,120300,0,0
2018-02-08,18.61,18.63,18.24,18.26,10.5861,197700,0,0
2018-02-09,18.28,18.35,17.96,18.23,10.5687,147400,0,0
2018-02-12,18.23,18.45,18.23,18.4,10.6673,117900,0,0
2018-02-13,18.35,18.5,18.35,18.47,10.7078,84300,0,0
2018-02-14,18.41,18.55,18.33,18.48,10.7136,96200,0,0
2018-02-15,18.48,18.64,18.48,18.62,10.7948,75800,0,0
2018-02-16,18.66,18.75,18.6,18.69,10.8354,55000,0,0
2018-02-20,18.59,18.7,18.54,18.61,10.789,121900,0,0
2018-02-21,18.49,18.54,18.32,18.32,10.6846,131900,0.111,0
2018-02-22,18.4,18.44,18.25,18.26,10.6496,112600,0,0
2018-02-23,18.27,18.4,18.27,18.38,10.7196,110800,0,0
2018-02-26,18.49,18.51,18.35,18.43,10.7488,96400,0,0
2018-02-27,18.42,18.47,18.26,18.27,10.6555,90800,0,0
2018-02-28,18.33,18.37,18.09,18.09,10.5505,100300,0,0
2018-03-01,18.07,18.18,18.02,18.1,10.5563,447200,0,0
2018-03-02,18.13,18.15,17.97,18.15,10.5855,89100,0,0
2018-03-05,18.11,18.3,18.1,18.24,10.638,78700,0,0
2018-03-06,18.25,18.29,18.22,18.23,10.6321,205100,0,0
2018-03-07,18.11,18.26,18.09,18.2,10.6146,97100,0,0
2018-03-08,18.21,18.26,18.16,18.22,10.6263,99200,0,0
2018-03-09,18.21,18.33,18.2,18.32,10.6846,135600,0,0
2018-03-12,18.32,18.44,18.32,18.42,10.7429,308700,0,0
2018-03-13,18.42,18.45,18.35,18.37,10.7138,89000,0,0
2018-03-14,18.39,18.41,18.3,18.31,10.6788,97900,0,0
2018-03-15,18.32,18.36,18.02,18.16,10.5913,188000,0,0
2018-03-16,18.16,18.34,18.16,18.31,10.6788,145200,0,0
2018-03-19,18.19,18.23,18.02,18.07,10.5388,76000,0,0
2018-03-20,18.14,18.16,17.96,18,10.498,98700,0,0
2018-03-21,17.96,18.08,17.96,18.02,10.5097,96900,0,0
2018-03-22,17.84,17.92,17.75,17.75,10.4222,131700,0.121,0
2018-03-23,17.77,17.8,17.6,17.61,10.34,123500,0,0
2018-03-26,17.65,17.75,17.61,17.72,10.4045,101300,0,0
2018-03-27,17.71,17.84,17.67,17.71,10.3987,101600,0,0
2018-03-28,17.68,17.85,17.68,17.8,10.4515,120800,0,0
2018-03-29,17.86,17.94,17.83,17.88,10.4985,110800,0,0
2018-04-02,17.82,17.88,17.67,17.77,10.4339,110700,0,0
2018-04-03,17.77,17.87,17.7,17.85,10.4809,254000,0,0
2018-04-04,17.78,17.93,17.78,17.91,10.5161,111400,0,0
2018-04-05,17.95,18.01,17.89,17.97,10.5513,84300,0,0
2018-04-06,17.87,18.01,17.82,17.86,10.4868,109400,0,0
2018-04-09,17.88,17.98,17.86,17.86,10.4868,93200,0,0
2018-04-10,17.9,18.03,17.85,17.97,10.5513,222600,0,0
2018-04-11,17.93,18.03,17.84,18,10.569,113900,0,0
2018-04-12,18.08,18.08,17.9,17.93,10.5279,125900,0,0
2018-04-13,17.95,17.98,17.89,17.94,10.5337,96200,0,0
2018-04-16,18.04,18.14,17.96,18.14,10.6512,77000,0,0
2018-04-17,18.08,18.25,18.08,18.19,10.6805,117600,0,0
2018-04-18,18.2,18.3,18.18,18.22,10.6981,147300,0,0
2018-04-19,18.16,18.23,18.07,18.13,10.6453,221500,0,0
2018-04-20,18.02,18.15,18.01,18.03,10.6135,87100,0.046,0
2018-04-23,18.04,18.13,18.02,18.04,10.6194,139700,0,0
2018-04-24,18.02,18.12,17.99,18,10.5958,144800,0,0
2018-04-25,18.03,18.06,17.95,18.06,10.6312,118700,0,0
2018-04-26,18.1,18.17,18.06,18.16,10.69,131200,0,0
2018-04-27,18.12,18.23,18.06,18.18,10.7018,106500,0,0
2018-04-30,18.19,18.24,18.12,18.14,10.6782,100500,0,0
2018-05-01,18.13,18.16,18.05,18.13,10.6724,104100,0,0
2018-05-02,18.13,18.17,18.05,18.07,10.637,88000,0,0
2018-05-03,18.04,18.11,18,18.05,10.6253,87900,0,0
2018-05-04,18.05,18.19,18,18.17,10.6959,455200,0,0
2018-05-07,18.2,18.28,18.2,18.23,10.7312,75100,0,0
2018-05-08,18.2,18.22,18.13,18.17,10.6959,354100,0,0
2018-05-09,18.19,18.28,18.16,18.23,10.7312,85200,0,0
2018-05-10,18.25,18.37,18.25,18.35,10.8019,121700,0,0
2018-05-11,18.32,18.41,18.32,18.33,10.7901,94800,0,0
2018-05-14,18.34,18.45,18.34,18.39,10.8254,118300,0,0
2018-05-15,18.36,18.39,18.28,18.33,10.7901,82600,0,0
2018-05-16,18.29,18.37,18.29,18.32,10.7842,112900,0,0
2018-05-17,18.3,18.39,18.3,18.33,10.7901,195500,0,0
2018-05-18,18.31,18.33,18.28,18.31,10.7783,144200,0,0
2018-05-21,18.34,18.45,18.3,18.41,10.8372,80500,0,0
2018-05-22,18.38,18.39,18.27,18.3,10.8425,75100,0.119,0
2018-05-23,18.27,18.36,18.26,18.34,10.8662,80800,0,0
2018-05-24,18.27,18.32,18.26,18.28,10.8307,96600,0,0
2018-05-25,18.26,18.3,18.23,18.29,10.8366,44200,0,0
2018-05-29,18.19,18.35,18.19,18.29,10.8366,79300,0,0
2018-05-30,18.3,18.5,18.3,18.46,10.9373,98200,0,0
2018-05-31,18.48,18.49,18.37,18.38,10.8899,73300,0,0
2018-06-01,18.4,18.45,18.36,18.43,10.9195,214700,0,0
2018-06-04,18.49,18.49,18.41,18.46,10.9373,87400,0,0
2018-06-05,18.5,18.5,18.45,18.46,10.9373,96000,0,0
2018-06-06,18.46,18.47,18.39,18.42,10.9136,159100,0,0
2018-06-07,18.42,18.54,18.42,18.5,10.961,75500,0,0
2018-06-08,18.47,18.53,18.45,18.49,10.9551,170400,0,0
2018-06-11,18.49,18.54,18.45,18.53,10.9788,69800,0,0
2018-06-12,18.55,18.56,18.52,18.53,10.9788,98400,0,0
2018-06-13,18.52,18.52,18.38,18.41,10.9077,91500,0,0
2018-06-14,18.45,18.49,18.41,18.46,10.9373,66000,0,0
2018-06-15,18.41,18.44,18.39,18.4,10.9018,79000,0,0
2018-06-18,18.33,18.45,18.33,18.43,10.9195,46900,0,0
2018-06-19,18.35,18.48,18.35,18.44,10.9255,65400,0,0
2018-06-20,18.47,18.52,18.45,18.5,10.961,159000,0,0
2018-06-21,18.33,18.39,18.3,18.32,10.9342,95100,0.135,0
2018-06-22,18.34,18.42,18.3,18.35,10.9521,81600,0,0
2018-06-25,18.34,18.4,18.25,18.29,10.9163,84700,0,0
2018-06-26,18.27,18.4,18.25,18.36,10.958,89700,0,0
2018-06-27,18.45,18.45,18.27,18.28,10.9103,78300,0,0
2018-06-28,18.23,18.32,18.21,18.29,10.9163,67900,0,0
2018-06-29,18.37,18.37,18.26,18.29,10.9163,72100,0,0
2018-07-02,18.31,18.31,18.2,18.27,10.9043,66300,0,0
2018-07-03,18.33,18.41,18.33,18.33,10.9401,120400,0,0
2018-07-05,18.35,18.43,18.35,18.43,10.9998,79900,0,0
2018-07-06,18.43,18.54,18.4,18.52,11.0535,43500,0,0
2018-07-09,18.56,18.56,18.46,18.5,11.0416,98800,0,0
2018-07-10,18.46,18.53,18.46,18.51,11.0476,62600,0,0
2018-07-11,18.46,18.5,18.42,18.44,11.0058,124200,0,0
2018-07-12,18.46,18.51,18.41,18.47,11.0237,59200,0,0
2018-07-13,18.45,18.53,18.45,18.49,11.0356,60100,0,0
2018-07-16,18.51,18.51,18.4,18.43,10.9998,87100,0,0
2018-07-17,18.4,18.44,18.38,18.38,10.97,45900,0,0
2018-07-18,18.39,18.47,18.36,18.42,10.9939,103600,0,0
2018-07-19,18.46,18.56,18.39,18.53,11.0595,79000,0,0
2018-07-20,18.44,18.45,18.39,18.4,11.0158,70700,0.057,0
2018-07-23,18.38,18.43,18.37,18.41,11.0218,64000,0,0
2018-07-24,18.42,18.45,18.38,18.41,11.0218,92200,0,0
2018-07-25,18.4,18.5,18.4,18.48,11.0637,47800,0,0
2018-07-26,18.46,18.6,18.46,18.53,11.0936,51300,0,0
2018-07-27,18.53,18.59,18.42,18.42,11.0278,68400,0,0
2018-07-30,18.43,18.57,18.43,18.55,11.1056,52900,0,0
2018-07-31,18.63,18.65,18.5,18.63,11.1535,50500,0,0
2018-08-01,18.53,18.63,18.53,18.59,11.1295,73700,0,0
2018-08-02,18.54,18.75,18.54,18.72,11.2074,102100,0,0
2018-08-03,18.71,18.78,18.7,18.73,11.2134,103600,0,0
2018-08-06,18.7,18.81,18.68,18.76,11.2313,64200,0,0
2018-08-07,18.85,18.85,18.75,18.79,11.2493,56000,0,0
2018-08-08,18.74,18.79,18.68,18.74,11.2193,66100,0,0
2018-08-09,18.73,18.8,18.73,18.75,11.2253,182400,0,0
2018-08-10,18.62,18.81,18.62,18.7,11.1954,75400,0,0
2018-08-13,18.68,18.74,18.62,18.64,11.1595,53100,0,0
2018-08-14,18.66,18.78,18.66,18.71,11.2014,38700,0,0
2018-08-15,18.66,18.74,18.65,18.69,11.1894,68300,0,0
2018-08-16,18.72,18.83,18.67,18.73,11.2134,166100,0,0
2018-08-17,18.75,18.93,18.75,18.93,11.3331,72000,0,0
2018-08-20,18.96,18.99,18.91,18.97,11.357,40300,0,0
2018-08-21,18.89,18.92,18.84,18.9,11.3606,63500,0.076,0
2018-08-22,18.89,18.92,18.81,18.85,11.3306,63200,0,0
2018-08-23,18.9,18.9,18.77,18.83,11.3186,61000,0,0
2018-08-24,18.83,18.87,18.78,18.82,11.3126,55800,0,0
2018-08-27,18.83,18.86,18.8,18.84,11.3246,62800,0,0
2018-08-28,18.8,18.84,18.76,18.78,11.2885,65800,0,0
2018-08-29,18.78,18.84,18.75,18.77,11.2825,131200,0,0
2018-08-30,18.76,18.79,18.7,18.73,11.2585,59300,0,0
2018-08-31,18.77,18.77,18.65,18.71,11.2464,135500,0,0
2018-09-04,18.66,18.76,18.64,18.68,11.2284,92300,0,0
2018-09-05,18.73,18.76,18.67,18.76,11.2765,64100,0,0
2018-09-06,18.72,18.8,18.72,18.73,11.2585,82700,0,0
2018-09-07,18.78,18.78,18.64,18.69,11.2344,85400,0,0
2018-09-10,18.81,18.81,18.71,18.74,11.2645,93600,0,0
2018-09-11,18.71,18.79,18.69,18.73,11.2585,61400,0,0
2018-09-12,18.82,18.82,18.72,18.79,11.2945,71500,0,0
2018-09-13,18.73,18.84,18.73,18.77,11.2825,56800,0,0
2018-09-14,18.67,18.7,18.6,18.67,11.2807,74200,0.097,0
2018-09-17,18.67,18.72,18.64,18.65,11.2686,46400,0,0
2018-09-18,18.66,18.72,18.63,18.63,11.2565,49400,0,0
2018-09-19,18.64,18.69,18.57,18.6,11.2384,57300,0,0
2018-09-20,18.62,18.67,18.56,18.63,11.2565,59800,0,0
2018-09-21,18.73,18.73,18.59,18.64,11.2626,58700,0,0
2018-09-24,18.63,18.68,18.51,18.53,11.1961,82300,0,0
2018-09-25,18.56,18.59,18.46,18.49,11.1719,78600,0,0
2018-09-26,18.49,18.53,18.44,18.45,11.1478,59300,0,0
2018-09-27,18.44,18.53,18.42,18.48,11.1659,58000,0,0
2018-09-28,18.53,18.57,18.46,18.54,11.2021,98300,0,0
2018-10-01,18.57,18.59,18.52,18.57,11.2203,217900,0,0
2018-10-02,18.54,18.6,18.5,18.54,11.2021,53000,0,0
2018-10-03,18.54,18.6,18.48,18.54,11.2021,149600,0,0
2018-10-04,18.49,18.49,18.41,18.42,11.1296,68400,0,0
2018-10-05,18.47,18.48,18.4,18.44,11.1417,120000,0,0
2018-10-08,18.42,18.52,18.42,18.47,11.1599,40800,0,0
2018-10-09,18.5,18.54,18.44,18.51,11.184,51600,0,0
2018-10-10,18.47,18.54,18.32,18.32,11.0692,104100,0,0
2018-10-11,18.3,18.32,18.08,18.12,10.9484,95000,0,0
2018-10-12,18.22,18.22,18,18.07,10.9182,68300,0,0
2018-10-15,18.07,18.22,18.07,18.14,10.9605,156600,0,0
2018-10-16,18.15,18.34,18.13,18.26,11.033,145000,0,0
2018-10-17,18.2,18.32,18.17,18.23,11.0148,105500,0,0
2018-10-18,18.22,18.34,18.15,18.18,10.9846,126900,0,0
2018-10-19,18.28,18.31,18.17,18.24,11.0209,44200,0,0
2018-10-22,18.21,18.26,18.14,18.17,10.9786,113700,0,0
2018-10-23,18.02,18.08,17.88,17.96,10.884,117700,0.054,0
2018-10-24,17.94,18.05,17.87,17.87,10.8295,75200,0,0
2018-10-25,17.91,18.04,17.86,17.96,10.884,72100,0,0
2018-10-26,17.83,17.93,17.74,17.83,10.8053,95300,0,0
2018-10-29,17.93,18.01,17.76,17.87,10.8295,155100,0,0
2018-10-30,17.85,18,17.85,17.96,10.884,116800,0,0
2018-10-31,18.01,18.08,17.93,17.98,10.8962,89200,0,0
2018-11-01,18.01,18.03,17.95,18,10.9083,90000,0,0
2018-11-02,18.03,18.13,17.94,18,10.9083,99100,0,0
2018-11-05,18.04,18.16,18.04,18.07,10.9507,262400,0,0
2018-11-06,18.08,18.16,18.06,18.11,10.9749,93000,0,0
2018-11-07,18.19,18.28,18.13,18.24,11.0537,63000,0,0
2018-11-08,18.25,18.31,18.17,18.2,11.0295,75700,0,0
2018-11-09,18.17,18.21,18.09,18.18,11.0174,51500,0,0
2018-11-12,18.17,18.23,18.06,18.06,10.9447,42100,0,0
2018-11-13,18.09,18.16,18,18.01,10.9144,93900,0,0
2018-11-14,18.08,18.09,17.91,18.02,10.9204,338600,0,0
2018-11-15,17.94,17.96,17.85,17.92,10.8598,43600,0,0
2018-11-16,17.92,17.99,17.89,17.97,10.8901,94200,0,0
2018-11-19,17.96,18.03,17.88,17.89,10.8416,77100,0,0
2018-11-20,17.89,17.89,17.7,17.77,10.7689,126900,0,0
2018-11-21,17.65,17.78,17.57,17.68,10.7964,109300,0.135,0
2018-11-23,17.64,17.7,17.58,17.65,10.7781,9400,0,0
2018-11-26,17.75,17.81,17.7,17.72,10.8208,97700,0,0
2018-11-27,17.71,17.78,17.68,17.7,10.8086,95100,0,0
2018-11-28,17.81,17.85,17.67,17.81,10.8758,278200,0,0
2018-11-29,17.82,17.91,17.79,17.85,10.9002,87500,0,0
2018-11-30,17.86,17.87,17.78,17.85,10.9002,142900,0,0
2018-12-03,18.04,18.04,17.89,17.98,10.9796,92700,0,0
2018-12-04,17.96,18,17.73,17.79,10.8636,127600,0,0
2018-12-06,17.62,17.72,17.49,17.72,10.8208,128700,0,0
2018-12-07,17.7,17.85,17.67,17.71,10.8147,50300,0,0
2018-12-10,17.66,17.66,17.47,17.57,10.7292,362300,0,0
2018-12-11,17.64,17.75,17.59,17.61,10.7536,132300,0,0
2018-12-12,17.64,17.72,17.6,17.65,10.7781,135800,0,0
2018-12-13,17.64,17.71,17.61,17.66,10.7842,107100,0,0
2018-12-14,17.59,17.7,17.57,17.57,10.7292,208300,0,0
2018-12-17,17.6,17.65,17.23,17.26,10.5399,117300,0,0
2018-12-18,17.16,17.3,17.01,17.06,10.4767,195900,0.097,0
2018-12-19,17.07,17.22,16.96,16.97,10.4214,134700,0,0
2018-12-20,16.94,16.99,16.65,16.73,10.274,259900,0,0
2018-12-21,16.79,16.92,16.56,16.59,10.188,268300,0,0
2018-12-24,16.52,16.55,16.21,16.21,9.95467,80800,0,0
2018-12-26,16.26,16.79,16.25,16.74,10.2801,337700,0,0
2018-12-27,16.62,16.7,16.41,16.7,10.2556,242700,0,0
2018-12-28,16.78,16.88,16.67,16.76,10.2924,189200,0,0
2018-12-31,16.81,16.87,16.71,16.83,10.3354,259200,0,0
2019-01-02,16.79,16.97,16.69,16.96,10.4152,122300,0,0
2019-01-03,16.87,17.06,16.87,16.92,10.3907,74600,0,0
2019-01-04,17.03,17.28,17.03,17.24,10.5872,73500,0,0
2019-01-07,17.34,17.52,17.32,17.49,10.7407,519600,0,0
2019-01-08,17.55,17.64,17.5,17.6,10.8083,69700,0,0
2019-01-09,17.65,17.75,17.64,17.69,10.8636,72300,0,0
2019-01-10,17.62,17.75,17.61,17.69,10.8636,55900,0,0
2019-01-11,17.68,17.74,17.66,17.73,10.8881,78900,0,0
2019-01-14,17.67,17.72,17.63,17.63,10.8267,145600,0,0
2019-01-15,17.7,17.75,17.69,17.75,10.9004,70300,0,0
2019-01-16,17.69,17.85,17.69,17.79,10.925,43700,0,0
2019-01-17,17.8,17.9,17.75,17.88,10.9802,72400,0,0
2019-01-18,17.88,18,17.85,17.97,11.0355,146100,0,0
2019-01-22,17.93,17.97,17.8,17.82,10.9434,65200,0,0
2019-01-23,17.77,17.84,17.7,17.78,10.9576,76000,0.063,0
2019-01-24,17.74,17.87,17.72,17.84,10.9945,152600,0,0
2019-01-25,17.9,17.98,17.85,17.98,11.0808,79700,0,0
2019-01-28,17.91,17.99,17.88,17.95,11.0623,82200,0,0
2019-01-29,17.98,18.05,17.96,18.04,11.1178,158100,0,0
2019-01-30,18.04,18.17,17.98,18.14,11.1794,148200,0,0
2019-01-31,18.19,18.2,18.12,18.2,11.2164,177200,0,0
2019-02-01,18.17,18.2,18.1,18.16,11.1917,69400,0,0
2019-02-04,18.21,18.24,18.13,18.21,11.2226,113200,0,0
2019-02-05,18.24,18.31,18.22,18.31,11.2842,63600,0,0
2019-02-06,18.26,18.27,18.2,18.24,11.241,80800,0,0
2019-02-07,18.19,18.19,18.05,18.11,11.1609,83700,0,0
2019-02-08,18.08,18.16,18.02,18.11,11.1609,67200,0,0
2019-02-11,18.15,18.2,18.1,18.18,11.2041,61900,0,0
2019-02-12,18.21,18.3,18.21,18.27,11.2595,74700,0,0
2019-02-13,18.26,18.35,18.24,18.29,11.2719,54100,0,0
2019-02-14,18.28,18.36,18.24,18.36,11.315,74300,0,0
2019-02-15,18.35,18.42,18.35,18.37,11.3212,51600,0,0
2019-02-19,18.36,18.49,18.36,18.45,11.3705,106200,0,0
2019-02-20,18.48,18.52,18.45,18.47,11.3828,78000,0,0
2019-02-21,18.35,18.35,18.27,18.33,11.3772,50900,0.131,0
2019-02-22,18.33,18.4,18.3,18.35,11.3896,84700,0,0
2019-02-25,18.44,18.44,18.34,18.39,11.4144,65300,0,0
2019-02-26,18.38,18.4,18.3,18.35,11.3896,79400,0,0
2019-02-27,18.31,18.32,18.25,18.32,11.371,86100,0,0
2019-02-28,18.33,18.35,18.25,18.29,11.3524,67700,0,0
2019-03-01,18.34,18.37,18.23,18.31,11.3648,72800,0,0
2019-03-04,18.3,18.35,18.22,18.33,11.3772,103100,0,0
2019-03-05,18.34,18.37,18.26,18.32,11.371,41500,0,0
2019-03-06,18.32,18.32,18.2,18.23,11.3151,71300,0,0
2019-03-07,18.19,18.25,18.15,18.15,11.2655,62100,0,0
2019-03-08,18.06,18.16,18.02,18.13,11.2531,400200,0,0
2019-03-11,18.17,18.32,18.17,18.32,11.371,42800,0,0
2019-03-12,18.32,18.4,18.27,18.28,11.3462,62300,0,0
2019-03-13,18.25,18.38,18.25,18.3,11.3586,344500,0,0
2019-03-14,18.35,18.4,18.31,18.39,11.4144,94300,0,0
2019-03-15,18.37,18.4,18.31,18.37,11.402,71100,0,0
2019-03-18,18.36,18.47,18.3,18.47,11.4641,79600,0,0
2019-03-19,18.5,18.51,18.36,18.42,11.4331,107300,0,0
2019-03-20,18.38,18.47,18.33,18.38,11.4082,68800,0,0
2019-03-21,18.31,18.43,18.29,18.41,11.4894,73000,0.1,0
2019-03-22,18.34,18.36,18.17,18.2,11.3583,76600,0,0
2019-03-25,18.18,18.23,18.09,18.2,11.3583,94800,0,0
2019-03-26,18.26,18.32,18.21,18.3,11.4207,65900,0,0
2019-03-27,18.3,18.38,18.21,18.29,11.4145,188600,0,0
2019-03-28,18.31,18.36,18.18,18.35,11.4519,77800,0,0
2019-03-29,18.42,18.42,18.28,18.38,11.4706,83200,0,0
2019-04-01,18.44,18.53,18.34,18.48,11.5331,74600,0,0
2019-04-02,18.5,18.52,18.44,18.51,11.5518,48900,0,0
2019-04-03,18.51,18.55,18.47,18.52,11.558,73800,0,0
2019-04-04,18.58,18.58,18.5,18.55,11.5767,82200,0,0
2019-04-05,18.65,18.67,18.53,18.67,11.6516,312500,0,0
2019-04-08,18.65,18.67,18.58,18.6,11.6079,121500,0,0
2019-04-09,18.65,18.65,18.5,18.53,11.5643,86800,0,0
2019-04-10,18.51,18.61,18.5,18.55,11.5767,89700,0,0
2019-04-11,18.62,18.65,18.59,18.65,11.6392,79100,0,0
2019-04-12,18.66,18.72,18.62,18.7,11.6704,90600,0,0
2019-04-15,18.68,18.7,18.63,18.67,11.6516,58300,0,0
2019-04-16,18.69,18.7,18.61,18.65,11.6392,98600,0,0
2019-04-17,18.71,18.73,18.6,18.6,11.6079,113500,0,0
2019-04-18,18.71,18.71,18.55,18.56,11.583,110000,0,0
2019-04-22,18.56,18.64,18.53,18.59,11.6017,57000,0,0
2019-04-23,18.62,18.69,18.58,18.65,11.6768,106400,0.06,0
2019-04-24,18.61,18.69,18.61,18.66,11.6831,60000,0,0
2019-04-25,18.65,18.65,18.56,18.62,11.6581,76400,0,0
2019-04-26,18.61,18.69,18.6,18.69,11.7019,86300,0,0
2019-04-29,18.68,18.7,18.63,18.7,11.7081,63600,0,0
2019-04-30,18.75,18.77,18.6,18.66,11.6831,97300,0,0
2019-05-01,18.66,18.74,18.64,18.67,11.6894,77700,0,0
2019-05-02,18.66,18.66,18.52,18.61,11.6518,58400,0,0
2019-05-03,18.64,18.72,18.62,18.71,11.7144,57900,0,0
2019-05-06,18.55,18.71,18.55,18.7,11.7081,56900,0,0
2019-05-07,18.61,18.63,18.5,18.58,11.633,75200,0,0
2019-05-08,18.51,18.62,18.51,18.57,11.6267,97000,0,0
2019-05-09,18.49,18.54,18.38,18.51,11.5892,1442400,0,0
2019-05-10,18.54,18.74,18.48,18.72,11.7207,116400,0,0
2019-05-13,18.45,18.61,18.45,18.54,11.608,74700,0,0
2019-05-14,18.59,18.67,18.38,18.65,11.6768,125000,0,0
2019-05-15,18.56,18.69,18.5,18.64,11.6706,80500,0,0
2019-05-16,18.68,18.78,18.66,18.75,11.7394,52700,0,0
2019-05-17,18.66,18.71,18.62,18.65,11.6768,51700,0,0
2019-05-20,18.6,18.64,18.56,18.57,11.6267,50500,0,0
2019-05-21,18.5,18.61,18.48,18.6,11.7162,48200,0.112,0
2019-05-22,18.56,18.58,18.48,18.57,11.6973,43100,0,0
2019-05-23,18.45,18.46,18.34,18.39,11.5839,130100,0,0
2019-05-24,18.46,18.49,18.4,18.47,11.6343,479100,0,0
2019-05-28,18.47,18.48,18.34,18.35,11.5587,59800,0,0
2019-05-29,18.33,18.33,18.19,18.25,11.4957,79100,0,0
2019-05-30,18.25,18.33,18.17,18.21,11.4705,73800,0,0
2019-05-31,18.17,18.17,18.05,18.11,11.4075,64000,0,0
2019-06-03,18.1,18.22,18.1,18.21,11.4705,57000,0,0
2019-06-04,18.27,18.4,18.17,18.4,11.5902,48300,0,0
2019-06-05,18.39,18.4,18.28,18.37,11.5713,81200,0,0
2019-06-06,18.37,18.46,18.32,18.45,11.6217,144700,0,0
2019-06-07,18.47,18.52,18.45,18.48,11.6406,211700,0,0
2019-06-10,18.54,18.54,18.46,18.5,11.6532,80700,0,0
2019-06-11,18.56,18.6,18.5,18.54,11.6784,52400,0,0
2019-06-12,18.52,18.54,18.46,18.53,11.6721,94700,0,0
2019-06-13,18.53,18.59,18.51,18.58,11.7036,142100,0,0
2019-06-14,18.41,18.53,18.38,18.45,11.6871,73400,0.104,0
2019-06-17,18.43,18.43,18.37,18.37,11.6364,74600,0,0
2019-06-18,18.43,18.53,18.31,18.48,11.7061,221600,0,0
2019-06-19,18.46,18.53,18.44,18.52,11.7315,93800,0,0
2019-06-20,18.55,18.58,18.52,18.58,11.7695,93400,0,0
2019-06-21,18.61,18.61,18.5,18.51,11.7251,65600,0,0
2019-06-24,18.52,18.52,18.43,18.46,11.6935,67700,0,0
2019-06-25,18.5,18.5,18.33,18.38,11.6428,83700,0,0
2019-06-26,18.4,18.4,18.3,18.34,11.6174,84600,0,0
2019-06-27,18.33,18.42,18.33,18.41,11.6618,183200,0,0
2019-06-28,18.49,18.53,18.42,18.5,11.7188,87700,0,0
2019-07-01,18.6,18.63,18.47,18.52,11.7315,81500,0,0
2019-07-02,18.51,18.54,18.47,18.53,11.7378,143500,0,0
2019-07-03,18.53,18.64,18.53,18.6,11.7821,35900,0,0
2019-07-05,18.55,18.72,18.55,18.68,11.8328,63200,0,0
2019-07-08,18.64,18.69,18.63,18.66,11.8201,122300,0,0
2019-07-09,18.62,18.62,18.55,18.61,11.7885,52900,0,0
2019-07-10,18.63,18.71,18.63,18.68,11.8328,59900,0,0
2019-07-11,18.7,18.73,18.63,18.68,11.8328,580900,0,0
2019-07-12,18.69,18.74,18.68,18.7,11.8455,75200,0,0
2019-07-15,18.76,18.76,18.67,18.7,11.8455,80900,0,0
2019-07-16,18.68,18.7,18.65,18.69,11.8392,90600,0,0
2019-07-17,18.66,18.66,18.6,18.61,11.7885,116900,0,0
2019-07-18,18.6,18.63,18.55,18.63,11.8011,85300,0,0
2019-07-19,18.61,18.69,18.58,18.61,11.7885,90800,0,0
2019-07-22,18.6,18.62,18.55,18.59,11.7758,70600,0,0
2019-07-23,18.54,18.65,18.54,18.64,11.8451,60000,0.059,0
2019-07-24,18.64,18.69,18.64,18.68,11.8705,49800,0,0
2019-07-25,18.66,18.68,18.58,18.61,11.826,40200,0,0
2019-07-26,18.61,18.68,18.61,18.66,11.8578,46900,0,0
2019-07-29,18.66,18.67,18.59,18.62,11.8324,62500,0,0
2019-07-30,18.58,18.69,18.55,18.69,11.8768,79600,0,0
2019-07-31,18.7,18.7,18.53,18.62,11.8324,68200,0,0
2019-08-01,18.58,18.65,18.45,18.47,11.737,51300,0,0
2019-08-02,18.45,18.47,18.36,18.46,11.7307,41600,0,0
2019-08-05,18.43,18.43,18.06,18.15,11.5337,542700,0,0
2019-08-06,18.17,18.22,18.1,18.22,11.5782,71600,0,0
2019-08-07,18.08,18.17,18.01,18.13,11.521,68800,0,0
2019-08-08,18.16,18.32,18.16,18.31,11.6354,66700,0,0
2019-08-09,18.27,18.34,18.18,18.27,11.61,58100,0,0
2019-08-12,18.16,18.17,18.08,18.08,11.4892,58800,0,0
2019-08-13,18.12,18.28,18.12,18.22,11.5782,88300,0,0
2019-08-14,18.12,18.12,17.92,17.98,11.4257,85700,0,0
2019-08-15,17.95,18.01,17.9,17.95,11.4066,77300,0,0
2019-08-16,17.99,18.13,17.98,18.1,11.5019,57200,0,0
2019-08-19,18.15,18.26,18.15,18.22,11.5782,66000,0,0
2019-08-20,18.22,18.23,18.16,18.2,11.5655,80500,0,0
2019-08-21,18.15,18.16,18.1,18.14,11.6039,56700,0.12,0
2019-08-22,18.15,18.18,18.08,18.13,11.5975,155400,0,0
2019-08-23,18.06,18.1,17.88,17.88,11.4375,71700,0,0
2019-08-26,17.92,17.96,17.88,17.93,11.4695,42800,0,0
2019-08-27,18.02,18.02,17.8,17.8,11.3864,96200,0,0
2019-08-28,17.8,17.97,17.8,17.94,11.4759,58000,0,0
2019-08-29,18,18.08,17.99,18.07,11.5591,57400,0,0
2019-08-30,18.16,18.16,18.03,18.05,11.5463,83000,0,0
2019-09-03,17.99,18.01,17.94,18.01,11.5207,66600,0,0
2019-09-04,18.07,18.1,18.03,18.07,11.5591,80100,0,0
2019-09-05,18.15,18.22,18.13,18.16,11.6166,149100,0,0
2019-09-06,18.22,18.22,18.14,18.2,11.6422,82500,0,0
2019-09-09,18.21,18.38,18.21,18.37,11.751,59400,0,0
2019-09-10,18.32,18.46,18.32,18.45,11.8022,93200,0,0
2019-09-11,18.43,18.55,18.41,18.55,11.8661,70200,0,0
2019-09-12,18.56,18.56,18.45,18.52,11.8469,82300,0,0
2019-09-13,18.55,18.62,18.51,18.56,11.8725,59300,0,0
2019-09-16,18.5,18.64,18.5,18.61,11.9045,54000,0,0
2019-09-17,18.56,18.62,18.53,18.62,11.9109,94200,0,0
2019-09-18,18.62,18.63,18.56,18.63,11.9173,81400,0,0
2019-09-19,18.6,18.66,18.57,18.59,11.8917,54800,0,0
2019-09-20,18.6,18.67,18.57,18.62,11.9109,66500,0,0
2019-09-23,18.52,18.62,18.51,18.6,11.8981,43100,0,0
2019-09-24,18.64,18.66,18.47,18.51,11.8405,1403300,0,0
2019-09-25,18.43,18.47,18.39,18.47,11.8714,88500,0.088,0
2019-09-26,18.47,18.49,18.38,18.4,11.8264,77000,0,0
2019-09-27,18.41,18.5,18.36,18.4,11.8264,81500,0,0
2019-09-30,18.5,18.5,18.41,18.43,11.8457,70300,0,0
2019-10-01,18.47,18.54,18.3,18.33,11.7814,86700,0,0
2019-10-02,18.26,18.26,18.09,18.16,11.6721,68100,0,0
2019-10-03,18.13,18.21,18.05,18.21,11.7043,46100,0,0
2019-10-04,18.22,18.29,18.18,18.27,11.7428,67400,0,0
2019-10-07,18.24,18.32,18.2,18.26,11.7364,70800,0,0
2019-10-08,18.2,18.2,18.08,18.08,11.6207,82900,0,0
2019-10-09,18.2,18.2,18.08,18.08,11.6207,108600,0,0
2019-10-10,18.09,18.22,18.09,18.17,11.6786,107100,0,0
2019-10-11,18.28,18.36,18.26,18.26,11.7364,102300,0,0
2019-10-14,18.27,18.28,18.19,18.25,11.73,84700,0,0
2019-10-15,18.28,18.38,18.27,18.31,11.7686,86500,0,0
2019-10-16,18.3,18.36,18.29,18.32,11.775,82900,0,0
2019-10-17,18.36,18.45,18.31,18.45,11.8585,92100,0,0
2019-10-18,18.3,18.44,18.3,18.4,11.8264,51900,0,0
2019-10-21,18.49,18.53,18.45,18.51,11.8971,95700,0,0
2019-10-22,18.47,18.55,18.42,18.5,11.9293,119100,0.06,0
2019-10-23,18.52,18.55,18.47,18.55,11.9616,118100,0,0
2019-10-24,18.55,18.55,18.43,18.51,11.9358,66700,0,0
2019-10-25,18.46,18.53,18.46,18.52,11.9422,45200,0,0
2019-10-28,18.53,18.59,18.5,18.5,11.9293,94800,0,0
2019-10-29,18.51,18.59,18.51,18.55,11.9616,96400,0,0
2019-10-30,18.56,18.58,18.47,18.53,11.9487,85100,0,0
2019-10-31,18.53,18.54,18.41,18.49,11.9229,191100,0,0
2019-11-01,18.51,18.63,18.51,18.63,12.0132,101000,0,0
2019-11-04,18.68,18.74,18.68,18.69,12.0519,91700,0,0
2019-11-05,18.69,18.72,18.63,18.69,12.0519,80900,0,0
2019-11-06,18.71,18.72,18.63,18.67,12.039,96000,0,0
2019-11-07,18.67,18.74,18.6,18.6,11.9938,72000,0,0
2019-11-08,18.57,18.63,18.54,18.63,12.0132,53600,0,0
2019-11-11,18.51,18.59,18.51,18.53,11.9487,56200,0,0
2019-11-12,18.57,18.62,18.51,18.54,11.9551,63900,0,0
2019-11-13,18.49,18.52,18.45,18.49,11.9229,126600,0,0
2019-11-14,18.5,18.51,18.45,18.45,11.8971,97800,0,0
2019-11-15,18.5,18.55,18.47,18.55,11.9616,90800,0,0
2019-11-18,18.51,18.52,18.46,18.48,11.9164,85000,0,0
2019-11-19,18.51,18.52,18.4,18.4,11.8649,98200,0,0
2019-11-20,18.42,18.42,18.3,18.33,11.8197,102800,0,0
2019-11-21,18.26,18.26,18.16,18.23,11.8379,80800,0.128,0
2019-11-22,18.29,18.31,18.22,18.28,11.8704,97800,0,0
2019-11-25,18.28,18.38,18.28,18.38,11.9353,105900,0,0
2019-11-26,18.42,18.42,18.31,18.31,11.8898,82100,0,0
2019-11-27,18.37,18.42,18.34,18.4,11.9483,82600,0,0
2019-11-29,18.42,18.42,18.35,18.37,11.9288,58300,0,0
2019-12-02,18.39,18.41,18.26,18.27,11.8639,90800,0,0
2019-12-03,18.23,18.23,18.14,18.22,11.8314,75300,0,0
2019-12-04,18.27,18.33,18.26,18.28,11.8704,82300,0,0
2019-12-05,18.28,18.31,18.23,18.26,11.8574,86100,0,0
2019-12-06,18.34,18.39,18.34,18.35,11.9158,70700,0,0
2019-12-09,18.36,18.42,18.33,18.41,11.9548,109300,0,0
2019-12-10,18.38,18.48,18.37,18.46,11.9872,61300,0,0
2019-12-11,18.51,18.51,18.42,18.47,11.9937,79500,0,0
2019-12-12,18.46,18.58,18.43,18.51,12.0197,101300,0,0
2019-12-13,18.42,18.45,18.34,18.4,12.0034,72500,0.085,0
2019-12-16,18.44,18.52,18.44,18.48,12.0556,105200,0,0
2019-12-17,18.56,18.6,18.52,18.57,12.1143,116900,0,0
2019-12-18,18.63,18.68,18.58,18.68,12.1861,79400,0,0
2019-12-19,18.7,18.71,18.66,18.7,12.1991,73300,0,0
2019-12-20,18.72,18.75,18.7,18.75,12.2317,76100,0,0
2019-12-23,18.74,18.76,18.69,18.76,12.2383,103900,0,0
2019-12-24,18.77,18.78,18.72,18.76,12.2383,69900,0,0
2019-12-26,18.75,18.84,18.75,18.82,12.2774,51700,0,0
2019-12-27,18.84,18.89,18.77,18.79,12.2578,83000,0,0
2019-12-30,18.8,18.8,18.7,18.71,12.2056,102200,0,0
2019-12-31,18.76,18.8,18.71,18.79,12.2578,104700,0,0
2020-01-02,18.86,18.86,18.74,18.8,12.2644,76200,0,0
2020-01-03,18.78,18.83,18.74,18.8,12.2644,202900,0,0
2020-01-06,18.68,18.87,18.68,18.85,12.297,96600,0,0
2020-01-07,18.85,18.85,18.76,18.84,12.2905,91300,0,0
2020-01-08,18.85,18.88,18.8,18.82,12.2774,184000,0,0
2020-01-09,18.88,18.88,18.76,18.81,12.2709,124200,0,0
2020-01-10,18.76,18.81,18.76,18.77,12.2448,100600,0,0
2020-01-13,18.81,18.88,18.75,18.87,12.31,87800,0,0
2020-01-14,18.87,18.93,18.82,18.91,12.3361,138300,0,0
2020-01-15,18.93,18.99,18.86,18.97,12.3753,87900,0,0
2020-01-16,18.99,19.05,18.99,19.03,12.4144,95000,0,0
2020-01-17,19.01,19.06,18.97,19,12.3948,101400,0,0
2020-01-21,18.92,19,18.9,18.91,12.3361,120400,0,0
2020-01-22,18.88,18.88,18.76,18.77,12.3014,104500,0.087,0
2020-01-23,18.79,18.79,18.61,18.7,12.2555,137000,0,0
2020-01-24,18.74,18.74,18.46,18.52,12.1375,105900,0,0
2020-01-27,18.38,18.41,18.3,18.39,12.0523,114800,0,0
2020-01-28,18.41,18.48,18.39,18.44,12.0851,206700,0,0
2020-01-29,18.45,18.52,18.44,18.45,12.0917,123900,0,0
2020-01-30,18.38,18.44,18.32,18.44,12.0851,78400,0,0
2020-01-31,18.43,18.43,18.23,18.25,11.9606,122400,0,0
2020-02-03,18.29,18.36,18.27,18.28,11.9802,85900,0,0
2020-02-04,18.42,18.48,18.39,18.39,12.0523,105400,0,0
2020-02-05,18.46,18.58,18.46,18.53,12.1441,174400,0,0
2020-02-06,18.58,18.58,18.42,18.44,12.0851,275700,0,0
2020-02-07,18.38,18.43,18.35,18.38,12.0458,140500,0,0
2020-02-10,18.41,18.41,18.3,18.33,12.013,71200,0,0
2020-02-11,18.35,18.44,18.35,18.4,12.0589,134700,0,0
2020-02-12,18.49,18.53,18.47,18.51,12.131,113600,0,0
2020-02-13,18.51,18.51,18.45,18.48,12.1113,76800,0,0
2020-02-14,18.49,18.56,18.41,18.45,12.0917,80300,0,0
2020-02-18,18.46,18.48,18.4,18.46,12.0982,86300,0,0
2020-02-19,18.51,18.51,18.37,18.37,12.0392,112700,0,0
2020-02-20,18.38,18.49,18.35,18.46,12.0982,104700,0,0
2020-02-21,18.24,18.32,18.18,18.22,12.0204,91000,0.122,0
2020-02-24,18.07,18.07,17.9,17.94,11.8356,193300,0,0
2020-02-25,17.95,17.95,17.44,17.48,11.5322,115500,0,0
2020-02-26,17.49,17.57,17.31,17.31,11.42,165500,0,0
2020-02-27,17.07,17.17,16.74,16.81,11.0901,497600,0,0
2020-02-28,16.61,16.61,16.3,16.61,10.9582,234600,0,0
2020-03-02,16.74,17,16.58,17,11.2155,193200,0,0
2020-03-03,17.07,17.3,16.68,16.72,11.0308,1361800,0,0
2020-03-04,16.89,16.96,16.59,16.93,11.1693,869300,0,0
2020-03-05,16.78,16.9,16.5,16.59,10.945,190300,0,0
2020-03-06,16.5,16.5,16.05,16.24,10.7141,369000,0,0
2020-03-09,15.56,15.58,14.75,14.8,9.76407,548700,0,0
2020-03-10,15.03,15.18,14.52,15.11,9.96859,171300,0,0
2020-03-11,14.96,14.96,14.4,14.61,9.63872,240900,0,0
2020-03-12,13.83,13.83,12.51,13.02,8.58975,437100,0,0
2020-03-13,13.02,13.6,12.9,13.51,8.91301,1299900,0,0
2020-03-16,12.38,12.85,11.63,12.41,8.18731,1203500,0,0
2020-03-17,12.3,12.3,11.23,11.8,7.78487,1123600,0,0
2020-03-18,11.18,11.26,9.01,9.69,6.39283,550100,0,0
2020-03-19,10.04,11.04,9.16,10.8,7.12513,273700,0,0
2020-03-20,11,11.56,10.62,10.81,7.13173,251900,0,0
2020-03-23,10.71,10.71,9.81,10,6.59735,496300,0,0
2020-03-24,10.23,10.62,10.23,10.43,6.88103,1139100,0,0
2020-03-25,10.65,11.56,10.58,11.3,7.455,673700,0,0
2020-03-26,11.32,12.4,11.32,11.96,7.94952,260000,0.084,0
2020-03-27,11.88,11.98,11.56,11.81,7.84982,252700,0,0
2020-03-30,11.79,11.79,11.38,11.73,7.79664,378900,0,0
2020-03-31,11.74,11.81,11.55,11.73,7.79664,213400,0,0
2020-04-01,11.45,11.58,11.06,11.2,7.44437,232400,0,0
2020-04-02,11.15,11.46,11.05,11.21,7.45101,149400,0,0
2020-04-03,11.18,11.29,10.67,10.84,7.20508,71100,0,0
2020-04-06,11.08,11.49,11.08,11.4,7.5773,96700,0,0
2020-04-07,11.78,12.1,11.66,11.69,7.77006,195700,0,0
2020-04-08,11.86,12.31,11.86,12.24,8.13563,187500,0,0
2020-04-09,12.67,13.09,12.59,12.94,8.6009,1377200,0,0
2020-04-13,12.88,12.88,12.43,12.67,8.42144,227500,0,0
2020-04-14,12.87,13.02,12.75,12.86,8.54773,152200,0,0
2020-04-15,12.61,12.68,12.36,12.55,8.34168,151200,0,0
2020-04-16,12.41,12.56,12.26,12.28,8.16222,97700,0,0
2020-04-17,12.73,12.76,12.56,12.69,8.43473,124400,0,0
2020-04-20,12.46,12.77,12.3,12.53,8.32838,285500,0,0
2020-04-21,12.3,12.55,12.26,12.35,8.2324,109700,0.036,0
2020-04-22,12.56,12.59,12.47,12.54,8.35905,153100,0,0
2020-04-23,12.54,12.87,12.54,12.67,8.4457,150800,0,0
2020-04-24,12.71,12.83,12.54,12.67,8.4457,198100,0,0
2020-04-27,12.7,12.95,12.63,12.86,8.57236,65900,0,0
2020-04-28,13,13.22,13,13.14,8.759,263100,0,0
2020-04-29,13.36,13.71,13.35,13.61,9.0723,138400,0,0
2020-04-30,13.61,13.61,13.38,13.45,8.96565,118400,0,0
2020-05-01,13.22,13.24,12.9,13,8.66568,2377400,0,0
2020-05-04,12.9,13,12.77,12.98,8.65235,129100,0,0
2020-05-05,13.16,13.31,12.95,13.02,8.67901,308800,0,0
2020-05-06,13.07,13.08,12.79,12.85,8.5657,233300,0,0
2020-05-07,12.89,13.14,12.89,12.94,8.62568,88000,0,0
2020-05-08,13.06,13.32,13.06,13.24,8.82566,81600,0,0
2020-05-11,13.17,13.17,13,13.07,8.71234,81200,0,0
2020-05-12,13.11,13.18,12.86,12.86,8.57236,170200,0,0
2020-05-13,12.85,12.85,12.39,12.49,8.32572,346000,0,0
2020-05-14,12.42,12.65,12.15,12.65,8.43237,48500,0,0
2020-05-15,12.6,12.73,12.52,12.73,8.4857,52700,0,0
2020-05-18,12.98,13.26,12.96,13.17,8.779,98600,0,0
2020-05-19,13.21,13.38,13.06,13.22,8.81233,186500,0,0
2020-05-20,13.31,13.5,13.31,13.37,8.91232,115800,0,0
2020-05-21,13.33,13.45,13.21,13.36,8.9775,400100,0.107,0
2020-05-22,13.32,13.4,13.24,13.4,9.00438,60800,0,0
2020-05-26,13.75,13.84,13.6,13.74,9.23285,69300,0,0
2020-05-27,13.94,14.06,13.74,14.06,9.44788,116200,0,0
2020-05-28,14.1,14.1,13.81,13.82,9.28661,115800,0,0
2020-05-29,13.83,13.86,13.64,13.8,9.27317,98800,0,0
2020-06-01,13.79,14,13.73,13.91,9.34708,291700,0,0
2020-06-02,14,14.11,13.99,14.11,9.48147,172400,0,0
2020-06-03,14.14,14.49,14.14,14.41,9.68307,96900,0,0
2020-06-04,14.46,14.8,14.3,14.8,9.94513,112800,0,0
2020-06-05,15.1,15.41,15.08,15.16,10.187,200900,0,0
2020-06-08,15.45,15.75,15.45,15.75,10.5835,91400,0,0
2020-06-09,15.53,15.53,15.11,15.34,10.308,178500,0,0
2020-06-10,15.29,15.29,14.82,14.9,10.0123,120500,0,0
2020-06-11,14.19,14.44,13.93,13.99,9.40084,93300,0,0
2020-06-12,14.47,14.54,14.05,14.28,9.59571,70100,0,0
2020-06-15,13.97,14.51,13.83,14.39,9.66963,189100,0,0
2020-06-16,14.88,14.88,14.46,14.57,9.79058,113200,0,0
2020-06-17,14.61,14.62,14.4,14.44,9.70322,59600,0,0
2020-06-18,14.31,14.55,14.31,14.34,9.63603,89400,0,0
2020-06-19,14.53,14.53,14.14,14.18,9.52851,73400,0,0
2020-06-22,14.23,14.28,14.13,14.28,9.59571,91900,0,0
2020-06-23,14.31,14.37,14.12,14.12,9.4882,70800,0,0
2020-06-24,14.07,14.07,13.64,13.79,9.26644,63600,0,0
2020-06-25,13.66,13.76,13.5,13.76,9.29008,102500,0.065,0
2020-06-26,13.71,13.71,13.39,13.53,9.13479,53100,0,0
2020-06-29,13.56,13.64,13.41,13.51,9.12129,67100,0,0
2020-06-30,13.59,13.71,13.54,13.69,9.24282,72900,0,0
2020-07-01,13.68,13.81,13.61,13.65,9.21581,55600,0,0
2020-07-02,13.78,13.89,13.62,13.69,9.24282,92400,0,0
2020-07-06,13.85,13.9,13.6,13.63,9.20231,53900,0,0
2020-07-07,13.58,13.68,13.5,13.56,9.15505,77100,0,0
2020-07-08,13.56,13.63,13.46,13.55,9.1483,83000,0,0
2020-07-09,13.5,13.54,13.23,13.28,8.966,128900,0,0
2020-07-10,13.25,13.51,13.25,13.48,9.10103,152400,0,0
2020-07-13,13.5,13.58,13.38,13.38,9.03352,93700,0,0
2020-07-14,13.37,13.56,13.37,13.45,9.08078,102500,0,0
2020-07-15,13.6,13.75,13.6,13.75,9.28332,117000,0,0
2020-07-16,13.67,13.77,13.59,13.69,9.24282,111200,0,0
2020-07-17,13.71,13.88,13.7,13.77,9.29683,118600,0,0
2020-07-20,13.73,13.76,13.62,13.65,9.21581,136700,0,0
2020-07-21,13.62,13.96,13.62,13.89,9.4061,92400,0.041,0
2020-07-22,13.84,13.99,13.8,13.94,9.43995,71200,0,0
2020-07-23,13.92,13.99,13.81,13.86,9.38578,123900,0,0
2020-07-24,13.89,13.99,13.78,13.8,9.34515,76500,0,0
2020-07-27,13.83,13.89,13.71,13.86,9.38578,102100,0,0
2020-07-28,13.81,13.94,13.81,13.9,9.41287,83900,0,0
2020-07-29,13.94,14.16,13.86,14.08,9.53476,105000,0,0
2020-07-30,13.95,14.07,13.88,14.07,9.52799,98700,0,0
2020-07-31,14.05,14.06,13.82,13.97,9.46027,100500,0,0
2020-08-03,14.05,14.05,13.88,14.02,9.49413,88000,0,0
2020-08-04,13.99,14.13,13.91,14.11,9.55508,95400,0,0
2020-08-05,14.18,14.23,14.15,14.16,9.58894,160600,0,0
2020-08-06,14.19,14.32,14.19,14.32,9.69729,76500,0,0
2020-08-07,14.23,14.43,14.17,14.39,9.74469,78900,0,0
2020-08-10,14.42,14.6,14.41,14.55,9.85304,3593700,0,0
2020-08-11,14.63,14.76,14.43,14.46,9.79209,210200,0,0
2020-08-12,14.56,14.6,14.48,14.56,9.85981,62600,0,0
2020-08-13,14.6,14.6,14.39,14.4,9.75146,102800,0,0
2020-08-14,14.46,14.54,14.39,14.48,9.80564,141700,0,0
2020-08-17,14.48,14.48,14.38,14.4,9.75146,92200,0,0
2020-08-18,14.41,14.43,14.3,14.32,9.69729,108000,0,0
2020-08-19,14.34,14.44,14.25,14.26,9.65665,140500,0,0
2020-08-20,14.17,14.29,14.13,14.23,9.63634,89300,0,0
2020-08-21,14.13,14.17,14.02,14.09,9.60159,109600,0.089,0
2020-08-24,14.11,14.24,14.05,14.2,9.67655,2133600,0,0
2020-08-25,14.23,14.25,14.11,14.19,9.66973,168800,0,0
2020-08-26,14.18,14.21,14.02,14.05,9.57433,177400,0,0
2020-08-27,14.1,14.21,14.1,14.18,9.66292,299600,0,0
2020-08-28,14.23,14.3,14.13,14.3,9.74469,147500,0,0
2020-08-31,14.29,14.34,14.12,14.17,9.6561,138700,0,0
2020-09-01,14.14,14.14,14.04,14.09,9.60159,117500,0,0
2020-09-02,14.15,14.17,14.04,14.15,9.64248,303700,0,0
2020-09-03,14.15,14.23,14,14,9.54026,67000,0,0
2020-09-04,14.12,14.22,13.9,14.04,9.56752,126100,0,0
2020-09-08,14.03,14.03,13.79,13.84,9.43123,1761200,0,0
2020-09-09,13.91,14.05,13.83,13.9,9.47211,168100,0,0
2020-09-10,13.92,13.96,13.71,13.71,9.34264,141900,0,0
2020-09-11,13.73,13.84,13.63,13.73,9.35627,76100,0,0
2020-09-14,13.74,13.95,13.74,13.91,9.47893,106400,0,0
2020-09-15,13.93,14.07,13.85,13.87,9.45167,136900,0,0
2020-09-16,13.93,14.1,13.88,13.99,9.53344,131400,0,0
2020-09-17,13.87,14,13.84,13.87,9.45167,48800,0,0
2020-09-18,13.91,13.91,13.74,13.77,9.38353,95200,0,0
2020-09-21,13.64,13.69,13.47,13.58,9.25405,96600,0,0
2020-09-22,13.57,13.69,13.53,13.56,9.24042,67800,0,0
2020-09-23,13.57,13.62,13.28,13.31,9.07006,63400,0,0
2020-09-24,13.26,13.39,13.12,13.24,9.0639,122600,0.061,0
2020-09-25,13.2,13.34,13.18,13.34,9.13235,129400,0,0
2020-09-28,13.37,13.57,13.37,13.49,9.23504,78400,0,0
2020-09-29,13.53,13.55,13.37,13.54,9.26927,93500,0,0
2020-09-30,13.58,13.65,13.45,13.45,9.20766,74200,0,0
2020-10-01,13.46,13.62,13.41,13.6,9.31035,79500,0,0
2020-10-02,13.41,13.73,13.4,13.64,9.33773,113600,0,0
2020-10-05,13.71,13.85,13.68,13.85,9.4815,77200,0,0
2020-10-06,13.89,13.99,13.73,13.81,9.45411,63300,0,0
2020-10-07,13.85,13.9,13.76,13.8,9.44726,85600,0,0
2020-10-08,13.88,14.09,13.88,14.02,9.59787,160000,0,0
2020-10-09,14.06,14.1,13.97,14.03,9.60472,92500,0,0
2020-10-12,14.09,14.1,14.01,14.06,9.62526,66900,0,0
2020-10-13,14.04,14.07,13.95,13.99,9.57734,62700,0,0
2020-10-14,13.95,14.09,13.95,13.98,9.57049,56500,0,0
2020-10-15,13.96,14.08,13.86,14.01,9.59103,67400,0,0
2020-10-16,14.01,14.05,13.92,13.92,9.52942,65500,0,0
2020-10-19,14.01,14.04,13.81,13.81,9.45411,73500,0,0
2020-10-20,13.92,13.99,13.88,13.88,9.50203,78000,0,0
2020-10-21,13.85,13.91,13.75,13.75,9.46486,75900,0.076,0
2020-10-22,13.79,14,13.78,13.96,9.60942,73000,0,0
2020-10-23,13.97,14.04,13.92,13.98,9.62318,79900,0,0
2020-10-26,13.88,13.92,13.72,13.8,9.49928,101500,0,0
2020-10-27,13.83,13.83,13.6,13.6,9.36161,131800,0,0
2020-10-28,13.55,13.65,13.4,13.45,9.25836,101000,0,0
2020-10-29,13.44,13.55,13.34,13.51,9.29966,139800,0,0
2020-10-30,13.55,13.59,13.4,13.49,9.28589,108700,0,0
2020-11-02,13.57,13.72,13.51,13.64,9.38914,101900,0,0
2020-11-03,13.8,13.85,13.67,13.78,9.48551,93900,0,0
2020-11-04,13.78,13.9,13.65,13.79,9.49239,82000,0,0
2020-11-05,13.79,13.93,13.79,13.88,9.55435,69500,0,0
2020-11-06,13.88,13.99,13.68,13.78,9.48551,77800,0,0
2020-11-09,14.06,14.42,14.05,14.2,9.77462,113000,0,0
2020-11-10,14.24,14.55,14.24,14.5,9.98113,84000,0,0
2020-11-11,14.53,14.57,14.38,14.47,9.96048,60500,0,0
2020-11-12,14.45,14.52,14.25,14.29,9.83657,107100,0,0
2020-11-13,14.37,14.6,14.37,14.53,10.0018,100400,0,0
2020-11-16,14.75,14.88,14.71,14.82,10.2014,111600,0,0
2020-11-17,14.8,14.92,14.7,14.9,10.2565,98500,0,0
2020-11-18,14.9,15.01,14.75,14.75,10.1532,76400,0,0
2020-11-19,14.76,14.89,14.69,14.87,10.2358,101800,0,0
2020-11-20,14.84,14.89,14.8,14.82,10.2014,170400,0,0
2020-11-23,14.92,15.12,14.92,14.99,10.3184,91600,0,0
2020-11-24,15.17,15.26,15.1,15.13,10.4665,109000,0.074,0
2020-11-25,15.12,15.22,15.05,15.13,10.4665,41900,0,0
2020-11-27,15.19,15.23,15,15.05,10.4111,32900,0,0
2020-11-30,15.11,15.14,14.77,14.8,10.2382,87000,0,0
2020-12-01,14.99,15,14.85,14.94,10.335,93200,0,0
2020-12-02,14.91,15.09,14.86,15,10.3765,115200,0,0
2020-12-03,15.04,15.25,15,15.15,10.4803,85100,0,0
2020-12-04,15.22,15.45,15.19,15.39,10.6463,252400,0,0
2020-12-07,15.38,15.4,15.27,15.32,10.5979,77300,0,0
2020-12-08,15.3,15.45,15.29,15.4,10.6532,86600,0,0
2020-12-09,15.36,15.4,15.15,15.23,10.5356,87100,0,0
2020-12-10,15.21,15.4,15.21,15.3,10.5841,94100,0,0
2020-12-11,15.27,15.35,15.18,15.25,10.5495,103000,0,0
2020-12-14,15.37,15.37,15.1,15.14,10.4734,96900,0,0
2020-12-15,15.17,15.38,15.09,15.32,10.5979,101800,0,0
2020-12-16,15.35,15.39,15.18,15.22,10.5287,111900,0,0
2020-12-17,15.3,15.3,15.19,15.24,10.5426,97000,0,0
2020-12-18,15.25,15.32,15.04,15.05,10.4111,121500,0,0
2020-12-21,15.04,15.1,14.96,15.03,10.3973,137900,0,0
2020-12-22,15.06,15.18,14.97,15.02,10.3904,92500,0,0
2020-12-23,15.05,15.16,15.02,15.05,10.4111,177400,0,0
2020-12-24,15.04,15.09,14.93,15.01,10.4257,127100,0.061,0
2020-12-28,15.08,15.14,14.93,14.97,10.3979,89100,0,0
2020-12-29,15.02,15.05,14.87,14.94,10.3771,175500,0,0
2020-12-30,14.96,15.06,14.94,14.96,10.391,170600,0,0
2020-12-31,15.03,15.11,14.93,15.03,10.4396,110500,0,0
2021-01-04,15.14,15.14,14.84,14.88,10.3354,464500,0,0
2021-01-05,14.89,15.14,14.89,15.03,10.4396,79000,0,0
2021-01-06,15.03,15.29,15.03,15.19,10.5507,111700,0,0
2021-01-07,15.27,15.4,15.17,15.22,10.5716,92900,0,0
2021-01-08,15.25,15.26,15.13,15.22,10.5716,84200,0,0
2021-01-11,15.14,15.26,15.14,15.19,10.5507,82600,0,0
2021-01-12,15.2,15.38,15.19,15.33,10.648,125800,0,0
2021-01-13,15.33,15.46,15.33,15.42,10.7105,106900,0,0
2021-01-14,15.42,15.52,15.42,15.47,10.7452,66800,0,0
2021-01-15,15.43,15.52,15.3,15.51,10.773,186100,0,0
2021-01-19,15.54,15.57,15.46,15.51,10.773,136500,0,0
2021-01-20,15.54,15.55,15.46,15.5,10.766,192500,0,0
2021-01-21,15.49,15.49,15.25,15.27,10.6641,194400,0.084,0
2021-01-22,15.22,15.29,15.14,15.27,10.6641,93700,0,0
2021-01-25,15.26,15.34,15.18,15.27,10.6641,78700,0,0
2021-01-26,15.3,15.35,15.24,15.3,10.685,115700,0,0
2021-01-27,15.13,15.31,15.05,15.05,10.5104,110800,0,0
2021-01-28,15.17,15.25,15.15,15.15,10.5803,81100,0,0
2021-01-29,15.19,15.29,15.05,15.11,10.5523,123600,0,0
2021-02-01,15.1,15.22,15.06,15.17,10.5943,65700,0,0
2021-02-02,15.22,15.32,15.21,15.28,10.6711,96000,0,0
2021-02-03,15.24,15.36,15.24,15.3,10.685,61600,0,0
2021-02-04,15.33,15.46,15.33,15.41,10.7619,77000,0,0
2021-02-05,15.47,15.56,15.47,15.52,10.8387,110800,0,0
2021-02-08,15.51,15.58,15.5,15.57,10.8736,66800,0,0
2021-02-09,15.61,15.61,15.51,15.56,10.8666,60100,0,0
2021-02-10,15.66,15.66,15.58,15.61,10.9015,79000,0,0
2021-02-11,15.62,15.67,15.55,15.63,10.9155,53900,0,0
2021-02-12,15.57,15.67,15.57,15.66,10.9364,176700,0,0
2021-02-16,15.73,15.75,15.62,15.67,10.9434,74800,0,0
2021-02-17,15.7,15.7,15.58,15.65,10.9295,75800,0,0
2021-02-18,15.67,15.67,15.45,15.45,10.7898,76400,0,0
2021-02-19,15.59,15.64,15.52,15.55,10.8596,68600,0,0
2021-02-22,15.5,15.72,15.5,15.66,10.9364,81200,0,0
2021-02-23,15.52,15.67,15.51,15.65,10.9785,49300,0.07,0
2021-02-24,15.68,15.81,15.67,15.79,11.0768,241000,0,0
2021-02-25,15.77,15.89,15.56,15.62,10.9575,101000,0,0
2021-02-26,15.56,15.66,15.4,15.4,10.8032,67500,0,0
2021-03-01,15.51,15.75,15.51,15.7,11.0136,53300,0,0
2021-03-02,15.71,15.74,15.62,15.68,10.9996,90300,0,0
2021-03-03,15.69,15.87,15.69,15.73,11.0347,68900,0,0
2021-03-04,15.71,15.93,15.59,15.7,11.0136,110500,0,0
2021-03-05,15.92,15.92,15.6,15.87,11.1329,89700,0,0
2021-03-08,16,16.03,15.9,15.99,11.2171,77000,0,0
2021-03-09,16.07,16.07,15.94,15.94,11.182,96100,0,0
2021-03-10,15.92,16.19,15.92,16.16,11.3363,76400,0,0
2021-03-11,16.12,16.26,16.11,16.18,11.3503,73500,0,0
2021-03-12,16.19,16.3,16.16,16.3,11.4345,63200,0,0
2021-03-15,16.34,16.41,16.3,16.41,11.5117,82000,0,0
2021-03-16,16.29,16.43,16.25,16.34,11.4626,137900,0,0
2021-03-17,16.35,16.35,16.17,16.23,11.3854,134000,0,0
2021-03-18,16.22,16.27,16.04,16.08,11.2802,87300,0,0
2021-03-19,16.02,16.2,16.02,16.08,11.2802,53600,0,0
2021-03-22,16.08,16.21,16.02,16.08,11.2802,74200,0,0
2021-03-23,16.1,16.1,15.92,15.94,11.182,64200,0,0
2021-03-24,15.96,16.15,15.96,15.99,11.2171,75100,0,0
2021-03-25,15.96,16.08,15.8,16.04,11.2853,73100,0.047,0
2021-03-26,16.03,16.27,16.03,16.23,11.419,74700,0,0
2021-03-29,16.29,16.29,16.15,16.18,11.3838,92600,0,0
2021-03-30,16.18,16.2,16.05,16.1,11.3275,122700,0,0
2021-03-31,16.21,16.27,16.13,16.15,11.3627,85000,0,0
2021-04-01,16.28,16.32,16.2,16.32,11.4823,62900,0,0
2021-04-05,16.31,16.4,16.27,16.28,11.4542,74900,0,0
2021-04-06,16.27,16.43,16.27,16.35,11.5034,87200,0,0
2021-04-07,16.4,16.43,16.29,16.36,11.5104,56600,0,0
2021-04-08,16.42,16.44,16.31,16.44,11.5667,53900,0,0
2021-04-09,16.37,16.48,16.36,16.39,11.5315,46600,0,0
2021-04-12,16.37,16.48,16.32,16.41,11.5456,58800,0,0
2021-04-13,16.34,16.42,16.34,16.38,11.5245,145500,0,0
2021-04-14,16.37,16.54,16.37,16.4,11.5386,158300,0,0
2021-04-15,16.55,16.65,16.48,16.53,11.6301,121600,0,0
2021-04-16,16.64,16.66,16.6,16.61,11.6863,102500,0,0
2021-04-19,16.63,16.69,16.55,16.61,11.6863,75000,0,0
2021-04-20,16.61,16.67,16.55,16.57,11.6582,65200,0,0
2021-04-21,16.52,16.68,16.52,16.64,11.7493,54300,0.059,0
2021-04-22,16.66,16.7,16.49,16.53,11.6716,88800,0,0
2021-04-23,16.53,16.7,16.51,16.62,11.7352,60000,0,0
2021-04-26,16.57,16.73,16.57,16.63,11.7422,53500,0,0
2021-04-27,16.65,16.67,16.58,16.58,11.7069,124700,0,0
2021-04-28,16.63,16.75,16.63,16.75,11.8269,94500,0,0
2021-04-29,16.72,16.79,16.7,16.79,11.8552,67300,0,0
2021-04-30,16.8,16.83,16.73,16.74,11.8199,69100,0,0
2021-05-03,16.77,16.89,16.7,16.79,11.8552,72400,0,0
2021-05-04,16.82,16.85,16.7,16.71,11.7987,143700,0,0
2021-05-05,16.74,16.74,16.66,16.69,11.7846,65200,0,0
2021-05-06,16.68,16.78,16.66,16.76,11.834,50200,0,0
2021-05-07,16.76,16.89,16.75,16.85,11.8976,80000,0,0
2021-05-10,16.85,17.07,16.85,16.9,11.9329,87200,0,0
2021-05-11,16.88,16.88,16.67,16.7,11.7916,172000,0,0
2021-05-12,16.67,16.8,16.46,16.47,11.6292,97500,0,0
2021-05-13,16.47,16.77,16.47,16.67,11.7705,96100,0,0
2021-05-14,16.8,16.9,16.71,16.8,11.8622,39900,0,0
2021-05-17,16.84,16.92,16.75,16.86,11.9046,79800,0,0
2021-05-18,16.87,16.92,16.82,16.83,11.8834,89200,0,0
2021-05-19,16.72,16.86,16.65,16.75,11.8269,73300,0,0
2021-05-20,16.78,16.9,16.76,16.86,11.9046,55200,0,0
2021-05-21,16.77,16.88,16.75,16.86,11.9628,62200,0.082,0
2021-05-24,16.86,16.99,16.85,16.9,11.9912,45900,0,0
2021-05-25,16.85,16.9,16.77,16.82,11.9344,64100,0,0
2021-05-26,16.82,16.96,16.77,16.89,11.9841,138300,0,0
2021-05-27,16.95,16.95,16.76,16.76,11.8918,104500,0,0
2021-05-28,16.76,16.9,16.76,16.82,11.9344,89500,0,0
2021-06-01,16.85,17.05,16.83,16.95,12.0267,65400,0,0
2021-06-02,16.94,17.1,16.93,16.98,12.0479,367900,0,0
2021-06-03,16.94,17.19,16.94,17.12,12.1473,96300,0,0
2021-06-04,17.18,17.23,17.11,17.17,12.1828,125700,0,0
2021-06-07,17.22,17.26,17.16,17.25,12.2395,57900,0,0
2021-06-08,17.25,17.36,17.18,17.29,12.2679,87800,0,0
2021-06-09,17.25,17.39,17.21,17.27,12.2537,73400,0,0
2021-06-10,17.37,17.4,17.3,17.37,12.3247,53700,0,0
2021-06-11,17.42,17.43,17.33,17.39,12.3389,39700,0,0
2021-06-14,17.35,17.43,17.32,17.39,12.3389,35900,0,0
2021-06-15,17.39,17.44,17.26,17.29,12.2679,42400,0,0
2021-06-16,17.29,17.37,17.21,17.24,12.2324,121900,0,0
2021-06-17,17.2,17.26,17,17.04,12.0905,49800,0,0
2021-06-18,17.04,17.04,16.82,16.91,11.9983,80500,0,0
2021-06-21,16.94,17.12,16.88,17.03,12.0834,57100,0,0
2021-06-22,17.1,17.11,16.97,17.01,12.0692,135900,0,0
2021-06-23,16.99,17.1,16.98,17,12.0621,67800,0,0
2021-06-24,17.03,17.05,16.88,16.96,12.0821,69400,0.068,0
2021-06-25,16.92,16.98,16.89,16.92,12.0536,114000,0,0
2021-06-28,17,17.02,16.81,16.81,11.9752,91900,0,0
2021-06-29,16.89,16.98,16.82,16.87,12.018,220100,0,0
2021-06-30,16.9,17.01,16.86,16.96,12.0821,125700,0,0
2021-07-01,16.98,17.07,16.92,17.06,12.1533,98000,0,0
2021-07-02,17.15,17.15,16.96,17.05,12.1462,98300,0,0
2021-07-06,17.02,17.04,16.85,17.04,12.1391,86300,0,0
2021-07-07,17.07,17.07,16.9,17.03,12.1319,76200,0,0
2021-07-08,16.81,16.95,16.8,16.85,12.0037,62500,0,0
2021-07-09,16.88,17.06,16.88,17,12.1106,57700,0,0
2021-07-12,17,17.08,16.96,17.08,12.1676,58100,0,0
2021-07-13,16.96,17.06,16.88,16.9,12.0393,101700,0,0
2021-07-14,16.97,16.97,16.82,16.9,12.0393,154000,0,0
2021-07-15,16.82,16.95,16.8,16.87,12.018,80700,0,0
2021-07-16,16.88,16.98,16.83,16.84,11.9966,42900,0,0
2021-07-19,16.8,16.8,16.52,16.55,11.79,112200,0,0
2021-07-20,16.54,16.89,16.54,16.76,11.9396,27200,0,0
2021-07-21,16.84,16.95,16.77,16.77,11.9918,62400,0.063,0
2021-07-22,16.74,16.84,16.7,16.73,11.9632,35900,0,0
2021-07-23,16.76,16.89,16.74,16.83,12.0347,47500,0,0
2021-07-26,16.79,16.92,16.79,16.89,12.0776,54800,0,0
2021-07-27,16.84,16.95,16.8,16.92,12.0991,45900,0,0
2021-07-28,16.95,16.97,16.53,16.75,11.9775,140800,0,0
2021-07-29,16.78,16.91,16.73,16.81,12.0204,74800,0,0
2021-07-30,16.98,16.98,16.71,16.79,12.0061,100900,0,0
2021-08-02,16.84,16.94,16.69,16.7,11.9417,58300,0,0
2021-08-03,16.68,16.72,16.6,16.7,11.9417,86300,0,0
2021-08-04,16.63,16.7,16.59,16.6,11.8702,30500,0,0
2021-08-05,16.6,16.66,16.57,16.61,11.8774,69000,0,0
2021-08-06,16.63,16.71,16.61,16.64,11.8988,36900,0,0
2021-08-09,16.59,16.59,16.53,16.55,11.8345,44300,0,0
2021-08-10,16.53,16.58,16.52,16.53,11.8202,35200,0,0
2021-08-11,16.51,16.68,16.5,16.64,11.8988,81700,0,0
2021-08-12,16.67,16.69,16.58,16.68,11.9274,36000,0,0
2021-08-13,16.75,16.75,16.65,16.75,11.9775,71300,0,0
2021-08-16,16.66,16.75,16.61,16.62,11.8845,40300,0,0
2021-08-17,16.58,16.7,16.57,16.63,11.8917,37300,0,0
2021-08-18,16.59,16.67,16.53,16.53,11.8202,40900,0,0
2021-08-19,16.5,16.52,16.39,16.43,11.7487,49900,0,0
2021-08-20,16.39,16.59,16.36,16.5,11.7987,60000,0,0
2021-08-23,16.6,16.64,16.51,16.57,11.8488,57800,0,0
2021-08-24,16.51,16.57,16.45,16.52,11.8689,65000,0.078,0
2021-08-25,16.46,16.58,16.44,16.49,11.8474,98400,0,0
2021-08-26,16.49,16.5,16.41,16.42,11.7971,39400,0,0
2021-08-27,16.49,16.63,16.44,16.62,11.9408,38900,0,0
2021-08-30,16.64,16.65,16.54,16.63,11.9479,57700,0,0
2021-08-31,16.6,16.68,16.55,16.65,11.9623,75900,0,0
2021-09-01,16.61,16.69,16.57,16.66,11.9695,76700,0,0
2021-09-02,16.7,16.82,16.7,16.8,12.0701,52000,0,0
2021-09-03,16.74,16.82,16.71,16.76,12.0413,37200,0,0
2021-09-07,16.73,16.81,16.63,16.63,11.9479,42700,0,0
2021-09-08,16.66,16.73,16.61,16.68,11.9839,48900,0,0
2021-09-09,16.63,16.75,16.61,16.62,11.9408,69800,0,0
2021-09-10,16.6,16.61,16.5,16.5,11.8545,80200,0,0
2021-09-13,16.61,16.64,16.51,16.55,11.8905,47800,0,0
2021-09-14,16.56,16.58,16.47,16.49,11.8474,58800,0,0
2021-09-15,16.53,16.59,16.5,16.58,11.912,113200,0,0
2021-09-16,16.6,16.62,16.47,16.55,11.8905,134700,0,0
2021-09-17,16.5,16.56,16.36,16.37,11.7611,83500,0,0
2021-09-20,16.28,16.4,16.2,16.34,11.7396,61500,0,0
2021-09-21,16.3,16.41,16.26,16.28,11.6965,49700,0,0
2021-09-22,16.33,16.53,16.3,16.39,11.7755,44200,0,0
2021-09-23,16.4,16.5,16.36,16.4,11.8376,47000,0.076,0
2021-09-24,16.42,16.46,16.35,16.35,11.8015,33000,0,0
2021-09-27,16.38,16.61,16.38,16.5,11.9098,50900,0,0
2021-09-28,16.48,16.48,16.32,16.34,11.7943,46000,0,0
2021-09-29,16.34,16.53,16.34,16.48,11.8953,55100,0,0
2021-09-30,16.53,16.53,16.34,16.4,11.8376,99600,0,0
2021-10-01,16.36,16.55,16.35,16.38,11.8231,129800,0,0
2021-10-04,16.38,16.56,16.38,16.51,11.917,81700,0,0
2021-10-05,16.53,16.61,16.49,16.54,11.9386,38400,0,0
2021-10-06,16.42,16.52,16.35,16.51,11.917,134000,0,0
2021-10-07,16.56,16.67,16.52,16.52,11.9242,65000,0,0
2021-10-08,16.59,16.65,16.51,16.65,12.018,122800,0,0
2021-10-11,16.65,16.7,16.6,16.65,12.018,36600,0,0
2021-10-12,16.62,16.74,16.62,16.66,12.0252,77800,0,0
2021-10-13,16.63,16.75,16.61,16.75,12.0902,72900,0,0
2021-10-14,16.77,16.85,16.74,16.79,12.1191,194000,0,0
2021-10-15,16.87,16.93,16.81,16.81,12.1335,94500,0,0
2021-10-18,16.85,16.88,16.78,16.88,12.184,84900,0,0
2021-10-19,16.93,16.93,16.83,16.87,12.1768,154600,0,0
2021-10-20,16.83,17,16.83,16.99,12.2634,59300,0,0
2021-10-21,16.92,16.98,16.8,16.89,12.2366,68200,0.063,0
2021-10-22,16.88,16.92,16.82,16.9,12.2439,104000,0,0
2021-10-25,16.9,16.92,16.84,16.84,12.2004,55200,0,0
2021-10-26,16.97,16.97,16.8,16.8,12.1714,74400,0,0
2021-10-27,16.89,16.89,16.72,16.76,12.1425,57600,0,0
2021-10-28,16.74,16.8,16.73,16.79,12.1642,78600,0,0
2021-10-29,16.82,16.83,16.65,16.71,12.1062,76500,0,0
2021-11-01,16.77,16.86,16.74,16.81,12.1787,96300,0,0
2021-11-02,16.86,16.88,16.77,16.81,12.1787,40900,0,0
2021-11-03,16.79,16.89,16.78,16.8,12.1714,65800,0,0
2021-11-04,16.77,16.87,16.7,16.75,12.1352,92200,0,0
2021-11-05,16.84,16.89,16.82,16.86,12.2149,58900,0,0
2021-11-08,16.86,16.89,16.77,16.78,12.1569,48800,0,0
2021-11-09,16.78,16.84,16.72,16.78,12.1569,75700,0,0
2021-11-10,16.78,16.87,16.71,16.71,12.1062,58800,0,0
2021-11-11,16.68,16.84,16.68,16.73,12.1207,44800,0,0
2021-11-12,16.8,16.8,16.72,16.73,12.1207,55500,0,0
2021-11-15,16.7,16.82,16.7,16.81,12.1787,79100,0,0
2021-11-16,16.77,16.82,16.67,16.67,12.0773,69900,0,0
2021-11-17,16.67,16.72,16.59,16.61,12.0338,60700,0,0
2021-11-18,16.62,16.67,16.55,16.55,11.9903,63800,0,0
2021-11-19,16.53,16.58,16.45,16.47,11.9324,74000,0,0
2021-11-22,16.48,16.65,16.45,16.51,11.9613,62500,0,0
2021-11-23,16.51,16.54,16.43,16.5,12.0255,86100,0.098,0
2021-11-24,16.5,16.57,16.47,16.47,12.0036,36200,0,0
2021-11-26,16.49,16.49,16.21,16.33,11.9016,41800,0,0
2021-11-29,16.46,16.46,16.25,16.29,11.8724,100500,0,0
2021-11-30,16.27,16.28,16,16.09,11.7267,148300,0,0
2021-12-01,16.13,16.29,15.9,15.99,11.6538,107900,0,0
2021-12-02,15.99,16.24,15.95,16.14,11.7631,71700,0,0
2021-12-03,16.17,16.23,16.07,16.15,11.7704,77800,0,0
2021-12-06,16.18,16.42,16.18,16.4,11.9526,73400,0,0
2021-12-07,16.4,16.48,16.38,16.42,11.9672,46300,0,0
2021-12-08,16.38,16.53,16.38,16.48,12.0109,95100,0,0
2021-12-09,16.39,16.41,16.32,16.34,11.9089,54300,0,0
2021-12-10,16.35,16.42,16.29,16.33,11.9016,74600,0,0
2021-12-13,16.32,16.4,16.25,16.34,11.9089,84200,0,0
2021-12-14,16.33,16.33,16.21,16.21,11.8141,67400,0,0
2021-12-15,16.19,16.35,16.17,16.33,11.9016,93200,0,0
2021-12-16,16.36,16.49,16.33,16.35,11.9161,70800,0,0
2021-12-17,16.36,16.43,16.31,16.31,11.887,49900,0,0
2021-12-20,16.35,16.35,16.09,16.2,11.8068,76900,0,0
2021-12-21,16.27,16.42,16.23,16.32,11.8943,107800,0,0
2021-12-22,16.34,16.47,16.3,16.42,11.9672,116300,0,0
2021-12-23,16.39,16.46,16.33,16.38,12.006,114900,0.093,0
2021-12-27,16.5,16.5,16.32,16.48,12.0793,85100,0,0
2021-12-28,16.53,16.57,16.46,16.52,12.1086,101100,0,0
2021-12-29,16.57,16.57,16.49,16.55,12.1306,111800,0,0
2021-12-30,16.6,16.63,16.56,16.6,12.1673,110000,0,0
2021-12-31,16.61,16.66,16.56,16.6,12.1673,66600,0,0
2022-01-03,16.62,16.76,16.61,16.76,12.2845,370400,0,0
2022-01-04,16.68,16.9,16.68,16.88,12.3725,82200,0,0
2022-01-05,16.84,16.94,16.7,16.76,12.2845,99800,0,0
2022-01-06,16.74,16.88,16.74,16.85,12.3505,68500,0,0
2022-01-07,16.83,16.95,16.8,16.93,12.4091,71600,0,0
2022-01-10,16.92,16.95,16.8,16.9,12.3872,108200,0,0
2022-01-11,16.9,17,16.86,17,12.4605,49100,0,0
2022-01-12,16.95,17.08,16.95,17.05,12.4971,100900,0,0
2022-01-13,17.01,17.15,17.01,17.04,12.4898,88700,0,0
2022-01-14,17.01,17.09,16.99,17.08,12.5191,70000,0,0
2022-01-18,17.1,17.11,16.96,17.02,12.4751,123800,0,0
2022-01-19,17.02,17.11,16.94,16.98,12.4458,81700,0,0
2022-01-20,17,17.01,16.75,16.78,12.2992,122000,0,0
2022-01-21,16.72,16.76,16.53,16.6,12.2073,84100,0.055,0
2022-01-24,16.42,16.56,16.2,16.48,12.119,257300,0,0
2022-01-25,16.46,16.76,16.34,16.6,12.2073,71000,0,0
2022-01-26,16.82,16.83,16.51,16.58,12.1926,82000,0,0
2022-01-27,16.7,16.79,16.5,16.56,12.1779,176800,0,0
2022-01-28,16.52,16.72,16.47,16.64,12.2367,67300,0,0
2022-01-31,16.66,16.79,16.55,16.75,12.3176,208300,0,0
2022-02-01,16.8,16.83,16.7,16.81,12.3617,76200,0,0
2022-02-02,16.88,16.9,16.8,16.87,12.4058,170200,0,0
2022-02-03,16.75,16.83,16.7,16.76,12.3249,99600,0,0
2022-02-04,16.72,16.73,16.54,16.62,12.222,44700,0,0
2022-02-07,16.63,16.71,16.59,16.66,12.2514,65700,0,0
2022-02-08,16.7,16.78,16.6,16.68,12.2661,82200,0,0
2022-02-09,16.74,16.77,16.68,16.76,12.3249,59800,0,0
2022-02-10,16.71,16.76,16.5,16.57,12.1852,107300,0,0
2022-02-11,16.65,16.73,16.52,16.69,12.2735,61500,0,0
2022-02-14,16.57,16.61,16.43,16.45,12.097,56400,0,0
2022-02-15,16.6,16.63,16.5,16.56,12.1779,80600,0,0
2022-02-16,16.53,16.66,16.53,16.63,12.2293,69800,0,0
2022-02-17,16.6,16.61,16.51,16.51,12.1411,60400,0,0
2022-02-18,16.49,16.55,16.4,16.41,12.1204,45100,0.072,0
2022-02-22,16.37,16.47,16.25,16.26,12.0096,252100,0,0
2022-02-23,16.35,16.4,16.21,16.21,11.9727,58000,0,0
2022-02-24,16.11,16.33,16.03,16.21,11.9727,100700,0,0
2022-02-25,16.26,16.5,16.26,16.49,12.1795,61900,0,0
2022-02-28,16.47,16.58,16.38,16.52,12.2017,69300,0,0
2022-03-01,16.53,16.59,16.41,16.54,12.2164,151400,0,0
2022-03-02,16.53,16.73,16.53,16.65,12.2977,48800,0,0
2022-03-03,16.74,16.77,16.64,16.76,12.3789,209500,0,0
2022-03-04,16.64,16.78,16.64,16.72,12.3494,37100,0,0
2022-03-07,16.79,16.79,16.57,16.61,12.2681,49400,0,0
2022-03-08,16.61,16.75,16.61,16.67,12.3124,65800,0,0
2022-03-09,16.72,16.72,16.55,16.55,12.2238,46800,0,0
2022-03-10,16.58,16.65,16.52,16.65,12.2977,43700,0,0
2022-03-11,16.63,16.68,16.47,16.51,12.1943,38000,0,0
2022-03-14,16.46,16.52,16.28,16.32,12.0539,49200,0,0
2022-03-15,16.36,16.43,16.3,16.4,12.113,38200,0,0
2022-03-16,16.38,16.49,16.36,16.49,12.1795,44800,0,0
2022-03-17,16.49,16.64,16.48,16.56,12.2312,67700,0,0
2022-03-18,16.51,16.64,16.5,16.62,12.2755,34300,0,0
2022-03-21,16.65,16.69,16.56,16.59,12.2534,105100,0,0
2022-03-22,16.67,16.69,16.59,16.63,12.2829,49700,0,0
2022-03-23,16.55,16.69,16.55,16.65,12.2977,182700,0,0
2022-03-24,16.63,16.75,16.63,16.69,12.3272,45500,0,0
2022-03-25,16.64,16.79,16.64,16.74,12.4319,221500,0.091,0
2022-03-28,16.77,16.77,16.62,16.7,12.4022,52900,0,0
2022-03-29,16.78,16.95,16.75,16.91,12.5582,72200,0,0
2022-03-30,16.9,17,16.88,16.95,12.5879,86000,0,0
2022-03-31,16.98,16.98,16.83,16.86,12.521,91600,0,0
2022-04-01,16.89,16.9,16.82,16.86,12.521,35000,0,0
2022-04-04,16.89,16.98,16.8,16.9,12.5508,1296700,0,0
2022-04-05,16.87,16.97,16.78,16.83,12.4988,85700,0,0
2022-04-06,16.76,16.83,16.71,16.75,12.4394,59600,0,0
2022-04-07,16.73,16.78,16.6,16.72,12.4171,152600,0,0
2022-04-08,16.67,16.82,16.67,16.79,12.4691,53000,0,0
2022-04-11,16.72,16.8,16.69,16.73,12.4245,72500,0,0
2022-04-12,16.7,16.84,16.7,16.82,12.4913,53300,0,0
2022-04-13,16.76,16.88,16.76,16.84,12.5062,69700,0,0
2022-04-14,16.85,16.95,16.85,16.86,12.521,71200,0,0
2022-04-18,16.85,16.92,16.77,16.84,12.5062,206900,0,0
2022-04-19,16.74,16.86,16.74,16.85,12.5136,90500,0,0
2022-04-20,16.84,17.06,16.81,17,12.625,110000,0,0
2022-04-21,17.05,17.05,16.83,16.83,12.5379,130700,0.053,0
2022-04-22,16.83,16.86,16.6,16.65,12.4038,65000,0,0
2022-04-25,16.56,16.56,16.31,16.5,12.292,62200,0,0
2022-04-26,16.49,16.55,16.32,16.37,12.1952,468400,0,0
2022-04-27,16.43,16.44,16.3,16.35,12.1803,147100,0,0
2022-04-28,16.36,16.54,16.31,16.5,12.292,54300,0,0
2022-04-29,16.59,16.59,16.25,16.25,12.1058,243400,0,0
2022-05-02,16.25,16.27,15.94,16.11,12.0015,119400,0,0
2022-05-03,16.17,16.4,16.15,16.4,12.2175,41900,0,0
2022-05-04,16.45,16.69,16.33,16.69,12.4336,87100,0,0
2022-05-05,16.68,16.68,16.31,16.39,12.2101,46700,0,0
2022-05-06,16.4,16.42,16.25,16.35,12.1803,57400,0,0
2022-05-09,16.24,16.26,15.93,15.94,11.8748,54600,0,0
2022-05-10,16.01,16.13,15.79,15.94,11.8748,107400,0,0
2022-05-11,15.91,16.15,15.84,15.88,11.8301,98100,0,0
2022-05-12,15.89,15.91,15.74,15.85,11.8078,41800,0,0
2022-05-13,15.99,16.14,15.96,16.1,11.994,66000,0,0
2022-05-16,16.1,16.29,16.1,16.25,12.1058,74100,0,0
2022-05-17,16.33,16.38,16.24,16.33,12.1654,86400,0,0
2022-05-18,16.39,16.39,16.04,16.11,12.0015,124300,0,0
2022-05-19,16.01,16.1,15.97,15.99,11.9121,55000,0,0
2022-05-20,16.02,16.11,15.87,16.01,11.927,767500,0,0
2022-05-23,16.1,16.26,16.1,16.15,12.0313,36200,0,0
2022-05-24,16.04,16.19,15.89,16.15,12.113,46100,0.109,0
2022-05-25,16.17,16.37,16.17,16.35,12.263,130200,0,0
2022-05-26,16.48,16.59,16.46,16.57,12.428,282300,0,0
2022-05-27,16.55,16.73,16.55,16.72,12.5405,89400,0,0
2022-05-31,16.78,16.78,16.63,16.7,12.5256,98800,0,0
2022-06-01,16.72,16.76,16.53,16.72,12.5405,164800,0,0
2022-06-02,16.74,16.78,16.59,16.77,12.5781,73300,0,0
2022-06-03,16.65,16.71,16.61,16.62,12.4655,44800,0,0
2022-06-06,16.72,16.72,16.64,16.67,12.503,65100,0,0
2022-06-07,16.67,16.8,16.59,16.79,12.5931,40300,0,0
2022-06-08,16.75,16.75,16.59,16.64,12.4805,43000,0,0
2022-06-09,16.57,16.62,16.49,16.49,12.368,112600,0,0
2022-06-10,16.32,16.36,16.17,16.2,12.1505,47600,0,0
2022-06-13,16.05,16.05,15.36,15.46,11.5955,127400,0,0
2022-06-14,15.5,15.62,15.22,15.39,11.543,98200,0,0
2022-06-15,15.37,15.53,15.27,15.4,11.5505,172800,0,0
2022-06-16,15.19,15.19,14.88,14.91,11.183,65500,0,0
2022-06-17,14.9,15.06,14.79,14.9,11.1755,48600,0,0
2022-06-21,14.97,15.28,14.97,15.19,11.393,2212500,0,0
2022-06-22,15.08,15.17,15,15.09,11.318,91900,0,0
2022-06-23,15.1,15.15,14.96,15.09,11.318,105300,0,0
2022-06-24,15.12,15.35,15.07,15.27,11.5271,72000,0.097,0
2022-06-27,15.38,15.42,15.3,15.4,11.6252,44200,0,0
2022-06-28,15.52,15.58,15.26,15.36,11.595,84600,0,0
2022-06-29,15.45,15.45,15.17,15.23,11.4969,70800,0,0
2022-06-30,15.17,15.25,15.06,15.17,11.4516,79900,0,0
2022-07-01,15.18,15.38,15.09,15.36,11.595,78300,0,0
2022-07-05,15.25,15.26,15.03,15.25,11.512,38900,0,0
2022-07-06,15.28,15.31,15.04,15.18,11.4592,64200,0,0
2022-07-07,15.18,15.38,15.18,15.36,11.595,73400,0,0
2022-07-08,15.33,15.42,15.26,15.4,11.6252,100300,0,0
2022-07-11,15.3,15.36,15.24,15.3,11.5497,140900,0,0
2022-07-12,15.26,15.39,15.25,15.34,11.5799,58900,0,0
2022-07-13,15.24,15.35,15.15,15.32,11.5648,42700,0,0
2022-07-14,15.19,15.19,15.05,15.16,11.4441,82300,0,0
2022-07-15,15.37,15.43,15.2,15.39,11.6177,41100,0,0
2022-07-18,15.48,15.54,15.39,15.43,11.6479,37900,0,0
2022-07-19,15.5,15.72,15.5,15.67,11.8291,44800,0,0
2022-07-20,15.69,15.81,15.62,15.79,11.9196,81000,0,0
2022-07-21,15.65,15.79,15.53,15.79,11.9431,49300,0.031,0
2022-07-22,15.81,15.86,15.65,15.73,11.8977,62700,0,0
2022-07-25,15.71,15.91,15.7,15.89,12.0187,32700,0,0
2022-07-26,15.87,15.95,15.87,15.92,12.0414,49200,0,0
2022-07-27,15.89,16.14,15.89,16.1,12.1776,71900,0,0
2022-07-28,16.14,16.34,16.06,16.3,12.3288,78400,0,0
2022-07-29,16.29,16.44,16.29,16.41,12.412,73400,0,0
2022-08-01,16.34,16.42,16.24,16.41,12.412,86200,0,0
2022-08-02,16.4,16.4,16.25,16.29,12.3213,1224000,0,0
2022-08-03,16.32,16.34,16.25,16.25,12.291,59600,0,0
2022-08-04,16.26,16.26,15.97,16.11,12.1851,50700,0,0
2022-08-05,16.07,16.26,16.07,16.15,12.2154,61100,0,0
2022-08-08,16.16,16.29,16.16,16.18,12.2381,47600,0,0
2022-08-09,16.18,16.21,16.15,16.21,12.2608,47600,0,0
2022-08-10,16.27,16.39,16.27,16.37,12.3818,293000,0,0
2022-08-11,16.39,16.51,16.39,16.43,12.4272,121600,0,0
2022-08-12,16.5,16.57,16.45,16.55,12.5179,70800,0,0
2022-08-15,16.47,16.75,16.43,16.6,12.5557,1744200,0,0
2022-08-16,16.6,16.67,16.59,16.64,12.586,152700,0,0
2022-08-17,16.54,16.57,16.44,16.5,12.4801,87400,0,0
2022-08-18,16.53,16.61,16.52,16.61,12.5633,38300,0,0
2022-08-19,16.5,16.53,16.44,16.47,12.4574,31400,0,0
2022-08-22,16.39,16.39,16.22,16.28,12.3137,125200,0,0
2022-08-23,16.17,16.27,16.13,16.2,12.3396,118600,0.114,0
2022-08-24,16.23,16.28,16.17,16.22,12.3548,93700,0,0
2022-08-25,16.24,16.38,16.24,16.35,12.4539,52400,0,0
2022-08-26,16.39,16.48,16.19,16.21,12.3472,142500,0,0
2022-08-29,16.12,16.23,16.09,16.14,12.2939,115100,0,0
2022-08-30,16.16,16.16,15.91,15.99,12.1796,83700,0,0
2022-08-31,15.97,15.98,15.81,15.85,12.073,223100,0,0
2022-09-01,15.82,15.82,15.61,15.73,11.9816,84600,0,0
2022-09-02,15.81,15.9,15.66,15.72,11.974,68400,0,0
2022-09-06,15.78,15.81,15.61,15.64,11.9131,86600,0,0
2022-09-07,15.62,15.79,15.59,15.76,12.0045,103300,0,0
2022-09-08,15.72,15.83,15.7,15.81,12.0425,52700,0,0
2022-09-09,15.86,16.04,15.86,16.04,12.2177,37600,0,0
2022-09-12,16.06,16.17,16.06,16.11,12.2711,85600,0,0
2022-09-13,15.88,16.01,15.78,15.79,12.0273,1604600,0,0
2022-09-14,15.82,15.94,15.82,15.89,12.1035,115500,0,0
2022-09-15,15.84,15.92,15.75,15.76,12.0045,71300,0,0
2022-09-16,15.61,15.72,15.59,15.68,11.9435,27000,0,0
2022-09-19,15.56,15.77,15.55,15.76,12.0045,57500,0,0
2022-09-20,15.7,15.7,15.56,15.64,11.9131,43200,0,0
2022-09-21,15.62,15.73,15.47,15.47,11.7836,84300,0,0
2022-09-22,15.45,15.45,15.27,15.28,11.6388,79100,0,0
2022-09-23,14.99,14.99,14.65,14.76,11.3295,165000,0.117,0
2022-09-26,14.73,14.73,14.38,14.41,11.0608,1449300,0,0
2022-09-27,14.47,14.56,14.32,14.4,11.0532,139100,0,0
2022-09-28,14.42,14.72,14.42,14.7,11.2835,130400,0,0
2022-09-29,14.59,14.6,14.27,14.37,11.0301,141700,0,0
2022-09-30,14.43,14.54,14.37,14.44,11.0839,460500,0,0
2022-10-03,14.53,14.69,14.45,14.66,11.2527,92000,0,0
2022-10-04,14.75,15.1,14.75,15.1,11.5905,55700,0,0
2022-10-05,14.97,14.98,14.78,14.91,11.4446,103100,0,0
2022-10-06,14.88,14.92,14.77,14.82,11.3756,95200,0,0
2022-10-07,14.71,14.77,14.53,14.61,11.2144,38000,0,0
2022-10-10,14.67,14.67,14.47,14.52,11.1453,57400,0,0
2022-10-11,14.44,14.67,14.39,14.55,11.1683,42900,0,0
2022-10-12,14.55,14.58,14.31,14.45,11.0916,1743800,0,0
2022-10-13,14.41,14.75,14.34,14.72,11.2988,157400,0,0
2022-10-14,14.73,14.78,14.54,14.58,11.1913,43900,0,0
2022-10-17,14.68,14.81,14.68,14.74,11.3141,48400,0,0
2022-10-18,14.93,14.98,14.8,14.94,11.4677,67500,0,0
2022-10-19,14.83,14.91,14.71,14.78,11.3449,41300,0,0
2022-10-20,14.86,14.9,14.65,14.69,11.2758,87900,0,0
2022-10-21,14.62,14.77,14.58,14.73,11.3544,36600,0.062,0
2022-10-24,14.69,14.79,14.69,14.75,11.3698,161300,0,0
2022-10-25,14.76,14.99,14.76,14.99,11.5548,57300,0,0
2022-10-26,14.95,15.13,14.95,15.05,11.6011,41900,0,0
2022-10-27,15.15,15.33,15.13,15.14,11.6704,139300,0,0
2022-10-28,15.13,15.33,15.13,15.32,11.8092,61900,0,0
2022-10-31,15.32,15.34,15.22,15.28,11.7784,63900,0,0
2022-11-01,15.36,15.42,15.3,15.35,11.8323,139100,0,0
2022-11-02,15.31,15.44,15.11,15.13,11.6627,209800,0,0
2022-11-03,15.07,15.11,14.94,15.07,11.6165,76400,0,0
2022-11-04,15.2,15.26,15.1,15.2,11.7167,47200,0,0
2022-11-07,15.23,15.32,15.18,15.3,11.7938,380400,0,0
2022-11-08,15.31,15.38,15.2,15.32,11.8092,94600,0,0
2022-11-09,15.24,15.3,15.08,15.09,11.6319,148600,0,0
2022-11-10,15.42,15.66,15.39,15.66,12.0713,38300,0,0
2022-11-11,15.59,15.79,15.59,15.73,12.1252,123800,0,0
2022-11-14,15.67,15.77,15.61,15.61,12.0327,81000,0,0
2022-11-15,15.67,15.78,15.65,15.67,12.079,93000,0,0
2022-11-16,15.66,15.68,15.54,15.58,12.0096,99600,0,0
2022-11-17,15.5,15.5,15.34,15.46,11.9171,80700,0,0
2022-11-18,15.45,15.53,15.42,15.47,11.9248,183800,0,0
2022-11-21,15.46,15.52,15.35,15.5,11.9479,58000,0,0
2022-11-22,15.49,15.59,15.44,15.53,12.0418,187800,0.091,0
2022-11-23,15.5,15.56,15.47,15.56,12.065,86400,0,0
2022-11-25,15.57,15.64,15.55,15.6,12.096,36000,0,0
2022-11-28,15.55,15.55,15.4,15.44,11.972,51400,0,0
2022-11-29,15.42,15.56,15.4,15.5,12.0185,87500,0,0
2022-11-30,15.52,15.71,15.36,15.67,12.1503,198100,0,0
2022-12-01,15.62,15.77,15.6,15.66,12.1426,94900,0,0
2022-12-02,15.6,15.68,15.53,15.66,12.1426,65200,0,0
2022-12-05,15.57,15.57,15.37,15.39,11.9332,88600,0,0
2022-12-06,15.43,15.43,15.17,15.23,11.8091,64400,0,0
2022-12-07,15.21,15.3,15.19,15.21,11.7936,95300,0,0
2022-12-08,15.33,15.36,15.19,15.21,11.7936,103600,0,0
2022-12-09,15.25,15.3,15.18,15.18,11.7704,60200,0,0
2022-12-12,15.16,15.33,15.15,15.3,11.8634,74500,0,0
2022-12-13,15.37,15.57,15.35,15.4,11.941,70500,0,0
2022-12-14,15.34,15.47,15.27,15.37,11.9177,83800,0,0
2022-12-15,15.2,15.33,15.15,15.2,11.7859,84200,0,0
2022-12-16,15.09,15.14,15,15.07,11.6851,72200,0,0
2022-12-19,15.12,15.12,14.85,14.96,11.5998,179000,0,0
2022-12-20,14.92,15.01,14.85,14.98,11.6153,120800,0,0
2022-12-21,15.06,15.15,15.05,15.13,11.7316,100100,0,0
2022-12-22,15.04,15.04,14.82,15,11.6308,101800,0,0
2022-12-23,14.93,15.06,14.87,15.06,11.7644,84900,0.111,0
2022-12-27,15.04,15.04,14.96,15.02,11.7331,64900,0,0
2022-12-28,15.03,15.03,14.75,14.79,11.5535,1199000,0,0
2022-12-29,14.8,14.99,14.8,14.99,11.7097,151600,0,0
2022-12-30,14.89,14.97,14.87,14.97,11.6941,115600,0,0
2023-01-03,15.05,15.05,14.92,14.97,11.6941,79200,0,0
2023-01-04,15,15.2,15,15.2,11.8738,72900,0,0
2023-01-05,15.08,15.17,15.02,15.11,11.8034,52000,0,0
2023-01-06,15.15,15.44,15.15,15.38,12.0144,32200,0,0
2023-01-09,15.41,15.52,15.39,15.42,12.0456,112800,0,0
2023-01-10,15.4,15.47,15.34,15.45,12.069,70400,0,0
2023-01-11,15.47,15.63,15.47,15.59,12.1784,119000,0,0
2023-01-12,15.63,15.76,15.63,15.72,12.28,136700,0,0
2023-01-13,15.72,15.77,15.65,15.73,12.2878,94400,0,0
2023-01-17,15.73,15.8,15.72,15.75,12.3034,164400,0,0
2023-01-18,15.84,15.84,15.62,15.67,12.2409,307400,0,0
2023-01-19,15.56,15.64,15.52,15.58,12.1706,174300,0,0
2023-01-20,15.68,15.71,15.55,15.7,12.2643,129700,0,0
2023-01-23,15.67,15.88,15.67,15.85,12.3815,68500,0,0
2023-01-24,15.71,15.79,15.68,15.72,12.3266,88500,0.06,0
2023-01-25,15.72,15.75,15.63,15.75,12.3501,67100,0,0
2023-01-26,15.82,15.85,15.7,15.84,12.4207,148200,0,0
2023-01-27,15.83,15.95,15.77,15.88,12.4521,122300,0,0
2023-01-30,15.9,15.93,15.81,15.81,12.3972,90500,0,0
2023-01-31,15.89,16.04,15.84,15.97,12.5227,95400,0,0
2023-02-01,15.94,16.18,15.94,16.08,12.6089,87400,0,0
2023-02-02,16.13,16.29,16.13,16.25,12.7422,89100,0,0
2023-02-03,16.23,16.23,16.1,16.15,12.6638,47700,0,0
2023-02-06,16.06,16.15,15.97,16.01,12.554,67800,0,0
2023-02-07,15.92,16.06,15.9,16.04,12.5775,98700,0,0
2023-02-08,15.97,16.02,15.9,15.95,12.507,121900,0,0
2023-02-09,16.08,16.08,15.72,15.76,12.358,68800,0,0
2023-02-10,15.71,15.88,15.71,15.87,12.4442,207600,0,0
2023-02-13,15.87,15.99,15.86,15.97,12.5227,55300,0,0
2023-02-14,15.88,16,15.83,15.95,12.507,112600,0,0
2023-02-15,15.93,15.99,15.82,15.96,12.5148,68700,0,0
2023-02-16,15.82,15.96,15.8,15.88,12.4521,86400,0,0
2023-02-17,15.91,15.91,15.75,15.85,12.4286,60300,0,0
2023-02-21,15.85,15.85,15.53,15.56,12.2012,80200,0,0
2023-02-22,15.45,15.56,15.44,15.48,12.1949,102200,0.072,0
2023-02-23,15.57,15.59,15.44,15.56,12.2579,63700,0,0
2023-02-24,15.5,15.52,15.37,15.45,12.1712,82800,0,0
2023-02-27,15.54,15.57,15.45,15.49,12.2027,74400,0,0
2023-02-28,15.55,15.55,15.42,15.42,12.1476,97400,0,0
2023-03-01,15.35,15.43,15.32,15.37,12.1082,72100,0,0
2023-03-02,15.31,15.43,15.26,15.41,12.1397,60100,0,0
2023-03-03,15.47,15.58,15.4,15.51,12.2185,65600,0,0
2023-03-06,15.58,15.59,15.51,15.52,12.2264,72700,0,0
2023-03-07,15.54,15.54,15.3,15.35,12.0924,87600,0,0
2023-03-08,15.36,15.36,15.23,15.32,12.0688,760400,0,0
2023-03-09,15.32,15.33,15.01,15.06,11.864,57900,0,0
2023-03-10,15.05,15.05,14.74,14.78,11.6434,794500,0,0
2023-03-13,14.56,14.73,14.38,14.55,11.4622,143600,0,0
2023-03-14,14.66,14.83,14.55,14.6,11.5016,44600,0,0
2023-03-15,14.51,14.51,14.21,14.33,11.2889,224400,0,0
2023-03-16,14.27,14.46,14.21,14.43,11.3677,57900,0,0
2023-03-17,14.4,14.4,14.17,14.21,11.1944,43900,0,0
2023-03-20,14.25,14.38,14.22,14.23,11.2101,129200,0,0
2023-03-21,14.42,14.49,14.32,14.43,11.3677,115200,0,0
2023-03-22,14.4,14.47,14.21,14.21,11.1944,72800,0,0
2023-03-23,14.21,14.35,14.06,14.07,11.0841,126000,0,0
2023-03-24,13.93,14.09,13.82,14.05,11.1764,83300,0.136,0
2023-03-27,14.11,14.26,14.11,14.2,11.2957,49900,0,0
2023-03-28,14.15,14.29,14.15,14.25,11.3355,57500,0,0
2023-03-29,14.41,14.44,14.35,14.44,11.4866,87700,0,0
2023-03-30,14.5,14.51,14.41,14.49,11.5264,134200,0,0
2023-03-31,14.62,14.67,14.53,14.66,11.6616,92100,0,0
2023-04-03,14.68,14.77,14.66,14.74,11.7252,67400,0,0
2023-04-04,14.79,14.79,14.5,14.61,11.6218,94200,0,0
2023-04-05,14.64,14.67,14.57,14.6,11.6139,61500,0,0
2023-04-06,14.58,14.67,14.58,14.63,11.6377,41300,0,0
2023-04-10,14.56,14.71,14.56,14.7,11.6934,62200,0,0
2023-04-11,14.76,14.8,14.71,14.75,11.7332,49200,0,0
2023-04-12,14.76,14.83,14.7,14.74,11.7252,63000,0,0
2023-04-13,14.67,14.81,14.67,14.76,11.7411,107700,0,0
2023-04-14,14.74,14.83,14.67,14.76,11.7411,52900,0,0
2023-04-17,14.76,14.8,14.69,14.79,11.765,45400,0,0
2023-04-18,14.77,14.8,14.69,14.75,11.7332,45300,0,0
2023-04-19,14.74,14.8,14.69,14.77,11.7491,38900,0,0
2023-04-20,14.76,14.76,14.67,14.72,11.7093,75200,0,0
2023-04-21,14.69,14.72,14.64,14.69,11.703,59400,0.022,0
2023-04-24,14.61,14.7,14.61,14.7,11.7109,132700,0,0
2023-04-25,14.6,14.67,14.52,14.57,11.6074,68700,0,0
2023-04-26,14.55,14.6,14.44,14.48,11.5357,57400,0,0
2023-04-27,14.48,14.66,14.46,14.66,11.6791,55300,0,0
2023-04-28,14.65,14.75,14.59,14.73,11.7348,142600,0,0
2023-05-01,14.72,14.77,14.63,14.64,11.6631,46000,0,0
2023-05-02,14.58,14.6,14.31,14.39,11.464,75600,0,0
2023-05-03,14.36,14.44,14.24,14.24,11.3445,56600,0,0
2023-05-04,14.17,14.19,14.03,14.11,11.2409,38900,0,0
2023-05-05,14.21,14.4,14.21,14.38,11.456,80300,0,0
2023-05-08,14.42,14.44,14.32,14.36,11.4401,46100,0,0
2023-05-09,14.26,14.33,14.22,14.27,11.3684,54200,0,0
2023-05-10,14.27,14.36,14.21,14.31,11.4002,52700,0,0
2023-05-11,14.22,14.24,14.18,14.19,11.3046,85200,0,0
2023-05-12,14.22,14.26,14.19,14.22,11.3285,105700,0,0
2023-05-15,14.27,14.42,14.27,14.39,11.464,109900,0,0
2023-05-16,14.31,14.37,14.2,14.25,11.3524,115000,0,0
2023-05-17,14.24,14.46,14.24,14.39,11.464,43900,0,0
2023-05-18,14.35,14.5,14.33,14.5,11.5516,142000,0,0
2023-05-19,14.48,14.5,14.37,14.41,11.4799,40400,0,0
2023-05-22,14.41,14.52,14.4,14.51,11.5596,52500,0,0
2023-05-23,14.34,14.49,14.33,14.34,11.5074,238300,0.105,0
2023-05-24,14.32,14.32,14.2,14.24,11.4271,85100,0,0
2023-05-25,14.25,14.25,14.04,14.12,11.3309,53000,0,0
2023-05-26,14.1,14.2,14.06,14.17,11.371,64500,0,0
2023-05-30,14.14,14.19,14.11,14.17,11.371,58600,0,0
2023-05-31,14.19,14.19,14.04,14.12,11.3309,108800,0,0
2023-06-01,14.1,14.22,14.1,14.2,11.395,77300,0,0
2023-06-02,14.29,14.49,14.28,14.45,11.5957,49100,0,0
2023-06-05,14.39,14.44,14.36,14.41,11.5636,44600,0,0
2023-06-06,14.37,14.53,14.37,14.5,11.6358,88800,0,0
2023-06-07,14.52,14.72,14.52,14.7,11.7963,56800,0,0
2023-06-08,14.71,14.71,14.59,14.67,11.7722,69600,0,0
2023-06-09,14.68,14.68,14.58,14.65,11.7562,60400,0,0
2023-06-12,14.65,14.65,14.53,14.61,11.7241,126500,0,0
2023-06-13,14.56,14.68,14.56,14.62,11.7321,74400,0,0
2023-06-14,14.61,14.7,14.52,14.58,11.7,137400,0,0
2023-06-15,14.61,14.7,14.53,14.66,11.7642,75100,0,0
2023-06-16,14.65,14.67,14.6,14.6,11.716,43700,0,0
2023-06-20,14.56,14.59,14.48,14.54,11.6679,42900,0,0
2023-06-21,14.46,14.52,14.42,14.5,11.6358,93000,0,0
2023-06-22,14.49,14.49,14.32,14.33,11.4994,74500,0,0
2023-06-23,14.33,14.33,14.18,14.21,11.4031,143600,0,0
2023-06-26,14.18,14.41,14.17,14.39,11.5475,64200,0,0
2023-06-27,14.25,14.36,14.25,14.33,11.5556,137000,0.07,0
2023-06-28,14.29,14.37,14.28,14.36,11.5798,79700,0,0
2023-06-29,14.36,14.52,14.35,14.48,11.6765,102300,0,0
2023-06-30,14.58,14.58,14.5,14.56,11.741,38800,0,0
2023-07-03,14.49,14.64,14.49,14.6,11.7733,41200,0,0
2023-07-05,14.58,14.63,14.51,14.56,11.741,72200,0,0
2023-07-06,14.48,14.48,14.34,14.41,11.6201,33800,0,0
2023-07-07,14.45,14.59,14.45,14.51,11.7007,70500,0,0
2023-07-10,14.5,14.64,14.5,14.63,11.7975,72200,0,0
2023-07-11,14.65,14.76,14.65,14.76,11.9023,61100,0,0
2023-07-12,14.82,14.9,14.81,14.82,11.9507,66100,0,0
2023-07-13,14.88,14.93,14.85,14.92,12.0314,53800,0,0
2023-07-14,14.91,14.91,14.76,14.82,11.9507,45500,0,0
2023-07-17,14.78,14.87,14.77,14.83,11.9588,50500,0,0
2023-07-18,14.87,15,14.87,15,12.0959,47500,0,0
2023-07-19,15.01,15.13,15.01,15.13,12.2007,54600,0,0
2023-07-20,15.1,15.12,15.06,15.09,12.1684,66400,0,0
2023-07-21,15.06,15.07,15.01,15.01,12.1434,88400,0.049,0
2023-07-24,15.02,15.17,15.02,15.17,12.2728,68800,0,0
2023-07-25,15.17,15.17,15.07,15.09,12.2081,58300,0,0
2023-07-26,15.16,15.26,15.15,15.23,12.3213,116700,0,0
2023-07-27,15.26,15.28,15.08,15.1,12.2162,91100,0,0
2023-07-28,15.2,15.27,15.18,15.24,12.3294,72000,0,0
2023-07-31,15.23,15.31,15.23,15.27,12.3537,53200,0,0
2023-08-01,15.24,15.26,15.13,15.2,12.2971,75900,0,0
2023-08-02,15.12,15.15,15.03,15.1,12.2162,67000,0,0
2023-08-03,15.05,15.12,15,15.1,12.2162,30300,0,0
2023-08-04,15.02,15.14,15.01,15.02,12.1514,311500,0,0
2023-08-07,15.05,15.12,15.03,15.12,12.2323,22800,0,0
2023-08-08,15.01,15.08,14.94,15.04,12.1676,43900,0,0
2023-08-09,15.04,15.1,15,15.02,12.1514,97100,0,0
2023-08-10,15.01,15.15,14.99,15.02,12.1514,42900,0,0
2023-08-11,15.02,15.09,15,15.09,12.2081,43500,0,0
2023-08-14,15.02,15.02,14.95,14.96,12.1029,46300,0,0
2023-08-15,14.92,14.92,14.78,14.8,11.9735,58200,0,0
2023-08-16,14.77,14.88,14.74,14.74,11.9249,86600,0,0
2023-08-17,14.81,14.81,14.7,14.76,11.9411,66500,0,0
2023-08-18,14.71,14.79,14.68,14.79,11.9654,53700,0,0
2023-08-21,14.78,14.78,14.66,14.73,11.9168,38000,0,0
2023-08-22,14.64,14.66,14.55,14.55,11.842,41100,0.088,0
2023-08-23,14.59,14.67,14.52,14.64,11.9152,49200,0,0
2023-08-24,14.64,14.77,14.6,14.6,11.8826,34800,0,0
2023-08-25,14.62,14.69,14.58,14.62,11.8989,38600,0,0
2023-08-28,14.72,14.78,14.71,14.72,11.9803,39500,0,0
2023-08-29,14.75,14.85,14.71,14.81,12.0536,48700,0,0
2023-08-30,14.82,14.89,14.8,14.87,12.1024,65400,0,0
2023-08-31,14.9,14.92,14.85,14.87,12.1024,49600,0,0
2023-09-01,14.9,15,14.9,14.99,12.2001,48500,0,0
2023-09-05,14.93,14.93,14.84,14.84,12.078,40600,0,0
2023-09-06,14.87,14.87,14.73,14.77,12.021,47800,0,0
2023-09-07,14.71,14.79,14.71,14.75,12.0047,37400,0,0
2023-09-08,14.75,14.83,14.75,14.78,12.0291,59200,0,0
2023-09-11,14.86,14.89,14.77,14.78,12.0291,42800,0,0
2023-09-12,14.83,14.86,14.78,14.84,12.078,44200,0,0
2023-09-13,14.87,14.87,14.75,14.78,12.0291,86700,0,0
2023-09-14,14.93,14.96,14.87,14.94,12.1594,143100,0,0
2023-09-15,14.98,14.98,14.89,14.9,12.1268,31400,0,0
2023-09-18,14.9,14.92,14.87,14.89,12.1187,23400,0,0
2023-09-19,14.87,14.93,14.87,14.89,12.1187,72300,0,0
2023-09-20,14.89,14.98,14.85,14.88,12.1105,46200,0,0
2023-09-21,14.82,14.84,14.73,14.73,11.9885,66900,0,0
2023-09-22,14.61,14.69,14.57,14.57,11.9377,52100,0.098,0
2023-09-25,14.54,14.64,14.54,14.62,11.9786,54600,0,0
2023-09-26,14.63,14.63,14.47,14.5,11.8803,41000,0,0
2023-09-27,14.49,14.57,14.47,14.5,11.8803,82000,0,0
2023-09-28,14.5,14.67,14.5,14.67,12.0196,39100,0,0
2023-09-29,14.73,14.74,14.58,14.6,11.9622,114800,0,0
2023-10-02,14.58,14.61,14.35,14.41,11.8066,50800,0,0
2023-10-03,14.32,14.35,14.18,14.24,11.6673,67200,0,0
2023-10-04,14.3,14.3,14.13,14.22,11.6509,184800,0,0
2023-10-05,14.22,14.29,14.19,14.27,11.6919,243300,0,0
2023-10-06,14.24,14.37,14.17,14.31,11.7246,60100,0,0
2023-10-09,14.31,14.48,14.31,14.44,11.8311,85000,0,0
2023-10-10,14.46,14.57,14.46,14.53,11.9049,40000,0,0
2023-10-11,14.59,14.61,14.53,14.57,11.9377,53700,0,0
2023-10-12,14.57,14.61,14.43,14.51,11.8885,187300,0,0
2023-10-13,14.54,14.55,14.49,14.52,11.8967,116700,0,0
2023-10-16,14.65,14.65,14.51,14.59,11.954,58100,0,0
2023-10-17,14.51,14.66,14.51,14.6,11.9622,88800,0,0
2023-10-18,14.55,14.56,14.47,14.48,11.8639,56200,0,0
2023-10-19,14.47,14.54,14.38,14.4,11.7984,46900,0,0
2023-10-20,14.38,14.39,14.31,14.32,11.7328,37500,0,0
2023-10-23,14.34,14.36,14.21,14.27,11.6919,120600,0,0
2023-10-24,14.21,14.29,14.2,14.27,11.7305,30600,0.047,0
2023-10-25,14.27,14.28,14.19,14.2,11.6729,52200,0,0
2023-10-26,14.21,14.29,14.19,14.26,11.7223,46500,0,0
2023-10-27,14.25,14.25,14.1,14.12,11.6072,46800,0,0
2023-10-30,14.19,14.22,14.1,14.22,11.6894,64700,0,0
2023-10-31,14.24,14.3,14.2,14.27,11.7305,41700,0,0
2023-11-01,14.35,14.42,14.31,14.41,11.8456,42600,0,0
2023-11-02,14.44,14.68,14.41,14.68,12.0675,50800,0,0
2023-11-03,14.79,14.93,14.79,14.9,12.2484,58200,0,0
2023-11-06,14.85,14.85,14.73,14.78,12.1497,234500,0,0
2023-11-07,14.74,14.76,14.68,14.71,12.0922,145400,0,0
2023-11-08,14.72,14.72,14.63,14.71,12.0922,57300,0,0
2023-11-09,14.69,14.72,14.55,14.63,12.0264,136900,0,0
2023-11-10,14.69,14.79,14.62,14.66,12.0511,87500,0,0
2023-11-13,14.7,14.73,14.58,14.66,12.0511,141300,0,0
2023-11-14,14.9,15.02,14.88,15.01,12.3388,63800,0,0
2023-11-15,14.98,15.06,14.98,15.04,12.3635,94300,0,0
2023-11-16,15,15.03,14.88,14.94,12.2813,67700,0,0
2023-11-17,14.85,15.03,14.85,14.99,12.3224,81900,0,0
2023-11-20,15.06,15.06,14.95,15.02,12.347,51100,0,0
2023-11-21,14.93,14.93,14.81,14.84,12.2866,61000,0.107,0
2023-11-22,14.84,14.93,14.83,14.93,12.3611,121600,0,0
2023-11-24,14.89,14.95,14.89,14.94,12.3694,22700,0,0
2023-11-27,14.95,14.95,14.89,14.92,12.3528,50900,0,0
2023-11-28,14.95,14.98,14.9,14.98,12.4025,51800,0,0
2023-11-29,14.97,15.1,14.97,15.03,12.4439,94800,0,0
2023-11-30,15.05,15.19,15.04,15.16,12.5515,303800,0,0
2023-12-01,15.1,15.32,15.1,15.32,12.684,425400,0,0
2023-12-04,15.29,15.35,15.26,15.34,12.7005,91000,0,0
2023-12-05,15.31,15.32,15.25,15.27,12.6426,89000,0,0
2023-12-06,15.26,15.36,15.19,15.23,12.6095,82400,0,0
2023-12-07,15.19,15.26,15.19,15.23,12.6095,49600,0,0
2023-12-08,15.24,15.28,15.2,15.24,12.6178,46400,0,0
2023-12-11,15.23,15.26,15.2,15.26,12.6343,90300,0,0
2023-12-12,15.25,15.25,15.16,15.22,12.6012,74300,0,0
2023-12-13,15.23,15.45,15.14,15.44,12.7833,61000,0,0
2023-12-14,15.5,15.71,15.5,15.63,12.9407,82300,0,0
2023-12-15,15.69,15.69,15.5,15.55,12.8744,83900,0,0
2023-12-18,15.54,15.62,15.5,15.56,12.8827,102200,0,0
2023-12-19,15.54,15.71,15.54,15.67,12.9738,125900,0,0
2023-12-20,15.66,15.77,15.59,15.59,12.9075,187600,0,0
2023-12-21,15.68,15.7,15.63,15.67,12.9738,55600,0,0
2023-12-22,15.64,15.68,15.54,15.57,12.9721,78200,0.098,0
2023-12-26,15.6,15.69,15.6,15.67,13.0554,52900,0,0
2023-12-27,15.69,15.73,15.66,15.72,13.0971,88900,0,0
2023-12-28,15.66,15.72,15.66,15.7,13.0804,60300,0,0
2023-12-29,15.74,15.74,15.61,15.65,13.0388,90500,0,0
2024-01-02,15.65,15.73,15.64,15.73,13.1054,56900,0,0
2024-01-03,15.66,15.7,15.58,15.64,13.0304,65300,0,0
2024-01-04,15.66,15.66,15.54,15.55,12.9554,306700,0,0
2024-01-05,15.59,15.67,15.54,15.63,13.0221,174600,0,0
2024-01-08,15.61,15.67,15.57,15.65,13.0388,520200,0,0
2024-01-09,15.65,15.65,15.59,15.64,13.0304,58300,0,0
2024-01-10,15.61,15.64,15.59,15.61,13.0054,53900,0,0
2024-01-11,15.63,15.63,15.53,15.61,13.0054,45700,0,0
2024-01-12,15.62,15.67,15.58,15.62,13.0138,46400,0,0
2024-01-16,15.59,15.64,15.5,15.56,12.9638,93900,0,0
2024-01-17,15.45,15.5,15.35,15.44,12.8638,58300,0,0
2024-01-18,15.42,15.45,15.34,15.4,12.8305,341500,0,0
2024-01-19,15.41,15.49,15.35,15.45,12.8721,46700,0,0
2024-01-22,15.49,15.57,15.49,15.55,12.9554,83000,0,0
2024-01-23,15.54,15.54,15.43,15.45,12.9337,89700,0.074,0
2024-01-24,15.53,15.57,15.39,15.39,12.8834,74400,0,0
2024-01-25,15.48,15.58,15.48,15.58,13.0425,221300,0,0
2024-01-26,15.53,15.59,15.53,15.55,13.0174,86200,0,0
2024-01-29,15.59,15.6,15.54,15.6,13.0592,66600,0,0
2024-01-30,15.57,15.62,15.54,15.62,13.076,424500,0,0
2024-01-31,15.65,15.65,15.46,15.5,12.9755,44900,0,0
2024-02-01,15.55,15.6,15.45,15.6,13.0592,81100,0,0
2024-02-02,15.53,15.53,15.42,15.48,12.9588,36200,0,0
2024-02-05,15.41,15.41,15.29,15.33,12.8332,41200,0,0
2024-02-06,15.31,15.38,15.31,15.37,12.8667,33900,0,0
2024-02-07,15.43,15.43,15.29,15.37,12.8667,89500,0,0
2024-02-08,15.36,15.42,15.29,15.42,12.9086,64800,0,0
2024-02-09,15.42,15.42,15.34,15.39,12.8834,42700,0,0
2024-02-12,15.44,15.52,15.44,15.47,12.9504,51300,0,0
2024-02-13,15.43,15.43,15.23,15.27,12.783,45100,0,0
2024-02-14,15.32,15.39,15.3,15.33,12.8332,51700,0,0
2024-02-15,15.34,15.59,15.34,15.54,13.009,39300,0,0
2024-02-16,15.55,15.6,15.45,15.52,12.9923,120700,0,0
2024-02-20,15.5,15.56,15.49,15.54,13.009,132800,0,0
2024-02-21,15.49,15.54,15.43,15.46,13.0006,77100,0.07,0
2024-02-22,15.57,15.57,15.45,15.51,13.0427,56600,0,0
2024-02-23,15.58,15.6,15.53,15.58,13.1015,147300,0,0
2024-02-26,15.56,15.56,15.44,15.47,13.009,138200,0,0
2024-02-27,15.54,15.54,15.44,15.52,13.0511,67000,0,0
2024-02-28,15.49,15.54,15.41,15.47,13.009,53600,0,0
2024-02-29,15.55,15.57,15.45,15.53,13.0595,63100,0,0
2024-03-01,15.51,15.6,15.46,15.6,13.1183,78200,0,0
2024-03-04,15.54,15.63,15.53,15.63,13.1436,46200,0,0
2024-03-05,15.59,15.66,15.56,15.63,13.1436,65900,0,0
2024-03-06,15.68,15.7,15.63,15.69,13.194,58100,0,0
2024-03-07,15.7,15.75,15.67,15.69,13.194,83800,0,0
2024-03-08,15.75,15.8,15.66,15.72,13.2192,99400,0,0
2024-03-11,15.74,15.75,15.67,15.73,13.2277,73500,0,0
2024-03-12,15.8,15.8,15.62,15.68,13.1856,196400,0,0
2024-03-13,15.67,15.78,15.67,15.68,13.1856,56400,0,0
2024-03-14,15.73,15.73,15.51,15.55,13.0763,35900,0,0
2024-03-15,15.63,15.68,15.6,15.66,13.1688,195000,0,0
2024-03-18,15.68,15.7,15.62,15.64,13.152,56900,0,0
2024-03-19,15.68,15.74,15.66,15.72,13.2192,135300,0,0
2024-03-20,15.72,15.84,15.72,15.81,13.2949,52900,0,0
2024-03-21,15.76,15.76,15.66,15.71,13.3161,78400,0.125,0
2024-03-22,15.66,15.75,15.6,15.63,13.2483,76100,0,0
2024-03-25,15.67,15.75,15.57,15.6,13.2229,311100,0,0
2024-03-26,15.65,15.69,15.57,15.59,13.2144,95400,0,0
2024-03-27,15.63,15.77,15.63,15.77,13.367,118700,0,0
2024-03-28,15.84,15.87,15.79,15.79,13.3839,153000,0,0
2024-04-01,15.79,15.94,15.66,15.8,13.3924,538500,0,0
2024-04-02,15.77,15.78,15.71,15.74,13.3415,63100,0,0
2024-04-03,15.72,15.79,15.7,15.75,13.35,41400,0,0
2024-04-04,15.79,15.86,15.7,15.75,13.35,49200,0,0
2024-04-05,15.71,15.77,15.69,15.75,13.35,35800,0,0
2024-04-08,15.72,15.78,15.71,15.78,13.3755,43500,0,0
2024-04-09,15.76,15.81,15.74,15.78,13.3755,60600,0,0
2024-04-10,15.7,15.7,15.52,15.58,13.2059,60500,0,0
2024-04-11,15.62,15.62,15.47,15.57,13.1975,34500,0,0
2024-04-12,15.53,15.61,15.43,15.48,13.1212,82000,0,0
2024-04-15,15.62,15.62,15.31,15.37,13.0279,50100,0,0
2024-04-16,15.27,15.33,15.25,15.25,12.9262,29200,0,0
2024-04-17,15.29,15.36,15.29,15.31,12.9771,52400,0,0
2024-04-18,15.33,15.42,15.31,15.36,13.0195,586700,0,0
2024-04-19,15.36,15.51,15.36,15.47,13.1127,39700,0,0
2024-04-22,15.5,15.6,15.48,15.57,13.1975,34400,0,0
2024-04-23,15.56,15.63,15.48,15.59,13.2672,45700,0.062,0
2024-04-24,15.63,15.63,15.53,15.6,13.2757,63200,0,0
2024-04-25,15.59,15.63,15.53,15.58,13.2587,53600,0,0
2024-04-26,15.58,15.65,15.58,15.59,13.2672,110300,0,0
2024-04-29,15.64,15.72,15.62,15.72,13.3779,39100,0,0
2024-04-30,15.76,15.76,15.58,15.6,13.2757,76800,0,0
2024-05-01,15.62,15.71,15.56,15.68,13.3438,68300,0,0
2024-05-02,15.71,15.76,15.59,15.72,13.3779,45600,0,0
2024-05-03,15.8,15.8,15.68,15.77,13.4204,37400,0,0
2024-05-06,15.81,15.84,15.77,15.78,13.4289,29900,0,0
2024-05-07,15.83,15.88,15.82,15.85,13.4885,71400,0,0
2024-05-08,15.85,15.87,15.78,15.82,13.463,51200,0,0
2024-05-09,15.85,15.91,15.81,15.88,13.514,24500,0,0
2024-05-10,15.91,15.94,15.8,15.86,13.497,53600,0,0
2024-05-13,15.9,15.9,15.79,15.81,13.4545,41000,0,0
2024-05-14,15.86,15.9,15.82,15.86,13.497,44300,0,0
2024-05-15,15.93,15.95,15.87,15.94,13.5651,44900,0,0
2024-05-16,15.91,15.98,15.89,15.94,13.5651,84300,0,0
2024-05-17,15.98,15.98,15.88,15.94,13.5651,29600,0,0
2024-05-20,15.94,15.99,15.92,15.99,13.6076,55900,0,0
2024-05-21,15.93,15.93,15.81,15.84,13.5563,66800,0.09,0
2024-05-22,15.81,15.83,15.72,15.75,13.4793,32100,0,0
2024-05-23,15.71,15.73,15.53,15.55,13.3081,37600,0,0
2024-05-24,15.6,15.64,15.55,15.61,13.3594,38400,0,0
2024-05-28,15.68,15.68,15.54,15.57,13.3252,390300,0,0
2024-05-29,15.49,15.51,15.42,15.48,13.2482,58100,0,0
2024-05-30,15.52,15.59,15.49,15.58,13.3338,55400,0,0
2024-05-31,15.72,15.79,15.58,15.79,13.5135,75000,0,0
2024-06-03,15.83,15.83,15.51,15.79,13.5135,54300,0,0
2024-06-04,15.79,15.79,15.69,15.73,13.4621,50600,0,0
2024-06-05,15.76,15.76,15.67,15.73,13.4621,34600,0,0
2024-06-06,15.77,15.79,15.73,15.74,13.4707,67800,0,0
2024-06-07,15.69,15.75,15.68,15.68,13.4194,49800,0,0
2024-06-10,15.68,15.76,15.66,15.69,13.4279,47700,0,0
2024-06-11,15.66,15.72,15.62,15.65,13.3937,62200,0,0
2024-06-12,15.71,15.85,15.67,15.68,13.4194,65000,0,0
2024-06-13,15.68,15.71,15.64,15.69,13.4279,40800,0,0
2024-06-14,15.64,15.66,15.57,15.6,13.3509,23500,0,0
2024-06-17,15.55,15.65,15.52,15.6,13.3509,46200,0,0
2024-06-18,15.58,15.68,15.54,15.63,13.3766,39500,0,0
2024-06-20,15.61,15.71,15.61,15.65,13.3937,77700,0,0
2024-06-21,15.72,15.74,15.64,15.67,13.4108,40800,0,0
2024-06-24,15.68,15.82,15.64,15.8,13.5221,27700,0,0
2024-06-25,15.85,15.85,15.72,15.74,13.4707,47400,0,0
2024-06-26,15.75,15.75,15.66,15.72,13.4536,74100,0,0
2024-06-27,15.63,15.68,15.61,15.65,13.4699,44700,0.089,0
2024-06-28,15.73,15.77,15.67,15.72,13.5302,83300,0,0
2024-07-01,15.79,15.79,15.63,15.69,13.5044,55100,0,0
2024-07-02,15.68,15.76,15.68,15.72,13.5302,57100,0,0
2024-07-03,15.81,15.81,15.76,15.78,13.5818,37100,0,0
2024-07-05,15.73,15.75,15.71,15.74,13.5474,39100,0,0
2024-07-08,15.73,15.8,15.72,15.73,13.5388,110500,0,0
2024-07-09,15.81,15.81,15.71,15.78,13.5818,77600,0,0
2024-07-10,15.75,15.81,15.75,15.8,13.5991,55800,0,0
2024-07-11,15.86,16.03,15.86,16.01,13.7798,100700,0,0
2024-07-12,16.09,16.11,16.03,16.07,13.8314,57100,0,0
2024-07-15,16.12,16.15,16.07,16.11,13.8659,61100,0,0
2024-07-16,16.12,16.23,16.12,16.22,13.9605,57800,0,0
2024-07-17,16.22,16.38,16.22,16.38,14.0983,51400,0,0
2024-07-18,16.35,16.43,16.28,16.31,14.038,59200,0,0
2024-07-19,16.26,16.29,16.22,16.22,13.9605,29700,0,0
2024-07-22,16.23,16.31,16.2,16.29,14.0208,30400,0,0
2024-07-23,16.22,16.29,16.2,16.24,14.0199,394800,0.049,0
2024-07-24,16.28,16.28,16.12,16.13,13.925,53700,0,0
2024-07-25,16.13,16.29,16.13,16.18,13.9681,88200,0,0
2024-07-26,16.21,16.3,16.21,16.26,14.0372,26500,0,0
2024-07-29,16.25,16.29,16.23,16.27,14.0458,82400,0,0
2024-07-30,16.3,16.36,16.26,16.34,14.1063,135100,0,0
2024-07-31,16.39,16.39,16.28,16.3,14.0717,66900,0,0
2024-08-01,16.33,16.33,16.18,16.3,14.0717,103900,0,0
2024-08-02,16.17,16.24,16.08,16.2,13.9854,45400,0,0
2024-08-05,15.91,15.97,15.77,15.88,13.7091,75900,0,0
2024-08-06,15.87,16.07,15.87,15.97,13.7868,51700,0,0
2024-08-07,16.04,16.15,15.95,15.99,13.8041,37000,0,0
2024-08-08,15.97,16.1,15.97,16.06,13.8645,110900,0,0
2024-08-09,16.06,16.1,16.03,16.07,13.8732,46100,0,0
2024-08-12,16.13,16.13,15.96,15.98,13.7955,31400,0,0
2024-08-13,16,16.1,15.98,16.1,13.8991,59500,0,0
2024-08-14,16.14,16.19,16.05,16.18,13.9681,96900,0,0
2024-08-15,16.27,16.27,16.15,16.19,13.9768,54200,0,0
2024-08-16,16.18,16.29,16.18,16.27,14.0458,41700,0,0
2024-08-19,16.34,16.38,16.32,16.35,14.1149,52800,0,0
2024-08-20,16.33,16.36,16.27,16.32,14.089,65600,0,0
2024-08-21,16.18,16.25,16.18,16.21,14.0951,36400,0.117,0
2024-08-22,16.24,16.26,16.19,16.21,14.0951,26900,0,0
2024-08-23,16.3,16.39,16.25,16.38,14.2429,60600,0,0
2024-08-26,16.45,16.46,16.36,16.39,14.2516,88700,0,0
2024-08-27,16.41,16.41,16.31,16.35,14.2168,59100,0,0
2024-08-28,16.28,16.38,16.27,16.31,14.182,92300,0,0
2024-08-29,16.32,16.51,16.32,16.42,14.2777,61600,0,0
2024-08-30,16.46,16.49,16.38,16.46,14.3125,46600,0,0
2024-09-03,16.5,16.5,16.36,16.41,14.269,65500,0,0
2024-09-04,16.46,16.47,16.36,16.39,14.2516,91000,0,0
2024-09-05,16.39,16.44,16.33,16.36,14.2255,50000,0,0
2024-09-06,16.4,16.4,16.27,16.29,14.1646,95200,0,0
2024-09-09,16.35,16.35,16.3,16.32,14.1907,145900,0,0
2024-09-10,16.32,16.41,16.29,16.35,14.2168,60700,0,0
2024-09-11,16.38,16.38,16.21,16.35,14.2168,57200,0,0
2024-09-12,16.34,16.43,16.33,16.42,14.2777,29000,0,0
2024-09-13,16.48,16.57,16.47,16.54,14.382,46100,0,0
2024-09-16,16.63,16.7,16.58,16.69,14.5125,95100,0,0
2024-09-17,16.67,16.75,16.65,16.68,14.5038,472900,0,0
2024-09-18,16.72,16.78,16.68,16.7,14.5211,103600,0,0
2024-09-19,16.8,16.8,16.69,16.7,14.5211,28100,0,0
2024-09-20,16.73,16.73,16.64,16.72,14.5385,53600,0,0
2024-09-23,16.75,16.78,16.68,16.75,14.5646,94700,0,0
2024-09-24,16.72,16.79,16.69,16.74,14.5559,120600,0,0
2024-09-25,16.78,16.78,16.65,16.67,14.4951,68500,0,0
2024-09-26,16.68,16.68,16.48,16.52,14.4496,99200,0.098,0
2024-09-27,16.59,16.62,16.55,16.56,14.4846,49700,0,0
2024-09-30,16.62,16.64,16.56,16.63,14.5458,95600,0,0
2024-10-01,16.58,16.64,16.56,16.63,14.5458,50500,0,0
2024-10-02,16.63,16.63,16.55,16.6,14.5196,187500,0,0
2024-10-03,16.55,16.59,16.53,16.58,14.5021,52700,0,0
2024-10-04,16.56,16.65,16.56,16.63,14.5458,56500,0,0
2024-10-07,16.7,16.7,16.53,16.57,14.4933,108500,0,0
2024-10-08,16.55,16.56,16.47,16.48,14.4146,67200,0,0
2024-10-09,16.42,16.52,16.42,16.5,14.4321,31000,0,0
2024-10-10,16.5,16.59,16.47,16.49,14.4233,44400,0,0
2024-10-11,16.54,16.59,16.48,16.57,14.4933,31500,0,0
2024-10-14,16.61,16.65,16.56,16.64,14.5545,48000,0,0
2024-10-15,16.66,16.71,16.59,16.63,14.5458,33600,0,0
2024-10-16,16.62,16.74,16.62,16.7,14.607,82500,0,0
2024-10-17,16.68,16.7,16.63,16.66,14.572,42800,0,0
2024-10-18,16.6,16.7,16.6,16.7,14.607,42700,0,0
2024-10-21,16.64,16.69,16.51,16.56,14.4846,65300,0,0
2024-10-22,16.49,16.52,16.44,16.52,14.5127,35000,0.072,0
2024-10-23,16.52,16.52,16.42,16.46,14.46,51600,0,0
2024-10-24,16.54,16.55,16.46,16.52,14.5127,224500,0,0
2024-10-25,16.5,16.55,16.4,16.4,14.4073,134000,0,0
2024-10-28,16.41,16.48,16.41,16.46,14.46,42200,0,0
2024-10-29,16.48,16.48,16.36,16.38,14.3897,75600,0,0
2024-10-30,16.37,16.47,16.37,16.45,14.4512,66600,0,0
2024-10-31,16.49,16.49,16.32,16.32,14.337,78900,0,0
2024-11-01,16.42,16.43,16.28,16.31,14.3282,39000,0,0
2024-11-04,16.3,16.4,16.29,16.3,14.3194,228700,0,0
2024-11-05,16.35,16.47,16.32,16.46,14.46,80400,0,0
2024-11-06,16.66,16.66,16.48,16.58,14.5654,58300,0,0
2024-11-07,16.62,16.62,16.55,16.6,14.583,44400,0,0
2024-11-08,16.56,16.63,16.55,16.63,14.6093,61800,0,0
2024-11-11,16.69,16.69,16.61,16.67,14.6444,422300,0,0
2024-11-12,16.59,16.63,16.5,16.55,14.539,46600,0,0
2024-11-13,16.53,16.6,16.53,16.57,14.5566,84000,0,0
2024-11-14,16.54,16.57,16.53,16.53,14.5215,56600,0,0
2024-11-15,16.59,16.59,16.5,16.56,14.5478,41000,0,0
2024-11-18,16.49,16.63,16.49,16.57,14.5566,50000,0,0
2024-11-19,16.6,16.65,16.55,16.61,14.5917,25800,0,0
2024-11-20,16.66,16.66,16.58,16.64,14.6181,40400,0,0
2024-11-21,16.41,16.69,16.41,16.67,14.717,73000,0.082,0
2024-11-22,16.72,16.78,16.67,16.76,14.7964,95500,0,0
2024-11-25,16.83,16.88,16.77,16.8,14.8317,66600,0,0
2024-11-26,16.78,16.8,16.74,16.75,14.7876,57400,0,0
2024-11-27,16.86,16.91,16.86,16.87,14.8935,38100,0,0
2024-11-29,16.96,16.97,16.9,16.94,14.9553,33300,0,0
2024-12-02,16.88,16.88,16.81,16.87,14.8935,72600,0,0
2024-12-03,16.91,16.91,16.78,16.81,14.8406,69700,0,0
2024-12-04,16.84,16.84,16.68,16.68,14.7258,68600,0,0
2024-12-05,16.74,16.77,16.68,16.71,14.7523,53400,0,0
2024-12-06,16.72,16.78,16.63,16.63,14.6817,27600,0,0
2024-12-09,16.79,16.79,16.62,16.62,14.6728,88100,0,0
2024-12-10,16.66,16.66,16.56,16.56,14.6199,57000,0,0
2024-12-11,16.57,16.59,16.54,16.57,14.6287,58600,0,0
2024-12-12,16.61,16.62,16.52,16.54,14.6022,145700,0,0
2024-12-13,16.39,16.43,16.37,16.37,14.5453,164100,0.106,0
2024-12-16,16.47,16.47,16.33,16.35,14.5276,76500,0,0
2024-12-17,16.34,16.34,16.27,16.31,14.492,48100,0,0
2024-12-18,16.32,16.32,15.97,16,14.2166,81700,0,0
2024-12-19,16.08,16.08,15.95,15.96,14.181,54800,0,0
2024-12-20,15.97,16.11,15.94,16.08,14.2877,53000,0,0
2024-12-23,16.11,16.11,15.96,16.07,14.2788,456400,0,0
2024-12-24,16.04,16.1,16.02,16.1,14.3054,39200,0,0
2024-12-26,16.16,16.16,16.07,16.08,14.2877,41900,0,0
2024-12-27,16.03,16.13,15.99,16.08,14.2877,61300,0,0
2024-12-30,16.09,16.09,15.95,16.07,14.2788,66800,0,0
2024-12-31,16.11,16.16,16.07,16.15,14.3499,111200,0,0
2025-01-02,16.1,16.22,16.1,16.21,14.4032,152400,0,0
2025-01-03,16.24,16.28,16.2,16.27,14.4565,54000,0,0
2025-01-06,16.25,16.29,16.18,16.19,14.3854,49900,0,0
2025-01-07,16.2,16.23,16.09,16.14,14.341,84400,0,0
2025-01-08,16.13,16.16,16.03,16.13,14.3321,60200,0,0
2025-01-10,16.14,16.14,15.97,16.02,14.2343,79200,0,0
2025-01-13,16.03,16.09,16,16.09,14.2965,68100,0,0
2025-01-14,16.06,16.22,16.06,16.22,14.4121,52800,0,0
2025-01-15,16.28,16.35,16.28,16.33,14.5098,60400,0,0
2025-01-16,16.35,16.45,16.29,16.43,14.5987,119600,0,0
2025-01-17,16.51,16.51,16.44,16.47,14.6342,46300,0,0
2025-01-21,16.45,16.57,16.45,16.52,14.6786,45600,0,0
2025-01-22,16.49,16.49,16.34,16.34,14.5778,47800,0.067,0
2025-01-23,16.42,16.42,16.36,16.4,14.6313,59900,0,0
2025-01-24,16.36,16.44,16.36,16.4,14.6313,107500,0,0
2025-01-27,16.35,16.49,16.35,16.49,14.7116,87500,0,0
2025-01-28,16.4,16.48,16.37,16.39,14.6224,82400,0,0
2025-01-29,16.5,16.5,16.33,16.33,14.5689,243500,0,0
2025-01-30,16.44,16.53,16.4,16.53,14.7473,50200,0,0
2025-01-31,16.56,16.56,16.39,16.42,14.6492,52700,0,0
2025-02-03,16.34,16.44,16.24,16.44,14.667,59200,0,0
2025-02-04,16.38,16.5,16.36,16.43,14.6581,104000,0,0
2025-02-05,16.45,16.52,16.45,16.51,14.7295,105700,0,0
2025-02-06,16.51,16.56,16.44,16.47,14.6938,141600,0,0
2025-02-07,16.47,16.52,16.4,16.41,14.6403,81900,0,0
2025-02-10,16.45,16.49,16.42,16.49,14.7116,73500,0,0
2025-02-11,16.5,16.5,16.4,16.48,14.7027,74600,0,0
2025-02-12,16.41,16.44,16.36,16.37,14.6046,61900,0,0
2025-02-13,16.48,16.54,16.41,16.53,14.7473,67600,0,0
2025-02-14,16.51,16.59,16.51,16.51,14.7295,23200,0,0
2025-02-18,16.5,16.6,16.5,16.56,14.7741,99400,0,0
2025-02-19,16.58,16.62,16.58,16.61,14.8187,77500,0,0
2025-02-20,16.62,16.68,16.58,16.68,14.8811,70500,0,0
2025-02-21,16.6,16.6,16.44,16.46,14.7503,62600,0.074,0
2025-02-24,16.49,16.54,16.47,16.52,14.8041,48900,0,0
2025-02-25,16.48,16.6,16.48,16.55,14.8309,258300,0,0
2025-02-26,16.53,16.61,16.48,16.53,14.813,31800,0,0
2025-02-27,16.57,16.63,16.5,16.54,14.822,54400,0,0
2025-02-28,16.57,16.64,16.53,16.59,14.8668,102800,0,0
2025-03-03,16.56,16.68,16.49,16.51,14.7951,76600,0,0
2025-03-04,16.44,16.47,16.34,16.35,14.6517,86000,0,0
2025-03-05,16.44,16.48,16.27,16.41,14.7055,64800,0,0
2025-03-06,16.29,16.34,16.26,16.32,14.6248,38300,0,0
2025-03-07,16.25,16.48,16.25,16.46,14.7503,26800,0,0
2025-03-10,16.35,16.52,16.33,16.42,14.7145,51800,0,0
2025-03-11,16.44,16.44,16.21,16.31,14.6159,114900,0,0
2025-03-12,16.27,16.31,16.19,16.25,14.5621,133300,0,0
2025-03-13,16.28,16.34,16.17,16.18,14.4994,61500,0,0
2025-03-14,16.15,16.38,16.15,16.34,14.6428,98000,0,0
2025-03-17,16.32,16.49,16.32,16.43,14.7234,145700,0,0
2025-03-18,16.47,16.48,16.4,16.42,14.7145,52200,0,0
2025-03-19,16.42,16.54,16.42,16.47,14.7593,46900,0,0
2025-03-20,16.52,16.53,16.47,16.53,14.813,41200,0,0
2025-03-21,16.42,16.47,16.37,16.39,14.6876,33300,0,0
2025-03-24,16.41,16.52,16.41,16.51,14.7951,75000,0,0
2025-03-25,16.44,16.47,16.41,16.43,14.7234,32700,0,0
2025-03-26,16.42,16.51,16.42,16.47,14.7593,65100,0,0
2025-03-27,16.34,16.36,16.28,16.31,14.7367,70700,0.135,0
2025-03-28,16.36,16.36,16.23,16.31,14.7367,73700,0,0
2025-03-31,16.34,16.37,16.25,16.35,14.7728,60200,0,0
2025-04-01,16.32,16.41,16.28,16.41,14.827,66700,0,0
2025-04-02,16.31,16.45,16.31,16.4,14.818,44800,0,0
2025-04-03,16.12,16.25,16.06,16.1,14.5469,96300,0,0
2025-04-04,15.94,15.95,15.41,15.45,13.9596,112100,0,0
2025-04-07,15.1,15.27,14.8,15.1,13.6434,129400,0,0
2025-04-08,15.38,15.46,14.88,14.96,13.5169,73700,0,0
2025-04-09,14.79,15.55,14.75,15.48,13.9867,103200,0,0
2025-04-10,15.53,15.53,14.97,15.17,13.7066,270700,0,0
2025-04-11,15.15,15.34,14.99,15.26,13.788,45700,0,0
2025-04-14,15.36,15.55,15.36,15.52,14.0229,69600,0,0
2025-04-15,15.48,15.63,15.48,15.51,14.0138,52100,0,0
2025-04-16,15.52,15.68,15.48,15.56,14.059,38300,0,0
2025-04-17,15.51,15.79,15.51,15.69,14.1765,100600,0,0
2025-04-21,15.72,15.72,15.42,15.53,14.0319,43100,0,0
2025-04-22,15.63,15.68,15.54,15.62,14.1597,90300,0.051,0
2025-04-23,15.76,15.86,15.62,15.71,14.2413,50200,0,0
2025-04-24,15.65,15.8,15.63,15.8,14.3229,916600,0,0
2025-04-25,15.8,15.8,15.65,15.72,14.2504,18500,0,0
2025-04-28,15.82,15.84,15.73,15.84,14.3592,58900,0,0
2025-04-29,15.86,15.89,15.79,15.86,14.3773,59000,0,0
2025-04-30,15.84,15.84,15.64,15.77,14.2957,37500,0,0
2025-05-01,15.81,15.82,15.68,15.72,14.2504,300700,0,0
2025-05-02,15.82,15.85,15.75,15.85,14.3682,55000,0,0
2025-05-05,15.86,15.86,15.71,15.76,14.2866,50400,0,0
2025-05-06,15.76,15.76,15.64,15.74,14.2685,36800,0,0
2025-05-07,15.66,15.79,15.66,15.73,14.2595,76200,0,0
2025-05-08,15.81,15.82,15.7,15.76,14.2866,72400,0,0
2025-05-09,15.77,15.81,15.74,15.78,14.3048,58000,0,0
2025-05-12,15.87,15.98,15.86,15.88,14.3954,52400,0,0
2025-05-13,15.86,15.98,15.86,15.9,14.4136,51500,0,0
2025-05-14,15.96,15.96,15.82,15.9,14.4136,229700,0,0
2025-05-15,15.91,16,15.88,16,14.5042,38900,0,0
2025-05-16,16.02,16.07,15.96,16.05,14.5495,39900,0,0
2025-05-19,15.96,16.04,15.95,16.04,14.5405,53100,0,0
2025-05-20,16.06,16.06,15.99,16.02,14.5223,22200,0,0
2025-05-21,15.86,15.96,15.67,15.67,14.2952,92900,0.101,0
2025-05-22,15.71,15.72,15.58,15.69,14.3134,47400,0,0
2025-05-23,15.57,15.71,15.57,15.65,14.2769,40300,0,0
2025-05-27,15.74,15.85,15.74,15.8,14.4138,57300,0,0
2025-05-28,15.87,15.87,15.7,15.78,14.3955,35800,0,0
2025-05-29,15.83,15.84,15.7,15.8,14.4138,108800,0,0
2025-05-30,15.81,15.82,15.74,15.82,14.432,54500,0,0
2025-06-02,15.8,15.83,15.69,15.83,14.4411,49500,0,0
2025-06-03,15.8,15.88,15.73,15.83,14.4411,39400,0,0
2025-06-04,15.86,15.86,15.76,15.79,14.4047,43800,0,0
2025-06-05,15.83,15.83,15.73,15.77,14.3864,42600,0,0
2025-06-06,15.79,15.86,15.79,15.86,14.4685,32100,0,0
2025-06-09,15.86,15.93,15.82,15.84,14.4503,64600,0,0
2025-06-10,15.88,15.98,15.86,15.96,14.5597,117900,0,0
2025-06-11,15.94,15.98,15.9,15.9,14.505,22200,0,0
2025-06-12,15.9,16,15.9,16,14.5962,40200,0,0
2025-06-13,15.94,15.99,15.86,15.9,14.505,67200,0,0
2025-06-16,15.97,15.98,15.85,15.89,14.4959,158600,0,0
2025-06-17,15.9,15.95,15.85,15.85,14.4594,199300,0,0
2025-06-18,15.85,15.93,15.85,15.87,14.4776,42000,0,0
2025-06-20,15.85,15.91,15.83,15.87,14.4776,100300,0,0
2025-06-23,15.84,15.92,15.81,15.85,14.4594,39100,0,0
2025-06-24,15.94,15.95,15.88,15.9,14.505,69600,0,0
2025-06-25,15.85,15.85,15.74,15.74,14.359,34600,0,0
2025-06-26,15.72,15.79,15.69,15.79,14.4921,55900,0.095,0
2025-06-27,15.83,15.85,15.73,15.76,14.4646,54300,0,0
2025-06-30,15.85,15.85,15.73,15.81,14.5105,60700,0,0
2025-07-01,15.73,15.95,15.73,15.91,14.6023,74200,0,0
2025-07-02,15.89,16.04,15.88,16.04,14.7216,39700,0,0
2025-07-03,16.08,16.1,16.02,16.02,14.7032,33400,0,0
2025-07-07,15.99,16.04,15.87,15.95,14.639,50200,0,0
2025-07-08,15.91,16.02,15.89,15.98,14.6665,80000,0,0
2025-07-09,16,16.03,15.95,15.99,14.6757,55900,0,0
2025-07-10,15.98,16.09,15.98,16.06,14.7399,30000,0,0
2025-07-11,15.94,16.12,15.94,16.02,14.7032,383100,0,0
2025-07-14,16.01,16.1,16.01,16.09,14.7675,57700,0,0
2025-07-15,16.06,16.13,15.91,15.91,14.6023,53000,0,0
2025-07-16,15.93,16.02,15.88,15.95,14.639,1584000,0,0
2025-07-17,15.94,16.05,15.94,16,14.6849,90300,0,0
2025-07-18,16.05,16.08,15.98,15.99,14.6757,57900,0,0
2025-07-21,15.98,16.07,15.96,15.98,14.6665,33700,0,0
2025-07-22,15.99,16.08,15.92,16.06,14.7871,48600,0.051,0
2025-07-23,16.04,16.13,16.04,16.13,14.8516,35200,0,0
2025-07-24,16.07,16.13,16.06,16.08,14.8055,60500,0,0
2025-07-25,16.15,16.15,16.04,16.11,14.8332,130200,0,0
2025-07-28,16.15,16.15,16.02,16.03,14.7595,60700,0,0
2025-07-29,16.03,16.09,16.03,16.08,14.8055,118400,0,0
2025-07-30,16.07,16.14,15.95,16.03,14.7595,123600,0,0
2025-07-31,16.02,16.02,15.91,15.93,14.6674,75700,0,0
2025-08-01,15.88,15.91,15.79,15.87,14.6122,45000,0,0
2025-08-04,15.86,16,15.86,15.97,14.7043,69800,0,0
2025-08-05,15.97,16.01,15.9,15.97,14.7043,51500,0,0
2025-08-06,16.01,16.01,15.94,15.94,14.6766,43600,0,0
2025-08-07,15.99,16.03,15.95,15.96,14.6951,50600,0,0
2025-08-08,16.04,16.04,15.94,16.02,14.7503,67800,0,0
2025-08-11,16.04,16.04,15.9,15.92,14.6582,31000,0,0
2025-08-12,15.99,16.07,15.97,16.06,14.7871,42500,0,0
2025-08-13,16.06,16.19,16.05,16.19,14.9068,35100,0,0
2025-08-14,16.14,16.16,16.1,16.12,14.8424,50200,0,0
2025-08-15,16.13,16.2,16.08,16.11,14.8332,36300,0,0
2025-08-18,16.08,16.08,16.02,16.03,14.7595,71700,0,0
2025-08-19,16.02,16.15,16.02,16.09,14.8147,102300,0,0
2025-08-20,16.16,16.18,16.08,16.1,14.824,51200,0,0
2025-08-21,15.96,16.04,15.96,16.01,14.836,38200,0.103,0
2025-08-22,16.02,16.23,16.02,16.21,15.0213,60200,0,0
2025-08-25,16.18,16.2,16.13,16.13,14.9472,41200,0,0
2025-08-26,16.09,16.15,16.06,16.12,14.9379,31500,0,0
2025-08-27,16.07,16.19,16.07,16.18,14.9935,38200,0,0
2025-08-28,16.23,16.25,16.13,16.25,15.0584,53400,0,0
2025-08-29,16.28,16.28,16.21,16.26,15.0677,72000,0,0
2025-09-02,16.2,16.2,16.12,16.16,14.975,64500,0,0
2025-09-03,16.16,16.16,16.11,16.13,14.9472,90100,0,0
2025-09-04,16.16,16.22,16.16,16.22,15.0306,91100,0,0
2025-09-05,16.29,16.35,16.19,16.21,15.0213,45200,0,0
2025-09-08,16.26,16.26,16.13,16.18,14.9935,401700,0,0
2025-09-09,16.14,16.18,16.13,16.14,14.9565,53300,0,0
2025-09-10,16.15,16.18,16.12,16.15,14.9657,37500,0,0
2025-09-11,16.13,16.24,16.13,16.22,15.0306,62500,0,0
2025-09-12,16.2,16.25,16.17,16.21,15.0213,54900,0,0
2025-09-15,16.25,16.25,16.15,16.15,14.9657,54500,0,0
2025-09-16,16.15,16.2,16.12,16.14,14.9565,75000,0,0
2025-09-17,16.17,16.26,16.14,16.15,14.9657,44600,0,0
2025-09-18,16.22,16.24,16.16,16.21,15.0213,47300,0,0
2025-09-19,16.15,16.21,16.11,16.11,14.9287,322700,0,0
2025-09-22,16.14,16.14,16.05,16.07,14.8916,404400,0,0
2025-09-23,16.1,16.15,16.08,16.11,14.9287,96700,0,0
2025-09-24,16.08,16.15,16.08,16.13,14.9472,73600,0,0
2025-09-25,16.01,16.05,15.98,16,14.9062,31500,0.086,0
2025-09-26,15.98,16.09,15.98,16.07,14.9714,39300,0,0
2025-09-29,16.07,16.07,15.98,16.01,14.9155,53500,0,0
2025-09-30,16.1,16.1,15.98,16.04,14.9435,71200,0,0
2025-10-01,16.07,16.13,16.04,16.13,15.0273,45900,0,0
2025-10-02,16.09,16.17,16,16.03,14.9342,29600,0,0
2025-10-03,16.1,16.1,16.05,16.05,14.9528,48800,0,0
2025-10-06,16.02,16.05,15.97,15.98,14.8876,32700,0,0
2025-10-07,15.98,15.99,15.92,15.94,14.8503,26700,0,0
2025-10-08,15.89,15.94,15.87,15.91,14.8224,86600,0,0
2025-10-09,15.84,15.91,15.77,15.8,14.7199,70200,0,0
2025-10-10,15.9,15.9,15.6,15.63,14.5615,68800,0,0
2025-10-13,15.66,15.76,15.62,15.69,14.6174,51600,0,0
2025-10-14,15.65,15.77,15.61,15.73,14.6547,40600,0,0
2025-10-15,15.8,15.85,15.74,15.76,14.6826,44900,0,0
2025-10-16,15.83,15.83,15.62,15.65,14.5801,48200,0,0
2025-10-17,15.69,15.78,15.64,15.75,14.6733,49000,0,0
2025-10-20,15.73,15.84,15.73,15.83,14.7478,33100,0,0
2025-10-21,15.81,15.81,15.72,15.73,14.7198,42800,0.07,0
2025-10-22,15.71,15.82,15.71,15.79,14.7759,47600,0,0
2025-10-23,15.75,15.83,15.73,15.78,14.7665,68000,0,0
2025-10-24,15.77,15.85,15.77,15.81,14.7946,116100,0,0
2025-10-27,15.9,15.9,15.82,15.84,14.8227,73300,0,0
2025-10-28,15.8,15.84,15.76,15.79,14.7759,915900,0,0
2025-10-29,15.78,15.79,15.62,15.64,14.6355,73400,0,0
2025-10-30,15.66,15.7,15.61,15.66,14.6543,129500,0,0
2025-10-31,15.7,15.7,15.6,15.65,14.6449,130400,0,0
2025-11-03,15.64,15.64,15.54,15.62,14.6168,69400,0,0
2025-11-04,15.59,15.62,15.56,15.59,14.5887,66300,0,0
2025-11-05,15.6,15.71,15.59,15.67,14.6636,113300,0,0
2025-11-06,15.67,15.79,15.67,15.72,14.7104,56900,0,0
2025-11-07,15.75,15.79,15.7,15.79,14.7759,43000,0,0
2025-11-10,15.85,15.85,15.76,15.83,14.8133,30300,0,0
2025-11-11,15.79,15.93,15.79,15.91,14.8882,240100,0,0
2025-11-12,15.89,15.95,15.87,15.9,14.8788,80700,0,0
2025-11-13,15.93,15.95,15.85,15.85,14.8321,35000,0,0
2025-11-14,15.88,15.93,15.82,15.93,14.9069,80000,0,0
2025-11-17,15.85,15.9,15.74,15.76,14.7478,66000,0,0
2025-11-18,15.72,15.81,15.72,15.8,14.7853,97600,0,0
2025-11-19,15.8,15.8,15.68,15.71,14.701,160800,0,0
2025-11-20,15.73,15.82,15.65,15.66,14.6543,96200,0,0
2025-11-21,15.52,15.72,15.52,15.67,14.7683,59600,0.111,0
2025-11-24,15.66,15.71,15.61,15.66,14.7589,118600,0,0
2025-11-25,15.63,15.78,15.63,15.77,14.8625,77300,0,0
2025-11-26,15.82,15.88,15.81,15.82,14.9097,83200,0,0
2025-11-28,15.93,15.93,15.83,15.9,14.9851,51000,0,0
2025-12-01,15.79,15.88,15.79,15.84,14.9285,53200,0,0
2025-12-02,15.83,15.84,15.75,15.77,14.8625,85900,0,0
2025-12-03,15.81,15.88,15.8,15.85,14.9379,70000,0,0
2025-12-04,15.88,15.88,15.8,15.83,14.9191,146100,0,0
2025-12-05,15.81,15.89,15.81,15.84,14.9285,63900,0,0
2025-12-08,15.79,15.82,15.74,15.76,14.8531,97900,0,0
2025-12-09,15.79,15.86,15.74,15.77,14.8625,82700,0,0
2025-12-10,15.78,15.9,15.77,15.86,14.9474,52000,0,0
2025-12-11,15.83,15.93,15.83,15.88,14.9662,48100,0,0
2025-12-12,15.78,15.88,15.78,15.81,14.9766,61800,0.081,0
2025-12-15,15.87,15.88,15.77,15.82,14.9861,137500,0,0
2025-12-16,15.87,15.87,15.69,15.72,14.8914,111900,0,0
2025-12-17,15.72,15.83,15.72,15.79,14.9577,100600,0,0
2025-12-18,15.85,15.9,15.75,15.77,14.9387,78000,0,0
2025-12-19,15.75,15.77,15.69,15.7,14.8724,55600,0,0
2025-12-22,15.76,15.76,15.69,15.71,14.8819,77600,0,0
2025-12-23,15.69,15.75,15.66,15.68,14.8535,99700,0,0
2025-12-24,15.67,15.73,15.67,15.73,14.9008,53100,0,0
2025-12-26,15.76,15.76,15.69,15.73,14.9008,37700,0,0
2025-12-29,15.69,15.77,15.69,15.71,14.8819,74000,0,0
2025-12-30,15.68,15.78,15.68,15.76,14.9293,157100,0,0
2025-12-31,15.8,15.8,15.7,15.72,14.8914,118200,0,0
2026-01-02,15.75,15.85,15.66,15.78,14.9482,51700,0,0
2026-01-05,15.81,15.84,15.73,15.8,14.9672,54500,0,0
2026-01-06,15.83,15.83,15.77,15.8,14.9672,50000,0,0
2026-01-07,15.77,15.8,15.69,15.75,14.9198,47200,0,0
2026-01-08,15.77,15.95,15.77,15.92,15.0808,229100,0,0
2026-01-09,15.9,15.98,15.9,15.96,15.1187,48800,0,0
2026-01-12,15.91,15.99,15.91,15.97,15.1282,352200,0,0
2026-01-13,16.02,16.04,15.94,15.99,15.1471,60800,0,0
2026-01-14,15.96,16.1,15.96,16.08,15.2324,40700,0,0
2026-01-15,16.05,16.14,16.05,16.12,15.2703,58400,0,0
2026-01-16,16.09,16.15,16.07,16.12,15.2703,89400,0,0
2026-01-20,16.03,16.13,16.01,16.06,15.2134,137500,0,0
2026-01-21,16.04,16.13,15.87,16.12,15.3276,74700,0.06,0
2026-01-22,16.18,16.18,16.08,16.13,15.3371,97800,0,0
2026-01-23,16.08,16.19,16.08,16.1,15.3085,94600,0,0
2026-01-26,16.11,16.15,16.06,16.12,15.3276,98000,0,0
2026-01-27,16.11,16.16,16.1,16.16,15.3656,46600,0,0
2026-01-28,16.16,16.22,16.08,16.13,15.3371,73000,0,0
2026-01-29,16.17,16.22,16.13,16.22,15.4226,82100,0,0
2026-01-30,16.25,16.28,16.1,16.23,15.4321,64800,0,0
2026-02-02,16.24,16.26,16.15,16.2,15.4036,124900,0,0
2026-02-03,16.16,16.3,16.16,16.28,15.4797,142200,0,0
2026-02-04,16.24,16.44,16.24,16.42,15.6128,73400,0,0
2026-02-05,16.4,16.42,16.35,16.41,15.6033,48400,0,0
2026-02-06,16.42,16.5,16.42,16.5,15.6889,45900,0,0
2026-02-09,16.57,16.57,16.44,16.51,15.6984,42800,0,0
2026-02-10,16.48,16.59,16.48,16.59,15.7744,86200,0,0
2026-02-11,16.58,16.64,16.38,16.63,15.8125,52600,0,0
2026-02-12,16.63,16.73,16.52,16.55,15.7364,77300,0,0
2026-02-13,16.52,16.7,16.52,16.65,15.8315,46900,0,0
2026-02-17,16.65,16.68,16.56,16.67,15.8505,52700,0,0
2026-02-18,16.66,16.72,16.66,16.66,15.841,51900,0,0
2026-02-19,16.81,16.81,16.61,16.69,15.8695,68600,0,0
2026-02-20,16.56,16.64,16.55,16.62,15.8762,70900,0.077,0
2026-02-23,16.64,16.69,16.53,16.56,15.8189,44200,0,0
2026-02-24,16.55,16.6,16.5,16.55,15.8093,68700,0,0
2026-02-25,16.61,16.61,16.47,16.55,15.8093,62600,0,0
2026-02-26,16.58,16.66,16.58,16.63,15.8858,90200,0,0
2026-02-27,16.69,16.69,16.54,16.55,15.8093,47300,0,0
2026-03-02,16.48,16.69,16.48,16.68,15.9335,89400,0,0
2026-03-03,16.52,16.65,16.46,16.59,15.8476,70000,0,0
2026-03-04,16.64,16.67,16.53,16.65,15.9049,26600,0,0
2026-03-05,16.62,16.63,16.55,16.61,15.8667,39700,0,0
2026-03-06,16.59,16.59,16.44,16.53,15.7902,116700,0,0
2026-03-09,16.42,16.52,16.33,16.49,15.752,30800,0,0
2026-03-10,16.45,16.55,16.42,16.43,15.6947,33900,0,0
2026-03-11,16.38,16.44,16.37,16.41,15.6756,57500,0,0
2026-03-12,16.34,16.42,16.34,16.35,15.6183,93300,0,0
2026-03-13,16.35,16.43,16.3,16.33,15.5992,21400,0,0
2026-03-16,16.47,16.47,16.37,16.39,15.6565,57900,0,0
2026-03-17,16.39,16.48,16.39,16.39,15.6565,618000,0,0
2026-03-18,16.4,16.4,16.27,16.29,15.561,94300,0,0
2026-03-19,16.29,16.39,16.29,16.36,15.6279,65200,0,0
2026-03-20,16.31,16.36,16.13,16.15,15.4272,34900,0,0
2026-03-23,16.29,16.33,16.23,16.26,15.5323,44700,0,0
2026-03-24,16.27,16.38,16.23,16.28,15.5514,33200,0,0
2026-03-25,16.28,16.34,16.26,16.3,15.5705,36400,0,0
2026-03-26,16.09,16.24,16.09,16.14,15.5455,71500,0.134,0
2026-03-27,16.09,16.17,16.03,16.05,15.4588,44100,0,0
2026-03-30,16.1,16.2,16.05,16.08,15.4877,45400,0,0
2026-03-31,16.22,16.22,16.07,16.17,15.5744,46800,0,0
2026-04-01,16.23,16.23,16.08,16.17,15.5744,67100,0,0
2026-04-02,16.09,16.26,16.09,16.24,15.6418,41900,0,0
2026-04-06,16.19,16.33,16.16,16.33,15.7285,71000,0,0
2026-04-07,16.25,16.32,16.25,16.28,15.6803,36900,0,0
2026-04-08,16.28,16.43,16.28,16.4,15.7959,256800,0,0
2026-04-09,16.34,16.48,16.34,16.46,15.8537,80200,0,0
2026-04-10,16.42,16.47,16.42,16.43,15.8248,27300,0,0
2026-04-13,16.4,16.42,16.35,16.42,15.8152,57600,0,0
2026-04-14,16.39,16.45,16.38,16.45,15.8441,41700,0,0
2026-04-15,16.48,16.48,16.37,16.48,15.873,56600,0,0
2026-04-16,16.5,16.51,16.44,16.47,15.8633,31000,0,0
2026-04-17,16.46,16.56,16.42,16.55,15.9404,40900,0,0
2026-04-20,16.46,16.56,16.46,16.53,15.9211,59000,0,0
2026-04-21,16.45,16.53,16.4,16.42,15.8651,25700,0.052,0
2026-04-22,16.47,16.47,16.39,16.43,15.8748,39600,0,0
2026-04-23,16.36,16.5,16.36,16.49,15.9327,190800,0,0
2026-04-24,16.43,16.48,16.41,16.46,15.9037,88000,0,0
2026-04-27,16.41,16.55,16.41,16.52,15.9617,66700,0,0
2026-04-28,16.43,16.59,16.38,16.56,16.0004,41600,0,0
2026-04-29,16.57,16.58,16.5,16.56,16.0004,93000,0,0
2026-04-30,16.74,16.74,16.52,16.7,16.1356,102500,0,0
2026-05-01,16.7,16.7,16.63,16.66,16.097,61700,0,0
2026-05-04,16.61,16.69,16.55,16.58,16.0197,50600,0,0
2026-05-05,16.63,16.65,16.56,16.61,16.0487,41600,0,0
2026-05-06,16.66,16.66,16.53,16.57,16.01,32600,0,0
2026-05-07,16.6,16.61,16.47,16.59,16.0293,39800,0,0
2026-05-08,16.57,16.66,16.57,16.61,16.0487,111700,0,0
2026-05-11,16.63,16.66,16.58,16.62,16.0583,40300,0,0
2026-05-12,16.58,16.67,16.52,16.65,16.0873,64500,0,0
2026-05-13,16.65,16.65,16.54,16.59,16.0293,43100,0,0
2026-05-14,16.55,16.69,16.55,16.64,16.0777,27500,0,0
2026-05-15,16.56,16.62,16.53,16.57,16.01,29200,0,0
2026-05-18,16.64,16.7,16.54,16.67,16.1066,48400,0,0
2026-05-19,16.57,16.7,16.57,16.66,16.097,35700,0,0
2026-05-20,16.72,16.77,16.7,16.76,16.1936,47700,0,0
2026-05-21,16.54,16.64,16.5,16.61,16.1761,66700,0.132,0
2026-05-22,16.6,16.68,16.6,16.65,16.215,32800,0,0
2026-05-26,16.64,16.7,16.59,16.65,16.215,32600,0,0
2026-05-27,16.67,16.69,16.59,16.59,16.1566,36900,0,0
2026-05-28,16.55,16.69,16.51,16.59,16.1566,48800,0,0
2026-05-29,16.65,16.65,16.5,16.53,16.0982,67200,0,0
2026-06-01,16.5,16.63,16.44,16.49,16.0592,46100,0,0
2026-06-02,16.51,16.6,16.49,16.57,16.1371,122800,0,0
2026-06-03,16.51,16.58,16.45,16.47,16.0397,59600,0,0
2026-06-04,16.56,16.73,16.54,16.61,16.1761,187100,0,0
2026-06-05,16.62,16.64,16.55,16.59,16.1566,199000,0,0
2026-06-08,16.54,16.72,16.52,16.54,16.1079,45700,0,0
2026-06-09,16.62,16.66,16.58,16.62,16.1858,47100,0,0
2026-06-10,16.58,16.74,16.58,16.65,16.215,27600,0,0
2026-06-11,16.58,16.76,16.58,16.7,16.2637,143800,0,0
2026-06-12,16.74,16.76,16.68,16.73,16.2929,50900,0,0
2026-06-15,16.72,16.77,16.56,16.59,16.1566,40200,0,0
2026-06-16,16.65,16.65,16.54,16.57,16.1371,44800,0,0
2026-06-17,16.61,16.61,16.4,16.42,15.991,86300,0,0
2026-06-18,16.54,16.54,16.41,16.42,15.991,53900,0,0
2026-06-22,16.45,16.48,16.4,16.44,16.0105,35100,0,0
2026-06-23,16.45,16.58,16.44,16.55,16.1176,42200,0,0
2026-06-24,16.52,16.61,16.51,16.54,16.1079,64500,0,0
2026-06-25,16.48,16.48,16.33,16.43,16.1561,39100,0.159,0
2026-06-26,16.47,16.57,16.47,16.54,16.2642,41400,0,0
2026-06-29,16.65,16.65,16.49,16.58,16.3036,75600,0,0
2026-06-30,16.63,16.63,16.52,16.53,16.2544,99300,0,0
2026-07-01,16.55,16.58,16.52,16.55,16.2741,41300,0,0
2026-07-02,16.56,16.64,16.56,16.61,16.3331,33500,0,0
2026-07-06,16.56,16.62,16.53,16.58,16.3036,73400,0,0
2026-07-07,16.59,16.75,16.59,16.67,16.3921,114100,0,0
2026-07-08,16.67,16.67,16.6,16.62,16.3429,35400,0,0
2026-07-09,16.63,16.65,16.33,16.61,16.3331,79600,0,0
2026-07-10,16.66,16.72,16.61,16.66,16.3822,88000,0,0
2026-07-13,16.64,16.75,16.64,16.73,16.4511,80100,0,0
2026-07-14,16.69,16.76,16.69,16.73,16.4511,101300,0,0
2026-07-15,16.77,16.82,16.66,16.76,16.4806,65900,0,0
2026-07-16,16.7,16.95,16.7,16.93,16.6477,53600,0,0
2026-07-17,16.89,17,16.81,16.88,16.5986,61800,0,0
2026-07-20,16.9,16.91,16.79,16.83,16.5494,80500,0,0
2026-07-21,16.81,16.92,16.5,16.72,16.5079,60500,0.068,0
2026-07-22,16.78,16.82,16.77,16.82,16.6067,33800,0,0
2026-07-23,16.79,16.81,16.64,16.7,16.4882,39000,0,0
2026-07-24,16.67,16.83,16.67,16.78,16.5672,28800,0,0
2026-07-27,16.84,16.84,16.74,16.77,16.5573,36900,0,0
2026-07-28,16.77,16.96,16.77,16.9,16.6857,38600,0,0
2026-07-29,16.83,16.96,16.82,16.85,16.6363,52300,0,0
2026-07-30,16.89,16.89,16.73,16.82,16.6067,38900,0,0
2026-07-31,16.85,16.85,16.7,16.81,16.5968,47500,0,0
2026-08-03,16.8,16.86,16.77,16.83,16.6165,78500,0,0
2026-08-04,16.85,16.88,16.72,16.84,16.6264,64500,0,0
2026-08-05,16.79,16.81,16.71,16.76,16.5474,218200,0,0
2026-08-06,16.76,16.78,16.72,16.75,16.5376,39600,0,0
2026-08-07,16.76,16.81,16.74,16.77,16.5573,60900,0,0
2026-08-10,16.71,16.75,16.7,16.75,16.5376,38200,0,0
2026-08-11,16.72,16.82,16.71,16.78,16.5672,56400,0,0
2026-08-12,16.83,16.86,16.77,16.83,16.6165,18200,0,0
2026-08-13,16.8,16.93,16.8,16.89,16.6758,48900,0,0
2026-08-14,16.85,16.96,16.85,16.93,16.7153,35100,0,0
2026-08-17,16.87,16.96,16.86,16.9,16.6857,34600,0,0
2026-08-18,16.95,16.96,16.91,16.92,16.7054,55900,0,0
2026-08-19,16.92,17.02,16.91,16.94,16.7252,39800,0,0
2026-08-20,16.92,16.96,16.9,16.91,16.6955,29100,0,0
2026-08-21,16.73,16.84,16.73,16.8,16.7005,67600,0.115,0
2026-08-24,16.76,16.86,16.76,16.84,16.7403,51500,0,0
2026-08-25,16.9,16.9,16.76,16.81,16.7104,53400,0,0
2026-08-26,16.76,16.84,16.76,16.83,16.7303,29400,0,0
2026-08-27,16.81,16.81,16.71,16.8,16.7005,54200,0,0
2026-08-28,16.82,16.9,16.77,16.79,16.6906,64000,0,0
2026-08-31,16.85,16.85,16.7,16.73,16.6309,69200,0,0
2026-09-01,16.7,16.77,16.68,16.69,16.5912,112100,0,0
2026-09-02,16.69,16.78,16.67,16.74,16.6409,33800,0,0
2026-09-03,16.8,16.82,16.74,16.78,16.6806,38300,0,0
2026-09-04,16.75,16.8,16.74,16.76,16.6607,37800,0,0
2026-09-08,16.74,16.77,16.74,16.75,16.6508,102700,0,0
2026-09-09,16.74,16.75,16.66,16.72,16.621,64000,0,0
2026-09-10,16.66,16.66,16.58,16.6,16.5017,96900,0,0
2026-09-11,16.61,16.77,16.58,16.61,16.5116,36400,0,0
2026-09-14,16.58,16.69,16.56,16.57,16.4719,32100,0,0
2026-09-15,16.59,16.59,16.47,16.49,16.3923,65700,0,0
2026-09-16,16.49,16.52,16.33,16.38,16.283,51600,0,0
2026-09-17,16.41,16.49,16.41,16.44,16.3426,62400,0,0
2026-09-18,16.38,16.41,16.32,16.36,16.2631,27100,0,0
2026-09-21,16.37,16.4,16.34,16.34,16.2432,24600,0,0
2026-09-22,16.34,16.4,16.3,16.32,16.2233,49700,0,0
2026-09-23,16.3,16.31,16.19,16.21,16.114,106100,0,0
2026-09-24,16.05,16.12,15.99,16.03,16.03,57700,0.096,0
2026-09-25,16.04,16.04,15.95,16.02,16.02,83100,0,0
2026-09-28,15.98,16.03,15.88,15.96,15.96,131000,0,0
2026-09-29,15.88,15.98,15.85,15.92,15.92,52000,0,0
2026-09-30,16.02,16.02,15.78,15.83,15.83,55700,0,0
2026-10-01,15.78,15.84,15.68,15.73,15.73,31300,0,0
