date,open,high,low,close,adj_close,volume,dividend,split
1981-12-31,7.8868,7.90562,7.86798,7.8868,2.4478,33868,0,0
1982-01-04,7.86798,7.8868,7.84916,7.84916,2.43612,65080,0,0
1982-01-05,7.86798,7.8868,7.84916,7.84916,2.43612,318096,0,0
1982-01-06,7.66093,7.81151,7.49152,7.58563,2.35433,369231,0,0
1982-01-07,7.39741,7.45388,7.32212,7.45388,2.31344,151411,0,0
1982-01-08,7.60446,7.75504,7.45388,7.7174,2.39522,305479,0,0
1982-01-11,7.30329,7.67975,6.90801,6.90801,2.14402,687327,0,0
1982-01-12,6.85154,6.92683,6.75743,6.75743,2.09728,238406,0,0
1982-01-13,6.5692,6.70096,6.43744,6.43744,1.99797,478141,0,0
1982-01-14,6.51273,6.55037,6.47508,6.47508,2.00965,130160,0,0
1982-01-15,6.58802,6.66331,6.51273,6.66331,2.06807,564471,0,0
1982-01-18,6.5692,6.60684,6.51273,6.53155,2.02718,813503,0,0
1982-01-19,6.55037,6.58802,6.49391,6.55037,2.03302,345324,0,0
1982-01-20,6.64449,6.75743,6.53155,6.71978,2.0856,763033,0,0
1982-01-21,6.87036,6.94566,6.77625,6.92683,2.14986,56447,0,0
1982-01-22,7.03977,7.11506,6.96448,7.11506,2.20828,82346,0,0
1982-01-25,7.26565,7.30329,7.228,7.26565,2.25502,70393,0,0
1982-01-26,7.32212,7.37858,7.26565,7.32212,2.27254,292861,0,0
1982-01-27,7.32212,7.32212,7.30329,7.32212,2.27254,95628,0,0
1982-01-28,7.32212,7.34094,7.30329,7.34094,2.27839,67072,0,0
1982-01-29,7.39741,7.45388,7.32212,7.39741,2.29591,115551,0,0
1982-02-01,7.45388,7.52917,7.37858,7.45388,2.31344,320753,0,0
1982-02-02,7.49152,7.56681,7.41623,7.56681,2.34849,79690,0,0
1982-02-03,7.69857,7.98092,7.41623,7.49152,2.32512,929718,0,0
1982-02-04,7.49152,7.60446,7.37858,7.43505,2.3076,195241,0,0
1982-02-05,7.49152,7.56681,7.39741,7.52917,2.33681,132817,0,0
1982-02-08,7.43505,7.52917,7.32212,7.32212,2.27254,71057,0,0
1982-02-09,7.228,7.30329,7.13389,7.17153,2.22581,156724,0,0
1982-02-10,7.02095,7.11506,6.92683,6.92683,2.14986,39181,0,0
1982-02-11,6.88919,6.92683,6.85154,6.90801,2.14402,61096,0,0
1982-02-12,6.87036,6.90801,6.8139,6.8139,2.11481,51134,0,0
1982-02-16,6.87036,6.96448,6.77625,6.96448,2.16154,71057,0,0
1982-02-17,7.03977,7.05859,7.00213,7.00213,2.17323,35196,0,0
1982-02-18,7.05859,7.13389,6.9833,7.11506,2.20828,161372,0,0
1982-02-19,7.09624,7.11506,7.07742,7.09624,2.20244,94300,0,0
1982-02-22,7.03977,7.15271,6.92683,6.92683,2.14986,146763,0,0
1982-02-23,6.85154,6.88919,6.8139,6.83272,2.1416,71721,0.067763,0
1982-02-24,6.87036,6.90801,6.83272,6.85154,2.1475,67737,0,0
1982-02-25,6.90801,6.92683,6.87036,6.88919,2.1593,71057,0,0
1982-02-26,6.88919,6.88919,6.88919,6.88919,2.1593,4649,0,0
1982-03-01,6.88919,6.88919,6.88919,6.88919,2.1593,17930,0,0
1982-03-02,6.90801,6.92683,6.88919,6.88919,2.1593,19258,0,0
1982-03-03,6.94566,7.00213,6.88919,6.94566,2.177,108910,0,0
1982-03-04,6.94566,6.96448,6.92683,6.94566,2.177,182623,0,0
1982-03-05,6.94566,6.96448,6.92683,6.92683,2.1711,102269,0,0
1982-03-08,6.8139,6.96448,6.66331,6.66331,2.0885,222468,0,0
1982-03-09,6.41861,6.5692,6.24921,6.43744,2.01771,230437,0,0
1982-03-10,6.47508,6.51273,6.43744,6.47508,2.02951,183287,0,0
1982-03-11,6.36215,6.51273,6.19274,6.19274,1.94101,389817,0,0
1982-03-12,6.00451,6.09863,5.9104,5.98569,1.87611,312120,0,0
1982-03-15,5.98569,6.00451,5.94804,5.98569,1.87611,303486,0,0
1982-03-16,5.98569,6.00451,5.96687,5.98569,1.87611,309463,0,0
1982-03-17,6.02333,6.04216,5.98569,6.04216,1.89381,250360,0,0
1982-03-18,6.19274,6.24921,6.11745,6.24921,1.95871,261649,0,0
1982-03-19,6.36215,6.38097,6.3245,6.38097,2.00001,87659,0,0
1982-03-22,6.53155,6.5692,6.47508,6.5692,2.059,29220,0,0
1982-03-23,6.66331,6.77625,6.55037,6.77625,2.1239,102933,0,0
1982-03-24,6.79507,6.8139,6.77625,6.8139,2.1357,34532,0,0
1982-03-25,6.90801,7.00213,6.8139,6.92683,2.1711,110238,0,0
1982-03-26,6.94566,7.00213,6.88919,6.96448,2.1829,115551,0,0
1982-03-29,6.9833,7.00213,6.96448,7.00213,2.1947,117543,0,0
1982-03-30,7.05859,7.07742,7.02095,7.07742,2.2183,33204,0,0
1982-03-31,7.05859,7.11506,7.00213,7.00213,2.1947,141450,0,0
1982-04-01,6.96448,7.00213,6.92683,6.94566,2.177,140122,0,0
1982-04-02,7.09624,7.228,6.94566,7.15271,2.2419,624903,0,0
1982-04-05,6.94566,7.11506,6.77625,6.79507,2.1298,454234,0,0
1982-04-06,6.83272,6.85154,6.79507,6.85154,2.1475,154068,0,0
1982-04-07,6.88919,6.92683,6.85154,6.87036,2.1534,238406,0,0
1982-04-08,6.87036,6.88919,6.85154,6.87036,2.1534,75042,0,0
1982-04-12,7.05859,7.15271,6.96448,7.11506,2.2301,253016,0,0
1982-04-13,7.43505,7.52917,7.34094,7.34094,2.3009,272274,0,0
1982-04-14,7.32212,7.35976,7.26565,7.30329,2.2891,118207,0,0
1982-04-15,7.30329,7.34094,7.26565,7.30329,2.2891,164693,0,0
1982-04-16,7.32212,7.35976,7.26565,7.30329,2.2891,178639,0,0
1982-04-19,7.32212,7.34094,7.30329,7.30329,2.2891,27892,0,0
1982-04-20,7.28447,7.30329,7.26565,7.28447,2.2832,65744,0,0
1982-04-21,7.20918,7.228,7.17153,7.20918,2.2596,67072,0,0
1982-04-22,7.20918,7.26565,7.15271,7.228,2.2655,278251,0,0
1982-04-23,7.26565,7.28447,7.228,7.24682,2.2714,74377,0,0
1982-04-26,7.32212,7.41623,7.228,7.41623,2.32449,79690,0,0
1982-04-27,7.41623,7.45388,7.37858,7.37858,2.3127,58439,0,0
1982-04-28,7.35976,7.39741,7.32212,7.32212,2.295,136801,0,0
1982-04-29,7.30329,7.32212,7.26565,7.28447,2.2832,56447,0,0
1982-04-30,7.28447,7.30329,7.24682,7.24682,2.2714,53127,0,0
1982-05-03,7.43505,7.6421,7.228,7.56681,2.37169,479469,0,0
1982-05-04,7.73622,7.8868,7.58563,7.81151,2.44839,1107692,0,0
1982-05-05,8.03739,8.20679,7.84916,8.05621,2.52508,614278,0,0
1982-05-06,8.05621,8.16915,7.92445,7.92445,2.48379,935695,0,0
1982-05-07,7.96209,8.01856,7.8868,7.94327,2.48969,293525,0,0
1982-05-10,7.94327,7.98092,7.8868,7.8868,2.47199,405755,0,0
1982-05-11,7.84916,7.8868,7.81151,7.8868,2.47199,138129,0,0
1982-05-12,7.8868,8.11268,7.66093,7.67975,2.40709,77034,0,0
1982-05-13,7.66093,7.69857,7.62328,7.6421,2.39529,68401,0,0
1982-05-14,7.66093,7.67975,7.62328,7.66093,2.40119,189264,0,0
1982-05-17,7.66093,7.67975,7.62328,7.62328,2.38939,18594,0,0
1982-05-18,7.6421,7.67975,7.58563,7.67975,2.40709,35861,0,0
1982-05-19,7.73622,7.83033,7.6421,7.83033,2.45429,118207,0,0
1982-05-20,7.67975,7.83033,7.51034,7.56681,2.37169,237742,0,0
1982-05-21,7.58563,7.60446,7.56681,7.58563,2.37759,98949,0,0
1982-05-24,7.60446,7.6421,7.54799,7.54799,2.36579,326729,0,0
1982-05-25,7.58563,7.6421,7.52917,7.58563,2.39913,209186,0.067763,0
1982-05-26,7.51034,7.52917,7.49152,7.51034,2.37532,154068,0,0
1982-05-27,7.54799,7.58563,7.49152,7.56681,2.39318,128168,0,0
1982-05-28,7.4727,7.52917,7.41623,7.45388,2.35746,159380,0,0
1982-06-01,7.37858,7.43505,7.30329,7.35976,2.32769,85003,0,0
1982-06-02,7.32212,7.35976,7.28447,7.34094,2.32174,103597,0,0
1982-06-03,7.28447,7.34094,7.228,7.26565,2.29793,80354,0,0
1982-06-04,7.26565,7.41623,7.228,7.41623,2.34555,118207,0,0
1982-06-07,7.39741,7.45388,7.34094,7.37858,2.33365,35196,0,0
1982-06-08,7.37858,7.41623,7.34094,7.34094,2.32174,39845,0,0
1982-06-09,7.28447,7.30329,7.24682,7.30329,2.30983,237742,0,0
1982-06-10,7.37858,7.45388,7.30329,7.30329,2.30983,480797,0,0
1982-06-11,7.54799,7.73622,7.34094,7.67975,2.42889,402435,0,0
1982-06-14,7.60446,7.67975,7.52917,7.54799,2.38722,111566,0,0
1982-06-15,7.62328,7.75504,7.49152,7.75504,2.45271,231765,0,0
1982-06-16,7.75504,7.86798,7.6421,7.86798,2.48843,483453,0,0
1982-06-17,7.79269,7.83033,7.75504,7.77386,2.45866,166685,0,0
1982-06-18,7.7174,7.73622,7.69857,7.69857,2.43485,77034,0,0
1982-06-21,7.7174,7.75504,7.66093,7.73622,2.44676,136137,0,0
1982-06-22,7.77386,7.83033,7.69857,7.77386,2.45866,273603,0,0
1982-06-23,7.83033,7.8868,7.75504,7.8868,2.49438,104261,0,0
1982-06-24,7.81151,7.8868,7.73622,7.81151,2.47057,504040,0,0
1982-06-25,7.4727,7.83033,7.11506,7.11506,2.2503,989485,0,0
1982-06-28,6.96448,7.15271,6.75743,6.92683,2.19077,755728,0,0
1982-06-29,6.75743,6.92683,6.58802,6.58802,2.08361,533924,0,0
1982-06-30,6.79507,6.94566,6.62567,6.8139,2.15505,804870,0,0
1982-07-01,6.87036,6.92683,6.8139,6.92683,2.19077,144770,0,0
1982-07-02,6.9833,7.02095,6.92683,7.00213,2.21458,71721,0,0
1982-07-06,6.9833,7.03977,6.92683,7.03977,2.22649,79690,0,0
1982-07-07,7.17153,7.26565,7.07742,7.20918,2.28007,541893,0,0
1982-07-08,7.20918,7.28447,7.11506,7.26565,2.29793,482125,0,0
1982-07-09,7.37858,7.43505,7.30329,7.43505,2.3515,2216713,0,0
1982-07-12,7.56681,7.67975,7.43505,7.66093,2.42294,187272,0,0
1982-07-13,7.52917,7.56681,7.45388,7.45388,2.35746,203210,0,0
1982-07-14,7.45388,7.67975,7.43505,7.66093,2.42294,187272,0,0
1982-07-15,7.84916,7.98092,7.7174,7.96209,2.51819,648810,0,0
1982-07-16,8.01856,8.05621,7.96209,7.98092,2.52415,118871,0,0
1982-07-19,8.03739,8.07503,7.98092,7.98092,2.52415,480797,0,0
1982-07-20,7.94327,8.03739,7.83033,7.8868,2.49438,326729,0,0
1982-07-21,7.96209,8.01856,7.90562,7.98092,2.52415,776314,0,0
1982-07-22,8.1315,8.28208,7.96209,8.07503,2.55391,542557,0,0
1982-07-23,8.07503,8.11268,8.03739,8.03739,2.54201,227117,0,0
1982-07-26,7.99974,8.03739,7.96209,8.01856,2.53605,112230,0,0
1982-07-27,8.03739,8.05621,7.99974,8.01856,2.53605,83011,0,0
1982-07-28,7.98092,8.05621,7.90562,7.90562,2.50033,330050,0,0
1982-07-29,8.05621,8.16915,7.92445,8.05621,2.54796,1006087,0,0
1982-07-30,8.05621,8.1315,7.98092,7.98092,2.52415,130160,0,0
1982-08-02,8.09385,8.20679,7.98092,8.01856,2.53605,525955,0,0
1982-08-03,8.05621,8.07503,8.01856,8.01856,2.53605,138794,0,0
1982-08-04,7.84916,8.01856,7.67975,7.75504,2.45271,1231212,0,0
1982-08-05,7.58563,7.73622,7.43505,7.49152,2.36936,1370006,0,0
1982-08-06,7.49152,7.56681,7.41623,7.49152,2.36936,330050,0,0
1982-08-09,7.39741,7.4727,7.30329,7.45388,2.35746,193913,0,0
1982-08-10,7.54799,7.62328,7.4727,7.51034,2.37532,322745,0,0
1982-08-11,7.51034,7.56681,7.45388,7.51034,2.37532,136137,0,0
1982-08-12,7.60446,7.67975,7.52917,7.66093,2.42294,312120,0,0
1982-08-13,7.77386,7.86798,7.67975,7.86798,2.48843,180631,0,0
1982-08-16,7.79269,7.92445,7.66093,7.67975,2.42889,93636,0,0
1982-08-17,7.67975,7.79269,7.56681,7.79269,2.46461,255672,0,0
1982-08-18,7.92445,8.01856,7.83033,7.83033,2.47652,387161,0,0
1982-08-19,7.77386,7.86798,7.67975,7.67975,2.42889,301494,0,0
1982-08-20,7.81151,7.98092,7.6421,7.94327,2.51224,206530,0,0
1982-08-23,8.22561,8.5456,7.90562,8.5456,2.70274,405091,0,0
1982-08-24,8.50796,8.56443,8.43267,8.50796,2.71234,613614,0.067763,0
1982-08-25,8.60207,8.73383,8.47031,8.65854,2.76035,397786,0,0
1982-08-26,8.6209,8.77148,8.47031,8.50796,2.71234,224460,0,0
1982-08-27,8.41384,8.5456,8.28208,8.31973,2.65233,701937,0,0
1982-08-30,8.28208,8.3762,8.16915,8.31973,2.65233,193248,0,0
1982-08-31,8.65854,8.92206,8.39502,8.88442,2.83236,793581,0,0
1982-09-01,8.92206,9.035,8.80912,8.99735,2.86836,1214610,0,0
1982-09-02,8.99735,9.18558,8.80912,9.09147,2.89837,1134920,0,0
1982-09-03,9.29852,9.41146,9.18558,9.29852,2.96438,1063199,0,0
1982-09-07,9.16676,9.2797,9.035,9.18558,2.92837,521306,0,0
1982-09-08,9.14794,9.22323,9.07265,9.09147,2.89837,434311,0,0
1982-09-09,9.14794,9.22323,9.07265,9.12912,2.91037,235086,0,0
1982-09-10,9.12912,9.16676,9.07265,9.11029,2.90437,154732,0,0
1982-09-13,8.88442,9.14794,8.6209,8.84677,2.82036,625567,0,0
1982-09-14,8.95971,9.09147,8.80912,9.01618,2.87437,334034,0,0
1982-09-15,8.95971,9.07265,8.84677,8.99735,2.86836,289541,0,0
1982-09-16,8.97853,9.05382,8.88442,8.88442,2.83236,215827,0,0
1982-09-17,8.80912,8.92206,8.69619,8.84677,2.82036,591699,0,0
1982-09-20,8.80912,8.86559,8.73383,8.77148,2.79635,948312,0,0
1982-09-21,9.07265,9.29852,8.84677,9.24205,2.94637,302822,0,0
1982-09-22,9.31734,9.48675,9.14794,9.18558,2.92837,524626,0,0
1982-09-23,9.14794,9.20441,9.07265,9.20441,2.93437,306143,0,0
1982-09-24,9.22323,9.29852,9.12912,9.26088,2.95237,73713,0,0
1982-09-27,9.24205,9.2797,9.18558,9.24205,2.94637,219148,0,0
1982-09-28,9.37381,9.41146,9.33617,9.35499,2.98238,224460,0,0
1982-09-29,9.26088,9.41146,9.09147,9.12912,2.91037,479469,0,0
1982-09-30,9.07265,9.11029,9.035,9.035,2.88036,230437,0,0
1982-10-01,9.09147,9.16676,9.01618,9.12912,2.91037,76370,0,0
1982-10-04,9.20441,9.26088,9.12912,9.26088,2.95237,275595,0,0
1982-10-05,9.41146,9.48675,9.33617,9.33617,2.97638,253016,0,0
1982-10-06,9.65616,9.86321,9.43028,9.86321,3.1444,460874,0,0
1982-10-07,9.99497,10.2397,9.75027,9.84439,3.1384,713890,0,0
1982-10-08,9.80674,10.0138,9.59969,9.63733,3.07239,1433094,0,0
1982-10-11,9.67498,9.76909,9.56204,9.56204,3.04839,338019,0,0
1982-10-12,9.41146,9.59969,9.26088,9.37381,2.98838,226453,0,0
1982-10-13,9.37381,9.4491,9.2797,9.4491,3.01238,300166,0,0
1982-10-14,9.43028,9.50557,9.33617,9.37381,2.98838,299502,0,0
1982-10-15,9.35499,9.4491,9.26088,9.41146,3.00038,234422,0,0
1982-10-18,9.4491,9.54322,9.35499,9.48675,3.02438,490758,0,0
1982-10-19,9.73145,9.90085,9.56204,9.90085,3.1564,619590,0,0
1982-10-20,10.4655,10.842,10.0891,10.7291,3.42043,2394023,0,0
1982-10-21,10.7291,10.9173,10.5408,10.8232,3.45044,1253791,0,0
1982-10-22,11.0679,11.3314,10.7855,11.1996,3.57045,335362,0,0
1982-10-25,11.1055,11.2185,10.9926,10.9926,3.50445,1026674,0,0
1982-10-26,10.8608,10.9926,10.7102,10.8232,3.45044,672717,0,0
1982-10-27,10.7102,10.8796,10.5408,10.7291,3.42043,1111013,0,0
1982-10-28,10.8608,10.9926,10.7291,10.9173,3.48044,1061871,0,0
1982-10-29,11.0491,11.1432,10.9549,11.1432,3.55245,746431,0,0
1982-11-01,11.2937,11.482,11.1055,11.4443,3.64846,377200,0,0
1982-11-02,11.5384,11.7079,11.369,11.4067,3.63646,541229,0,0
1982-11-03,11.369,11.4255,11.2937,11.3314,3.61246,596348,0,0
1982-11-04,11.2561,11.369,11.1432,11.1432,3.55245,474156,0,0
1982-11-05,10.9361,11.0491,10.8044,10.8232,3.45044,214499,0,0
1982-11-08,10.7291,10.8044,10.6349,10.7855,3.43844,292197,0,0
1982-11-09,10.1267,10.315,9.9385,9.97615,3.1804,1692750,0,0
1982-11-10,9.86321,10.0514,9.67498,9.73145,3.10239,1636967,0,0
1982-11-11,9.56204,9.78792,9.33617,9.5244,3.03638,1076480,0,0
1982-11-12,9.11029,9.29852,8.90324,9.26088,2.95237,1310238,0,0
1982-11-15,9.2797,9.35499,9.18558,9.20441,2.93437,938351,0,0
1982-11-16,9.14794,9.33617,8.95971,9.18558,2.92837,1909242,0,0
1982-11-17,9.4491,9.58086,9.29852,9.58086,3.05439,790260,0,0
1982-11-18,9.58086,9.6938,9.4491,9.5244,3.03638,391810,0,0
1982-11-19,9.48675,9.5244,9.43028,9.48675,3.02438,743110,0,0
1982-11-22,9.37381,9.41146,9.33617,9.33617,2.99779,427670,0.067763,0
1982-11-23,9.20441,9.33617,9.05382,9.09147,2.91922,447593,0,0
1982-11-24,9.18558,9.29852,9.07265,9.29852,2.9857,430327,0,0
1982-11-26,9.35499,9.37381,9.33617,9.37381,3.00988,57111,0,0
1982-11-29,9.16676,9.41146,8.92206,9.18558,2.94944,583066,0,0
1982-11-30,9.33617,9.59969,9.07265,9.59969,3.08241,386497,0,0
1982-12-01,9.82556,9.97615,9.67498,9.95732,3.19724,581738,0,0
1982-12-02,10.5973,10.7291,10.4655,10.4655,3.36043,405091,0,0
1982-12-03,10.315,10.4279,10.202,10.3526,3.32416,409076,0,0
1982-12-06,10.8232,11.2185,10.4279,11.1055,3.56592,699945,0,0
1982-12-07,11.1243,11.2937,10.9549,10.9926,3.52966,702601,0,0
1982-12-08,10.8608,10.9361,10.7855,10.842,3.4813,356613,0,0
1982-12-09,10.8232,10.8608,10.7855,10.8044,3.46922,219812,0,0
1982-12-10,10.9173,10.9549,10.8796,10.8985,3.49944,96956,0,0
1982-12-13,10.842,10.8796,10.8044,10.842,3.4813,151411,0,0
1982-12-14,10.8796,11.0302,10.7102,10.7102,3.43899,209186,0,0
1982-12-15,10.6349,10.6914,10.5785,10.6161,3.40878,166021,0,0
1982-12-16,10.522,10.5785,10.4655,10.5785,3.39669,281572,0,0
1982-12-17,10.5973,10.6914,10.5032,10.6914,3.43295,482125,0,0
1982-12-20,10.6726,10.7102,10.6161,10.6161,3.40878,178639,0,0
1982-12-21,10.7479,10.8796,10.6161,10.8796,3.49339,79690,0,0
1982-12-22,11.0114,11.0302,10.9926,10.9926,3.52966,518650,0,0
1982-12-23,11.2561,11.369,11.1432,11.3126,3.6324,184615,0,0
1982-12-27,11.3502,11.3879,11.3126,11.3314,3.63845,212507,0,0
1982-12-28,11.2937,11.3502,11.2373,11.2561,3.61427,198561,0,0
1982-12-29,11.2749,11.3314,11.2185,11.2185,3.60218,156060,0,0
1982-12-30,11.2561,11.2937,11.1996,11.2185,3.60218,140786,0,0
1982-12-31,11.3126,11.4067,11.1996,11.3502,3.64449,191256,0,0
1983-01-03,11.2373,11.3314,11.1432,11.1432,3.57801,144106,0,0
1983-01-04,11.162,11.2185,11.1055,11.2185,3.60218,214499,0,0
1983-01-05,11.1808,11.1996,11.162,11.162,3.58405,133481,0,0
1983-01-06,11.1432,11.1808,11.0867,11.1055,3.56592,330714,0,0
1983-01-07,11.1243,11.1432,11.0867,11.1055,3.56592,332042,0,0
1983-01-10,11.0302,11.0679,10.9926,10.9926,3.52966,916436,0,0
1983-01-11,11.1055,11.1432,11.0491,11.0491,3.54779,121527,0,0
1983-01-12,11.0491,11.1055,10.9926,11.0491,3.54779,86331,0,0
1983-01-13,11.2373,11.3879,11.0867,11.3126,3.6324,205866,0,0
1983-01-14,11.6326,11.7831,11.4632,11.7455,3.77142,670061,0,0
1983-01-17,11.8396,11.9714,11.689,11.7079,3.75932,195905,0,0
1983-01-18,11.5949,11.6702,11.5196,11.5196,3.69889,292861,0,0
1983-01-19,11.5573,11.5761,11.5196,11.5384,3.70493,175318,0,0
1983-01-20,11.5761,11.6137,11.5196,11.5196,3.69889,90980,0,0
1983-01-21,11.5384,11.6326,11.4443,11.4443,3.67471,252352,0,0
1983-01-24,11.0302,11.1432,10.9173,10.9173,3.50548,494079,0,0
1983-01-25,10.8796,10.9549,10.7855,10.7855,3.46317,383841,0,0
1983-01-26,10.8796,10.9173,10.842,10.9173,3.50548,222468,0,0
1983-01-27,11.1243,11.2373,10.9926,11.1808,3.5901,92972,0,0
1983-01-28,11.0679,11.1808,10.9549,10.9926,3.52966,255672,0,0
1983-01-31,10.9926,11.0302,10.9361,10.9738,3.52361,71721,0,0
1983-02-01,11.0114,11.0867,10.9173,10.9173,3.50548,217156,0,0
1983-02-02,10.7667,10.842,10.6914,10.7479,3.45109,150747,0,0
1983-02-03,10.7855,10.842,10.7291,10.8232,3.47526,89651,0,0
1983-02-04,10.9738,11.0679,10.8796,11.0679,3.55383,491422,0,0
1983-02-07,11.1243,11.2185,11.0302,11.0302,3.54174,428998,0,0
1983-02-08,11.0302,11.1243,10.9173,11.0302,3.54174,159380,0,0
1983-02-09,11.0114,11.0491,10.9549,10.9926,3.52966,306807,0,0
1983-02-10,11.0114,11.0679,10.9549,11.0302,3.54174,56447,0,0
1983-02-11,11.0491,11.0867,11.0114,11.0491,3.54779,41837,0,0
1983-02-14,11.2185,11.2561,11.162,11.1996,3.59614,164693,0,0
1983-02-15,11.3879,11.482,11.2749,11.369,3.65053,269618,0,0
1983-02-16,11.4255,11.482,11.369,11.4067,3.66262,92972,0,0
1983-02-17,11.369,11.4067,11.3314,11.369,3.65053,442280,0,0
1983-02-18,11.1808,11.369,10.9926,10.9926,3.52966,323409,0,0
1983-02-22,10.8044,10.9549,10.6538,10.6538,3.44208,398450,0.067763,0
1983-02-23,10.6538,10.6914,10.6161,10.6538,3.44208,101605,0,0
1983-02-24,10.7102,10.7667,10.6538,10.6914,3.45425,124184,0,0
1983-02-25,10.8232,10.8985,10.7291,10.842,3.5029,69729,0,0
1983-02-28,10.8044,10.8232,10.7667,10.7855,3.48465,90315,0,0
1983-03-01,10.8044,10.842,10.7667,10.8044,3.49073,94964,0,0
1983-03-02,10.9361,11.1055,10.7479,11.1055,3.58804,176646,0,0
1983-03-03,11.3126,11.4443,11.162,11.4443,3.6975,208522,0,0
1983-03-04,11.5761,11.6514,11.482,11.6137,3.75224,155396,0,0
1983-03-07,11.6514,11.7079,11.5761,11.7079,3.78264,124848,0,0
1983-03-08,11.5384,11.6702,11.4067,11.4067,3.68534,99613,0,0
1983-03-09,11.3126,11.369,11.2561,11.2561,3.63669,136801,0,0
1983-03-10,11.2185,11.2937,11.1432,11.1432,3.6002,341339,0,0
1983-03-11,11.1808,11.2561,11.1055,11.2185,3.62453,83675,0,0
1983-03-14,11.1996,11.2561,11.1432,11.2561,3.63669,85667,0,0
1983-03-15,11.162,11.2185,11.0867,11.0867,3.58196,39845,0,0
1983-03-16,10.9361,11.0302,10.842,10.8985,3.52114,190592,0,0
1983-03-17,10.7479,10.8232,10.6538,10.7855,3.48465,339347,0,0
1983-03-18,10.8044,10.842,10.7667,10.842,3.5029,262313,0,0
1983-03-21,10.8985,10.9549,10.842,10.9361,3.5333,60432,0,0
1983-03-22,10.9361,11.0679,10.8608,11.0114,3.55763,125512,0,0
1983-03-23,11.0114,11.3126,11.0114,11.2937,3.64885,181959,0,0
1983-03-24,11.3314,11.3314,11.2561,11.2937,3.64885,56447,0,0
1983-03-25,11.2937,11.3314,11.2373,11.3314,3.66101,90315,0,0
1983-03-28,11.4443,11.5573,11.4067,11.482,3.70967,183951,0,0
1983-03-29,11.482,11.5573,11.369,11.369,3.67318,187272,0,0
1983-03-30,11.369,11.369,11.1808,11.1808,3.61237,122856,0,0
1983-03-31,11.1432,11.2185,11.1432,11.1432,3.6002,187272,0,0
1983-04-04,11.1055,11.1055,11.0114,11.0114,3.55763,164029,0,0
1983-04-05,11.0302,11.0302,10.6538,10.6538,3.44208,56447,0,0
1983-04-06,10.6726,10.6914,10.2397,10.2397,3.30829,766353,0,0
1983-04-07,10.1644,10.1644,9.90085,10.0138,3.23531,330050,0,0
1983-04-08,10.0138,10.0138,9.90085,9.97615,3.22315,163365,0,0
1983-04-11,10.2208,10.3714,10.0891,10.3338,3.3387,428334,0,0
1983-04-12,10.3338,10.4844,10.3338,10.4467,3.37519,80354,0,0
1983-04-13,10.522,10.7102,10.522,10.7102,3.46033,403763,0,0
1983-04-14,10.7479,10.9926,10.7102,10.9926,3.55155,551190,0,0
1983-04-15,10.9926,11.4443,10.9926,11.4443,3.6975,396458,0,0
1983-04-18,11.1432,11.4067,11.1055,11.1432,3.6002,336027,0,0
1983-04-19,11.5196,11.5196,11.162,11.5196,3.72183,216491,0,0
1983-04-20,11.482,11.5573,11.3879,11.5196,3.72183,383841,0,0
1983-04-21,11.482,12.122,11.482,12.122,3.91643,745102,0,0
1983-04-22,12.0467,12.649,12.0467,12.6114,4.07455,497399,0,0
1983-04-25,12.6678,12.7996,12.5172,12.5549,4.05631,404427,0,0
1983-04-26,12.329,12.5172,12.1408,12.2349,3.95292,350636,0,0
1983-04-27,12.3478,12.4231,12.2725,12.4231,4.01374,318760,0,0
1983-04-28,12.5549,12.649,12.4608,12.5737,4.06239,119535,0,0
1983-04-29,12.5925,12.649,12.5361,12.5361,4.05022,209851,0,0
1983-05-02,12.5172,12.5361,12.4984,12.4984,4.03806,324737,0,0
1983-05-03,12.4984,12.5172,12.4231,12.4608,4.0259,160044,0,0
1983-05-04,12.2914,12.3855,12.1973,12.2725,3.96509,181959,0,0
1983-05-05,12.1973,12.2349,12.1596,12.1973,3.94076,46486,0,0
1983-05-06,12.2349,12.5549,12.2349,12.5361,4.05022,209851,0,0
1983-05-09,12.4984,12.7619,12.4984,12.7055,4.10496,93636,0,0
1983-05-10,12.7996,12.8561,12.7808,12.7808,4.12929,189264,0,0
1983-05-11,12.7808,13.0255,12.7619,13.0255,4.20834,222468,0,0
1983-05-12,13.0631,13.0631,12.9502,12.9502,4.18402,112230,0,0
1983-05-13,12.9878,13.0631,12.9878,13.0631,4.2205,53127,0,0
1983-05-16,13.0631,13.0631,12.9878,12.9878,4.19618,361262,0,0
1983-05-17,12.9878,13.1384,12.969,13.0443,4.21442,114222,0,0
1983-05-18,13.1572,13.4019,13.1572,13.2513,4.28132,132153,0,0
1983-05-19,13.2513,13.3454,13.1384,13.176,4.25699,64416,0,0
1983-05-20,13.0631,13.1384,13.0255,13.0631,4.2205,98284,0,0
1983-05-23,12.9125,12.9878,12.9125,12.9313,4.19972,360598,0.067763,0
1983-05-24,13.0066,13.0255,12.969,12.969,4.21195,28556,0,0
1983-05-25,13.0631,13.1384,13.0631,13.1384,4.26696,247703,0,0
1983-05-26,13.176,13.5901,13.176,13.5901,4.41368,259657,0,0
1983-05-27,13.7407,14.0043,13.7407,13.929,4.52372,148755,0,0
1983-05-31,13.8537,13.8537,13.4772,13.496,4.38312,177310,0,0
1983-06-01,13.496,13.5337,13.4019,13.5337,4.39534,688655,0,0
1983-06-02,13.5713,13.6278,13.4772,13.5149,4.38923,525291,0,0
1983-06-03,13.5149,13.5337,13.4772,13.496,4.38312,73049,0,0
1983-06-06,13.5337,13.5525,13.4772,13.5525,4.40145,74377,0,0
1983-06-07,13.6654,13.6843,13.5525,13.5901,4.41368,150083,0,0
1983-06-08,13.4772,13.5149,13.4019,13.4019,4.35255,219812,0,0
1983-06-09,13.3643,13.3643,13.1949,13.1949,4.28531,133481,0,0
1983-06-10,13.2513,13.2702,13.176,13.2137,4.29142,29884,0,0
1983-06-13,13.3266,13.5149,13.3266,13.5149,4.38923,251024,0,0
1983-06-14,13.6278,13.8725,13.6278,13.7784,4.47481,249696,0,0
1983-06-15,13.929,14.1925,13.816,14.1172,4.58485,245047,0,0
1983-06-16,14.4184,14.4184,14.3242,14.4184,4.68266,92308,0,0
1983-06-17,14.456,14.5125,14.4372,14.5125,4.71322,152075,0,0
1983-06-20,14.4748,14.4748,14.1737,14.1925,4.6093,354621,0,0
1983-06-21,14.3054,14.3054,14.1925,14.3054,4.64598,51799,0,0
1983-06-22,14.2678,14.2866,14.2301,14.2301,4.62153,79026,0,0
1983-06-23,14.2489,14.2489,14.1172,14.1172,4.58485,43830,0,0
1983-06-24,14.1172,14.1172,14.0231,14.0419,4.56039,120863,0,0
1983-06-27,14.1548,14.1548,13.929,13.929,4.52372,292197,0,0
1983-06-28,13.9854,13.9854,13.6654,13.6654,4.43813,549862,0,0
1983-06-29,13.7031,13.7031,13.3266,13.5525,4.40145,160708,0,0
1983-06-30,13.609,13.7596,13.5337,13.5337,4.39534,79690,0,0
1983-07-01,13.4772,13.5337,13.4207,13.4207,4.35867,55119,0,0
1983-07-05,13.4772,13.4772,13.2702,13.2702,4.30976,25235,0,0
1983-07-06,13.3266,13.3643,13.2513,13.3266,4.32809,145434,0,0
1983-07-07,13.3454,13.5149,13.289,13.4019,4.35255,219148,0,0
1983-07-08,13.4396,13.4396,13.3831,13.4019,4.35255,79026,0,0
1983-07-11,13.4772,13.4772,13.4207,13.4772,4.377,23243,0,0
1983-07-12,13.4772,13.4772,13.3643,13.3643,4.34032,141450,0,0
1983-07-13,13.3831,13.3831,13.3266,13.3266,4.32809,128832,0,0
1983-07-14,13.3266,13.3454,13.2137,13.2137,4.29142,20587,0,0
1983-07-15,13.1384,13.1384,13.0255,13.0255,4.23029,25899,0,0
1983-07-18,12.9125,12.9125,12.5737,12.5737,4.08357,90980,0,0
1983-07-19,12.6114,12.9502,12.4231,12.9502,4.20583,508024,0,0
1983-07-20,13.4396,13.609,13.4396,13.5901,4.41368,815495,0,0
1983-07-21,13.6278,14.1548,13.6278,14.1548,4.59708,499391,0,0
1983-07-22,14.0701,14.1172,14.0231,14.0419,4.56039,72385,0,0
1983-07-25,14.0043,14.456,13.929,14.3242,4.65209,836746,0,0
1983-07-26,14.3054,14.7948,14.3054,14.6442,4.75601,253016,0,0
1983-07-27,14.6066,14.7195,14.3431,14.3431,4.65821,556502,0,0
1983-07-28,14.3807,14.3807,14.1548,14.1548,4.59708,230437,0,0
1983-07-29,14.1548,14.1548,13.7784,13.7784,4.47481,500719,0,0
1983-08-01,13.816,13.816,13.7031,13.7407,4.46258,118207,0,0
1983-08-02,13.8348,13.8348,13.7031,13.7784,4.47481,206530,0,0
1983-08-03,13.7784,13.816,13.7031,13.7784,4.47481,401107,0,0
1983-08-04,13.7784,13.7784,13.5149,13.5149,4.38923,389817,0,0
1983-08-05,13.5525,13.5525,13.2513,13.3643,4.34032,93636,0,0
1983-08-08,13.3643,13.3643,13.1384,13.1384,4.26696,26563,0,0
1983-08-09,13.1384,13.2513,13.1384,13.2513,4.30364,85003,0,0
1983-08-10,13.3266,13.496,13.3266,13.4207,4.35867,185944,0,0
1983-08-11,13.4772,13.6278,13.4772,13.609,4.41979,177310,0,0
1983-08-12,13.6278,13.6654,13.5713,13.6654,4.43813,42501,0,0
1983-08-15,13.7596,13.8913,13.7031,13.7031,4.45036,375208,0,0
1983-08-16,13.7031,13.7031,13.5713,13.5713,4.40757,70393,0,0
1983-08-17,13.5337,13.5901,13.4772,13.5525,4.40145,237078,0,0
1983-08-18,13.5901,13.609,13.5525,13.5525,4.40145,49142,0,0
1983-08-19,13.5901,13.609,13.5901,13.5901,4.41368,12618,0,0
1983-08-22,13.5901,13.6654,13.5901,13.5901,4.41368,124848,0,0
1983-08-23,13.4772,13.5149,13.4019,13.4019,4.37436,207858,0.067763,0
1983-08-24,13.3266,13.3266,13.0255,13.0631,4.26377,387825,0,0
1983-08-25,12.8372,12.8372,12.3855,12.3855,4.0426,243719,0,0
1983-08-26,12.5172,12.6114,12.4984,12.6114,4.11632,183287,0,0
1983-08-29,12.649,12.649,12.6114,12.6302,4.12246,135473,0,0
1983-08-30,12.649,12.7243,12.649,12.7055,4.14704,298174,0,0
1983-08-31,12.7055,12.8372,12.7055,12.7996,4.17776,225789,0,0
1983-09-01,12.8372,12.9313,12.7996,12.7996,4.17776,102269,0,0
1983-09-02,12.7996,13.0255,12.7996,12.9878,4.23919,238406,0,0
1983-09-06,13.0631,13.176,13.0255,13.1007,4.27606,221804,0,0
1983-09-07,13.176,13.176,12.5925,12.5925,4.11018,193248,0,0
1983-09-08,12.6114,12.6302,12.3478,12.3478,4.03031,110238,0,0
1983-09-09,12.3478,12.3478,12.009,12.0467,3.93201,357941,0,0
1983-09-12,12.0843,12.1973,12.0467,12.0467,3.93201,104261,0,0
1983-09-13,12.0278,12.0278,11.6702,11.7455,3.83371,140786,0,0
1983-09-14,11.8396,11.9714,11.8396,11.9337,3.89514,739126,0,0
1983-09-15,11.9337,11.9337,11.8584,11.8584,3.87057,62424,0,0
1983-09-16,11.802,11.8208,11.7455,11.8208,3.85828,220476,0,0
1983-09-19,11.8396,11.8961,11.8396,11.8961,3.88286,297510,0,0
1983-09-20,11.9714,12.1973,11.9714,12.1973,3.98116,814167,0,0
1983-09-21,12.2725,12.3102,12.1596,12.1596,3.96887,375208,0,0
1983-09-22,12.1596,12.3855,12.1596,12.329,4.02416,528611,0,0
1983-09-23,12.4043,12.4608,12.4043,12.4231,4.05488,122191,0,0
1983-09-26,12.5361,12.5925,12.4984,12.5925,4.11018,62424,0,0
1983-09-27,12.5925,12.5925,12.5361,12.5737,4.10403,71057,0,0
1983-09-28,12.6114,12.6114,12.4984,12.5361,4.09175,209851,0,0
1983-09-29,12.6114,12.6114,12.5361,12.5361,4.09175,107582,0,0
1983-09-30,12.5737,12.5737,12.4984,12.4984,4.07946,86331,0,0
1983-10-03,12.4984,12.4984,12.2537,12.2537,3.99959,193248,0,0
1983-10-04,12.2349,12.2349,11.8208,11.8208,3.85828,47814,0,0
1983-10-05,11.7455,11.7455,11.5573,11.6702,3.80913,430327,0,0
1983-10-06,11.7455,12.1784,11.7455,12.1596,3.96887,336027,0,0
1983-10-07,12.122,12.1973,12.122,12.1973,3.98116,251688,0,0
1983-10-10,12.1973,12.1973,12.1031,12.1031,3.95044,284228,0,0
1983-10-11,12.2725,12.4231,12.2725,12.329,4.02416,382512,0,0
1983-10-12,12.3478,12.3478,12.2725,12.3102,4.01802,90980,0,0
1983-10-13,12.2349,12.3102,12.2349,12.2914,4.01188,54455,0,0
1983-10-14,12.2914,12.2914,11.9714,12.009,3.91972,242391,0,0
1983-10-17,12.0278,12.122,11.9714,12.122,3.95659,813503,0,0
1983-10-18,12.122,12.3855,12.009,12.3855,4.0426,271610,0,0
1983-10-19,12.3478,12.6114,12.3478,12.4608,4.06717,490094,0,0
1983-10-20,12.4984,12.6114,12.4608,12.5737,4.10403,218484,0,0
1983-10-21,12.6114,12.6866,12.6114,12.6866,4.1409,154732,0,0
1983-10-24,12.6678,12.7619,12.6678,12.7243,4.15318,23243,0,0
1983-10-25,12.7619,12.8749,12.7431,12.7996,4.17776,585058,0,0
1983-10-26,12.8372,13.0066,12.8184,13.0066,4.24534,323409,0,0
1983-10-27,12.9878,12.9878,12.9313,12.9313,4.22076,81682,0,0
1983-10-28,12.8937,12.9125,12.7996,12.7996,4.17776,185944,0,0
1983-10-31,12.8749,12.9502,12.8372,12.8749,4.20233,140786,0,0
1983-11-01,12.8372,12.8372,12.6866,12.7243,4.15318,410404,0,0
1983-11-02,12.6866,12.7055,12.6678,12.6678,4.13475,18594,0,0
1983-11-03,12.6678,12.6678,12.5361,12.5361,4.09175,19923,0,0
1983-11-04,12.5361,12.5737,12.4984,12.5361,4.09175,90315,0,0
1983-11-07,12.5361,12.5737,12.4984,12.5361,4.09175,67072,0,0
1983-11-08,12.5172,12.5737,12.4984,12.4984,4.07946,36525,0,0
1983-11-09,12.4984,12.6866,12.4984,12.6866,4.1409,49806,0,0
1983-11-10,12.7619,12.7996,12.6678,12.6678,4.13475,49142,0,0
1983-11-11,12.6866,12.7619,12.649,12.7619,4.16547,1084449,0,0
1983-11-14,12.7996,13.0255,12.7619,12.9502,4.22691,190592,0,0
1983-11-15,12.9878,13.1384,12.9502,12.969,4.23305,75706,0,0
1983-11-16,13.0631,13.0631,12.9502,12.9502,4.22691,390481,0,0
1983-11-17,12.9878,12.9878,12.9125,12.9313,4.22076,62424,0,0
1983-11-18,12.969,13.0255,12.8749,13.0066,4.24534,104925,0,0
1983-11-21,12.9878,12.9878,12.9125,12.969,4.25522,87659,0.067763,0
1983-11-22,13.0255,13.0631,12.9502,13.0631,4.2861,144106,0,0
1983-11-23,13.1007,13.1007,13.0066,13.0255,4.27375,86331,0,0
1983-11-25,12.9878,13.0443,12.9502,12.9502,4.24905,18594,0,0
1983-11-28,12.9125,12.9502,12.9125,12.9125,4.2367,100941,0,0
1983-11-29,12.9313,13.0631,12.9125,13.0631,4.2861,133481,0,0
1983-11-30,13.0631,13.0631,12.9313,12.9313,4.24287,50470,0,0
1983-12-01,12.8749,12.9313,12.8749,12.9313,4.24287,73713,0,0
1983-12-02,12.9313,12.9502,12.8561,12.8561,4.21817,179303,0,0
1983-12-05,12.8749,12.8749,12.7243,12.7996,4.19964,258993,0,0
1983-12-06,12.7808,12.7996,12.7243,12.7619,4.18729,245047,0,0
1983-12-07,12.9125,12.9125,12.7243,12.7243,4.17493,62424,0,0
1983-12-08,12.7243,12.7243,12.4608,12.4608,4.08847,39181,0,0
1983-12-09,12.5361,12.5737,12.3855,12.3855,4.06377,154732,0,0
1983-12-12,12.4231,12.4231,12.3478,12.3855,4.06377,118207,0,0
1983-12-13,12.4231,12.4608,12.4231,12.4231,4.07612,120199,0,0
1983-12-14,12.4608,12.4608,12.3102,12.3102,4.03906,38517,0,0
1983-12-15,12.3478,12.3478,12.2537,12.2537,4.02054,25235,0,0
1983-12-16,12.3102,12.329,12.2349,12.2349,4.01436,33868,0,0
1983-12-19,12.1973,12.4043,12.1596,12.3667,4.05759,311455,0,0
1983-12-20,12.3667,12.3855,12.3667,12.3667,4.05759,159380,0,0
1983-12-21,12.5361,12.649,12.5172,12.649,4.15023,126840,0,0
1983-12-22,12.6678,12.9878,12.6678,12.9502,4.24905,165357,0,0
1983-12-23,13.1007,13.1007,12.8372,12.8372,4.21199,198561,0,0
1983-12-27,12.8749,12.8749,12.7996,12.7996,4.19964,29220,0,0
1983-12-28,12.8372,12.8372,12.7619,12.7619,4.18729,94300,0,0
1983-12-29,12.8372,12.9125,12.8372,12.8561,4.21817,162037,0,0
1983-12-30,12.9125,12.9878,12.8749,12.9878,4.2614,59768,0,0
1984-01-03,13.0631,13.0631,12.8184,12.8561,4.21817,85667,0,0
1984-01-04,12.8372,12.9878,12.8372,12.9502,4.24905,102933,0,0
1984-01-05,12.9878,13.3266,12.9878,13.3266,4.37256,158716,0,0
1984-01-06,13.4772,13.6654,13.4772,13.6466,4.47756,326065,0,0
1984-01-09,13.6466,13.7784,13.5901,13.6654,4.48373,342003,0,0
1984-01-10,13.7031,13.7407,13.6466,13.7031,4.49608,522634,0,0
1984-01-11,13.7219,13.9666,13.7219,13.929,4.57019,184615,0,0
1984-01-12,13.929,14.1925,13.929,14.136,4.63813,840730,0,0
1984-01-13,14.0607,14.0607,13.7784,13.8913,4.55784,140786,0,0
1984-01-16,13.8913,13.929,13.7784,13.9101,4.56402,1528722,0,0
1984-01-17,13.8725,13.8913,13.816,13.816,4.53314,251024,0,0
1984-01-18,13.7972,14.0043,13.7972,13.8913,4.55784,377864,0,0
1984-01-19,13.8537,13.8913,13.7784,13.7784,4.52079,247703,0,0
1984-01-20,13.8537,13.929,13.7596,13.7596,4.51461,338019,0,0
1984-01-23,13.7972,13.7972,13.6466,13.6466,4.47756,450913,0,0
1984-01-24,13.609,13.609,13.4772,13.4772,4.42197,53791,0,0
1984-01-25,13.4772,13.5901,13.4396,13.5901,4.45903,354621,0,0
1984-01-26,13.5901,13.6654,13.5713,13.5901,4.45903,183287,0,0
1984-01-27,13.7031,13.7407,13.5525,13.5901,4.45903,371223,0,0
1984-01-30,13.6466,13.6466,13.1949,13.1949,4.32934,233758,0,0
1984-01-31,13.2325,13.2513,13.176,13.1949,4.32934,188600,0,0
1984-02-01,13.1572,13.1572,12.7243,12.7243,4.17493,88323,0,0
1984-02-02,12.7243,12.9502,12.7243,12.9502,4.24905,265634,0,0
1984-02-03,12.649,12.9125,12.649,12.649,4.15023,77698,0,0
1984-02-06,12.5737,12.6114,12.4608,12.4984,4.10082,120863,0,0
1984-02-07,12.4043,12.4608,12.3478,12.3855,4.06377,88987,0,0
1984-02-08,12.4043,12.4043,12.2725,12.2725,4.02671,257665,0,0
1984-02-09,12.2349,12.2349,12.0843,12.1596,3.98966,221804,0,0
1984-02-10,12.122,12.3102,12.122,12.3102,4.03906,440288,0,0
1984-02-13,12.2349,12.329,12.1596,12.1973,4.00201,188600,0,0
1984-02-14,12.2349,12.7996,12.2349,12.5361,4.11318,721195,0,0
1984-02-15,12.6302,12.7243,12.6114,12.6114,4.13788,341339,0,0
1984-02-16,12.5737,12.6302,12.4984,12.5361,4.11318,420365,0,0
1984-02-17,12.6114,12.649,12.5549,12.5737,4.12553,122191,0,0
1984-02-21,12.5737,12.5737,12.4984,12.5361,4.13546,96292,0.067763,0
1984-02-22,12.4796,12.4796,12.3478,12.3478,4.07337,300830,0,0
1984-02-23,12.3478,12.3478,12.1973,12.2161,4.0299,53127,0,0
1984-02-24,12.2537,12.4608,12.2537,12.4231,4.09821,65744,0,0
1984-02-27,12.3855,12.5737,12.3478,12.5737,4.14788,178639,0,0
1984-02-28,12.6114,12.6866,12.5925,12.6866,4.18513,199225,0,0
1984-02-29,12.6866,12.7243,12.6302,12.6302,4.16651,56447,0,0
1984-03-01,12.6114,12.7055,12.5737,12.7055,4.19135,193248,0,0
1984-03-02,12.6678,12.7431,12.649,12.7055,4.19135,127504,0,0
1984-03-05,12.7055,12.7055,12.4231,12.4608,4.11063,549862,0,0
1984-03-06,12.4231,12.4796,12.1031,12.1031,3.99265,187936,0,0
1984-03-07,12.1596,12.1596,11.8584,11.9714,3.94918,131489,0,0
1984-03-08,11.8961,12.009,11.8961,11.9337,3.93676,434311,0,0
1984-03-09,11.8961,11.8961,11.6702,11.7455,3.87467,118871,0,0
1984-03-12,11.6702,11.7079,11.5949,11.6137,3.8312,295517,0,0
1984-03-13,11.5949,11.5949,11.4443,11.4443,3.77532,298838,0,0
1984-03-14,11.4443,11.4443,11.1432,11.2561,3.71322,1091090,0,0
1984-03-15,11.2749,11.2749,11.1055,11.1243,3.66976,65080,0,0
1984-03-16,11.162,11.369,11.162,11.369,3.75048,810183,0,0
1984-03-19,11.2937,11.2937,11.1808,11.2185,3.7008,205866,0,0
1984-03-20,11.2373,11.2373,11.0679,11.0679,3.65113,448257,0,0
1984-03-21,11.0679,11.1432,11.0114,11.1432,3.67597,236414,0,0
1984-03-22,11.1055,11.1808,11.0867,11.1808,3.68839,584394,0,0
1984-03-23,11.2373,11.2373,11.1432,11.1432,3.67597,137465,0,0
1984-03-26,11.162,11.162,11.0302,11.0679,3.65113,90315,0,0
1984-03-27,11.1055,11.1055,10.6914,10.7667,3.55178,474156,0,0
1984-03-28,10.7667,11.1055,10.7667,11.1055,3.66355,340675,0,0
1984-03-29,11.1055,11.1808,11.0679,11.1808,3.68839,69065,0,0
1984-03-30,11.2185,11.2185,11.162,11.162,3.68218,156060,0,0
1984-04-02,11.1808,11.2185,11.1808,11.2185,3.7008,189264,0,0
1984-04-03,11.1432,11.1432,10.9173,10.9549,3.61387,177975,0,0
1984-04-04,10.9173,11.1808,10.9173,11.1432,3.67597,260985,0,0
1984-04-05,11.0679,11.0679,10.9173,10.9173,3.60145,122191,0,0
1984-04-06,10.6914,10.9549,10.6914,10.9549,3.61387,160044,0,0
1984-04-09,10.9549,10.9549,10.8985,10.9173,3.60145,92308,0,0
1984-04-10,10.9926,11.2185,10.9926,11.1055,3.66355,318760,0,0
1984-04-11,11.1243,11.1243,10.9926,10.9926,3.62629,131489,0,0
1984-04-12,10.9926,11.2937,10.9549,11.2937,3.72564,246375,0,0
1984-04-13,11.2937,11.2937,11.2185,11.2373,3.70701,208522,0,0
1984-04-16,11.2185,11.2937,11.2185,11.2937,3.72564,301494,0,0
1984-04-17,11.4443,11.5761,11.4443,11.5196,3.80016,136801,0,0
1984-04-18,11.6702,11.8396,11.6702,11.6702,3.84983,175982,0,0
1984-04-19,11.6702,11.8396,11.6702,11.802,3.8933,339347,0,0
1984-04-23,12.009,12.122,12.009,12.0467,3.97402,237078,0,0
1984-04-24,12.0655,12.4984,12.0655,12.4984,4.12304,199889,0,0
1984-04-25,12.4984,12.4984,12.3667,12.3667,4.07958,430327,0,0
1984-04-26,12.4043,12.4231,12.3102,12.3102,4.06095,109574,0,0
1984-04-27,12.2725,12.329,12.2349,12.2349,4.03611,152739,0,0
1984-04-30,12.2349,12.3478,12.2349,12.3478,4.07337,109574,0,0
1984-05-01,12.2914,12.3855,12.2914,12.3855,4.08579,29884,0,0
1984-05-02,12.3478,12.4608,12.3478,12.4608,4.11063,101605,0,0
1984-05-03,12.4984,12.5737,12.4984,12.5172,4.12925,26563,0,0
1984-05-04,12.5549,12.5549,12.2725,12.2725,4.04853,143442,0,0
1984-05-07,12.2349,12.2914,12.2349,12.2537,4.04232,185944,0,0
1984-05-08,12.329,12.5737,12.3102,12.5737,4.14788,257665,0,0
1984-05-09,12.6114,12.7243,12.6114,12.7055,4.19135,247039,0,0
1984-05-10,12.7055,12.7619,12.6866,12.7243,4.19756,227117,0,0
1984-05-11,12.7619,12.7808,12.6114,12.6866,4.18513,434311,0,0
1984-05-14,12.7055,12.7808,12.6866,12.6866,4.18513,190592,0,0
1984-05-15,12.6678,12.7243,12.6114,12.6866,4.18513,187936,0,0
1984-05-16,12.7243,12.7619,12.6866,12.7243,4.19756,85667,0,0
1984-05-17,12.7243,12.7243,12.4608,12.5361,4.13546,304815,0,0
1984-05-18,12.5361,12.5361,12.4231,12.4984,4.12304,511345,0,0
1984-05-21,12.4984,12.5549,12.4984,12.5549,4.14167,142114,0,0
1984-05-22,12.5361,12.5361,12.3855,12.3855,4.10796,199889,0.067763,0
1984-05-23,12.4231,12.4608,12.3855,12.4608,4.13293,100277,0,0
1984-05-24,12.4608,12.5361,12.4608,12.4984,4.14542,105589,0,0
1984-05-25,12.4608,12.5361,12.4608,12.5361,4.15791,47814,0,0
1984-05-29,12.6114,12.649,12.5361,12.5361,4.15791,67072,0,0
1984-05-30,12.5172,12.5737,12.4608,12.5361,4.15791,191256,0,0
1984-05-31,12.5737,12.649,12.5361,12.5737,4.17039,85667,0,0
1984-06-01,12.5925,12.6114,12.5737,12.5925,4.17663,182623,0,0
1984-06-04,12.6302,12.9878,12.6302,12.969,4.3015,515329,0,0
1984-06-05,12.9313,12.9313,12.7996,12.7996,4.24531,458882,0,0
1984-06-06,12.7996,12.8561,12.7996,12.7996,4.24531,847371,0,0
1984-06-07,12.7996,12.8561,12.7619,12.8561,4.26404,294189,0,0
1984-06-08,12.8372,12.9878,12.8372,12.9878,4.30774,67737,0,0
1984-06-11,13.0631,13.1007,13.0255,13.0631,4.33271,136801,0,0
1984-06-12,13.0443,13.3831,13.0443,13.3643,4.4326,263641,0,0
1984-06-13,13.5525,13.7407,13.496,13.7031,4.54498,371887,0,0
1984-06-14,13.7031,13.7031,13.5525,13.5525,4.49503,320753,0,0
1984-06-15,13.5901,13.6278,13.4772,13.4772,4.47006,170006,0,0
1984-06-18,13.4772,13.816,13.4772,13.816,4.58244,191920,0,0
1984-06-19,13.816,14.3054,13.816,14.1172,4.68232,861317,0,0
1984-06-20,14.0043,14.7572,14.0043,14.2113,4.71354,1583177,0,0
1984-06-21,14.136,14.136,13.5525,13.5901,4.50752,492086,0,0
1984-06-22,13.6654,13.9666,13.6654,13.929,4.61989,357277,0,0
1984-06-25,13.8725,13.929,13.6654,13.6654,4.53249,143442,0,0
1984-06-26,13.7031,13.7031,13.4396,13.4396,4.45758,209851,0,0
1984-06-27,13.5149,13.6843,13.496,13.609,4.51376,566464,0,0
1984-06-28,13.6466,14.0795,13.5713,13.9854,4.63862,393802,0,0
1984-06-29,14.0043,14.1548,14.0043,14.0043,4.64487,92972,0,0
1984-07-02,14.0795,14.0795,13.9854,13.9854,4.63862,154068,0,0
1984-07-03,14.0043,14.0419,14.0043,14.0043,4.64487,86995,0,0
1984-07-05,14.1737,14.4184,13.9666,14.0043,4.64487,468179,0,0
1984-07-06,14.0419,14.0795,13.8537,13.8537,4.59492,164693,0,0
1984-07-09,13.816,13.8913,13.7031,13.816,4.58244,77034,0,0
1984-07-10,13.8348,13.8537,13.7596,13.7596,4.56371,80354,0,0
1984-07-11,13.816,13.8913,13.7031,13.7031,4.54498,116215,0,0
1984-07-12,13.816,13.8537,13.6278,13.6278,4.52001,140786,0,0
1984-07-13,13.6654,13.7031,13.4584,13.4584,4.46382,298174,0,0
1984-07-16,13.5149,13.5901,13.4772,13.5149,4.48255,216491,0,0
1984-07-17,13.5901,13.8913,13.5901,13.7031,4.54498,236414,0,0
1984-07-18,13.816,13.8537,13.7031,13.7407,4.55746,180631,0,0
1984-07-19,13.7784,13.9854,13.7407,13.9478,4.62614,158716,0,0
1984-07-20,13.929,14.0043,13.7219,13.7784,4.56995,223796,0,0
1984-07-23,13.7031,13.7407,13.6654,13.7219,4.55122,140122,0,0
1984-07-24,13.7596,13.7596,13.7031,13.7219,4.55122,51134,0,0
1984-07-25,13.7407,13.7784,13.7031,13.7031,4.54498,122191,0,0
1984-07-26,13.7407,13.7784,13.7219,13.7784,4.56995,39845,0,0
1984-07-27,13.8537,14.0795,13.8537,14.0795,4.66984,106918,0,0
1984-07-30,14.1548,14.456,14.1548,14.2301,4.71978,506696,0,0
1984-07-31,14.1172,14.2301,14.0795,14.1737,4.70106,167349,0,0
1984-08-01,14.1737,14.5313,14.1737,14.456,4.7947,238406,0,0
1984-08-02,14.6066,14.8325,14.5689,14.8136,4.91332,399779,0,0
1984-08-03,15.0583,15.3971,14.9078,15.2842,5.0694,744438,0,0
1984-08-06,15.4536,15.8112,15.3595,15.4536,5.12559,353293,0,0
1984-08-07,15.3595,15.6607,15.3219,15.5477,5.1568,561815,0,0
1984-08-08,15.5289,15.6607,15.3971,15.3971,5.10686,130160,0,0
1984-08-09,15.4348,15.8865,15.3595,15.6607,5.19426,195905,0,0
1984-08-10,15.943,16.1124,15.8112,15.9242,5.28166,268954,0,0
1984-08-13,15.8489,16.0371,15.7736,15.8489,5.25669,272939,0,0
1984-08-14,15.943,16.0748,15.8865,15.9618,5.29415,61760,0,0
1984-08-15,16.0183,16.0371,15.9054,15.9618,5.29415,183951,0,0
1984-08-16,16.0748,16.4136,16.0748,16.263,5.39404,217820,0,0
1984-08-17,16.3383,16.3759,16.2818,16.3383,5.41901,120863,0,0
1984-08-20,16.263,16.3383,16.263,16.3383,5.41901,274267,0,0
1984-08-21,16.3006,16.5265,16.263,16.263,5.40899,330050,0.045175,0
1984-08-22,16.4136,16.4889,16.3195,16.3948,5.45282,233758,0,0
1984-08-23,16.4136,16.4136,16.3383,16.3759,5.44656,27227,0,0
1984-08-24,16.3948,16.4136,16.3383,16.3759,5.44656,138794,0,0
1984-08-27,16.3383,16.3383,16.1501,16.1501,5.37143,238406,0,0
1984-08-28,16.1501,16.2254,16.1312,16.1312,5.36517,1411843,0,0
1984-08-29,16.1501,16.1501,15.9807,16.0371,5.33387,252352,0,0
1984-08-30,15.9995,16.1124,15.9995,16.0371,5.33387,158052,0,0
1984-08-31,15.9995,16.0371,15.9618,15.9807,5.31509,58439,0,0
1984-09-04,15.9618,15.9618,15.736,15.7548,5.23996,261649,0,0
1984-09-05,15.6795,15.736,15.6607,15.7171,5.22744,96292,0,0
1984-09-06,15.7736,15.9618,15.7736,15.9618,5.30883,36525,0,0
1984-09-07,16.0371,16.1124,15.9618,15.9995,5.32135,47150,0,0
1984-09-10,15.9995,16.0748,15.8112,15.8489,5.27126,122856,0,0
1984-09-11,16.0371,16.1501,15.9242,15.9242,5.29631,113116,0,3
1984-09-12,15.9807,16.0371,15.6983,15.8112,5.25874,159380,0,0
1984-09-13,15.8112,15.9242,15.6983,15.9242,5.29631,77476,0,0
1984-09-14,16.1501,16.7147,16.0371,16.263,5.40899,130382,0,0
1984-09-17,16.6018,16.7147,16.3759,16.6018,5.52168,206530,0,0
1984-09-18,16.7147,17.8441,16.6583,17.3359,5.76583,415717,0,0
1984-09-19,17.5053,17.5053,16.7147,16.8842,5.61559,389817,0,0
1984-09-20,16.7712,17.2794,16.7147,16.9406,5.63437,534588,0,0
1984-09-21,16.9971,17.11,15.5854,15.5854,5.18362,959602,0,0
1984-09-24,15.5854,15.8677,15.5289,15.6418,5.2024,586829,0,0
1984-09-25,15.7548,15.8112,15.5289,15.6418,5.2024,339347,0,0
1984-09-26,15.8112,15.8112,15.0207,15.303,5.08971,419701,0,0
1984-09-27,15.3595,15.5854,15.3595,15.4724,5.14606,244383,0,0
1984-09-28,15.5289,15.5289,15.1336,15.1336,5.03337,260321,0,0
1984-10-01,15.1336,15.1336,14.3995,14.3995,4.78921,242612,0,0
1984-10-02,14.6819,14.6819,14.2301,14.456,4.80799,519978,0,0
1984-10-03,14.5689,14.6254,14.3995,14.5689,4.84556,131710,0,0
1984-10-04,14.6254,14.8513,14.6254,14.8513,4.93946,128168,0,0
1984-10-05,15.0772,15.303,14.9642,15.1901,5.05215,357720,0,0
1984-10-08,14.8513,15.1336,14.7948,14.8513,4.93946,192142,0,0
1984-10-09,14.7948,14.7948,14.2301,14.3431,4.77044,239070,0,0
1984-10-10,13.8348,14.1737,13.6654,14.1172,4.69531,258107,0,0
1984-10-11,14.2301,14.8513,14.2301,14.8513,4.93946,162922,0,0
1984-10-12,14.9642,15.3595,14.9642,15.2466,5.07093,260321,0,0
1984-10-15,15.2466,15.416,15.1901,15.3595,5.10849,131489,0,0
1984-10-16,15.3595,15.4724,15.1901,15.2466,5.07093,250360,0,0
1984-10-17,15.1336,15.1901,14.2866,14.7948,4.92068,317211,0,0
1984-10-18,14.6819,14.7948,14.5689,14.7948,4.92068,555838,0,0
1984-10-19,15.1336,15.5289,14.9078,15.2466,5.07093,664970,0,0
1984-10-22,15.3595,15.5289,15.3595,15.3595,5.10849,302822,0,0
1984-10-23,15.2466,15.3595,14.7948,14.9078,4.95825,215606,0,0
1984-10-24,14.9078,15.2466,14.8513,15.2466,5.07093,460653,0,0
1984-10-25,15.303,15.303,14.9078,15.0207,4.99581,128832,0,0
1984-10-26,14.8513,14.9642,14.6819,14.9642,4.97702,243940,0,0
1984-10-29,15.0772,15.1336,14.8513,14.8513,4.93946,129496,0,0
1984-10-30,14.9078,15.0207,14.9078,15.0207,4.99581,93857,0,0
1984-10-31,15.0207,15.0772,14.9642,15.0772,5.01459,150083,0,0
1984-11-01,14.9642,15.7548,14.9642,15.6983,5.22118,268954,0,0
1984-11-02,16.4889,16.8842,16.263,16.3759,5.44656,1097288,0,0
1984-11-05,16.6018,16.8842,16.6018,16.8842,5.61559,216713,0,0
1984-11-06,16.9406,17.5053,16.9406,17.5053,5.82218,655451,0,0
1984-11-07,17.4488,17.4488,16.7712,16.9971,5.65315,281793,0,0
1984-11-08,17.0536,17.0536,16.7147,16.9406,5.63437,396680,0,0
1984-11-09,16.9406,16.9971,16.263,16.263,5.40899,247039,0,0
1984-11-12,16.263,16.3759,16.0936,16.2065,5.39021,144770,0,0
1984-11-13,16.3759,16.6018,16.3195,16.3759,5.44656,121749,0,0
1984-11-14,16.4889,16.4889,16.263,16.4324,5.46534,76370,0,0
1984-11-15,16.4324,16.6583,16.3759,16.4324,5.46534,88766,0,0
1984-11-16,16.3759,16.3759,15.9807,16.0371,5.33387,175097,0,0
1984-11-19,16.1501,16.1501,15.4724,15.7548,5.23996,225346,0,0
1984-11-20,15.7548,15.8112,15.4724,15.5854,5.18362,74599,0,0
1984-11-21,15.5854,15.7548,15.1901,15.7548,5.23996,238185,0,0
1984-11-23,15.8112,16.1501,15.8112,16.0371,5.33387,351300,0,0
1984-11-26,16.0371,16.0371,15.8112,15.8677,5.27753,40066,0,0
1984-11-27,15.2466,15.303,14.5689,15.303,5.13356,772330,0.135525,0
1984-11-28,15.303,15.3595,15.0772,15.1336,5.07673,275152,0,0
1984-11-29,15.1336,15.2466,15.0207,15.1901,5.09567,251467,0,0
1984-11-30,15.1901,15.1901,14.7948,14.7948,4.96307,154732,0,0
1984-12-03,14.8513,14.8513,14.2301,14.456,4.84941,184173,0,0
1984-12-04,14.5689,14.6819,14.3995,14.456,4.84941,379856,0,0
1984-12-05,14.5689,14.5689,14.1737,14.3431,4.81153,309906,0,0
1984-12-06,14.3431,14.7948,14.2866,14.7948,4.96307,135695,0,0
1984-12-07,15.1336,15.6418,15.1336,15.4724,5.19039,335141,0,0
1984-12-10,15.416,15.416,15.1336,15.2466,5.11461,105368,0,0
1984-12-11,15.303,15.303,15.0207,15.1901,5.09567,47593,0,0
1984-12-12,15.303,15.303,15.0207,15.0207,5.03885,251245,0,0
1984-12-13,15.1336,15.1901,15.0207,15.0207,5.03885,83675,0,0
1984-12-14,15.1336,15.6983,15.1336,15.416,5.17144,116879,0,0
1984-12-17,15.3595,15.3595,15.2466,15.303,5.13356,72385,0,0
1984-12-18,15.4724,16.3759,15.4724,16.3195,5.47454,365910,0,0
1984-12-19,16.263,16.8842,16.263,16.7147,5.60713,316768,0,0
1984-12-20,16.8277,16.8277,16.3759,16.6018,5.56925,161594,0,0
1984-12-21,16.4889,16.6018,16.0371,16.263,5.45559,248367,0,0
1984-12-24,16.3759,16.8842,16.3759,16.7147,5.60713,80797,0,0
1984-12-26,16.7147,16.8842,16.7147,16.8842,5.66396,94743,0,0
1984-12-27,16.8842,16.8842,16.3759,16.3759,5.49348,257886,0,0
1984-12-28,16.4889,16.5453,16.2065,16.263,5.45559,106918,0,0
1984-12-31,16.263,16.263,15.9242,15.9242,5.34193,128390,0,0
1985-01-02,16.0371,16.2065,15.8112,15.8112,5.30405,119535,0,0
1985-01-03,15.8112,16.263,15.8112,16.0936,5.39876,100277,0,0
1985-01-04,16.0371,16.0936,15.8677,15.9807,5.36088,69507,0,0
1985-01-07,15.9807,16.6018,15.9807,15.9807,5.36088,152075,0,0
1985-01-08,14.9078,15.2466,14.9078,14.9642,5.0199,436525,0,0
1985-01-09,15.0772,15.1336,14.5689,14.6819,4.92518,655672,0,0
1985-01-10,14.6819,15.0772,14.5689,14.9642,5.0199,311013,0,0
1985-01-11,15.0772,15.0772,14.7948,15.0772,5.05779,349972,0,0
1985-01-14,15.0207,15.2466,14.9078,15.2466,5.11461,182623,0,0
1985-01-15,15.1336,15.1336,14.2866,14.3995,4.83047,1312009,0,0
1985-01-16,14.3431,14.9078,14.3431,14.9078,5.00096,2917543,0,0
1985-01-17,14.8513,15.1336,14.7948,15.0207,5.03885,570891,0,0
1985-01-18,15.0207,15.3595,14.9078,15.303,5.13356,367681,0,0
1985-01-21,15.303,15.5854,15.1901,15.5289,5.20933,473935,0,0
1985-01-22,15.5854,15.5854,15.0207,15.1336,5.07673,479690,0,0
1985-01-23,15.2466,15.9807,15.1901,15.9807,5.36088,421029,0,0
1985-01-24,16.263,16.3195,15.7548,15.9807,5.36088,441837,0,0
1985-01-25,15.9807,16.1501,15.6418,16.0371,5.37981,277144,0,0
1985-01-28,16.1501,16.3195,16.0936,16.0936,5.39876,189928,0,0
1985-01-29,16.0371,16.0371,15.8112,15.9807,5.36088,191478,0,0
1985-01-30,16.1501,16.3759,15.9807,16.1501,5.41771,252795,0,0
1985-01-31,16.0371,16.0371,15.6418,15.7548,5.2851,204317,0,0
1985-02-01,15.6418,15.6983,15.5289,15.6418,5.24722,67072,0,0
1985-02-04,15.3595,15.6418,15.2466,15.5854,5.22827,213835,0,0
1985-02-05,15.6418,15.6418,15.303,15.5289,5.20933,316547,0,0
1985-02-06,15.303,15.9242,15.303,15.8112,5.30405,139015,0,0
1985-02-07,15.6983,16.8277,15.6983,16.6583,5.58819,1134256,0,0
1985-02-08,16.9971,17.2794,16.6583,17.11,5.73973,671389,0,0
1985-02-11,17.3924,17.3924,16.9971,17.0536,5.72079,287327,0,0
1985-02-12,16.9406,16.9971,16.4889,16.9971,5.70185,295517,0,0
1985-02-13,16.9406,17.6747,16.8842,17.6747,5.92916,531267,0,0
1985-02-14,18.4088,18.6912,18.07,18.1265,6.08071,1076259,0,0
1985-02-15,18.1265,18.8606,18.1265,18.7476,6.28908,587050,0,0
1985-02-19,18.917,19.1429,18.6347,18.7476,6.28908,475263,0,0
1985-02-20,19.4252,20.1029,19.4252,19.7076,6.61111,618705,0,0
1985-02-21,19.7076,19.7641,19.1994,19.5382,6.55428,488323,0,0
1985-02-22,19.5947,19.5947,19.3688,19.4252,6.5164,73713,0,0
1985-02-25,19.1994,19.4817,19.03,19.3688,6.49746,164471,0,0
1985-02-26,19.4252,19.9899,19.3123,19.9899,6.75309,278915,0.135525,0
1985-02-27,19.9899,20.4982,19.9335,20.2158,6.82939,107803,0,0
1985-02-28,20.1029,20.3852,20.0464,20.3852,6.88662,83453,0,0
1985-03-01,20.3852,20.3852,19.9899,20.3288,6.86754,484781,0,0
1985-03-04,20.2158,20.2723,19.6511,19.7076,6.6577,217598,0,0
1985-03-05,19.6511,19.7076,19.3123,19.6511,6.63862,377864,0,0
1985-03-06,19.5382,19.6511,19.3123,19.4252,6.56232,336912,0,0
1985-03-07,19.1994,19.2558,18.8606,18.9735,6.4097,282457,0,0
1985-03-08,18.7476,18.8041,18.6347,18.6347,6.29524,306807,0,0
1985-03-11,18.7476,18.7476,18.4088,18.5217,6.25709,201882,0,0
1985-03-12,18.4088,18.6912,18.3523,18.6912,6.31432,212507,0,0
1985-03-13,18.8041,18.8041,18.07,18.1829,6.14264,260542,0,0
1985-03-14,18.1829,18.2394,18.07,18.1829,6.14264,146763,0,0
1985-03-15,18.2959,18.2959,17.8441,18.07,6.10448,456004,0,0
1985-03-18,18.07,18.1829,17.9006,17.9571,6.06633,226231,0,0
1985-03-19,17.9571,18.1829,17.9571,18.07,6.10448,62645,0,0
1985-03-20,18.5217,18.6347,18.4088,18.5217,6.25709,291312,0,0
1985-03-21,18.6347,19.4252,18.6347,19.1994,6.48601,335805,0,0
1985-03-22,19.0864,19.1429,18.7476,18.7476,6.3334,141671,0,0
1985-03-25,18.5217,19.1429,18.2959,18.7476,6.3334,398229,0,0
1985-03-26,18.7476,19.0864,18.7476,18.9735,6.4097,166021,0,0
1985-03-27,18.9735,19.3688,18.8606,19.1994,6.48601,346209,0,0
1985-03-28,19.1994,19.6511,19.1994,19.4252,6.56232,736027,0,0
1985-03-29,19.5382,19.5947,19.1994,19.4252,6.56232,190592,0,0
1985-04-01,19.2558,19.5382,19.2558,19.4252,6.56232,106253,0,0
1985-04-02,19.5382,19.5382,19.3123,19.3123,6.52417,206752,0,0
1985-04-03,19.3123,19.3688,18.917,18.917,6.39063,298616,0,0
1985-04-04,18.9735,20.2158,18.4653,19.3123,6.52417,572662,0,0
1985-04-08,19.4817,19.4817,19.03,19.3688,6.54324,168013,0,0
1985-04-09,19.4252,19.5947,19.3123,19.4817,6.58139,352186,0,0
1985-04-10,19.7076,20.2158,19.7076,19.9335,6.734,321859,0,0
1985-04-11,20.0464,20.2158,20.0464,20.2158,6.82939,467958,0,0
1985-04-12,20.3288,20.4417,20.2158,20.2158,6.82939,138794,0,0
1985-04-15,20.2158,20.4417,20.1593,20.4417,6.90569,290869,0,0
1985-04-16,20.2723,20.6111,20.1593,20.5546,6.94385,232651,0,0
1985-04-17,20.7805,21.3452,20.7805,21.2323,7.17276,558937,0,0
1985-04-18,21.684,22.1358,21.4581,21.5146,7.26815,957831,0,0
1985-04-19,21.3452,21.3452,20.9499,21.0064,7.09646,475927,0,0
1985-04-22,20.9499,21.1193,20.8934,21.1193,7.13461,261206,0,0
1985-04-23,21.3452,21.4581,21.0064,21.0064,7.09646,774986,0,0
1985-04-24,21.1193,21.4017,21.1193,21.3452,7.21092,175982,0,0
1985-04-25,21.2887,21.4581,21.2323,21.4581,7.24907,221361,0,0
1985-04-26,21.7405,21.8534,21.5711,21.6275,7.3063,282900,0,0
1985-04-29,21.6275,21.6275,21.1758,21.3452,7.21092,205866,0,0
1985-04-30,21.1758,21.1758,20.3852,20.7805,7.02015,380963,0,0
1985-05-01,20.6676,20.837,20.4417,20.5546,6.94385,285556,0,0
1985-05-02,20.4982,20.6111,19.4252,19.5947,6.61954,614721,0,0
1985-05-03,19.5382,19.6511,19.4252,19.5382,6.60046,93857,0,0
1985-05-06,19.5382,19.7076,19.5382,19.6511,6.63862,114444,0,0
1985-05-07,19.7641,20.2158,19.7076,20.2158,6.82939,389596,0,0
1985-05-08,20.2723,20.4417,20.1593,20.3852,6.88662,361483,0,0
1985-05-09,20.3852,21.1193,20.3852,21.0628,7.11553,275595,0,0
1985-05-10,21.1758,21.684,21.1758,21.2323,7.17276,336691,0,0
1985-05-13,21.4017,21.5711,21.3452,21.5146,7.26815,271610,0,0
1985-05-14,21.4581,21.5146,19.7076,20.3288,6.86754,839624,0,0
1985-05-15,20.1593,20.6676,20.1029,20.5546,6.94385,585722,0,0
1985-05-16,20.5546,20.8934,20.4417,20.7805,7.02015,599889,0,0
1985-05-17,20.7805,20.7805,20.6111,20.7805,7.02015,236857,0,0
1985-05-20,21.1193,21.2323,21.0064,21.1193,7.18145,224682,0.135525,0
1985-05-21,21.1193,21.1193,20.7805,20.837,7.08544,363918,0,0
1985-05-22,20.8934,21.0064,20.7805,21.0064,7.14304,238849,0,0
1985-05-23,21.0064,21.0064,20.724,20.7805,7.06623,156724,0,0
1985-05-24,20.837,20.8934,20.5546,20.7805,7.06623,170891,0,0
1985-05-28,20.8934,21.0064,20.5546,20.6111,7.00863,161594,0,0
1985-05-29,20.6676,20.8934,20.6111,20.8934,7.10464,273824,0,0
1985-05-30,20.8934,21.0064,20.7805,20.837,7.08544,217377,0,0
1985-05-31,20.8934,21.2323,20.837,21.0628,7.16224,209629,0,0
1985-06-03,21.1758,21.684,21.1758,21.5711,7.33506,313005,0,0
1985-06-04,21.684,21.7405,21.5146,21.6275,7.35426,75706,0,0
1985-06-05,21.7405,22.3616,21.7405,21.9663,7.46947,528390,0,0
1985-06-06,21.9663,22.4746,21.9099,22.4746,7.64229,305257,0,0
1985-06-07,22.5875,22.7569,22.0228,22.2487,7.56548,227338,0,0
1985-06-10,22.1922,22.5875,22.1358,22.5875,7.68069,290426,0,0
1985-06-11,22.5875,22.5875,22.2487,22.531,7.66149,267183,0,0
1985-06-12,22.531,22.9263,22.4181,22.9263,7.79591,148533,0,0
1985-06-13,23.3781,23.6039,22.9263,22.9828,7.8151,1227449,0,0
1985-06-14,22.9828,23.2651,22.8698,23.2651,7.91111,384505,0,0
1985-06-17,23.3216,23.6039,23.2087,23.6039,8.02632,123741,0,0
1985-06-18,23.6039,23.9428,23.6039,23.6604,8.04552,329607,0,0
1985-06-19,23.7733,23.9428,23.6604,23.7169,8.06473,604538,0,0
1985-06-20,23.491,23.491,22.4746,23.0392,7.8343,1524073,0,0
1985-06-21,23.0392,23.3216,22.9263,23.2651,7.91111,234643,0,0
1985-06-24,23.2651,23.2651,23.0957,23.2087,7.89191,226010,0,0
1985-06-25,23.2651,23.5475,23.1522,23.3781,7.94951,494521,0,0
1985-06-26,23.4345,23.4345,23.2651,23.2651,7.91111,77034,0,0
1985-06-27,23.3781,23.3781,23.2087,23.2651,7.91111,64416,0,0
1985-06-28,23.491,23.6039,23.3781,23.5475,8.00712,339568,0,0
1985-07-01,23.5475,23.6039,23.3216,23.3781,7.94951,175761,0,0
1985-07-02,23.491,23.491,23.2087,23.4345,7.96872,226674,0,0
1985-07-03,23.4345,23.7169,23.4345,23.6039,8.02632,207637,0,0
1985-07-05,23.7169,24.0557,23.6604,23.9992,8.16074,109795,0,0
1985-07-08,24.1122,24.5074,23.9428,24.3945,8.29515,145434,0,0
1985-07-09,24.5074,25.0721,24.5074,24.6768,8.39115,376536,0,0
1985-07-10,24.7898,25.1851,24.7898,25.0721,8.52557,280686,0,0
1985-07-11,25.1851,25.4674,24.5074,24.5074,8.33355,2627559,0,0
1985-07-12,24.5639,24.9592,24.5074,24.9592,8.48716,450692,0,0
1985-07-15,24.9592,25.0157,24.8463,24.8463,8.44876,120642,0,0
1985-07-16,24.8463,25.3545,24.8463,25.3545,8.62158,1233426,0,0
1985-07-17,25.4674,25.5803,25.0157,25.0721,8.52557,474156,0,0
1985-07-18,23.6039,24.5074,23.491,24.3945,8.29515,1034200,0,0
1985-07-19,24.451,24.451,23.8298,23.8863,8.12233,322966,0,0
1985-07-22,23.8298,23.8298,22.9828,23.2651,7.91111,678251,0,0
1985-07-23,23.4345,23.9992,23.4345,23.8298,8.10313,758384,0,0
1985-07-24,23.8863,23.9428,23.491,23.7169,8.06473,270504,0,0
1985-07-25,23.7169,23.7733,23.3781,23.6039,8.02632,200996,0,0
1985-07-26,23.491,23.6039,23.3781,23.4345,7.96872,205866,0,0
1985-07-29,23.491,23.5475,22.5875,22.8698,7.7767,219148,0,0
1985-07-30,22.9828,22.9828,22.3616,22.4746,7.64229,502712,0,0
1985-07-31,22.4746,23.1522,22.2487,22.8698,7.7767,1037963,0,0
1985-08-01,22.8698,23.3781,22.8698,23.2651,7.91111,139458,0,0
1985-08-02,23.2651,23.4345,23.1522,23.4345,7.96872,122191,0,0
1985-08-05,23.4345,23.4345,23.2087,23.3781,7.94951,108688,0,0
1985-08-06,23.3781,23.3781,23.0392,23.0392,7.8343,101384,0,0
1985-08-07,22.9263,23.1522,22.9263,23.0392,7.8343,241727,0,0
1985-08-08,23.0392,23.0957,22.9263,23.0392,7.8343,309020,0,0
1985-08-09,23.0957,23.0957,22.9263,23.0957,7.85351,96514,0,0
1985-08-12,22.9828,23.0957,22.7004,22.7569,7.73829,228002,0,0
1985-08-13,22.8134,23.2651,22.8134,23.0957,7.85351,207858,0,0
1985-08-14,23.0957,23.2651,22.9263,23.0957,7.85351,268290,0,0
1985-08-15,23.2651,23.2651,23.0392,23.2087,7.89191,113558,0,0
1985-08-16,23.0392,23.3781,22.9828,23.2651,7.91111,178860,0,0
1985-08-19,23.3216,23.4345,23.2651,23.3781,7.94951,33868,0,0
1985-08-20,23.4345,24.9027,23.3781,23.8863,8.12233,434754,0,0
1985-08-21,23.9992,24.1686,23.9428,24.0557,8.17993,154953,0,0
1985-08-22,24.0557,24.1686,23.9428,23.9992,8.16074,156281,0,0
1985-08-23,23.8863,23.8863,23.7169,23.7169,8.06473,324516,0,0
1985-08-26,23.7169,23.9428,23.6039,23.9428,8.14154,338462,0,0
1985-08-27,23.9428,24.1122,23.8863,23.9428,8.18788,225125,0.135525,0
1985-08-28,23.9428,24.3945,23.9428,24.3945,8.34237,402656,0,0
1985-08-29,24.3945,24.7898,24.338,24.7333,8.45823,580852,0,0
1985-08-30,24.7333,24.7333,24.5074,24.6768,8.43893,349308,0,0
1985-09-03,24.5639,24.6204,24.1686,24.2816,8.30375,218484,0,0
1985-09-04,23.6039,23.6604,23.0392,23.2651,7.95615,1033094,0,0
1985-09-05,23.3781,23.6039,23.2651,23.491,8.03339,155174,0,0
1985-09-06,23.4345,23.6039,23.3781,23.4345,8.01408,87438,0,0
1985-09-09,23.3216,23.4345,23.2087,23.3781,7.99477,159602,0,0
1985-09-10,23.491,23.491,22.9263,22.9263,7.84028,173326,0,0
1985-09-11,22.9828,22.9828,22.4181,22.531,7.7051,572662,0,0
1985-09-12,22.3616,22.4181,21.9099,22.1358,7.56993,397122,0,0
1985-09-13,21.9663,22.1358,21.7969,21.8534,7.47337,718539,0,0
1985-09-16,21.9099,22.0228,21.5146,21.6275,7.39613,233979,0,0
1985-09-17,21.5146,21.5146,20.837,21.4581,7.33819,419480,0,0
1985-09-18,21.4581,21.7969,21.4581,21.5711,7.37682,159159,0,0
1985-09-19,21.8534,22.0228,21.7969,22.0228,7.53131,103818,0,0
1985-09-20,22.1358,22.3052,21.684,21.684,7.41544,171776,0,0
1985-09-23,22.0793,22.1358,21.9099,21.9663,7.51199,201882,0,0
1985-09-24,21.9663,22.0793,21.684,21.7405,7.43475,172883,0,0
1985-09-25,21.684,21.684,21.1193,21.2323,7.26095,331157,0,0
1985-09-26,21.1758,21.2323,20.9499,21.2323,7.26095,184394,0,0
1985-09-30,21.2323,21.2323,20.9499,21.1758,7.24164,127947,0,0
1985-10-01,21.1758,21.6275,21.0628,21.6275,7.39613,153846,0,0
1985-10-02,21.8534,21.8534,21.2323,21.2887,7.28026,119092,0,0
1985-10-03,21.4017,21.4017,21.0628,21.1193,7.22233,199004,0,0
1985-10-04,21.1758,21.1758,20.8934,20.8934,7.14508,171112,0,0
1985-10-07,20.0464,20.0464,19.877,20.0464,6.85542,418373,0,0
1985-10-08,20.0464,20.0464,19.1429,19.1994,6.56575,673603,0,0
1985-10-09,19.3688,19.6511,19.3688,19.5382,6.68162,251467,0,0
1985-10-10,19.5382,19.5382,18.9735,19.1429,6.54644,380963,0,0
1985-10-11,19.1994,19.3688,19.0864,19.3123,6.60438,143442,0,0
1985-10-14,19.3688,19.3688,19.1429,19.3688,6.62369,143885,0,0
1985-10-15,19.4252,19.5382,18.9735,19.0864,6.52714,552075,0,0
1985-10-16,19.1994,19.7076,19.0864,19.7076,6.73955,570670,0,0
1985-10-17,19.877,20.2723,19.877,20.1029,6.87473,628224,0,0
1985-10-18,19.9899,20.7805,19.9899,20.2158,6.91335,371002,0,0
1985-10-21,20.3288,20.3288,19.877,19.9899,6.83611,240620,0,0
1985-10-22,19.877,19.9899,19.6511,19.877,6.79749,234422,0,0
1985-10-23,19.7076,20.0464,19.7076,19.9899,6.83611,267183,0,0
1985-10-24,19.9335,19.9335,19.4252,19.5382,6.68162,258550,0,0
1985-10-25,19.5947,19.5947,19.1429,19.1994,6.56575,256115,0,0
1985-10-28,19.2558,19.3123,19.1429,19.2558,6.58507,270282,0,0
1985-10-29,19.2558,19.5947,19.1429,19.3688,6.62369,322966,0,0
1985-10-30,19.4252,19.5947,19.3123,19.4252,6.64299,523741,0,0
1985-10-31,19.4252,19.4252,18.9735,19.3123,6.60438,399557,0,0
1985-11-01,19.3123,19.4252,19.1994,19.3688,6.62369,386497,0,0
1985-11-04,19.3688,19.5382,19.1994,19.3123,6.60438,219812,0,0
1985-11-05,19.2558,19.5947,19.1994,19.5382,6.68162,285335,0,0
1985-11-06,19.9899,20.2158,19.4817,19.6511,6.72025,370780,0,0
1985-11-07,19.6511,20.3288,19.5382,20.3288,6.95197,827006,0,0
1985-11-08,20.4982,20.837,20.4982,20.7805,7.10646,221140,0,0
1985-11-11,20.7805,20.7805,20.5546,20.724,7.08715,246818,0,0
1985-11-12,20.837,20.9499,20.724,20.8934,7.14508,390039,0,0
1985-11-13,20.8934,20.8934,20.4982,20.5546,7.02922,246375,0,0
1985-11-14,20.4417,20.6111,20.3852,20.4982,7.00991,333149,0,0
1985-11-15,20.4417,20.6676,20.2723,20.4417,6.99059,95628,0,0
1985-11-18,20.5546,20.5546,20.1029,20.2158,6.91335,160266,0,0
1985-11-19,20.2158,20.2158,19.7641,19.9899,6.83611,608522,0,0
1985-11-20,19.877,19.877,19.4817,19.7076,6.73955,388489,0,0
1985-11-21,19.8205,20.1029,19.5947,20.0464,6.85542,701051,0,0
1985-11-22,20.837,20.837,20.1593,20.837,7.12577,622911,0,0
1985-11-25,20.6111,20.7805,20.3288,20.6111,7.09467,207858,0.135525,0
1985-11-26,20.4982,20.724,20.2158,20.2158,6.95861,239070,0,0
1985-11-27,20.2158,20.2158,19.1994,19.877,6.84199,1264416,0,0
1985-11-29,19.9899,20.0464,19.8205,19.9899,6.88086,114222,0,0
1985-12-02,19.9335,20.0464,19.7641,20.0464,6.9003,292640,0,0
1985-12-03,19.9335,20.3288,19.877,20.3288,6.99748,177975,0,0
1985-12-04,20.5546,20.9499,20.5546,20.8934,7.19186,433204,0,0
1985-12-05,20.8934,21.0628,20.3288,20.4417,7.03636,495849,0,0
1985-12-06,19.9899,20.3288,19.9899,20.1593,6.93917,356835,0,0
1985-12-09,20.2723,20.6676,20.2158,20.5546,7.07524,272053,0,0
1985-12-10,20.6676,20.9499,20.5546,20.9499,7.2113,238849,0,0
1985-12-11,21.0064,21.1193,20.3288,20.4982,7.0558,955617,0,0
1985-12-12,20.4982,20.7805,20.4417,20.7805,7.15298,875042,0,0
1985-12-13,20.7805,21.1758,20.724,20.8934,7.19186,245268,0,0
1985-12-16,21.1193,21.1193,20.8934,20.8934,7.19186,247039,0,0
1985-12-17,20.8934,21.0064,20.6676,20.7805,7.15298,651688,0,0
1985-12-18,20.8934,21.1193,20.6111,20.6111,7.09467,350194,0,0
1985-12-19,20.5546,20.6676,20.4982,20.5546,7.07524,194798,0,0
1985-12-20,20.5546,20.724,20.2158,20.4982,7.0558,263641,0,0
1985-12-23,20.4982,20.4982,20.0464,20.1593,6.93917,278030,0,0
1985-12-24,20.2723,20.2723,19.9899,19.9899,6.88086,263420,0,0
1985-12-26,19.9899,20.1593,19.9899,19.9899,6.88086,236193,0,0
1985-12-27,20.1029,20.3288,19.9899,20.1593,6.93917,294853,0,0
1985-12-30,20.1593,20.3288,20.1029,20.2723,6.97805,272274,0,0
1985-12-31,20.3852,20.3852,19.9335,19.9335,6.86142,213614,0,0
1986-01-02,20.1593,20.2723,19.9335,20.0464,6.9003,179303,0,0
1986-01-03,20.1029,20.837,20.1029,20.7805,7.15298,235971,0,0
1986-01-06,20.8934,21.0064,20.7805,20.9499,7.2113,75706,0,0
1986-01-07,20.9499,21.1193,20.7805,21.0628,7.25017,211179,0,0
1986-01-08,20.8934,20.9499,20.1593,20.1593,6.93917,329607,0,0
1986-01-09,20.2723,20.4417,19.5382,19.877,6.84199,466851,0,0
1986-01-10,19.877,19.877,19.5947,19.7076,6.78367,268954,0,0
1986-01-13,19.5947,19.5947,19.3123,19.3688,6.66705,266298,0,0
1986-01-14,19.4252,19.4252,19.3123,19.3123,6.64761,450028,0,0
1986-01-15,19.3688,19.4817,19.3123,19.3688,6.66705,419480,0,0
1986-01-16,19.3688,19.4252,19.0864,19.1994,6.60874,235307,0,0
1986-01-17,19.0864,19.1994,18.2959,18.3523,6.31717,477034,0,0
1986-01-20,18.2959,18.3523,18.07,18.2959,6.29774,255230,0,0
1986-01-21,18.2959,18.4088,18.1265,18.2959,6.29774,414610,0,0
1986-01-22,18.2959,18.2959,17.6182,17.6182,6.06449,315661,0,0
1986-01-23,17.6747,18.1829,17.4488,18.07,6.21999,729386,0,0
1986-01-24,18.1829,18.6912,18.0135,18.6347,6.41436,490315,0,0
1986-01-27,18.7476,18.7476,18.1265,18.4088,6.33661,423243,0,0
1986-01-28,18.2959,18.3523,18.07,18.2959,6.29774,255008,0,0
1986-01-29,18.4088,18.917,18.2959,18.8606,6.49212,418373,0,0
1986-01-30,18.917,19.4252,18.8606,19.03,6.55042,346873,0,0
1986-01-31,19.0864,19.4252,19.03,19.0864,6.56986,133481,0,0
1986-02-03,19.1994,19.8205,19.1994,19.7641,6.80311,312120,0,0
1986-02-04,19.7641,20.0464,19.7641,19.877,6.84199,302822,0,0
1986-02-05,19.9899,20.2158,19.9335,20.1029,6.91974,169120,0,0
1986-02-06,19.9899,19.9899,19.5382,19.5382,6.72536,647925,0,0
1986-02-07,19.4817,19.5947,19.3688,19.4252,6.68649,255894,0,0
1986-02-10,19.4252,19.4252,18.8606,19.03,6.55042,316104,0,0
1986-02-11,19.03,19.03,18.6912,18.8606,6.49212,268954,0,0
1986-02-12,18.8606,18.8606,18.1829,18.3523,6.31717,503376,0,0
1986-02-13,18.4088,18.917,18.4088,18.7476,6.45324,332263,0,0
1986-02-14,18.8606,19.5382,18.8606,19.1429,6.5893,320310,0,0
1986-02-18,19.3688,19.4252,18.6347,19.0864,6.56986,839402,0,0
1986-02-19,18.917,18.917,18.07,18.1829,6.25886,917543,0,0
1986-02-20,18.1829,18.2959,17.9006,18.2959,6.29774,987493,0,0
1986-02-21,18.4088,19.1994,18.3523,19.03,6.55042,611400,0,0
1986-02-24,19.03,20.1029,19.03,19.7641,6.80311,831433,0,0
1986-02-25,19.7641,19.9899,19.7641,19.7641,6.85008,627338,0.135525,0
1986-02-26,19.7641,19.9335,19.7076,19.8205,6.86966,629552,0,0
1986-02-27,20.1593,20.2723,19.9335,20.1593,6.98708,284228,0,0
1986-02-28,20.3288,20.5546,20.1593,20.3288,7.0458,472385,0,0
1986-03-03,20.2158,20.6676,19.9899,20.6111,7.14365,471057,0,0
1986-03-04,20.7805,21.0064,20.4417,20.7805,7.20237,492529,0,0
1986-03-05,20.6111,22.3616,20.6111,21.5711,7.47638,650802,0,0
1986-03-06,21.6275,21.7405,21.2323,21.5711,7.47638,399336,0,0
1986-03-07,21.5711,21.5711,21.2323,21.4581,7.43724,446707,0,0
1986-03-10,21.4581,21.5711,21.3452,21.4581,7.43724,205202,0,0
1986-03-11,21.4581,21.6275,21.4017,21.6275,7.49594,444494,0,0
1986-03-12,21.6275,22.3052,21.6275,21.9099,7.59381,595019,0,0
1986-03-13,21.9663,22.3616,21.9099,22.1922,7.69166,342667,0,0
1986-03-14,22.1922,22.2487,21.2323,21.7405,7.53509,698838,0,0
1986-03-17,21.5711,21.6275,20.8934,21.3452,7.39809,465744,0,0
1986-03-18,21.3452,21.7405,21.0064,21.684,7.51552,660764,0,0
1986-03-19,22.0793,22.0793,21.684,21.9099,7.59381,1239181,0,0
1986-03-20,22.2487,22.3616,21.9663,22.2487,7.71124,274931,0,0
1986-03-21,22.2487,22.7569,22.1922,22.1922,7.69166,424128,0,0
1986-03-24,22.3052,22.7004,22.3052,22.4181,7.76995,900277,0,0
1986-03-25,22.4746,22.644,22.3052,22.531,7.80909,575097,0,0
1986-03-26,22.5875,23.3216,22.531,23.0392,7.98524,382070,0,0
1986-03-27,23.0392,23.0957,22.8134,22.8134,7.90696,221361,0,0
1986-03-31,22.9828,22.9828,22.1922,22.3052,7.73081,477034,0,0
1986-04-01,22.1358,22.3052,21.8534,21.9663,7.61338,887659,0,0
1986-04-02,21.684,21.7405,21.5146,21.6275,7.49594,611621,0,0
1986-04-03,21.1758,21.4581,20.7805,20.9499,7.26109,439624,0,0
1986-04-04,21.0628,21.1758,20.7805,20.7805,7.20237,610293,0,0
1986-04-07,20.8934,20.9499,20.4417,20.6676,7.16323,262092,0,0
1986-04-08,20.6676,20.6676,20.3852,20.4417,7.08495,336691,0,0
1986-04-09,20.4417,21.1758,20.4417,21.0064,7.28066,1557941,0,0
1986-04-10,21.0628,21.4017,21.0064,21.2887,7.37852,187936,0,0
1986-04-11,22.1358,22.3616,21.3452,22.2487,7.71124,502712,0,0
1986-04-14,22.2487,22.2487,21.9099,22.0228,7.63295,301494,0,0
1986-04-15,22.0228,22.1922,21.7969,21.9099,7.59381,184173,0,0
1986-04-16,21.9099,22.1358,21.9099,21.9663,7.61338,333149,0,0
1986-04-17,21.9663,21.9663,21.5711,21.7969,7.55466,215385,0,0
1986-04-18,21.684,21.7405,21.3452,21.4581,7.43724,324737,0,0
1986-04-21,21.6275,21.9099,21.4017,21.9099,7.59381,250581,0,0
1986-04-22,22.0228,22.3052,21.9099,22.0228,7.63295,208744,0,0
1986-04-23,22.0228,22.644,21.8534,22.531,7.80909,193691,0,0
1986-04-24,22.531,22.644,22.3616,22.5875,7.82866,120863,0,0
1986-04-25,22.4746,22.5875,22.4181,22.531,7.80909,121085,0,0
1986-04-28,22.4181,22.8134,22.4181,22.8134,7.90696,136137,0,0
1986-04-29,22.8134,22.8698,22.4181,22.531,7.80909,256336,0,0
1986-04-30,22.5875,22.5875,21.9663,22.1358,7.67209,133038,0,0
1986-05-01,22.1922,22.1922,22.0228,22.0228,7.63295,110902,0,0
1986-05-02,22.1358,22.1922,21.9099,21.9099,7.59381,151411,0,0
1986-05-05,21.7969,22.1922,21.7969,22.1922,7.69166,73492,0,0
1986-05-06,22.1922,22.4746,22.1358,22.3616,7.75038,123741,0,0
1986-05-07,22.4181,22.531,22.3616,22.4181,7.76995,90758,0,0
1986-05-08,22.4181,22.531,22.3616,22.4746,7.78953,71721,0,0
1986-05-09,22.3616,22.4181,22.3052,22.3052,7.73081,136580,0,0
1986-05-12,22.1922,22.3052,22.1358,22.1922,7.69166,71942,0,0
1986-05-13,22.1922,22.1922,21.7405,21.9099,7.59381,134809,0,0
1986-05-14,22.0228,22.1358,21.9663,22.0228,7.63295,103376,0,0
1986-05-15,22.0793,22.0793,21.9099,21.9099,7.59381,199447,0,0
1986-05-16,21.9663,22.2487,21.9099,22.0793,7.65252,268733,0,0
1986-05-19,22.0228,22.0228,21.9099,21.9663,7.61338,63088,0,0
1986-05-20,22.0228,22.1358,21.9099,22.0793,7.65252,54012,0,0
1986-05-21,22.0228,22.0228,21.3452,21.4581,7.43724,271389,0,0
1986-05-22,21.6275,21.7969,21.5711,21.7405,7.53509,136359,0,0
1986-05-23,21.7405,21.8534,21.4017,21.4017,7.41766,101384,0,0
1986-05-27,21.684,21.8534,21.5146,21.684,7.56341,123298,0.135525,0
1986-05-28,21.7969,21.8534,21.6275,21.7405,7.58311,335141,0,0
1986-05-29,21.7969,22.3052,21.684,22.3052,7.78008,388046,0,0
1986-05-30,22.1358,22.7569,22.1358,22.4746,7.83917,249253,0,0
1986-06-02,22.3616,22.644,22.3052,22.3616,7.79978,115329,0,0
1986-06-03,22.2487,22.531,22.0228,22.531,7.85886,126840,0,0
1986-06-04,22.644,22.7569,22.2487,22.7004,7.91795,117764,0,0
1986-06-05,22.5875,22.5875,22.2487,22.4181,7.81947,71721,0,0
1986-06-06,22.4181,22.4181,21.7969,21.8534,7.62251,144770,0,0
1986-06-09,21.8534,21.8534,20.9499,20.9499,7.30736,147205,0,0
1986-06-10,21.1193,21.4581,20.9499,21.2323,7.40585,148755,0,0
1986-06-11,21.4581,21.4581,21.0628,21.3452,7.44524,68179,0,0
1986-06-12,21.2323,21.2323,21.0064,21.0628,7.34675,77919,0,0
1986-06-13,21.0628,21.5711,21.0628,21.5146,7.50433,157609,0,0
1986-06-16,21.4017,21.5711,21.3452,21.5711,7.52402,132595,0,0
1986-06-17,21.4581,21.5711,21.2887,21.5146,7.50433,120863,0,0
1986-06-18,21.4017,21.5146,21.1758,21.4017,7.46493,206973,0,0
1986-06-19,21.5146,21.5711,21.2887,21.3452,7.44524,96956,0,0
1986-06-20,21.5146,21.6275,21.3452,21.6275,7.54372,188157,0,0
1986-06-23,21.5146,21.6275,21.2323,21.2323,7.40585,79469,0,0
1986-06-24,21.4017,21.6275,21.2887,21.5146,7.50433,122191,0,0
1986-06-25,21.5711,21.7405,21.3452,21.4017,7.46493,140786,0,0
1986-06-26,21.3452,21.6275,21.0628,21.5711,7.52402,215827,0,0
1986-06-27,21.7405,22.2487,21.7405,22.0793,7.70129,160266,0,0
1986-06-30,22.3616,22.7569,22.2487,22.5875,7.87856,255451,0,0
1986-07-01,22.7569,23.2087,22.5875,23.0957,8.05583,373658,0,0
1986-07-02,23.2087,23.2087,22.8134,22.9263,7.99674,163586,0,0
1986-07-03,22.9828,23.0957,22.7004,22.9263,7.99674,161151,0,0
1986-07-07,22.8134,22.8134,21.4017,21.5711,7.52402,312562,0,0
1986-07-08,21.4017,21.4017,20.8934,21.2323,7.40585,213835,0,0
1986-07-09,21.2323,21.684,21.2323,21.5711,7.52402,143221,0,0
1986-07-10,21.684,22.0228,21.2887,21.6275,7.54372,110681,0,0
1986-07-11,21.6275,21.684,21.3452,21.3452,7.44524,114887,0,0
1986-07-14,21.1758,21.2887,20.9499,21.0628,7.34675,113780,0,0
1986-07-15,21.1758,21.4581,19.877,20.1029,7.01192,245711,0,0
1986-07-16,20.4417,20.5546,20.1029,20.2158,7.05131,339790,0,0
1986-07-17,20.2158,20.4417,20.2158,20.2158,7.05131,112452,0,0
1986-07-18,20.2158,20.3288,19.9335,19.9899,6.97252,143664,0,0
1986-07-21,20.0464,20.1029,19.8205,19.877,6.93313,126619,0,0
1986-07-22,19.7641,19.9899,19.6511,19.7076,6.87404,181738,0,0
1986-07-23,19.4252,19.8205,19.4252,19.7641,6.89374,468843,0,0
1986-07-24,19.7076,20.1593,19.7076,19.877,6.93313,158052,0,0
1986-07-25,19.877,20.1593,19.877,20.0464,6.99222,129718,0,0
1986-07-28,20.0464,20.2158,19.9335,19.9899,6.97252,125069,0,0
1986-07-29,19.9335,20.1029,19.877,20.0464,6.99222,55119,0,0
1986-07-30,20.0464,20.2723,19.877,20.2723,7.07101,267183,0,0
1986-07-31,20.1593,20.2723,20.1593,20.2158,7.05131,74156,0,0
1986-08-01,20.2158,20.3852,20.1029,20.1593,7.03161,142778,0,0
1986-08-04,20.0464,20.2158,19.5382,20.2158,7.05131,214056,0,0
1986-08-05,20.2158,20.2158,19.9335,20.1029,7.01192,284671,0,0
1986-08-06,20.1593,20.2158,19.877,20.0464,6.99222,56669,0,0
1986-08-07,20.0464,20.0464,19.9335,19.9899,6.97252,60432,0,0
1986-08-08,19.9335,20.0464,19.9335,19.9899,6.97252,139015,0,0
1986-08-11,19.9335,20.0464,19.877,19.9335,6.95282,148976,0,0
1986-08-12,19.9335,20.0464,19.7641,20.0464,6.99222,140564,0,0
1986-08-13,19.877,20.2723,19.877,20.0464,6.99222,326508,0,0
1986-08-14,20.1593,20.4982,20.1029,20.3852,7.11039,172441,0,0
1986-08-15,20.4982,20.5546,20.1029,20.3288,7.0907,497842,0,0
1986-08-18,20.1029,20.2158,19.9335,19.9899,6.97252,344438,0,0
1986-08-19,19.9899,20.0464,19.877,19.877,6.93313,76591,0,0
1986-08-20,20.2158,20.6111,20.1593,20.6111,7.18918,184394,0,0
1986-08-21,20.724,21.1193,20.5546,21.1193,7.36645,242612,0,0
1986-08-22,21.1193,21.4017,21.0628,21.1193,7.36645,183066,0,0
1986-08-25,21.1758,21.1758,20.5546,20.5546,7.16949,138794,0,0
1986-08-26,20.6676,20.7805,20.4417,20.6676,7.25673,151411,0.135525,0
1986-08-27,20.7805,21.1193,20.724,21.1193,7.41534,206309,0,0
1986-08-28,21.1193,21.4581,21.1193,21.2323,7.455,156724,0,0
1986-08-29,21.2323,21.2323,20.724,20.9499,7.35586,213392,0,0
1986-09-02,20.724,20.9499,20.1029,20.3288,7.13776,348423,0,0
1986-09-03,20.1029,20.1593,19.6511,19.877,6.97915,345324,0,0
1986-09-04,19.9899,20.1029,19.6511,20.0464,7.03863,324516,0,0
1986-09-05,19.9899,20.1593,19.4817,19.6511,6.89984,253459,0,0
1986-09-08,19.6511,20.2158,19.5947,19.9899,7.0188,342003,0,0
1986-09-09,20.0464,20.724,20.0464,20.724,7.27656,265191,0,0
1986-09-10,20.6111,20.9499,20.4982,20.7805,7.29638,224460,0,0
1986-09-11,20.6676,20.724,19.5947,19.7076,6.91967,282678,0,0
1986-09-12,19.9899,20.0464,19.1429,19.3123,6.78087,401328,0,0
1986-09-15,19.2558,19.5382,18.9735,19.3123,6.78087,193027,0,0
1986-09-16,19.1994,19.1994,18.6347,18.8606,6.62226,117322,0,0
1986-09-17,19.0864,19.0864,18.7476,18.7476,6.5826,181738,0,0
1986-09-18,18.917,19.1994,18.1829,19.03,6.68174,260764,0,0
1986-09-19,19.0864,19.1429,18.7476,19.1429,6.72139,154068,0,0
1986-09-22,19.2558,19.4817,18.9735,19.4817,6.84035,179303,0,0
1986-09-23,20.3288,20.6676,20.1029,20.6111,7.2369,368345,0,0
1986-09-24,20.6676,20.7805,20.3852,20.4982,7.19724,170448,0,0
1986-09-25,20.3852,20.3852,19.7641,20.1029,7.05845,387161,0,0
1986-09-26,20.0464,20.2158,19.7641,19.8205,6.95932,255230,0,0
1986-09-29,19.6511,19.7076,19.2558,19.5947,6.88001,211621,0,0
1986-09-30,19.4817,19.9899,19.4817,19.9899,7.0188,213392,0,0
1986-10-01,20.5546,20.7805,19.9899,20.6676,7.25673,483675,0,0
1986-10-02,20.6676,20.6676,20.5546,20.5546,7.21708,376314,0,0
1986-10-03,20.6676,20.724,20.3288,20.4982,7.19724,137465,0,0
1986-10-06,20.3852,20.5546,20.1593,20.2158,7.09811,485667,0,0
1986-10-07,20.1593,20.7805,20.1593,20.6111,7.2369,321417,0,0
1986-10-08,20.6111,20.6676,20.5546,20.6676,7.25673,167128,0,0
1986-10-09,20.6676,20.6676,20.3288,20.4417,7.17742,414610,0,0
1986-10-10,20.4417,20.4982,20.3852,20.3852,7.15759,150747,0,0
1986-10-13,20.4417,20.4417,20.2158,20.2158,7.09811,108688,0,0
1986-10-14,20.3288,20.3288,19.3688,19.6511,6.89984,639734,0,0
1986-10-15,19.5382,20.4982,19.5382,20.3852,7.15759,383841,0,0
1986-10-16,20.3288,20.4417,20.1593,20.3288,7.13776,355506,0,0
1986-10-17,20.3288,20.5546,20.1593,20.3288,7.13776,267183,0,0
1986-10-20,20.1029,20.2158,19.5382,20.1593,7.07828,158273,0,0
1986-10-21,20.0464,20.0464,19.3688,19.4252,6.82053,326729,0,0
1986-10-22,19.4252,19.5947,19.2558,19.4817,6.84035,734256,0,0
1986-10-23,19.4817,19.8205,19.2558,19.7641,6.93949,338019,0,0
1986-10-24,19.8205,20.2723,19.7076,20.2723,7.11794,265412,0,0
1986-10-27,20.3852,21.2323,20.3852,21.2323,7.455,999004,0,0
1986-10-28,21.2887,21.3452,20.724,20.724,7.27656,572219,0,0
1986-10-29,20.837,21.684,20.837,21.5146,7.55413,843608,0,0
1986-10-30,21.8534,22.2487,21.5146,22.0228,7.73258,721638,0,0
1986-10-31,22.0793,22.0793,21.1193,21.3452,7.49465,636414,0,0
1986-11-03,21.3452,21.3452,20.3288,20.3852,7.15759,1078694,0,0
1986-11-04,20.4982,20.4982,19.9335,20.1029,7.05845,599447,0,0
1986-11-05,19.6511,19.877,19.1429,19.1994,6.74123,605645,0,0
1986-11-06,19.1994,19.4252,18.917,19.0864,6.70157,526397,0,0
1986-11-07,18.9735,19.2558,18.6347,19.1994,6.74123,536801,0,0
1986-11-10,19.1994,19.7076,19.1429,19.7076,6.91967,142778,0,0
1986-11-11,19.8205,19.8205,19.4252,19.5947,6.88001,83453,0,0
1986-11-12,19.5947,19.5947,19.4817,19.5382,6.86018,122856,0,0
1986-11-13,19.5382,20.4417,19.4817,19.877,6.97915,358163,0,0
1986-11-14,19.7641,20.5546,19.5947,20.2723,7.11794,1239624,0,0
1986-11-17,20.1593,20.2723,19.877,19.9335,6.99897,404649,0,0
1986-11-18,20.0464,20.0464,19.03,19.1429,6.72139,386497,0,0
1986-11-19,19.03,19.4252,18.9735,19.4252,6.82053,290647,0,0
1986-11-20,19.5382,19.8205,19.3123,19.6511,6.89984,218926,0,0
1986-11-21,19.6511,19.6511,19.03,19.3123,6.78087,467072,0,0
1986-11-24,19.3123,19.3123,19.03,19.3123,6.8288,375872,0.135525,0
1986-11-25,19.3688,19.3688,18.917,19.0864,6.74893,239513,0,0
1986-11-26,19.1429,19.4817,19.03,19.4252,6.86873,544549,0,0
1986-11-28,19.3123,19.4252,19.1429,19.2558,6.80883,90980,0,0
1986-12-01,18.6347,18.9735,18.5217,18.9735,6.70899,479690,0,0
1986-12-02,19.0864,19.4817,18.9735,19.3688,6.84877,300166,0,0
1986-12-03,19.2558,19.4252,19.1429,19.3123,6.8288,345545,0,0
1986-12-04,19.3688,19.3688,19.1429,19.2558,6.80883,256336,0,0
1986-12-05,19.2558,19.3688,18.6347,18.7476,6.62912,382291,0,0
1986-12-08,18.6347,18.6912,17.9006,18.3523,6.48935,553403,0,0
1986-12-09,18.4088,18.4653,17.8441,17.9571,6.34959,525512,0,0
1986-12-10,17.8441,18.0135,17.4488,17.5618,6.20981,486331,0,0
1986-12-11,17.2794,17.5053,17.0536,17.5053,6.18985,536137,0,0
1986-12-12,17.3924,17.6182,17.3359,17.5618,6.20981,270725,0,0
1986-12-15,17.5618,18.0135,17.2794,18.0135,6.36955,777200,0,0
1986-12-16,18.07,18.3523,17.5618,17.5618,6.20981,445822,0,0
1986-12-17,17.3359,17.3924,16.6583,16.9971,6.01014,1588268,0,0
1986-12-18,16.8842,17.11,16.8842,16.9406,5.99017,626010,0,0
1986-12-19,16.9971,17.9571,16.9406,17.9571,6.34959,637299,0,0
1986-12-22,17.9006,18.07,17.7312,18.0135,6.36955,325180,0,0
1986-12-23,18.0135,18.1829,17.8441,17.8441,6.30965,284007,0,0
1986-12-24,17.9006,18.07,17.9006,18.07,6.38952,146984,0,0
1986-12-26,18.1265,18.2959,18.1265,18.2394,6.44942,119978,0,0
1986-12-29,18.2959,18.2959,17.9571,18.0135,6.36955,156724,0,0
1986-12-30,17.9571,17.9571,17.6747,17.7877,6.28968,210293,0,0
1986-12-31,17.8441,17.8441,17.6182,17.7312,6.26972,218041,0,0
1987-01-02,17.6747,18.0135,17.6747,18.0135,6.36955,325844,0,0
1987-01-05,18.0135,18.4088,17.9571,18.2394,6.44942,382291,0,0
1987-01-06,18.3523,18.7476,18.1829,18.4653,6.52929,296846,0,0
1987-01-07,18.4653,18.4653,18.3523,18.4653,6.52929,140786,0,0
1987-01-08,18.3523,18.4088,18.1829,18.2959,6.46939,485224,0,0
1987-01-09,18.2959,18.9735,18.2394,18.6347,6.58919,302601,0,0
1987-01-12,18.5782,19.1994,18.4088,19.03,6.72896,253901,0,0
1987-01-13,18.9735,19.1994,18.917,19.0864,6.74893,100277,0,0
1987-01-14,18.9735,19.0864,18.917,19.03,6.72896,186165,0,0
1987-01-15,18.917,18.9735,18.6912,18.917,6.68902,301051,0,0
1987-01-16,18.917,18.9735,18.4653,18.7476,6.62912,270504,0,0
1987-01-19,18.8606,18.8606,18.5217,18.6912,6.60915,255894,0,0
1987-01-20,18.7476,18.917,18.5782,18.5782,6.56922,258107,0,0
1987-01-21,18.6347,18.917,18.5782,18.5782,6.56922,284671,0,0
1987-01-22,18.7476,18.917,18.6912,18.8606,6.66906,201217,0,0
1987-01-23,18.917,19.1429,18.5217,18.5782,6.56922,1180299,0,0
1987-01-26,18.5782,18.6912,18.2959,18.6912,6.60915,216713,0,0
1987-01-27,18.5782,18.917,18.5782,18.6912,6.60915,171776,0,0
1987-01-28,18.5782,18.6912,17.9571,18.3523,6.48935,482346,0,0
1987-01-29,18.5217,18.5217,17.8441,18.0135,6.36955,610072,0,0
1987-01-30,17.9006,18.1265,17.7877,18.1265,6.40949,528168,0,0
1987-02-02,18.07,18.4653,18.0135,18.4088,6.50932,246818,0,0
1987-02-03,18.4653,18.4653,18.2959,18.4088,6.50932,415717,0,0
1987-02-04,18.5217,18.917,18.4653,18.8041,6.64909,439402,0,0
1987-02-05,18.8606,19.0864,18.6347,18.917,6.68902,569784,0,0
1987-02-06,18.8606,19.0864,18.8606,18.9735,6.70899,409740,0,0
1987-02-09,18.8606,19.03,18.6912,18.9735,6.70899,276702,0,0
1987-02-10,19.0864,19.1994,18.9735,19.0864,6.74893,357277,0,0
1987-02-11,19.1429,19.9899,19.0864,19.6511,6.9486,458661,0,0
1987-02-12,19.6511,19.9899,19.6511,19.9335,7.04843,1071389,0,0
1987-02-13,19.9899,20.7805,19.877,20.4982,7.24811,519978,0,0
1987-02-17,20.4417,21.1758,20.2723,21.0628,7.44778,1255562,0,0
1987-02-18,21.0628,21.1193,20.3288,20.4982,7.24811,805313,0,0
1987-02-19,20.3288,20.4982,20.1029,20.3288,7.18821,344881,0,0
1987-02-20,20.2158,20.3288,19.9335,20.1029,7.10834,508910,0,0
1987-02-23,20.0464,20.1029,19.5382,19.8205,7.0085,409076,0,0
1987-02-24,19.4252,19.7641,19.1994,19.4252,6.91603,230216,0.135525,0
1987-02-25,19.6511,20.2723,19.5947,20.2723,7.21759,761262,0,0
1987-02-26,20.3852,20.4417,20.1029,20.2158,7.19748,329607,0,0
1987-02-27,20.2158,20.4982,20.1593,20.3288,7.2377,397122,0,0
1987-03-02,20.3288,20.3288,19.5382,19.9899,7.11706,576204,0,0
1987-03-03,19.9335,20.0464,19.7076,20.0464,7.13717,210293,0,0
1987-03-04,20.1593,20.6676,19.9335,20.4982,7.29801,824350,0,0
1987-03-05,20.7805,20.837,19.9899,20.2158,7.19748,732928,0,0
1987-03-06,20.1029,20.2158,19.7641,20.1029,7.15728,302158,0,0
1987-03-09,20.1029,20.2723,19.8205,20.2723,7.21759,338019,0,0
1987-03-10,20.2723,20.4417,20.2158,20.2723,7.21759,513337,0,0
1987-03-11,20.3288,20.3288,19.9335,20.2158,7.19748,298395,0,0
1987-03-12,20.2723,20.7805,20.2723,20.5546,7.31812,715440,0,0
1987-03-13,20.7805,21.2887,20.7805,21.1193,7.51917,1068290,0,0
1987-03-16,21.1193,21.2887,20.7805,21.2323,7.55937,299723,0,0
1987-03-17,21.2323,21.5711,21.1758,21.5711,7.68,609629,0,0
1987-03-18,21.684,22.1358,21.6275,21.9099,7.80063,969784,0,0
1987-03-19,22.0228,22.8698,22.0228,22.8134,8.1223,1324405,0,0
1987-03-20,22.9263,23.0392,22.3616,22.531,8.02178,775208,0,0
1987-03-23,22.531,22.8698,22.4746,22.5875,8.04188,624682,0,0
1987-03-24,22.4746,22.531,22.3052,22.4181,7.98157,494300,0,0
1987-03-25,22.2487,22.3616,22.0228,22.0228,7.84084,328722,0,0
1987-03-26,22.1358,22.3616,22.1358,22.2487,7.92126,581959,0,0
1987-03-27,22.3052,22.3616,21.9663,21.9663,7.82073,170448,0,0
1987-03-30,21.7969,21.8534,21.5146,21.684,7.72021,508024,0,0
1987-03-31,21.8534,22.5875,21.7405,22.4181,7.98157,760819,0,0
1987-04-01,22.4746,23.0392,22.2487,23.0392,8.20272,1003210,0,0
1987-04-02,23.0957,23.5475,22.9263,23.5475,8.38366,660764,0,0
1987-04-03,23.6604,23.7169,23.2651,23.3781,8.32335,654787,0,0
1987-04-06,23.3781,23.7733,23.2651,23.2651,8.28314,939015,0,0
1987-04-07,22.9828,23.4345,22.9828,23.1522,8.24293,481682,0,0
1987-04-08,23.2087,23.2651,23.0392,23.2087,8.26304,295517,0,0
1987-04-09,23.2087,23.2087,22.644,22.7004,8.0821,542778,0,0
1987-04-10,22.3616,22.7569,22.2487,22.7569,8.1022,351965,0,0
1987-04-13,22.7004,22.7569,22.3052,22.3052,7.94136,321417,0,0
1987-04-14,21.5711,21.9099,20.724,20.9499,7.45885,536137,0,0
1987-04-15,21.0628,21.2887,21.0064,21.1193,7.51917,314555,0,0
1987-04-16,21.2323,21.9099,21.2323,21.5146,7.65989,461981,0,0
1987-04-20,21.7969,21.8534,21.1758,21.6275,7.7001,387604,0,0
1987-04-21,21.7405,22.0228,21.2323,22.0228,7.84084,314776,0,0
1987-04-22,21.7969,22.1358,21.2887,21.2887,7.57948,315440,0,0
1987-04-23,21.3452,21.9663,21.3452,21.7405,7.74031,377643,0,0
1987-04-24,21.6275,21.7969,21.5146,21.5146,7.65989,660542,0,0
1987-04-27,21.2887,21.6275,20.1593,20.8934,7.43875,602546,0,0
1987-04-28,20.837,20.837,20.4417,20.5546,7.31812,575097,0,0
1987-04-29,20.5546,20.724,20.1593,20.2158,7.19748,275595,0,0
1987-04-30,20.2158,20.4982,19.9899,20.1593,7.17738,340897,0,0
1987-05-01,20.2158,20.4417,20.0464,20.2158,7.19748,325401,0,0
1987-05-04,20.2158,20.4982,19.877,20.2723,7.21759,516657,0,0
1987-05-05,20.3288,20.4982,20.2158,20.3852,7.2578,269618,0,0
1987-05-06,20.1593,20.2723,19.9335,19.9335,7.09696,170227,0,0
1987-05-07,20.0464,20.3288,19.9335,20.1593,7.17738,193248,0,0
1987-05-08,20.1029,20.1593,19.877,19.9899,7.11706,154732,0,0
1987-05-11,20.1029,20.3852,19.9335,20.0464,7.13717,194577,0,0
1987-05-12,19.9899,20.0464,19.8205,19.877,7.07686,321417,0,0
1987-05-13,19.8205,19.877,19.7641,19.8205,7.05675,274488,0,0
1987-05-14,19.7641,19.877,19.4817,19.8205,7.05675,262092,0,0
1987-05-15,19.6511,19.877,19.6511,19.8205,7.05675,263420,0,0
1987-05-18,19.7076,19.877,19.3688,19.877,7.07686,320310,0,0
1987-05-19,19.877,19.9899,19.7076,19.8205,7.05675,172662,0,0
1987-05-20,19.5382,19.5382,18.8041,19.03,6.77529,185501,0,0
1987-05-21,19.1429,19.5382,19.1429,19.1429,6.8155,223575,0,0
1987-05-22,19.1994,19.5382,18.917,19.2558,6.85571,162037,0,0
1987-05-26,19.8205,19.8205,19.3123,19.8205,7.10677,63752,0.135525,0
1987-05-27,19.9335,20.3288,19.6511,20.1593,7.22826,1319092,0,0
1987-05-28,20.2723,20.2723,19.7076,20.1029,7.20801,108024,0,0
1987-05-29,20.1029,20.1029,19.4252,19.5382,7.00554,211843,0,0
1987-06-01,19.5382,19.877,19.4252,19.8205,7.10677,371887,0,0
1987-06-02,19.7076,19.8205,19.5382,19.6511,7.04603,175761,0,0
1987-06-03,19.7641,20.2723,19.6511,20.1593,7.22826,535030,0,0
1987-06-04,20.1029,20.2723,20.0464,20.2158,7.2485,76370,0,0
1987-06-05,20.2158,20.2158,19.9899,20.2158,7.2485,59989,0,0
1987-06-08,19.9899,20.1593,19.9899,20.1593,7.22826,129939,0,0
1987-06-09,20.2158,20.4417,19.9899,20.3288,7.289,481682,0,0
1987-06-10,20.3288,20.3852,19.877,20.0464,7.18776,133038,0,0
1987-06-11,20.1593,20.1593,19.7076,19.8205,7.10677,209408,0,0
1987-06-12,19.9335,20.2158,19.877,19.9899,7.16751,627781,0,0
1987-06-15,20.1029,20.1593,19.0864,19.2558,6.9043,507139,0,0
1987-06-16,18.2959,18.4653,18.07,18.3523,6.58034,1441727,0,0
1987-06-17,18.4653,18.917,18.4088,18.8606,6.76257,519092,0,0
1987-06-18,18.8606,18.8606,18.6912,18.7476,6.72208,253016,0,0
1987-06-19,18.8041,18.8606,18.6347,18.6912,6.70183,462203,0,0
1987-06-22,18.7476,19.1429,18.6912,18.9735,6.80307,256779,0,0
1987-06-23,18.8606,19.0864,18.7476,18.9735,6.80307,168235,0,0
1987-06-24,18.7476,18.917,18.5217,18.6912,6.70183,240398,0,0
1987-06-25,18.8041,18.8041,18.6912,18.7476,6.72208,263199,0,0
1987-06-26,18.917,18.917,18.6347,18.6347,6.68158,284449,0,0
1987-06-29,18.5217,18.6347,18.4653,18.6347,6.68158,160487,0,0
1987-06-30,18.6912,18.6912,18.4088,18.6347,6.68158,181516,0,0
1987-07-01,18.7476,18.9735,18.4653,18.9735,6.80307,523962,0,0
1987-07-02,19.03,19.0864,18.917,18.917,6.78281,144106,0,0
1987-07-06,18.5217,18.7476,18.5217,18.6912,6.70183,138351,0,0
1987-07-07,18.7476,18.917,18.7476,18.7476,6.72208,160266,0,0
1987-07-08,18.8041,18.917,18.8041,18.917,6.78281,106918,0,0
1987-07-09,18.8606,19.1994,18.8606,19.1429,6.8638,148091,0,0
1987-07-10,19.1429,19.3123,19.1429,19.3123,6.92455,51799,0,0
1987-07-13,19.3123,19.5382,19.3123,19.4817,6.98529,200775,0,0
1987-07-14,19.5947,19.7641,19.2558,19.7641,7.08653,679801,0,0
1987-07-15,20.3288,21.1758,20.1593,21.0064,7.53197,2151411,0,0
1987-07-16,21.4581,21.4581,21.0628,21.2887,7.6332,885445,0,0
1987-07-17,21.2887,21.5146,21.2323,21.3452,7.65345,667405,0,0
1987-07-20,21.2323,21.2323,20.7805,20.9499,7.51172,210736,0,0
1987-07-21,20.7805,21.0064,20.724,20.837,7.47122,268511,0,0
1987-07-22,20.837,20.9499,20.724,20.837,7.47122,215606,0,0
1987-07-23,20.9499,21.4017,20.9499,21.3452,7.65345,414388,0,0
1987-07-24,21.4017,21.9099,21.4017,21.6275,7.75468,220697,0,0
1987-07-27,21.5146,21.6275,21.4581,21.6275,7.75468,207194,0,0
1987-07-28,21.9099,22.0228,21.7969,21.9663,7.87616,197012,0,0
1987-07-29,21.9663,22.0228,21.9099,21.9663,7.87616,275816,0,0
1987-07-30,22.0228,22.0228,21.7969,21.7969,7.81543,326065,0,0
1987-07-31,21.684,21.7969,21.5711,21.684,7.77493,210072,0,0
1987-08-03,21.6275,21.7405,21.1193,21.2887,7.6332,350415,0,0
1987-08-04,21.4017,21.7405,21.2887,21.684,7.77493,235086,0,0
1987-08-05,21.5711,22.3052,21.5146,22.1922,7.95715,373658,0,0
1987-08-06,22.1922,22.4746,22.1358,22.4746,8.05839,229552,0,0
1987-08-07,22.3616,22.7004,22.1922,22.1922,7.95715,642612,0,0
1987-08-10,22.2487,22.7004,22.2487,22.7004,8.13938,610515,0,0
1987-08-11,22.5875,22.9263,22.5875,22.9263,8.22036,725623,0,0
1987-08-12,22.8134,23.0392,22.7569,22.9828,8.24062,822136,0,0
1987-08-13,23.0392,23.0957,22.9263,22.9828,8.24062,210072,0,0
1987-08-14,22.8698,22.9263,22.5875,22.7004,8.13938,192584,0,0
1987-08-17,22.8134,22.8698,22.4746,22.5875,8.09888,145434,0,0
1987-08-18,22.4746,22.531,21.9099,21.9099,7.85592,364361,0,0
1987-08-19,22.0228,22.0793,21.9099,22.0228,7.89641,341561,0,0
1987-08-20,22.3616,22.5875,22.1922,22.5875,8.09888,379635,0,0
1987-08-21,22.7004,22.8134,22.4746,22.644,8.11913,712784,0,0
1987-08-24,22.1358,22.3616,21.7405,22.1358,7.93691,484117,0,0
1987-08-25,22.1358,22.3052,22.0228,22.1358,7.9858,265855,0.135525,0
1987-08-26,21.9099,22.0793,21.684,21.7405,7.8432,200775,0,0
1987-08-27,21.7405,21.9663,21.684,21.7405,7.8432,161372,0,0
1987-08-28,21.7969,21.7969,21.684,21.684,7.82282,154732,0,0
1987-08-31,21.7969,21.8534,21.684,21.7969,7.86357,140343,0,0
1987-09-01,21.7969,21.7969,21.1193,21.3452,7.7006,193913,0,0
1987-09-02,21.1758,21.2887,20.5546,20.8934,7.53762,185058,0,0
1987-09-03,21.0064,21.3452,20.9499,21.1193,7.61911,323188,0,0
1987-09-04,21.0064,21.1758,20.5546,20.5546,7.41539,163586,0,0
1987-09-08,20.4982,20.5546,19.9899,20.2723,7.31353,252352,0,0
1987-09-09,20.2723,20.5546,19.9335,20.4417,7.37464,533481,0,0
1987-09-10,20.6111,21.0064,20.5546,20.9499,7.55799,234643,0,0
1987-09-11,20.9499,21.2323,20.9499,21.1193,7.61911,90094,0,0
1987-09-14,21.1193,21.2323,21.0628,21.1758,7.63948,106918,0,0
1987-09-15,21.1758,21.2323,21.1193,21.1193,7.61911,160487,0,0
1987-09-16,21.0628,21.3452,21.0064,21.1758,7.63948,207637,0,0
1987-09-17,21.2323,21.4017,21.1193,21.2887,7.68022,102269,0,0
1987-09-18,21.8534,21.8534,21.6275,21.684,7.82282,312341,0,0
1987-09-21,21.7405,22.0228,21.4581,21.5146,7.76171,207858,0,0
1987-09-22,21.5146,21.7405,21.4017,21.7405,7.8432,361040,0,0
1987-09-23,21.7405,22.3616,21.6275,22.3052,8.04691,336469,0,0
1987-09-24,22.3052,22.3616,21.9663,22.1922,8.00617,124184,0,0
1987-09-25,22.1358,22.1358,21.9099,21.9663,7.92468,187714,0,0
1987-09-28,22.0228,22.0793,21.4581,21.684,7.82282,156281,0,0
1987-09-29,21.5711,21.6275,21.2887,21.3452,7.7006,119978,0,0
1987-09-30,21.3452,21.4581,21.1193,21.1193,7.61911,197676,0,0
1987-10-01,21.2323,21.684,21.2323,21.684,7.82282,272717,0,0
1987-10-02,21.7969,21.8534,21.684,21.8534,7.88394,321859,0,0
1987-10-05,21.6275,21.7405,21.5146,21.5711,7.78208,466630,0,0
1987-10-06,21.5711,21.6275,21.2323,21.2323,7.65985,341561,0,0
1987-10-07,21.2887,21.5711,21.1193,21.4581,7.74134,161151,0,0
1987-10-08,21.5711,21.684,21.4017,21.5711,7.78208,336691,0,0
1987-10-09,21.5711,21.5711,21.4017,21.4017,7.72096,75042,0,0
1987-10-12,21.2887,21.4581,21.1193,21.3452,7.7006,169341,0,0
1987-10-13,21.6275,21.6275,21.2887,21.6275,7.80245,100498,0,0
1987-10-14,21.3452,21.4017,20.9499,21.0064,7.57837,296624,0,0
1987-10-15,20.8934,21.0628,20.6111,20.6111,7.43576,253016,0,0
1987-10-16,20.6111,20.6111,19.7641,19.877,7.17092,491422,0,0
1987-10-19,18.07,18.8606,17.1665,17.3924,6.27456,712120,0,0
1987-10-20,17.4488,18.0135,16.6583,17.0536,6.15233,485224,0,0
1987-10-21,17.1665,17.3924,16.3195,17.2794,6.23382,1754068,0,0
1987-10-22,14.9078,16.4889,14.9078,15.9242,5.74489,421693,0,0
1987-10-23,15.3595,15.7548,14.6819,14.9078,5.37819,245490,0,0
1987-10-26,14.0043,14.0607,12.1973,12.9878,4.68555,324294,0,0
1987-10-27,13.5525,13.8348,12.8184,13.1007,4.72629,638185,0,0
1987-10-28,12.9313,13.0443,12.7619,12.8184,4.62443,216270,0,0
1987-10-29,12.7055,13.3266,12.7055,13.1572,4.74666,259436,0,0
1987-10-30,13.2137,14.1172,13.2137,13.609,4.90964,447593,0,0
1987-11-02,13.1007,14.0043,12.8749,13.8348,4.99113,338462,0,0
1987-11-03,13.9478,14.5689,13.6654,14.5689,5.25596,673603,0,0
1987-11-04,14.0043,14.5689,14.0043,14.1172,5.09298,184173,0,0
1987-11-05,13.8348,14.0043,13.6654,13.8348,4.99113,469729,0,0
1987-11-06,13.7219,14.0043,13.5525,13.8348,4.99113,333149,0,0
1987-11-09,13.8913,13.8913,13.609,13.6654,4.93001,256558,0,0
1987-11-10,13.6654,13.7219,13.5525,13.6654,4.93001,101384,0,0
1987-11-11,13.7784,13.7784,13.609,13.609,4.90964,131046,0,0
1987-11-12,13.7219,13.7784,13.4396,13.5525,4.88927,196126,0,0
1987-11-13,13.5525,13.5525,13.1007,13.1007,4.72629,212507,0,0
1987-11-16,13.1572,13.2137,13.1007,13.1572,4.74666,325844,0,0
1987-11-17,13.1572,13.3266,13.1572,13.2137,4.76703,338904,0,0
1987-11-18,13.2702,13.2702,13.1007,13.2137,4.76703,215827,0,0
1987-11-19,13.1572,13.2137,13.1007,13.1007,4.72629,178196,0,0
1987-11-20,12.9878,13.2137,12.8184,12.8749,4.6448,513558,0,0
1987-11-23,12.8749,12.8749,12.7055,12.7619,4.65304,416602,0.135525,0
1987-11-24,12.8184,13.0443,12.8184,12.8184,4.67363,230216,0,0
1987-11-25,13.0443,13.0443,12.7055,12.7619,4.65304,251688,0,0
1987-11-27,12.7619,12.8184,12.5925,12.649,4.61186,70614,0,0
1987-11-30,12.7619,12.7619,11.9714,12.1973,4.44715,299502,0,0
1987-12-01,12.3102,12.3667,12.0843,12.1408,4.42656,261206,0,0
1987-12-02,12.1408,12.7055,12.0278,12.1973,4.44715,443608,0,0
1987-12-03,12.4796,12.4796,11.9149,12.1408,4.42656,541893,0,0
1987-12-04,11.8584,11.9149,11.7455,11.7455,4.28244,437631,0,0
1987-12-07,11.7455,11.7455,11.5761,11.689,4.26185,317211,0,0
1987-12-08,11.5761,11.8584,11.4067,11.802,4.30303,464859,0,0
1987-12-09,11.8584,12.1973,11.802,12.1408,4.42656,206973,0,0
1987-12-10,12.0843,12.0843,11.689,11.689,4.26185,285335,0,0
1987-12-11,11.7455,11.9149,11.5196,11.6326,4.24127,330935,0,0
1987-12-14,11.5196,11.8584,11.5196,11.7455,4.28244,526176,0,0
1987-12-15,11.8584,12.0843,11.7455,11.9149,4.34421,316325,0,0
1987-12-16,11.8584,12.1973,11.6326,12.0843,4.40597,340454,0,0
1987-12-17,12.1408,12.1408,11.5761,11.5761,4.22067,388046,0,0
1987-12-18,11.1808,11.5761,11.1808,11.4632,4.1795,954289,0,0
1987-12-21,11.4067,11.5761,11.2373,11.2373,4.09715,318760,0,0
1987-12-22,11.2937,12.0278,11.1808,11.9149,4.34421,513116,0,0
1987-12-23,12.0843,12.1973,12.0278,12.0843,4.40597,246597,0,0
1987-12-24,12.1973,12.2537,12.1408,12.1408,4.42656,207416,0,0
1987-12-28,12.1973,12.1973,11.4067,11.5761,4.22067,268511,0,0
1987-12-29,11.689,11.689,11.4067,11.4632,4.1795,197454,0,0
1987-12-30,11.6326,11.689,11.4632,11.5196,4.20008,316104,0,0
1987-12-31,11.5196,11.6326,11.4632,11.5196,4.20008,146984,0,0
1988-01-04,11.5196,11.9149,11.5196,11.9149,4.34421,458439,0,0
1988-01-05,12.0843,12.649,11.7455,11.802,4.30303,569784,0,0
1988-01-06,11.7455,12.3102,11.689,12.3102,4.48833,492529,0,0
1988-01-07,12.4231,12.5925,12.1973,12.5925,4.59127,330271,0,0
1988-01-08,12.5361,12.5361,11.689,11.689,4.26185,361040,0,0
1988-01-11,11.802,12.0843,11.5761,12.0278,4.38539,194355,0,0
1988-01-12,12.0843,12.4231,11.8584,12.3102,4.48833,285778,0,0
1988-01-13,12.4796,12.8184,12.3102,12.649,4.61186,499391,0,0
1988-01-14,12.8749,13.6654,12.7619,13.1007,4.77657,556945,0,0
1988-01-15,13.4396,13.496,13.1572,13.3831,4.87951,169784,0,0
1988-01-18,12.9878,13.609,12.8184,13.5525,4.94128,353957,0,0
1988-01-19,13.5525,13.7219,13.3266,13.496,4.92069,114665,0,0
1988-01-20,13.4396,13.5525,13.0443,13.1007,4.77657,127504,0,0
1988-01-21,13.3266,13.3266,12.9313,13.1007,4.77657,150083,0,0
1988-01-22,13.2137,13.2702,12.9313,13.1572,4.79716,132817,0,0
1988-01-25,13.4396,13.7219,13.4396,13.5525,4.94128,202767,0,0
1988-01-26,13.609,13.6654,13.4396,13.5525,4.94128,258329,0,0
1988-01-27,13.4396,13.5525,13.1007,13.4396,4.9001,274709,0,0
1988-01-28,13.5525,14.1737,13.5525,14.1737,5.16775,233315,0,0
1988-01-29,14.1737,14.5125,14.1172,14.5125,5.29128,116436,0,0
1988-02-01,14.6819,14.8513,14.5125,14.5125,5.29128,206087,0,0
1988-02-02,14.5689,14.5689,14.2866,14.5125,5.29128,75263,0,0
1988-02-03,14.5125,14.5125,13.7219,13.8913,5.06481,326508,0,0
1988-02-04,14.0043,14.0043,13.5525,13.5525,4.94128,846707,0,0
1988-02-05,13.6654,13.6654,13.3831,13.5525,4.94128,223354,0,0
1988-02-08,13.496,13.496,12.9878,13.2137,4.81775,320974,0,0
1988-02-09,13.1007,13.2702,13.0443,13.2137,4.81775,451577,0,0
1988-02-10,13.1572,13.496,13.1007,13.3266,4.85892,268733,0,0
1988-02-11,13.3266,13.5525,13.2137,13.496,4.92069,253016,0,0
1988-02-12,13.3831,13.6654,13.2702,13.496,4.92069,113558,0,0
1988-02-16,13.496,13.496,13.1572,13.2702,4.83833,203652,0,0
1988-02-17,13.2702,13.3266,12.9313,13.0443,4.75598,174875,0,0
1988-02-18,13.0443,13.1572,12.8749,13.0443,4.75598,129496,0,0
1988-02-19,12.9313,13.0443,12.8184,12.9878,4.73539,135252,0,0
1988-02-22,12.9313,13.2702,12.8184,13.1572,4.79716,176646,0,0
1988-02-23,12.9878,13.1572,12.9313,12.9878,4.78468,481461,0.135525,0
1988-02-24,12.8749,12.9313,12.649,12.8184,4.72227,106032,0,0
1988-02-25,12.0843,12.4796,11.9714,12.4796,4.59745,983951,0,0
1988-02-26,12.4231,12.5361,12.2537,12.4231,4.57665,850692,0,0
1988-02-29,12.5361,12.7055,12.4231,12.7055,4.68066,286442,0,0
1988-03-01,12.5925,13.4396,12.5925,13.2137,4.86789,398450,0,0
1988-03-02,13.4396,13.8913,13.2137,13.3266,4.90949,556502,0,0
1988-03-03,13.4396,13.8913,13.4396,13.7219,5.05512,317211,0,0
1988-03-04,13.6654,13.7784,13.5525,13.609,5.01351,164029,0,0
1988-03-07,13.609,13.6654,13.4396,13.6654,5.03431,99834,0,0
1988-03-08,13.609,13.8348,13.609,13.7784,5.07592,222911,0,0
1988-03-09,13.7219,13.8348,13.4396,13.5525,4.99271,386054,0,0
1988-03-10,13.5525,13.609,13.4396,13.496,4.9719,510238,0,0
1988-03-11,13.5525,13.6654,13.4396,13.6654,5.03431,227338,0,0
1988-03-14,13.609,13.7784,13.5525,13.5525,4.99271,359934,0,0
1988-03-15,13.5525,13.6654,13.2137,13.4396,4.9511,155617,0,0
1988-03-16,13.3266,13.496,13.2137,13.496,4.9719,181516,0,0
1988-03-17,13.496,13.7219,13.3831,13.609,5.01351,196126,0,0
1988-03-18,13.9478,14.1172,13.6654,14.0043,5.15913,473271,0,0
1988-03-21,14.0043,14.0607,13.8348,13.8348,5.09672,104261,0,0
1988-03-22,13.9478,14.5689,13.9478,14.2866,5.26315,164471,0,0
1988-03-23,14.3431,14.3431,13.8913,14.1737,5.22154,158052,0,0
1988-03-24,14.1172,14.1172,13.609,13.6654,5.03431,94743,0,0
1988-03-25,13.7219,13.7219,13.4396,13.4396,4.9511,300387,0,0
1988-03-28,13.5525,13.609,13.496,13.496,4.9719,67737,0,0
1988-03-29,13.609,13.6654,13.5525,13.5525,4.99271,88766,0,0
1988-03-30,13.6654,13.6654,13.5525,13.5525,4.99271,82789,0,0
1988-03-31,13.5525,13.5525,13.4396,13.496,4.9719,110459,0,0
1988-04-04,13.5525,13.609,13.2137,13.2702,4.88869,276480,0,0
1988-04-05,13.3831,13.496,13.2137,13.3831,4.9303,366574,0,0
1988-04-06,13.4396,14.2301,13.3266,14.2301,5.24234,160044,0,0
1988-04-07,14.1172,14.2866,13.8913,13.9478,5.13833,163365,0,0
1988-04-08,13.6654,13.8913,13.6654,13.8913,5.11752,102048,0,0
1988-04-11,13.9478,13.9478,13.7219,13.8913,5.11752,143442,0,0
1988-04-12,13.9478,14.0607,13.7219,14.0607,5.17993,192363,0,0
1988-04-13,13.8913,13.8913,13.5525,13.5525,4.99271,853127,0,0
1988-04-14,13.3266,13.4396,12.7619,12.8749,4.74307,211621,0,0
1988-04-15,12.9878,12.9878,12.649,12.8184,4.72227,139679,0,0
1988-04-18,12.8184,12.8184,12.5361,12.649,4.65986,711455,0,0
1988-04-19,12.7619,12.9878,12.5361,12.5361,4.61825,278915,0,0
1988-04-20,12.5361,12.5925,12.3667,12.3667,4.55584,372773,0,0
1988-04-21,12.4231,12.8184,12.4231,12.5361,4.61825,218484,0,0
1988-04-22,12.5361,13.0443,12.5361,12.9313,4.76387,181959,0,0
1988-04-25,12.8184,13.1007,12.8184,12.9313,4.76387,107803,0,0
1988-04-26,13.0443,13.3831,12.9313,13.0443,4.80548,249474,0,0
1988-04-27,13.1572,13.1572,12.7619,12.8184,4.72227,91201,0,0
1988-04-28,13.0443,13.0443,12.7619,12.7619,4.70147,110238,0,0
1988-04-29,12.8749,13.0443,12.8184,12.9878,4.78468,175761,0,0
1988-05-02,12.9313,13.1007,12.8749,13.1007,4.82628,326287,0,0
1988-05-03,13.1572,13.3266,13.0443,13.2137,4.86789,119314,0,0
1988-05-04,13.3266,13.3266,13.2137,13.2702,4.88869,271389,0,0
1988-05-05,13.2137,13.4396,13.1572,13.3831,4.9303,205645,0,0
1988-05-06,13.3266,13.496,12.9878,13.0443,4.80548,897620,0,0
1988-05-09,13.1007,13.1572,12.8749,12.9313,4.76387,199004,0,0
1988-05-10,12.9313,13.0443,12.9313,13.0443,4.80548,122413,0,0
1988-05-11,12.8749,12.9313,12.649,12.7619,4.70147,304815,0,0
1988-05-12,12.7619,12.8184,12.7055,12.7619,4.70147,59103,0,0
1988-05-13,12.7619,12.9878,12.7055,12.9313,4.76387,85224,0,0
1988-05-16,12.8184,13.2137,12.8184,13.2137,4.86789,205866,0,0
1988-05-17,13.2137,13.2137,12.8184,12.8184,4.72227,238185,0,0
1988-05-18,12.9313,12.9313,12.7619,12.7619,4.70147,180631,0,0
1988-05-19,12.8749,13.1007,12.7619,13.0443,4.80548,107803,0,0
1988-05-20,13.0443,13.2137,13.0443,13.1572,4.84708,83232,0,0
1988-05-23,13.1007,13.1572,13.0443,13.1007,4.82628,191035,0,0
1988-05-24,12.9313,13.0443,12.9313,13.0443,4.85571,258993,0.135525,0
1988-05-25,13.1007,13.1572,12.9313,12.9313,4.81367,90315,0,0
1988-05-26,12.9878,13.1007,12.9313,13.1007,4.87673,141450,0,0
1988-05-27,13.0443,13.1007,12.9878,12.9878,4.83469,36967,0,0
1988-05-31,12.9878,13.3266,12.9313,13.3266,4.96081,162701,0,0
1988-06-01,13.2137,13.2702,13.1572,13.2702,4.93979,178417,0,0
1988-06-02,13.1572,13.2702,13.1007,13.1007,4.87673,106918,0,0
1988-06-03,13.2137,13.2137,12.9313,13.0443,4.85571,298616,0,0
1988-06-06,13.1572,13.2702,12.5925,13.2702,4.93979,140343,0,0
1988-06-07,13.2702,13.3266,13.1007,13.1007,4.87673,131267,0,0
1988-06-08,13.1007,13.496,13.1007,13.4396,5.00285,102933,0,0
1988-06-09,13.3831,13.4396,13.3266,13.3831,4.98183,189485,0,0
1988-06-10,13.4396,13.496,13.1572,13.2702,4.93979,314555,0,0
1988-06-13,13.3831,13.3831,13.1572,13.3266,4.96081,159602,0,0
1988-06-14,13.3266,13.6654,13.3266,13.496,5.02387,323409,0,0
1988-06-15,13.3266,13.6654,13.2702,13.6654,5.08693,300387,0,0
1988-06-16,13.5525,13.609,13.2702,13.3831,4.98183,317211,0,0
1988-06-17,13.496,13.496,13.2702,13.2702,4.93979,396680,0,0
1988-06-20,13.2702,13.2702,13.1007,13.1572,4.89775,308799,0,0
1988-06-21,13.1572,13.2137,13.1007,13.2137,4.91877,416602,0,0
1988-06-22,13.1572,13.4396,13.1007,13.3266,4.96081,398672,0,0
1988-06-23,13.2702,13.3831,13.1007,13.1572,4.89775,273160,0,0
1988-06-24,13.2702,13.2702,13.0443,13.0443,4.85571,79911,0,0
1988-06-27,13.1007,13.1007,12.9878,12.9878,4.83469,142778,0,0
1988-06-28,13.0443,13.4396,12.9878,13.1572,4.89775,291754,0,0
1988-06-29,13.2137,13.496,13.1007,13.1007,4.87673,257665,0,0
1988-06-30,13.3266,13.5525,13.2137,13.496,5.02387,293525,0,0
1988-07-01,13.5525,13.5525,13.2702,13.2702,4.93979,141229,0,0
1988-07-05,13.3266,13.6654,13.2137,13.6654,5.08693,459768,0,0
1988-07-06,13.6654,13.6654,13.5525,13.609,5.06591,330050,0,0
1988-07-07,13.609,13.6654,13.4396,13.496,5.02387,262756,0,0
1988-07-08,13.4396,13.609,13.4396,13.5525,5.0449,182180,0,0
1988-07-11,13.6654,13.7784,13.496,13.7219,5.10795,352186,0,0
1988-07-12,13.7784,14.0043,13.7219,14.0043,5.21306,518207,0,0
1988-07-13,14.0043,14.2866,14.0043,14.2301,5.29714,627117,0,0
1988-07-14,14.3431,14.6254,14.3431,14.5689,5.42326,682678,0,0
1988-07-15,14.5689,14.6254,14.2301,14.2866,5.31816,209408,0,0
1988-07-18,14.3431,14.3431,14.0043,14.2301,5.29714,139679,0,0
1988-07-19,14.3431,14.3431,13.8348,14.0043,5.21306,303486,0,0
1988-07-20,14.0607,14.0607,13.7784,13.8348,5.15,238185,0,0
1988-07-21,13.8913,13.9478,13.8348,13.8348,5.15,206087,0,0
1988-07-22,13.7784,13.8913,13.5525,13.609,5.06591,656115,0,0
1988-07-25,13.7219,13.8348,13.5525,13.7784,5.12898,126619,0,0
1988-07-26,13.7219,13.7784,13.609,13.7219,5.10795,154953,0,0
1988-07-27,13.8348,13.8913,13.609,13.7219,5.10795,208301,0,0
1988-07-28,13.7784,13.9478,13.7784,13.9478,5.19204,176646,0,0
1988-07-29,13.8913,14.1737,13.8913,14.1172,5.2551,272939,0,0
1988-08-01,14.0043,14.0607,13.8913,14.0607,5.23408,145656,0,0
1988-08-02,14.0043,14.1172,13.8913,14.0043,5.21306,208301,0,0
1988-08-03,14.0607,14.1172,14.0043,14.0607,5.23408,306143,0,0
1988-08-04,14.0607,14.0607,13.9478,14.0043,5.21306,169784,0,0
1988-08-05,13.9478,14.0607,13.8913,13.9478,5.19204,244383,0,0
1988-08-08,13.8913,13.9478,13.7784,13.7784,5.12898,108467,0,0
1988-08-09,13.7784,13.7784,13.4396,13.5525,5.0449,175097,0,0
1988-08-10,13.609,13.609,13.3266,13.496,5.02387,567792,0,0
1988-08-11,13.609,13.6654,13.496,13.6654,5.08693,327615,0,0
1988-08-12,13.7219,13.7784,13.5525,13.5525,5.0449,695296,0,0
1988-08-15,13.496,13.5525,13.3831,13.3831,4.98183,96292,0,0
1988-08-16,13.2702,13.496,13.2137,13.3831,4.98183,174211,0,0
1988-08-17,13.4396,13.496,13.3831,13.3831,4.98183,122413,0,0
1988-08-18,13.3831,13.496,13.3831,13.3831,4.98183,163807,0,0
1988-08-19,13.4396,13.5525,13.4396,13.5525,5.0449,122634,0,0
1988-08-22,13.5525,13.609,13.496,13.496,5.02387,86774,0,0
1988-08-23,13.3266,13.3831,13.3266,13.3266,5.01113,45379,0.135525,0
1988-08-24,13.3266,13.4396,13.3266,13.4396,5.0536,106253,0,0
1988-08-25,13.4396,13.496,13.3266,13.3266,5.01113,177089,0,0
1988-08-26,13.3266,13.4396,13.2137,13.2137,4.96867,191035,0,0
1988-08-29,13.3831,13.3831,13.3266,13.3831,5.03237,103818,0,0
1988-08-30,13.3831,13.3831,13.2137,13.3266,5.01113,160708,0,0
1988-08-31,13.4396,13.496,13.3831,13.496,5.07484,370559,0,0
1988-09-01,13.4396,13.496,13.3266,13.3266,5.01113,167128,0,0
1988-09-02,13.4396,13.609,13.4396,13.5525,5.09607,200996,0,0
1988-09-06,13.6654,13.6654,13.496,13.5525,5.09607,127947,0,0
1988-09-07,13.5525,13.5525,13.3831,13.496,5.07484,77034,0,0
1988-09-08,13.4396,13.5525,13.4396,13.496,5.07484,82346,0,0
1988-09-09,13.496,13.7784,13.3831,13.7219,5.15977,205202,0,0
1988-09-12,13.6654,13.7784,13.5525,13.6654,5.13853,53348,0,0
1988-09-13,13.609,13.6654,13.5525,13.6654,5.13853,57333,0,0
1988-09-14,13.6654,13.8348,13.5525,13.7219,5.15977,115329,0,0
1988-09-15,13.7784,13.7784,13.6654,13.6654,5.13853,185722,0,0
1988-09-16,13.609,13.6654,13.5525,13.6654,5.13853,241948,0,0
1988-09-19,13.6654,13.6654,13.4396,13.5525,5.09607,128390,0,0
1988-09-20,13.609,13.8348,13.609,13.8348,5.20223,108467,0,0
1988-09-21,13.7784,14.0607,13.5525,13.6654,5.13853,900719,0,0
1988-09-22,13.7219,13.7219,13.5525,13.7219,5.15977,100498,0,0
1988-09-23,13.609,13.7784,13.609,13.7219,5.15977,97620,0,0
1988-09-26,13.7784,13.8348,13.609,13.7219,5.15977,110017,0,0
1988-09-27,13.7219,13.7219,13.609,13.6654,5.13853,94300,0,0
1988-09-28,13.6654,13.6654,13.4396,13.6654,5.13853,242612,0,0
1988-09-29,13.7784,13.9478,13.7219,13.9478,5.2447,109574,0,0
1988-09-30,13.9478,14.0607,13.8913,13.9478,5.2447,156724,0,0
1988-10-03,14.0043,14.3431,14.0043,14.2866,5.37211,171776,0,0
1988-10-04,14.3995,14.456,14.2301,14.2301,5.35087,191920,0,0
1988-10-05,14.2866,14.3995,14.1737,14.2866,5.37211,56004,0,0
1988-10-06,14.2866,14.2866,14.0607,14.2301,5.35087,99170,0,0
1988-10-07,14.2866,14.8513,14.2301,14.7383,5.54198,528390,0,0
1988-10-10,14.6819,14.8513,14.5125,14.7383,5.54198,171555,0,0
1988-10-11,14.7383,15.0207,14.6254,14.9642,5.62691,164471,0,0
1988-10-12,14.9642,15.0207,14.7383,14.8513,5.58444,252131,0,0
1988-10-13,14.7948,15.1901,14.7383,14.8513,5.58444,277587,0,0
1988-10-14,14.8513,14.8513,14.6819,14.8513,5.58444,109795,0,0
1988-10-17,14.7383,14.7948,14.5125,14.7948,5.56321,123298,0,0
1988-10-18,14.6819,14.8513,14.5125,14.8513,5.58444,146984,0,0
1988-10-19,14.9078,15.0207,14.6254,14.7948,5.56321,307692,0,0
1988-10-20,14.8513,14.9642,14.7383,14.9642,5.62691,123520,0,0
1988-10-21,14.9642,15.0772,14.9078,15.0207,5.64814,313005,0,0
1988-10-24,14.9642,15.0207,14.7948,14.8513,5.58444,147648,0,0
1988-10-25,14.9078,14.9642,14.8513,14.9078,5.60567,298395,0,0
1988-10-26,14.9642,14.9642,14.9078,14.9642,5.62691,98284,0,0
1988-10-27,14.9078,14.9642,14.7948,14.9642,5.62691,146763,0,0
1988-10-28,14.9642,15.1336,14.9078,15.0772,5.66938,309242,0,0
1988-10-31,15.1336,15.7548,14.9642,15.5289,5.83924,321638,0,0
1988-11-01,15.5289,15.9242,15.5289,15.8112,5.94541,760376,0,0
1988-11-02,15.8112,16.2065,15.7548,15.9242,5.98788,473713,0,0
1988-11-03,16.1501,16.1501,15.8112,15.8677,5.96664,322524,0,0
1988-11-04,15.5854,15.8112,15.5854,15.6418,5.88171,130603,0,0
1988-11-07,15.6418,15.6418,15.5854,15.5854,5.86048,101384,0,0
1988-11-08,15.6418,15.8677,15.6418,15.8112,5.94541,283785,0,0
1988-11-09,15.8112,15.9807,15.8112,15.8677,5.96664,148091,0,0
1988-11-10,15.9242,15.9242,15.6983,15.7548,5.92418,210736,0,0
1988-11-11,15.6983,15.7548,14.9078,14.9078,5.60567,555396,0,0
1988-11-14,14.9642,15.1336,14.6254,14.7948,5.56321,163143,0,0
1988-11-15,14.9078,15.0772,14.7948,14.9642,5.62691,129275,0,0
1988-11-16,14.9642,14.9642,14.6254,14.7948,5.56321,311013,0,0
1988-11-17,14.8513,14.8513,14.3431,14.6819,5.52074,323852,0,0
1988-11-18,14.7383,14.7948,14.6819,14.7948,5.56321,150304,0,0
1988-11-21,14.6254,14.8513,14.456,14.8513,5.63607,103597,0.135525,0
1988-11-22,14.8513,14.9078,14.6819,14.9078,5.6575,353514,0,0
1988-11-23,14.9078,15.0207,14.7383,14.7948,5.61464,194134,0,0
1988-11-25,14.6819,14.6819,14.2301,14.3995,5.46463,79911,0,0
1988-11-28,14.3995,14.7383,14.2866,14.5689,5.52892,150304,0,0
1988-11-29,14.5689,14.7383,14.5689,14.6819,5.57178,79690,0,0
1988-11-30,14.6254,14.7383,14.5125,14.6819,5.57178,94521,0,0
1988-12-01,14.5689,14.5689,14.3431,14.3995,5.46463,376978,0,0
1988-12-02,14.456,14.456,14.3431,14.3431,5.4432,140564,0,0
1988-12-05,14.456,14.5125,14.3995,14.3995,5.46463,408633,0,0
1988-12-06,14.3995,14.3995,14.2301,14.2866,5.42177,312120,0,0
1988-12-07,14.2301,14.2301,13.7784,13.8913,5.27176,448257,0,0
1988-12-08,13.5525,13.5525,13.0443,13.1007,4.97174,703265,0,0
1988-12-09,13.1007,13.1572,13.0443,13.1572,4.99317,170006,0,0
1988-12-12,13.1007,13.2137,12.8184,12.8749,4.88602,303265,0,0
1988-12-13,12.8749,13.0443,12.8184,13.0443,4.95031,195683,0,0
1988-12-14,13.0443,13.2137,12.9313,12.9878,4.92888,564693,0,0
1988-12-15,12.8749,12.9878,12.7619,12.7619,4.84316,193027,0,0
1988-12-16,12.5925,12.8749,12.5925,12.8749,4.88602,1607084,0,0
1988-12-19,12.5925,12.8184,12.0278,12.3102,4.67172,596348,0,0
1988-12-20,12.3102,12.4231,11.8584,11.9714,4.54314,523298,0,0
1988-12-21,11.689,11.689,11.4067,11.6326,4.41456,698616,0,0
1988-12-22,11.5196,11.6326,11.3502,11.5761,4.39314,610957,0,0
1988-12-23,11.5761,11.6326,11.5196,11.5196,4.3717,218926,0,0
1988-12-27,11.5196,11.689,11.4067,11.6326,4.41456,359491,0,0
1988-12-28,11.689,11.9149,11.5761,11.8584,4.50028,369895,0,0
1988-12-29,12.0278,12.3667,12.0278,12.1973,4.62886,469729,0,0
1988-12-30,12.3667,12.649,12.3102,12.5361,4.75744,452463,0,0
1989-01-03,12.5361,12.5925,12.4231,12.5361,4.75744,460653,0,0
1989-01-04,12.5361,12.7619,12.5361,12.649,4.8003,204317,0,0
1989-01-05,12.5925,12.7619,12.4796,12.5925,4.77887,1232983,0,0
1989-01-06,12.649,12.7619,12.649,12.7619,4.84316,569784,0,0
1989-01-09,12.7619,12.7619,12.649,12.7619,4.84316,391588,0,0
1989-01-10,12.649,12.7055,12.5361,12.7055,4.82174,560708,0,0
1989-01-11,12.7055,12.9313,12.649,12.8184,4.86459,526176,0,0
1989-01-12,12.7619,12.8749,12.5925,12.7055,4.82174,260542,0,0
1989-01-13,12.7055,12.7619,12.1973,12.2537,4.65029,709020,0,0
1989-01-16,12.2537,12.3102,11.9714,12.0278,4.56457,502048,0,0
1989-01-17,12.0278,12.0278,11.8584,11.9714,4.54314,606309,0,0
1989-01-18,11.9149,12.0278,11.802,11.9149,4.52171,462867,0,0
1989-01-19,12.0278,12.0278,11.7455,11.8584,4.50028,551411,0,0
1989-01-20,11.9149,12.1408,11.8584,11.9714,4.54314,163807,0,0
1989-01-23,11.9714,12.0843,11.802,11.802,4.47885,169120,0,0
1989-01-24,11.8584,12.0843,11.802,12.0843,4.586,274045,0,0
1989-01-25,12.0278,12.0843,11.7455,11.8584,4.50028,322302,0,0
1989-01-26,11.8584,12.0278,11.802,11.802,4.47885,252352,0,0
1989-01-27,11.8584,12.0843,11.802,11.9714,4.54314,182402,0,0
1989-01-30,11.9714,12.0843,11.9149,12.0843,4.586,219590,0,0
1989-01-31,12.0843,12.1408,11.9149,12.0278,4.56457,405313,0,0
1989-02-01,12.0843,12.2537,11.9714,12.1973,4.62886,457111,0,0
1989-02-02,12.1973,12.4796,12.1973,12.3667,4.69315,249032,0,0
1989-02-03,12.4231,12.5925,12.1408,12.5361,4.75744,352850,0,0
1989-02-06,12.649,12.7055,12.5361,12.5925,4.77887,188157,0,0
1989-02-07,12.5361,12.7055,12.5361,12.649,4.8003,177532,0,0
1989-02-08,12.649,12.7055,12.5361,12.5361,4.75744,344217,0,0
1989-02-09,12.5361,12.5925,12.4231,12.4231,4.71458,118871,0,0
1989-02-10,12.4796,12.5361,12.1973,12.1973,4.62886,424792,0,0
1989-02-13,12.2537,12.3667,12.1973,12.3667,4.69315,146099,0,0
1989-02-14,12.4231,12.5361,12.2537,12.3667,4.69315,75042,0,0
1989-02-15,12.3667,12.3667,11.9714,12.1408,4.60743,263199,0,0
1989-02-16,12.1973,12.4796,12.1973,12.3667,4.69315,359491,0,0
1989-02-17,12.4796,12.7055,12.4796,12.7055,4.82174,173990,0,0
1989-02-21,12.5361,12.5925,12.4796,12.4796,4.78708,174875,0.135525,0
1989-02-22,12.649,12.649,12.3102,12.4231,4.76541,150526,0,0
1989-02-23,12.3667,12.5361,12.3667,12.5361,4.80874,106032,0,0
1989-02-24,12.5361,12.5361,12.3667,12.4231,4.76541,198561,0,0
1989-02-27,12.4231,12.5361,12.3667,12.5361,4.80874,279137,0,0
1989-02-28,12.5361,12.7055,12.5361,12.649,4.85206,325401,0,0
1989-03-01,12.5925,12.7619,12.5925,12.649,4.85206,641505,0,0
1989-03-02,12.5925,12.8749,12.5925,12.8184,4.91704,348866,0,0
1989-03-03,12.8184,12.9313,12.8184,12.8749,4.9387,105811,0,0
1989-03-06,12.9878,13.2137,12.8749,13.2137,5.06867,174654,0,0
1989-03-07,13.2137,13.2702,13.1007,13.1572,5.04701,393359,0,0
1989-03-08,13.1007,13.4396,13.1007,13.3831,5.13365,1218816,0,0
1989-03-09,13.2702,13.3831,13.2137,13.2702,5.09033,132595,0,0
1989-03-10,13.1572,13.1572,12.9313,13.1007,5.02535,141450,0,0
1989-03-13,13.1007,13.1007,12.9878,13.1007,5.02535,112673,0,0
1989-03-14,13.1007,13.1007,12.8749,12.8749,4.9387,76812,0,0
1989-03-15,12.8749,12.8749,12.4796,12.649,4.85206,321638,0,0
1989-03-16,12.649,12.7055,12.5361,12.7055,4.87372,221140,0,0
1989-03-17,12.3102,12.5361,12.3102,12.4231,4.76541,537023,0,0
1989-03-20,12.3102,12.4231,12.1973,12.2537,4.70043,275374,0,0
1989-03-21,12.2537,12.4231,12.1973,12.3102,4.72209,494300,0,0
1989-03-22,12.4231,12.4231,12.2537,12.4231,4.76541,282678,0,0
1989-03-23,12.4231,12.4231,12.1408,12.1973,4.67877,85888,0,0
1989-03-27,12.0843,12.0843,11.9714,12.0843,4.63545,276923,0,0
1989-03-28,12.0278,12.1408,12.0278,12.0843,4.63545,123962,0,0
1989-03-29,12.1408,12.3102,12.0843,12.2537,4.70043,123962,0,0
1989-03-30,12.2537,12.3667,12.0843,12.1973,4.67877,139679,0,0
1989-03-31,12.1973,12.4796,12.1973,12.4231,4.76541,220919,0,0
1989-04-03,12.4231,12.5925,12.4231,12.4796,4.78708,262313,0,0
1989-04-04,12.4231,12.4796,12.2537,12.3102,4.72209,102269,0,0
1989-04-05,12.3667,12.4796,12.1408,12.4796,4.78708,308578,0,0
1989-04-06,12.4231,12.4231,12.2537,12.4231,4.76541,127061,0,0
1989-04-07,12.4231,12.649,12.3667,12.649,4.85206,1050802,0,0
1989-04-10,12.649,12.8184,12.649,12.7055,4.87372,710570,0,0
1989-04-11,12.7055,12.8749,12.7055,12.8749,4.9387,520642,0,0
1989-04-12,12.7055,12.8184,12.5361,12.5361,4.80874,581738,0,0
1989-04-13,12.5361,12.5361,12.2537,12.3667,4.74375,379413,0,0
1989-04-14,12.2537,12.5361,12.2537,12.5361,4.80874,809961,0,0
1989-04-17,12.4231,12.5361,12.4231,12.4231,4.76541,238849,0,0
1989-04-18,12.4231,12.5361,12.4231,12.4796,4.78708,276923,0,0
1989-04-19,12.4231,12.5925,11.9714,12.1408,4.65711,537687,0,0
1989-04-20,12.1408,12.2537,11.9714,12.2537,4.70043,625125,0,0
1989-04-21,12.2537,12.4231,12.2537,12.3667,4.74375,384726,0,0
1989-04-24,12.3102,12.4231,12.1973,12.3667,4.74375,674931,0,0
1989-04-25,12.3667,12.4231,12.0843,12.0843,4.63545,312120,0,0
1989-04-26,12.0843,12.0843,11.9149,12.0278,4.61379,233758,0,0
1989-04-27,12.0278,12.2537,11.9714,12.0843,4.63545,213171,0,0
1989-04-28,12.0278,12.2537,11.9714,12.1408,4.65711,308799,0,0
1989-05-01,12.0843,12.3102,12.0843,12.2537,4.70043,328058,0,0
1989-05-02,12.2537,12.2537,12.0843,12.0843,4.63545,173547,0,0
1989-05-03,12.0843,12.2537,12.0278,12.0843,4.63545,320531,0,0
1989-05-04,11.9714,12.0843,11.9714,12.0278,4.61379,110017,0,0
1989-05-05,12.1408,12.1973,12.0278,12.0843,4.63545,186165,0,0
1989-05-08,11.9714,12.0278,11.8584,11.8584,4.5488,206309,0,0
1989-05-09,11.9714,11.9714,11.7455,11.9149,4.57047,334256,0,0
1989-05-10,11.802,11.9149,11.7455,11.8584,4.5488,353514,0,0
1989-05-11,11.802,11.8584,11.7455,11.8584,4.5488,342667,0,0
1989-05-12,11.8584,11.9149,11.7455,11.9149,4.57047,222911,0,0
1989-05-15,11.9149,11.9149,11.689,11.8584,4.5488,307250,0,0
1989-05-16,11.802,11.8584,11.802,11.802,4.52714,341782,0,0
1989-05-17,11.802,12.1408,11.802,12.1408,4.65711,489209,0,0
1989-05-18,11.9714,12.0843,11.7455,11.802,4.52714,703708,0,0
1989-05-19,11.8584,11.9149,11.6326,11.802,4.52714,434311,0,0
1989-05-22,11.689,11.8584,11.689,11.7455,4.50548,535916,0,0
1989-05-23,11.6326,11.802,11.6326,11.689,4.53616,200775,0.135525,0
1989-05-24,11.6326,11.802,11.6326,11.689,4.53616,475484,0,0
1989-05-25,11.6326,11.7455,11.5761,11.689,4.53616,342889,0,0
1989-05-26,11.6326,11.689,11.4067,11.4632,4.4485,294632,0,0
1989-05-30,11.4632,11.4632,11.2373,11.3502,4.40468,401550,0,0
1989-05-31,11.2937,11.2937,11.1243,11.1808,4.33894,346209,0,0
1989-06-01,11.2373,11.4067,11.1808,11.2937,4.38277,255451,0,0
1989-06-02,11.2937,11.5196,11.2937,11.4632,4.4485,376093,0,0
1989-06-05,11.5196,11.5196,11.2937,11.4067,4.42659,235307,0,0
1989-06-06,11.2937,11.2937,10.9549,11.1243,4.31702,478583,0,0
1989-06-07,11.1243,11.4067,11.0679,11.3502,4.40468,309685,0,0
1989-06-08,11.2373,11.5761,11.2373,11.5761,4.49233,534588,0,0
1989-06-09,11.5761,11.6326,11.5196,11.5196,4.47042,166906,0,0
1989-06-12,11.6326,11.7455,11.5761,11.7455,4.55807,307250,0,0
1989-06-13,11.689,11.802,11.5761,11.5761,4.49233,307250,0,0
1989-06-14,11.6326,11.9714,11.5196,11.9149,4.62382,722081,0,0
1989-06-15,11.9149,12.0278,11.802,11.9149,4.62382,332928,0,0
1989-06-16,11.9149,12.0278,11.8584,12.0278,4.66765,325844,0,0
1989-06-19,11.9714,11.9714,11.9149,11.9714,4.64573,142557,0,0
1989-06-20,11.9149,11.9714,11.8584,11.9714,4.64573,178196,0,0
1989-06-21,11.9714,12.0278,11.7455,11.8584,4.6019,138351,0,0
1989-06-22,11.9149,12.0843,11.9149,11.9714,4.64573,639292,0,0
1989-06-23,11.9714,12.2537,11.9714,12.2537,4.7553,315883,0,0
1989-06-26,12.1973,12.3667,12.1408,12.1973,4.73339,226453,0,0
1989-06-27,12.3667,12.4231,12.2537,12.3102,4.77721,200553,0,0
1989-06-28,12.1973,12.2537,11.689,11.7455,4.55807,130160,0,0
1989-06-29,11.689,11.9714,11.689,11.7455,4.55807,215385,0,0
1989-06-30,11.7455,11.9149,11.2937,11.802,4.57999,390924,0,0
1989-07-03,11.8584,11.9149,11.7455,11.802,4.57999,300830,0,0
1989-07-05,11.802,11.9149,11.5196,11.9149,4.62382,114887,0,0
1989-07-06,11.802,11.9149,11.689,11.802,4.57999,64195,0,0
1989-07-07,11.8584,11.8584,11.7455,11.7455,4.55807,204095,0,0
1989-07-10,11.7455,11.9149,11.7455,11.8584,4.6019,209629,0,0
1989-07-11,11.8584,12.0278,11.8584,11.9149,4.62382,132595,0,0
1989-07-12,11.9149,12.0278,11.9149,12.0278,4.66765,126176,0,0
1989-07-13,11.802,11.802,11.689,11.7455,4.55807,108467,0,0
1989-07-14,11.7455,11.9714,11.6326,11.9714,4.64573,277366,0,0
1989-07-17,11.9149,12.2537,11.9149,12.1408,4.71147,241063,0,0
1989-07-18,12.1408,12.2537,12.0843,12.1973,4.73339,170227,0,0
1989-07-19,12.1973,12.1973,11.9714,12.0843,4.68956,214278,0,0
1989-07-20,12.0843,12.0843,11.4067,11.5196,4.47042,1415827,0,0
1989-07-21,11.5761,11.689,11.4632,11.6326,4.51425,432097,0,0
1989-07-24,11.7455,11.7455,11.5196,11.6326,4.51425,140122,0,0
1989-07-25,11.5761,11.6326,11.4632,11.6326,4.51425,117986,0,0
1989-07-26,11.6326,11.7455,11.0114,11.2937,4.38277,517986,0,0
1989-07-27,11.2937,11.4632,11.2937,11.3502,4.40468,194134,0,0
1989-07-28,11.2937,11.5196,11.2937,11.4067,4.42659,336248,0,0
1989-07-31,11.5196,11.7455,11.5196,11.689,4.53616,888102,0,0
1989-08-01,11.689,11.689,11.4067,11.5761,4.49233,718096,0,0
1989-08-02,11.5761,11.5761,11.4067,11.5196,4.47042,1080686,0,0
1989-08-03,11.4632,11.5196,11.4632,11.5196,4.47042,38738,0,0
1989-08-04,11.5196,11.5196,11.3502,11.4632,4.4485,631323,0,0
1989-08-07,11.5196,11.6326,11.5196,11.6326,4.51425,199447,0,0
1989-08-08,11.5761,11.6326,11.5196,11.5761,4.49233,610957,0,0
1989-08-09,11.6326,11.689,11.5761,11.5761,4.49233,202103,0,0
1989-08-10,11.5761,11.5761,11.4632,11.5196,4.47042,328722,0,0
1989-08-11,11.5761,11.5761,11.2937,11.4632,4.4485,130160,0,0
1989-08-14,11.3502,11.5196,11.3502,11.5196,4.47042,665634,0,0
1989-08-15,11.5196,11.5761,11.3502,11.4067,4.42659,335584,0,0
1989-08-16,11.3502,11.4632,11.3502,11.4067,4.42659,138129,0,0
1989-08-17,11.4067,11.6326,11.4067,11.5196,4.47042,171112,0,0
1989-08-18,11.5196,11.5196,11.4067,11.5196,4.47042,122634,0,0
1989-08-21,11.5196,11.5196,11.2937,11.3502,4.40468,236857,0,0
1989-08-22,11.1808,11.1808,11.0679,11.1243,4.36919,84781,0.135525,0
1989-08-23,11.0679,11.3502,11.0679,11.2373,4.41355,103376,0,0
1989-08-24,11.2937,11.5196,11.2373,11.4067,4.48008,266076,0,0
1989-08-25,11.4067,11.5196,11.2937,11.2937,4.43573,224682,0,0
1989-08-28,11.3502,11.3502,11.2373,11.2937,4.43573,151190,0,0
1989-08-29,11.2373,11.2937,11.1243,11.1243,4.36919,148091,0,0
1989-08-30,11.1243,11.1808,10.842,10.8985,4.28048,262756,0,0
1989-08-31,10.9549,11.0679,10.8985,10.9549,4.30266,589043,0,0
1989-09-01,10.9549,11.0114,10.8985,11.0114,4.32484,196126,0,0
1989-09-05,10.8985,10.8985,10.7855,10.842,4.2583,324073,0,0
1989-09-06,10.7291,10.7855,10.6161,10.6726,4.19176,359048,0,0
1989-09-07,10.6726,10.7855,10.6726,10.6726,4.19176,456669,0,0
1989-09-08,10.6726,10.6726,10.5597,10.5597,4.14741,216934,0,0
1989-09-11,10.5597,10.842,10.5032,10.7291,4.21395,478583,0,0
1989-09-12,10.7291,10.842,10.6726,10.6726,4.19176,652131,0,0
1989-09-13,10.6726,10.842,10.6726,10.7291,4.21395,103597,0,0
1989-09-14,10.7291,10.7855,10.5597,10.5597,4.14741,184173,0,0
1989-09-15,10.5597,10.7291,10.5597,10.6726,4.19176,299723,0,0
1989-09-18,10.6726,10.7291,10.5597,10.7291,4.21395,449364,0,0
1989-09-19,10.7291,10.7291,10.6726,10.6726,4.19176,137908,0,0
1989-09-20,10.7291,10.7291,10.6161,10.6726,4.19176,285556,0,0
1989-09-21,10.6726,10.6726,10.5032,10.5032,4.12523,100719,0,0
1989-09-22,10.5597,10.5597,10.4467,10.5032,4.12523,88545,0,0
1989-09-25,10.5597,10.5597,10.3338,10.3902,4.08087,112673,0,0
1989-09-26,10.3902,10.3902,10.2208,10.2208,4.01433,131710,0,0
1989-09-27,10.1079,10.2208,10.0514,10.1079,3.96998,166906,0,0
1989-09-28,10.1079,10.5032,10.1079,10.3902,4.08087,110238,0,0
1989-09-29,10.3902,10.3902,10.2208,10.3902,4.08087,149198,0,0
1989-10-02,10.3338,10.5032,10.2773,10.3338,4.05869,152518,0,0
1989-10-03,10.3338,10.3338,10.1644,10.1644,3.99215,930160,0,0
1989-10-04,10.0514,10.1079,9.88203,9.99497,3.92562,241948,0,0
1989-10-05,9.99497,9.99497,9.48675,9.59969,3.77037,355064,0,0
1989-10-06,9.71262,9.82556,9.71262,9.82556,3.85908,593248,0,0
1989-10-09,9.71262,9.82556,9.71262,9.76909,3.83691,186165,0,0
1989-10-10,9.82556,9.82556,9.71262,9.76909,3.83691,106475,0,0
1989-10-11,9.82556,9.99497,9.76909,9.99497,3.92562,107139,0,0
1989-10-12,9.99497,10.1079,9.88203,9.99497,3.92562,159823,0,0
1989-10-13,9.9385,9.99497,9.71262,9.71262,3.81473,243940,0,0
1989-10-16,9.76909,9.82556,9.14794,9.82556,3.85908,452905,0,0
1989-10-17,9.65616,9.71262,9.48675,9.65616,3.79255,360819,0,0
1989-10-18,9.65616,9.9385,9.54322,9.54322,3.74819,100498,0,0
1989-10-19,9.54322,9.82556,9.54322,9.71262,3.81473,113780,0,0
1989-10-20,9.71262,9.71262,9.31734,9.54322,3.74819,168235,0,0
1989-10-23,9.59969,9.71262,9.54322,9.65616,3.79255,254344,0,0
1989-10-24,9.59969,9.65616,9.43028,9.54322,3.74819,349530,0,0
1989-10-25,9.48675,9.59969,9.43028,9.48675,3.72601,306807,0,0
1989-10-26,9.48675,9.54322,9.37381,9.43028,3.70383,368345,0,0
1989-10-27,9.48675,9.48675,9.035,9.14794,3.59294,259436,0,0
1989-10-30,9.14794,9.20441,8.69619,8.86559,3.48205,455340,0,0
1989-10-31,8.86559,8.97853,8.86559,8.92206,3.50423,154289,0,0
1989-11-01,8.86559,8.92206,8.63972,8.80912,3.45987,118650,0,0
1989-11-02,8.80912,8.80912,8.63972,8.69619,3.41551,133038,0,0
1989-11-03,8.58325,8.63972,8.41384,8.52678,3.34898,409297,0,0
1989-11-06,8.47031,8.47031,8.07503,8.1315,3.19373,304815,0,0
1989-11-07,8.07503,8.41384,7.84916,8.30091,3.26026,698395,0,0
1989-11-08,8.35737,8.75266,8.35737,8.52678,3.34898,923520,0,0
1989-11-09,8.52678,8.52678,8.41384,8.47031,3.3268,290647,0,0
1989-11-10,8.47031,8.52678,8.47031,8.47031,3.3268,639513,0,0
1989-11-13,8.41384,8.52678,8.41384,8.47031,3.3268,75484,0,0
1989-11-14,8.47031,8.52678,8.35737,8.35737,3.28244,130825,0,0
1989-11-15,8.41384,8.41384,8.24444,8.41384,3.30462,500719,0,0
1989-11-16,8.41384,8.52678,8.35737,8.52678,3.34898,295739,0,0
1989-11-17,8.52678,8.58325,8.47031,8.52678,3.34898,149198,0,0
1989-11-20,8.35737,8.41384,7.90562,7.96209,3.1777,343331,0.135525,0
1989-11-21,7.84916,7.84916,7.228,7.39741,2.95233,733149,0,0
1989-11-22,7.39741,7.45388,7.228,7.228,2.88472,129275,0,0
1989-11-24,7.28447,7.39741,7.28447,7.39741,2.95233,63531,0,0
1989-11-27,7.45388,7.73622,7.45388,7.51034,2.9974,755285,0,0
1989-11-28,7.56681,7.79269,7.51034,7.79269,3.11009,303044,0,0
1989-11-29,7.84916,7.96209,7.79269,7.96209,3.1777,530603,0,0
1989-11-30,7.84916,7.90562,7.56681,7.79269,3.11009,465302,0,0
1989-12-01,7.79269,8.01856,7.79269,7.84916,3.13262,1128058,0,0
1989-12-04,7.79269,7.84916,7.73622,7.73622,3.08755,1415163,0,0
1989-12-05,7.73622,7.79269,7.67975,7.73622,3.08755,145877,0,0
1989-12-06,7.67975,7.79269,7.67975,7.79269,3.11009,96735,0,0
1989-12-07,7.73622,7.79269,7.56681,7.62328,3.04247,1101273,0,0
1989-12-08,7.73622,7.73622,7.62328,7.73622,3.08755,165800,0,0
1989-12-11,7.73622,7.90562,7.67975,7.90562,3.15516,164914,0,0
1989-12-12,7.96209,7.96209,7.79269,7.90562,3.15516,136580,0,0
1989-12-13,7.79269,7.96209,7.79269,7.90562,3.15516,66187,0,0
1989-12-14,7.90562,8.47031,7.84916,8.24444,3.29038,459103,0,0
1989-12-15,8.30091,8.35737,8.07503,8.35737,3.33545,351522,0,0
1989-12-18,8.35737,8.35737,8.01856,8.01856,3.20023,69950,0,0
1989-12-19,7.96209,7.96209,7.67975,7.67975,3.06501,217820,0,0
1989-12-20,7.67975,7.79269,7.62328,7.67975,3.06501,101162,0,0
1989-12-21,7.67975,7.84916,7.67975,7.84916,3.13262,539236,0,0
1989-12-22,7.79269,7.84916,7.73622,7.79269,3.11009,212064,0,0
1989-12-26,7.79269,7.79269,7.67975,7.73622,3.08755,95185,0,0
1989-12-27,7.79269,7.84916,7.73622,7.79269,3.11009,162922,0,0
1989-12-28,7.79269,7.96209,7.79269,7.90562,3.15516,84117,0,0
1989-12-29,7.96209,7.96209,7.84916,7.90562,3.15516,207637,0,0
1990-01-02,7.79269,8.1315,7.73622,8.1315,3.24531,195683,0,0
1990-01-03,8.1315,8.24444,8.01856,8.1315,3.24531,146763,0,0
1990-01-04,8.24444,8.24444,8.01856,8.07503,3.22277,85445,0,0
1990-01-05,8.01856,8.30091,8.01856,8.1315,3.24531,39181,0,0
1990-01-08,8.1315,8.35737,8.07503,8.35737,3.33545,296624,0,0
1990-01-09,8.24444,8.41384,8.07503,8.07503,3.22277,46486,0,0
1990-01-10,8.07503,8.07503,7.90562,8.01856,3.20023,139015,0,0
1990-01-11,8.1315,8.30091,8.07503,8.1315,3.24531,116436,0,0
1990-01-12,8.1315,8.1315,7.96209,7.96209,3.1777,183730,0,0
1990-01-15,8.01856,8.1315,8.01856,8.1315,3.24531,77476,0,0
1990-01-16,8.07503,8.18797,8.01856,8.18797,3.26784,45379,0,0
1990-01-17,8.1315,8.1315,7.90562,7.96209,3.1777,269175,0,0
1990-01-18,7.96209,8.1315,7.96209,8.1315,3.24531,70393,0,0
1990-01-19,8.24444,8.30091,8.1315,8.24444,3.29038,175761,0,0
1990-01-22,8.24444,8.35737,7.84916,7.84916,3.13262,240841,0,0
1990-01-23,7.90562,8.07503,7.84916,8.01856,3.20023,237299,0,0
1990-01-24,7.84916,8.07503,7.67975,7.96209,3.1777,338240,0,0
1990-01-25,7.96209,8.01856,7.90562,7.90562,3.15516,171998,0,0
1990-01-26,7.90562,8.1315,7.90562,8.1315,3.24531,233536,0,0
1990-01-29,8.1315,8.18797,7.96209,8.01856,3.20023,309463,0,0
1990-01-30,8.1315,8.35737,8.01856,8.30091,3.31292,234422,0,0
1990-01-31,8.35737,8.41384,8.18797,8.18797,3.26784,102712,0,0
1990-02-01,8.18797,8.18797,8.01856,8.07503,3.22277,16159,0,0
1990-02-02,8.07503,8.07503,7.90562,7.96209,3.1777,63309,0,0
1990-02-05,8.01856,8.01856,7.90562,7.90562,3.15516,92086,0,0
1990-02-06,7.84916,7.84916,7.67975,7.67975,3.06501,448257,0,0
1990-02-07,7.67975,7.96209,7.67975,7.90562,3.15516,384947,0,0
1990-02-08,8.01856,8.01856,7.90562,7.96209,3.1777,245711,0,0
1990-02-09,7.96209,8.07503,7.96209,8.01856,3.20023,349308,0,0
1990-02-12,8.07503,8.1315,8.07503,8.07503,3.22277,372330,0,0
1990-02-13,8.1315,8.1315,8.01856,8.07503,3.22277,335584,0,0
1990-02-14,8.01856,8.07503,7.96209,7.96209,3.1777,615827,0,0
1990-02-15,7.96209,8.01856,7.96209,7.96209,3.1777,117764,0,0
1990-02-16,8.01856,8.01856,7.84916,7.90562,3.15516,199889,0,0
1990-02-20,7.84916,7.84916,7.62328,7.67975,3.06501,929275,0,0
1990-02-21,7.67975,7.73622,7.67975,7.67975,3.06501,192363,0,0
1990-02-22,7.67975,7.73622,7.45388,7.45388,2.97486,1786829,0,0
1990-02-23,7.51034,7.51034,7.34094,7.34094,2.92979,339347,0,0
1990-02-26,7.34094,7.34094,7.00213,7.05859,2.81711,624903,0,0
1990-02-27,6.88919,7.228,6.88919,7.11506,2.89523,249917,0.135525,0
1990-02-28,7.11506,7.34094,7.11506,7.28447,2.96416,120421,0,0
1990-03-01,7.28447,7.45388,7.228,7.34094,2.98714,320089,0,0
1990-03-02,7.28447,7.39741,7.28447,7.34094,2.98714,338904,0,0
1990-03-05,7.39741,7.39741,7.28447,7.34094,2.98714,321638,0,0
1990-03-06,7.39741,7.67975,7.39741,7.67975,3.12501,242169,0,0
1990-03-07,7.62328,7.73622,7.62328,7.67975,3.12501,145213,0,0
1990-03-08,7.67975,7.96209,7.67975,7.96209,3.2399,177089,0,0
1990-03-09,7.84916,8.01856,7.73622,7.73622,3.14799,548312,0,0
1990-03-12,7.73622,7.79269,7.67975,7.73622,3.14799,36967,0,0
1990-03-13,7.67975,7.73622,7.62328,7.62328,3.10203,54898,0,0
1990-03-14,7.62328,7.73622,7.62328,7.62328,3.10203,241284,0,0
1990-03-15,7.67975,7.67975,7.62328,7.67975,3.12501,254566,0,0
1990-03-16,7.67975,7.67975,7.51034,7.51034,3.05608,388046,0,0
1990-03-19,7.45388,7.51034,7.17153,7.228,2.94119,174654,0,0
1990-03-20,7.228,7.228,7.11506,7.17153,2.91821,329607,0,0
1990-03-21,7.228,7.228,7.17153,7.228,2.94119,210736,0,0
1990-03-22,7.17153,7.39741,7.17153,7.39741,3.01012,67958,0,0
1990-03-23,7.34094,7.34094,7.17153,7.17153,2.91821,531046,0,0
1990-03-26,7.28447,7.28447,7.11506,7.11506,2.89523,84560,0,0
1990-03-27,7.00213,7.00213,6.94566,6.94566,2.8263,93193,0,0
1990-03-28,6.88919,6.94566,6.71978,6.77625,2.75736,123520,0,0
1990-03-29,6.77625,6.77625,6.71978,6.71978,2.73439,107582,0,0
1990-03-30,6.66331,6.71978,6.49391,6.66331,2.71141,363254,0,0
1990-04-02,6.49391,6.71978,6.49391,6.66331,2.71141,323409,0,0
1990-04-03,6.66331,6.83272,6.60684,6.77625,2.75736,1248035,0,0
1990-04-04,6.83272,6.94566,6.77625,6.77625,2.75736,991478,0,0
1990-04-05,6.83272,7.05859,6.77625,7.05859,2.87225,833204,0,0
1990-04-06,7.228,7.39741,7.11506,7.34094,2.98714,340232,0,0
1990-04-09,7.39741,7.56681,7.39741,7.56681,3.07905,691090,0,0
1990-04-10,7.56681,7.73622,7.51034,7.67975,3.12501,346431,0,0
1990-04-11,7.67975,7.79269,7.67975,7.73622,3.14799,228666,0,0
1990-04-12,7.62328,7.62328,7.39741,7.51034,3.05608,187050,0,0
1990-04-16,7.56681,7.62328,7.39741,7.39741,3.01012,303708,0,0
1990-04-17,7.28447,7.56681,7.28447,7.56681,3.07905,124184,0,0
1990-04-18,7.62328,7.73622,7.45388,7.56681,3.07905,378307,0,0
1990-04-19,7.56681,7.62328,7.39741,7.45388,3.0331,144106,0,0
1990-04-20,7.45388,7.67975,7.34094,7.62328,3.10203,467958,0,0
1990-04-23,7.62328,7.62328,7.28447,7.28447,2.96416,847814,0,0
1990-04-24,7.228,7.28447,7.05859,7.05859,2.87225,186608,0,0
1990-04-25,7.11506,7.28447,7.11506,7.228,2.94119,465302,0,0
1990-04-26,7.28447,7.28447,7.05859,7.11506,2.89523,192806,0,0
1990-04-27,7.11506,7.11506,6.66331,6.88919,2.80332,473492,0,0
1990-04-30,6.83272,6.94566,6.83272,6.94566,2.8263,125512,0,0
1990-05-01,6.94566,7.05859,6.83272,7.00213,2.84928,225567,0,0
1990-05-02,7.00213,7.11506,6.94566,7.05859,2.87225,121306,0,0
1990-05-03,7.11506,7.34094,7.11506,7.34094,2.98714,132153,0,0
1990-05-04,7.34094,7.56681,7.28447,7.56681,3.07905,263641,0,0
1990-05-07,7.56681,7.79269,7.56681,7.73622,3.14799,921749,0,0
1990-05-08,7.67975,7.79269,7.62328,7.79269,3.17097,371666,0,0
1990-05-09,7.79269,7.90562,7.73622,7.90562,3.21692,1196458,0,0
1990-05-10,7.84916,7.96209,7.84916,7.84916,3.19395,371223,0,0
1990-05-11,7.90562,8.01856,7.90562,8.01856,3.26288,588600,0,0
1990-05-14,8.01856,8.01856,7.84916,7.90562,3.21692,199668,0,0
1990-05-15,7.84916,7.84916,7.79269,7.84916,3.19395,227559,0,0
1990-05-16,7.79269,7.90562,7.79269,7.90562,3.21692,122856,0,0
1990-05-17,7.90562,7.90562,7.84916,7.84916,3.19395,335805,0,0
1990-05-18,7.90562,8.18797,7.84916,8.18797,3.33181,59546,0,0
1990-05-21,8.1315,8.1315,8.01856,8.1315,3.30884,400664,0,0
1990-05-22,8.07503,8.1315,7.79269,7.96209,3.29481,286884,0.135525,0
1990-05-23,7.96209,8.01856,7.90562,8.01856,3.31819,63088,0,0
1990-05-24,7.96209,8.01856,7.90562,8.01856,3.31819,298395,0,0
1990-05-25,7.96209,8.01856,7.90562,7.90562,3.27145,128168,0,0
1990-05-29,7.96209,8.18797,7.96209,8.18797,3.38829,489873,0,0
1990-05-30,8.18797,8.18797,8.01856,8.01856,3.31819,147869,0,0
1990-05-31,8.01856,8.07503,8.01856,8.07503,3.34155,75042,0,0
1990-06-01,8.1315,8.1315,8.01856,8.01856,3.31819,102712,0,0
1990-06-04,8.01856,8.07503,7.96209,8.01856,3.31819,66408,0,0
1990-06-05,8.07503,8.07503,7.90562,8.01856,3.31819,1122524,0,0
1990-06-06,8.07503,8.1315,8.01856,8.1315,3.36492,137244,0,0
1990-06-07,8.1315,8.1315,8.01856,8.07503,3.34155,111345,0,0
1990-06-08,8.01856,8.07503,7.90562,7.96209,3.29481,200996,0,0
1990-06-11,7.96209,8.07503,7.90562,8.07503,3.34155,129275,0,0
1990-06-12,8.07503,8.18797,8.01856,8.18797,3.38829,229773,0,0
1990-06-13,8.18797,8.30091,8.1315,8.30091,3.43502,296182,0,0
1990-06-14,8.30091,8.75266,8.30091,8.75266,3.62196,248810,0,0
1990-06-15,8.69619,8.69619,8.52678,8.52678,3.52849,548312,0,0
1990-06-18,8.58325,8.58325,8.52678,8.52678,3.52849,230659,0,0
1990-06-19,8.52678,8.86559,8.52678,8.86559,3.6687,274709,0,0
1990-06-20,8.80912,9.14794,8.80912,8.92206,3.69206,528611,0,0
1990-06-21,8.92206,8.97853,8.86559,8.92206,3.69206,337797,0,0
1990-06-22,8.86559,8.92206,8.47031,8.52678,3.52849,448700,0,0
1990-06-25,8.47031,8.47031,8.1315,8.1315,3.36492,463752,0,0
1990-06-26,8.24444,8.30091,8.18797,8.24444,3.41165,201882,0,0
1990-06-27,8.30091,8.47031,8.30091,8.35737,3.45839,235307,0,0
1990-06-28,8.41384,8.52678,8.35737,8.52678,3.52849,106918,0,0
1990-06-29,8.47031,8.52678,8.35737,8.35737,3.45839,61760,0,0
1990-07-02,8.30091,8.30091,8.1315,8.24444,3.41165,264970,0,0
1990-07-03,8.24444,8.35737,8.24444,8.35737,3.45839,155396,0,0
1990-07-05,8.35737,8.35737,7.96209,8.01856,3.31819,216049,0,0
1990-07-06,7.90562,8.07503,7.90562,8.07503,3.34155,191699,0,0
1990-07-09,8.07503,8.1315,8.01856,8.07503,3.34155,64638,0,0
1990-07-10,8.1315,8.18797,8.07503,8.07503,3.34155,204095,0,0
1990-07-11,8.07503,8.18797,8.07503,8.18797,3.38829,575982,0,0
1990-07-12,8.1315,8.18797,8.1315,8.18797,3.38829,77034,0,0
1990-07-13,8.18797,8.30091,8.1315,8.1315,3.36492,319424,0,0
1990-07-16,8.18797,8.24444,8.1315,8.24444,3.41165,119757,0,0
1990-07-17,8.18797,8.18797,8.07503,8.1315,3.36492,199004,0,0
1990-07-18,8.1315,8.52678,8.07503,8.41384,3.48176,278030,0,0
1990-07-19,8.41384,8.41384,8.07503,8.1315,3.36492,145434,0,0
1990-07-20,8.1315,8.18797,8.07503,8.07503,3.34155,198783,0,0
1990-07-23,8.07503,8.07503,7.67975,7.67975,3.17798,238628,0,0
1990-07-24,7.67975,7.67975,7.62328,7.67975,3.17798,177310,0,0
1990-07-25,7.56681,7.62328,7.39741,7.39741,3.06114,282014,0,0
1990-07-26,7.39741,7.39741,7.00213,7.00213,2.89757,283564,0,0
1990-07-27,7.00213,7.00213,6.38097,6.38097,2.64052,442280,0,0
1990-07-30,6.38097,6.43744,6.21156,6.38097,2.64052,591478,0,0
1990-07-31,6.38097,6.49391,6.38097,6.49391,2.68726,178417,0,0
1990-08-01,6.43744,6.55037,6.43744,6.43744,2.66389,309242,0,0
1990-08-02,6.60684,6.66331,6.55037,6.60684,2.734,699059,0,0
1990-08-03,6.66331,6.88919,6.60684,6.83272,2.82747,504040,0,0
1990-08-06,6.83272,6.94566,6.83272,6.94566,2.8742,896735,0,0
1990-08-07,6.94566,6.94566,6.83272,6.94566,2.8742,338462,0,0
1990-08-08,6.94566,6.94566,6.83272,6.88919,2.85083,563807,0,0
1990-08-09,6.83272,6.83272,6.71978,6.77625,2.8041,284892,0,0
1990-08-10,6.77625,6.77625,6.66331,6.66331,2.75736,121970,0,0
1990-08-13,6.66331,6.66331,6.60684,6.66331,2.75736,393359,0,0
1990-08-14,6.66331,6.83272,6.66331,6.77625,2.8041,121970,0,0
1990-08-15,6.88919,6.88919,6.77625,6.77625,2.8041,299723,0,0
1990-08-16,6.77625,6.77625,6.71978,6.71978,2.78073,168677,0,0
1990-08-17,6.71978,6.83272,6.66331,6.83272,2.82747,172662,0,0
1990-08-20,6.83272,7.17153,6.77625,7.11506,2.9443,761704,0,0
1990-08-21,6.94566,7.228,6.83272,7.228,3.04912,494300,0.135525,0
1990-08-22,7.34094,7.79269,7.34094,7.45388,3.1444,554953,0,0
1990-08-23,7.45388,7.45388,7.34094,7.39741,3.12058,330050,0,0
1990-08-24,7.34094,7.45388,7.34094,7.45388,3.1444,271832,0,0
1990-08-27,7.45388,7.51034,7.28447,7.34094,3.09676,257222,0,0
1990-08-28,7.34094,7.39741,7.28447,7.28447,3.07294,235086,0,0
1990-08-29,7.39741,7.67975,7.34094,7.67975,3.23969,230216,0,0
1990-08-30,7.67975,7.67975,7.51034,7.56681,3.19204,169341,0,0
1990-08-31,7.56681,7.62328,7.56681,7.56681,3.19204,222247,0,0
1990-09-04,7.45388,7.67975,7.05859,7.67975,3.23969,270061,0,0
1990-09-05,7.67975,7.79269,7.62328,7.73622,3.26351,307028,0,0
1990-09-06,7.67975,7.67975,7.39741,7.45388,3.1444,201439,0,0
1990-09-07,7.51034,7.67975,7.45388,7.56681,3.19204,108688,0,0
1990-09-10,7.67975,7.67975,7.56681,7.56681,3.19204,142557,0,0
1990-09-11,7.56681,7.79269,7.56681,7.79269,3.28733,164914,0,0
1990-09-12,7.90562,7.96209,7.73622,7.79269,3.28733,310349,0,0
1990-09-13,7.90562,7.90562,7.73622,7.79269,3.28733,481461,0,0
1990-09-14,7.73622,7.73622,7.51034,7.56681,3.19204,197676,0,0
1990-09-17,7.45388,7.45388,7.39741,7.45388,3.1444,340454,0,0
1990-09-18,7.45388,7.45388,7.28447,7.39741,3.12058,232651,0,0
1990-09-19,7.39741,7.45388,7.34094,7.45388,3.1444,196348,0,0
1990-09-20,7.39741,7.39741,7.228,7.28447,3.07294,309463,0,0
1990-09-21,7.28447,7.28447,7.228,7.28447,3.07294,148312,0,0
1990-09-24,7.17153,7.228,7.05859,7.17153,3.02529,139458,0,0
1990-09-25,7.11506,7.17153,7.00213,7.17153,3.02529,203652,0,0
1990-09-26,7.17153,7.17153,7.05859,7.11506,3.00147,107582,0,0
1990-09-27,7.11506,7.228,7.05859,7.17153,3.02529,39845,0,0
1990-09-28,7.17153,7.17153,6.94566,7.00213,2.95383,290205,0,0
1990-10-01,7.17153,7.39741,7.05859,7.39741,3.12058,131489,0,0
1990-10-02,7.56681,7.56681,7.39741,7.51034,3.16822,213171,0,0
1990-10-03,7.51034,7.51034,7.34094,7.45388,3.1444,140786,0,0
1990-10-04,7.45388,7.62328,7.34094,7.62328,3.21586,238628,0,0
1990-10-05,7.34094,7.51034,7.11506,7.51034,3.16822,356613,0,0
1990-10-08,7.56681,7.62328,7.51034,7.62328,3.21586,120421,0,0
1990-10-09,7.62328,7.62328,7.39741,7.39741,3.12058,74820,0,0
1990-10-10,7.45388,7.45388,7.228,7.228,3.04912,409519,0,0
1990-10-11,7.28447,7.39741,7.11506,7.17153,3.02529,344438,0,0
1990-10-12,7.228,7.45388,7.11506,7.17153,3.02529,321859,0,0
1990-10-15,7.228,7.228,6.94566,6.94566,2.93001,293525,0,0
1990-10-16,7.00213,7.05859,6.71978,6.77625,2.85855,594355,0,0
1990-10-17,6.77625,7.11506,6.66331,6.83272,2.88237,284228,0,0
1990-10-18,7.11506,7.11506,7.00213,7.11506,3.00147,415053,0,0
1990-10-19,7.228,7.34094,7.11506,7.34094,3.09676,292197,0,0
1990-10-22,7.34094,7.39741,7.17153,7.28447,3.07294,444715,0,0
1990-10-23,7.28447,7.28447,7.17153,7.17153,3.02529,413503,0,0
1990-10-24,7.17153,7.17153,7.00213,7.05859,2.97765,108467,0,0
1990-10-25,7.05859,7.05859,6.94566,7.00213,2.95383,313890,0,0
1990-10-26,7.00213,7.00213,6.94566,6.94566,2.93001,250360,0,0
1990-10-29,7.00213,7.05859,6.83272,6.83272,2.88237,184615,0,0
1990-10-30,6.83272,6.88919,6.60684,6.83272,2.88237,264084,0,0
1990-10-31,6.77625,6.83272,6.66331,6.71978,2.83473,70393,0,0
1990-11-01,6.71978,6.83272,6.71978,6.83272,2.88237,861538,0,0
1990-11-02,6.77625,6.83272,6.71978,6.77625,2.85855,581516,0,0
1990-11-05,6.77625,6.77625,6.55037,6.60684,2.78708,839181,0,0
1990-11-06,6.60684,6.71978,6.60684,6.66331,2.8109,903597,0,0
1990-11-07,6.66331,6.77625,6.60684,6.71978,2.83473,443165,0,0
1990-11-08,6.77625,6.88919,6.66331,6.71978,2.83473,445158,0,0
1990-11-09,6.71978,6.83272,6.71978,6.83272,2.88237,596348,0,0
1990-11-12,6.77625,7.11506,6.77625,7.00213,2.95383,446929,0,0
1990-11-13,6.94566,7.11506,6.94566,7.05859,2.97765,422800,0,0
1990-11-14,7.11506,7.34094,7.11506,7.28447,3.07294,791588,0,0
1990-11-15,7.228,7.28447,7.17153,7.228,3.04912,267847,0,0
1990-11-16,7.28447,7.34094,7.17153,7.28447,3.07294,254344,0,0
1990-11-19,7.34094,7.51034,7.34094,7.51034,3.16822,405534,0,0
1990-11-20,7.51034,7.56681,7.45388,7.45388,3.1444,202324,0,0
1990-11-21,7.45388,7.62328,7.45388,7.56681,3.19204,175540,0,0
1990-11-23,7.56681,7.84916,7.56681,7.73622,3.26351,119757,0,0
1990-11-26,7.67975,7.73622,7.56681,7.73622,3.26351,590149,0,0
1990-11-27,7.62328,7.62328,7.51034,7.56681,3.24896,105147,0.135525,0
1990-11-28,7.62328,7.67975,7.56681,7.56681,3.24896,173105,0,0
1990-11-29,7.62328,7.73622,7.56681,7.73622,3.3217,186608,0,0
1990-11-30,7.73622,7.73622,7.51034,7.67975,3.29745,250581,0,0
1990-12-03,7.67975,7.79269,7.62328,7.79269,3.34594,329828,0,0
1990-12-04,7.73622,8.1315,7.73622,8.1315,3.49142,426785,0,0
1990-12-05,8.24444,8.35737,8.24444,8.35737,3.5884,767239,0,0
1990-12-06,8.35737,8.35737,7.96209,8.01856,3.44293,267183,0,0
1990-12-07,7.96209,8.18797,7.96209,8.1315,3.49142,388268,0,0
1990-12-10,8.24444,8.58325,8.18797,8.47031,3.6369,461538,0,0
1990-12-11,8.35737,8.47031,8.1315,8.35737,3.5884,424571,0,0
1990-12-12,8.41384,8.58325,8.41384,8.52678,3.66114,265634,0,0
1990-12-13,8.47031,8.58325,8.41384,8.41384,3.61265,360819,0,0
1990-12-14,8.30091,8.52678,8.24444,8.52678,3.66114,191699,0,0
1990-12-17,8.47031,8.58325,8.47031,8.58325,3.68539,125291,0,0
1990-12-18,8.52678,8.52678,8.30091,8.35737,3.5884,275152,0,0
1990-12-19,8.35737,8.35737,8.30091,8.35737,3.5884,195019,0,0
1990-12-20,8.24444,8.47031,8.24444,8.47031,3.6369,240177,0,0
1990-12-21,8.47031,8.52678,8.30091,8.52678,3.66114,214056,0,0
1990-12-24,8.41384,8.80912,8.35737,8.69619,3.73388,75263,0,0
1990-12-26,8.80912,8.86559,8.69619,8.69619,3.73388,238406,0,0
1990-12-27,8.63972,8.69619,8.58325,8.58325,3.68539,158937,0,0
1990-12-28,8.58325,8.75266,8.52678,8.69619,3.73388,279358,0,0
1990-12-31,8.63972,8.63972,7.67975,7.84916,3.37019,679801,0,0
1991-01-02,7.96209,8.35737,7.96209,8.1315,3.49142,459325,0,0
1991-01-03,8.1315,8.1315,7.79269,7.84916,3.37019,227117,0,0
1991-01-04,7.79269,7.96209,7.79269,7.90562,3.39443,1444826,0,0
1991-01-07,7.84916,8.01856,7.84916,7.96209,3.41868,147427,0,0
1991-01-08,7.96209,8.1315,7.96209,8.01856,3.44293,151854,0,0
1991-01-09,7.96209,8.01856,7.51034,7.73622,3.3217,601882,0,0
1991-01-10,7.56681,7.56681,7.45388,7.51034,3.22471,130825,0,0
1991-01-11,7.56681,7.67975,7.51034,7.67975,3.29745,173105,0,0
1991-01-14,7.67975,7.84916,7.56681,7.84916,3.37019,160487,0,0
1991-01-15,7.84916,8.18797,7.84916,8.18797,3.51566,340232,0,0
1991-01-16,8.18797,8.35737,8.1315,8.30091,3.56415,153625,0,0
1991-01-17,8.24444,8.58325,8.1315,8.58325,3.68539,575761,0,0
1991-01-18,8.58325,8.75266,8.52678,8.75266,3.75812,231323,0,0
1991-01-21,8.75266,9.71262,8.63972,9.31734,4.00059,781627,0,0
1991-01-22,8.97853,9.035,8.86559,8.97853,3.85511,570227,0,0
1991-01-23,8.97853,9.20441,8.97853,9.20441,3.95209,330050,0,0
1991-01-24,9.26088,9.26088,9.09147,9.09147,3.9036,401328,0,0
1991-01-25,9.035,9.20441,8.97853,9.09147,3.9036,289319,0,0
1991-01-28,8.86559,9.035,8.86559,8.97853,3.85511,583287,0,0
1991-01-29,9.035,9.59969,8.97853,9.48675,4.07332,259657,0,0
1991-01-30,9.48675,9.71262,9.43028,9.48675,4.07332,173547,0,0
1991-01-31,9.14794,9.65616,9.14794,9.65616,4.14606,236414,0,0
1991-02-01,9.54322,9.65616,9.31734,9.54322,4.09757,281793,0,0
1991-02-04,9.43028,11.2373,9.43028,10.8985,4.67947,1163697,0,0
1991-02-05,10.842,12.0843,10.842,11.3502,4.87344,1200000,0,0
1991-02-06,11.1808,11.1808,10.3338,10.7291,4.60673,1123188,0,0
1991-02-07,10.7291,10.7291,10.2773,10.4467,4.4855,953625,0,0
1991-02-08,10.4467,10.7291,10.2773,10.3338,4.43701,212728,0,0
1991-02-11,10.3902,11.2937,10.3902,11.0679,4.75221,1341007,0,0
1991-02-12,11.2937,11.8584,11.2373,11.8584,5.09165,1623686,0,0
1991-02-13,11.7455,11.8584,11.1808,11.4067,4.89768,546320,0,0
1991-02-14,11.4067,11.7455,11.1243,11.2373,4.82494,243719,0,0
1991-02-15,11.2937,11.5196,11.2937,11.4067,4.89768,462424,0,0
1991-02-19,11.4067,11.5196,11.1243,11.2937,4.84919,331821,0,0
1991-02-20,11.1243,11.4067,11.0679,11.2937,4.84919,763918,0,0
1991-02-21,11.3502,11.5761,11.2373,11.2937,4.84919,648810,0,0
1991-02-22,11.2937,11.5761,11.2373,11.2937,4.84919,410847,0,0
1991-02-25,11.4067,11.5196,11.1808,11.2937,4.84919,408190,0,0
1991-02-26,11.0679,11.0679,10.8985,10.8985,4.73631,475484,0.135525,0
1991-02-27,11.0114,11.3502,10.8985,11.2937,4.90809,524184,0,0
1991-02-28,11.3502,11.7455,11.3502,11.6326,5.05533,611400,0,0
1991-03-01,11.5196,11.802,11.4632,11.6326,5.05533,536359,0,0
1991-03-04,11.689,11.8584,11.5196,11.7455,5.10441,226453,0,0
1991-03-05,11.7455,12.4231,11.7455,12.0843,5.25166,511123,0,0
1991-03-06,12.1973,12.4796,12.0843,12.3102,5.34982,218926,0,0
1991-03-07,12.1973,12.3102,12.0843,12.0843,5.25166,141671,0,0
1991-03-08,12.0278,12.0843,11.7455,11.802,5.12896,75927,0,0
1991-03-11,11.802,12.0278,11.689,11.802,5.12896,165357,0,0
1991-03-12,11.8584,11.9714,11.802,11.802,5.12896,389596,0,0
1991-03-13,11.7455,11.8584,11.7455,11.802,5.12896,303929,0,0
1991-03-14,11.9149,11.9714,11.8584,11.9149,5.17804,128611,0,0
1991-03-15,11.9149,11.9149,11.7455,11.8584,5.15349,235086,0,0
1991-03-18,11.7455,11.9714,11.7455,11.9714,5.20258,241727,0,0
1991-03-19,11.9714,12.0278,11.8584,11.8584,5.15349,156060,0,0
1991-03-20,11.9714,12.3102,11.9714,12.1973,5.30074,259436,0,0
1991-03-21,12.4231,12.5361,12.3667,12.4231,5.3989,202324,0,0
1991-03-22,12.5925,13.0443,12.4796,12.9878,5.6443,715883,0,0
1991-03-25,12.9313,12.9313,12.649,12.8184,5.57069,643940,0,0
1991-03-26,12.9313,13.496,12.9313,13.3831,5.81609,398893,0,0
1991-03-27,13.3266,13.3831,13.2137,13.2137,5.74246,759712,0,0
1991-03-28,13.2137,13.2702,12.9313,13.0443,5.66884,233094,0,0
1991-04-01,12.9878,12.9878,12.649,12.7055,5.5216,199447,0,0
1991-04-02,12.5925,12.8184,12.5925,12.7619,5.54614,272496,0,0
1991-04-03,12.649,12.7055,12.5925,12.649,5.49706,267626,0,0
1991-04-04,12.5361,12.5925,12.4796,12.5361,5.44798,148976,0,0
1991-04-05,12.5925,12.5925,12.4231,12.4796,5.42344,414610,0,0
1991-04-08,12.4796,12.8749,12.3102,12.8749,5.59522,171555,0,0
1991-04-09,12.9313,12.9313,12.649,12.649,5.49706,193470,0,0
1991-04-10,12.649,12.7619,12.5361,12.5925,5.47252,266298,0,0
1991-04-11,12.649,12.649,12.4796,12.5361,5.44798,294853,0,0
1991-04-12,12.5925,12.9878,12.5361,12.7619,5.54614,265412,0,0
1991-04-15,12.7619,12.8184,12.3667,12.4796,5.42344,324516,0,0
1991-04-16,12.5361,12.7055,12.4231,12.649,5.49706,180188,0,0
1991-04-17,12.5361,13.4396,12.4796,13.0443,5.66884,543885,0,0
1991-04-18,12.9313,12.9313,12.7055,12.7619,5.54614,285113,0,0
1991-04-19,12.7055,12.7055,12.3102,12.3667,5.37436,382070,0,0
1991-04-22,12.3102,12.3102,11.9714,12.3102,5.34982,668733,0,0
1991-04-23,12.3102,12.649,12.1408,12.1973,5.30074,1015606,0,0
1991-04-24,10.6161,10.842,10.2208,10.7291,4.66268,1954400,0,0
1991-04-25,10.5597,10.6726,10.2773,10.3902,4.51544,601439,0,0
1991-04-26,10.2773,10.7291,10.2208,10.6726,4.63815,534809,0,0
1991-04-29,10.7291,11.0114,10.7291,10.842,4.71176,242391,0,0
1991-04-30,10.842,11.2373,10.842,11.0679,4.80993,341782,0,0
1991-05-01,11.0679,11.2373,11.0114,11.0114,4.78539,117100,0,0
1991-05-02,11.1243,11.1243,10.7855,10.842,4.71176,295960,0,0
1991-05-03,10.7291,10.7291,10.5032,10.5597,4.58906,169563,0,0
1991-05-06,10.6726,10.6726,10.3902,10.6161,4.61361,320753,0,0
1991-05-07,10.5032,10.5032,10.2773,10.2773,4.46636,483896,0,0
1991-05-08,10.2773,10.4467,10.2208,10.3338,4.4909,141229,0,0
1991-05-09,10.3902,10.3902,10.1079,10.1644,4.41728,236193,0,0
1991-05-10,10.2773,10.2773,10.1644,10.1644,4.41728,134145,0,0
1991-05-13,10.2773,10.3338,10.1644,10.2773,4.46636,65966,0,0
1991-05-14,10.2208,10.2208,9.99497,9.99497,4.34366,167571,0,0
1991-05-15,10.0514,10.2208,9.99497,10.0514,4.3682,150968,0,0
1991-05-16,10.1644,10.2773,10.1079,10.2773,4.46636,105147,0,0
1991-05-17,10.2208,10.2773,10.1079,10.2773,4.46636,168677,0,0
1991-05-20,10.3902,10.4467,10.3338,10.3902,4.51544,120863,0,0
1991-05-21,10.2773,10.3902,10.1644,10.2208,4.50053,9961,0.135525,0
1991-05-22,10.2773,10.2773,10.1644,10.2773,4.52539,116879,0,0
1991-05-23,10.2208,10.2773,10.1079,10.1644,4.47566,165800,0,0
1991-05-24,10.2208,10.2773,10.1644,10.2208,4.50053,75263,0,0
1991-05-28,10.1644,10.3338,10.1644,10.2773,4.52539,71721,0,0
1991-05-29,10.3338,10.4467,10.2773,10.3902,4.57512,92308,0,0
1991-05-30,10.3902,10.6726,10.3338,10.6726,4.69944,171776,0,0
1991-05-31,10.6726,11.1243,10.6726,11.1243,4.89836,219812,0,0
1991-06-03,11.1243,11.4067,11.1243,11.3502,4.99782,222025,0,0
1991-06-04,11.2373,11.4067,11.0679,11.4067,5.02269,211179,0,0
1991-06-05,11.3502,11.4067,11.2373,11.3502,4.99782,130382,0,0
1991-06-06,11.4067,11.689,11.3502,11.689,5.14701,241063,0,0
1991-06-07,12.4231,12.4231,11.8584,11.9714,5.27133,314776,0,0
1991-06-10,11.5196,11.8584,11.5196,11.8584,5.2216,248810,0,0
1991-06-11,11.9149,12.1973,11.9149,12.1973,5.37079,224682,0,0
1991-06-12,12.0843,12.2537,11.9714,12.1973,5.37079,248589,0,0
1991-06-13,12.1973,12.1973,11.8584,11.9149,5.24647,164914,0,0
1991-06-14,11.8584,11.9149,11.802,11.8584,5.2216,154068,0,0
1991-06-17,11.8584,11.8584,11.689,11.689,5.14701,171334,0,0
1991-06-18,11.7455,11.7455,11.6326,11.6326,5.12214,170448,0,0
1991-06-19,11.5761,11.5761,11.5196,11.5196,5.07241,136137,0,0
1991-06-20,11.5196,11.5761,11.2937,11.4067,5.02269,151411,0,0
1991-06-21,11.4067,11.6326,11.4067,11.6326,5.12214,171998,0,0
1991-06-24,11.6326,11.6326,11.2937,11.2937,4.97295,137465,0,0
1991-06-25,11.2937,11.4632,11.2937,11.4067,5.02269,111566,0,0
1991-06-26,11.6326,11.7455,11.5196,11.689,5.14701,165357,0,0
1991-06-27,11.802,11.802,11.4632,11.5196,5.07241,176868,0,0
1991-06-28,11.4067,11.4632,11.2373,11.4632,5.04755,214721,0,0
1991-07-01,11.5196,11.689,11.4632,11.5196,5.07241,197897,0,0
1991-07-02,11.5196,11.6326,11.3502,11.4632,5.04755,100498,0,0
1991-07-03,11.3502,11.3502,11.1808,11.1808,4.92322,154510,0,0
1991-07-05,11.1808,11.2373,11.1808,11.1808,4.92322,28556,0,0
1991-07-08,11.0679,11.2937,10.9549,11.2937,4.97295,107582,0,0
1991-07-09,11.2937,11.4632,11.2373,11.4632,5.04755,176868,0,0
1991-07-10,11.5196,11.8584,11.5196,11.802,5.19674,102933,0,0
1991-07-11,11.9149,12.2537,11.9149,12.2537,5.39566,259214,0,0
1991-07-12,12.3667,12.5361,12.2537,12.2537,5.39566,212507,0,0
1991-07-15,12.2537,12.3102,12.1973,12.3102,5.42052,379856,0,0
1991-07-16,12.3102,12.5361,12.3102,12.4796,5.49512,98727,0,0
1991-07-17,12.3667,13.1007,12.3667,12.9313,5.69404,230880,0,0
1991-07-18,12.9313,13.5525,12.9313,13.496,5.94268,472385,0,0
1991-07-19,13.3831,13.496,13.3266,13.4396,5.91782,147205,0,0
1991-07-22,13.4396,13.4396,13.1007,13.1007,5.76863,152297,0,0
1991-07-23,13.1007,13.1572,12.8184,12.8184,5.64431,158273,0,0
1991-07-24,12.9313,13.2702,12.8184,13.2702,5.84322,200553,0,0
1991-07-25,13.2702,13.4396,13.2137,13.4396,5.91782,71942,0,0
1991-07-26,13.3266,13.4396,13.2702,13.4396,5.91782,104040,0,0
1991-07-29,13.4396,13.6654,13.3831,13.496,5.94268,210072,0,0
1991-07-30,13.5525,13.7784,13.4396,13.5525,5.96755,645490,0,0
1991-07-31,13.5525,13.5525,13.3266,13.4396,5.91782,95407,0,0
1991-08-01,13.4396,13.4396,13.1007,13.1007,5.76863,62867,0,0
1991-08-02,13.1007,13.1572,12.8184,13.1572,5.79349,159159,0,0
1991-08-05,13.0443,13.1572,13.0443,13.1007,5.76863,87880,0,0
1991-08-06,12.9313,13.3266,12.9313,13.3266,5.86808,227117,0,0
1991-08-07,13.2702,13.3266,13.1572,13.2702,5.84322,120199,0,0
1991-08-08,13.3266,13.3831,13.1572,13.2137,5.81836,73935,0,0
1991-08-09,13.0443,13.2702,12.9878,13.2137,5.81836,115108,0,0
1991-08-12,13.0443,13.1007,12.8749,13.1007,5.76863,215385,0,0
1991-08-13,13.1007,13.1007,12.9878,13.1007,5.76863,300387,0,0
1991-08-14,13.2137,13.2137,13.0443,13.1007,5.76863,189707,0,0
1991-08-15,13.1007,13.2702,13.0443,13.2702,5.84322,161594,0,0
1991-08-16,13.2702,13.3266,13.0443,13.1007,5.76863,101162,0,0
1991-08-19,13.1007,13.9478,13.1007,13.609,5.99241,468179,0,0
1991-08-20,13.7784,14.1172,13.7784,13.7784,6.067,576204,0,0
1991-08-21,13.7784,13.7784,13.1007,13.7219,6.04214,344881,0,0
1991-08-22,13.609,13.6654,13.4396,13.496,5.94268,406862,0,0
1991-08-23,13.5525,13.609,13.496,13.609,5.99241,155396,0,0
1991-08-26,13.6654,13.6654,13.1572,13.2137,5.81836,944328,0,0
1991-08-27,12.9878,12.9878,12.3667,12.649,5.62742,292418,0.135525,0
1991-08-28,12.5925,12.5925,12.2537,12.5361,5.57718,310127,0,0
1991-08-29,12.649,12.7055,12.3667,12.5925,5.60231,169120,0,0
1991-08-30,12.5361,12.649,12.4796,12.649,5.62742,124405,0,0
1991-09-03,12.7619,12.9878,12.4231,12.4231,5.52694,243055,0,0
1991-09-04,12.3667,12.4796,12.2537,12.4796,5.55206,140786,0,0
1991-09-05,12.4796,12.4796,12.3667,12.3667,5.50182,49364,0,0
1991-09-06,12.1973,12.1973,11.9714,12.1973,5.42645,102269,0,0
1991-09-09,12.1408,12.1408,11.9149,11.9149,5.30083,61317,0,0
1991-09-10,11.8584,11.9149,11.6326,11.9149,5.30083,97178,0,0
1991-09-11,11.8584,12.1408,11.7455,12.1408,5.40133,94521,0,0
1991-09-12,11.6326,11.6326,10.9549,11.0114,4.89888,328500,0,0
1991-09-13,10.7855,10.7855,10.3338,10.3338,4.59741,457554,0,0
1991-09-16,10.1644,10.1644,9.82556,9.9385,4.42155,675374,0,0
1991-09-17,10.1079,10.2208,9.59969,9.82556,4.37131,547205,0,0
1991-09-18,9.71262,10.2773,9.65616,9.76909,4.34618,449142,0,0
1991-09-19,9.82556,10.3902,9.76909,10.1644,4.52204,537687,0,0
1991-09-20,10.2773,10.7291,10.2208,10.3902,4.62253,591920,0,0
1991-09-23,10.2208,10.4467,10.1644,10.4467,4.64765,403542,0,0
1991-09-24,10.6726,10.842,10.5597,10.842,4.82351,332263,0,0
1991-09-25,10.842,11.4067,10.842,11.1808,4.97424,502490,0,0
1991-09-26,11.1808,11.2937,11.0114,11.0679,4.924,365468,0,0
1991-09-27,11.1243,11.1243,10.5597,10.6161,4.72302,410625,0,0
1991-09-30,10.6161,10.6161,10.1644,10.5032,4.67277,236635,0,0
1991-10-01,10.5597,10.5597,10.4467,10.5032,4.67277,75706,0,0
1991-10-02,10.5032,10.5032,10.2773,10.3338,4.59741,58661,0,0
1991-10-03,10.2773,10.3902,10.2773,10.2773,4.57229,44272,0,0
1991-10-04,10.1644,10.2773,10.1079,10.1644,4.52204,68401,0,0
1991-10-07,10.1644,10.1644,9.99497,10.1644,4.52204,100941,0,0
1991-10-08,10.1644,10.3338,10.1079,10.2773,4.57229,122413,0,0
1991-10-09,10.2773,10.2773,9.99497,10.0514,4.4718,56226,0,0
1991-10-10,10.0514,10.2208,9.9385,10.1644,4.52204,99170,0,0
1991-10-11,10.2773,10.4467,10.1644,10.3902,4.62253,98506,0,0
1991-10-14,10.3902,10.5597,10.2208,10.5597,4.69789,101384,0,0
1991-10-15,10.5597,11.1243,10.5597,11.0114,4.89888,166242,0,0
1991-10-16,11.0679,11.2937,10.7291,10.7855,4.79839,780742,0,0
1991-10-17,10.842,11.0114,10.5597,10.6161,4.72302,332263,0,0
1991-10-18,10.7291,11.0114,10.6726,10.842,4.82351,135473,0,0
1991-10-21,10.842,11.0114,10.7291,11.0114,4.89888,95185,0,0
1991-10-22,11.0679,11.2373,11.0679,11.1243,4.94912,100277,0,0
1991-10-23,11.2373,11.5761,11.2373,11.3502,5.04961,260985,0,0
1991-10-24,11.4067,11.5196,11.2373,11.5196,5.12498,139679,0,0
1991-10-25,11.4632,11.4632,11.1808,11.2937,5.02449,212286,0,0
1991-10-28,11.2937,11.6326,11.2937,11.5196,5.12498,282457,0,0
1991-10-29,11.4632,11.689,11.4632,11.689,5.20035,63752,0,0
1991-10-30,11.7455,11.8584,11.7455,11.802,5.25059,143442,0,0
1991-10-31,11.802,12.0843,11.802,11.9149,5.30083,74820,0,0
1991-11-01,11.9149,11.9149,11.5196,11.5196,5.12498,525955,0,0
1991-11-04,11.5196,11.7455,11.2937,11.7455,5.22546,323630,0,0
1991-11-05,11.689,11.689,11.4067,11.4067,5.07473,233315,0,0
1991-11-06,11.2937,11.2937,11.0114,11.1808,4.97424,92086,0,0
1991-11-07,11.1808,11.4067,11.0114,11.2937,5.02449,372551,0,0
1991-11-08,11.2937,11.2937,11.1808,11.1808,4.97424,108910,0,0
1991-11-11,11.0679,11.1243,11.0114,11.0679,4.924,107582,0,0
1991-11-12,11.0679,11.1243,10.9549,11.0679,4.924,69950,0,0
1991-11-13,11.0114,11.0114,10.7855,10.9549,4.87376,140122,0,0
1991-11-14,10.8985,10.9549,10.7291,10.7855,4.79839,320531,0,0
1991-11-15,10.7855,10.7855,10.5032,10.5597,4.69789,149419,0,0
1991-11-18,10.6161,10.6161,10.3338,10.3338,4.59741,236857,0,0
1991-11-19,10.2773,10.2773,9.82556,10.1644,4.52204,243055,0,0
1991-11-20,10.2773,10.2773,9.9385,9.99497,4.44667,54455,0,0
1991-11-21,9.99497,10.1644,9.9385,9.99497,4.44667,261428,0,0
1991-11-22,9.9385,9.9385,9.71262,9.88203,4.39643,243276,0,0
1991-11-25,9.65616,9.65616,9.37381,9.43028,4.25379,590592,0.135525,0
1991-11-26,9.37381,9.54322,9.31734,9.48675,4.27926,320089,0,0
1991-11-27,9.48675,9.65616,9.48675,9.59969,4.3302,133038,0,0
1991-11-29,9.65616,9.65616,9.43028,9.54322,4.30473,56890,0,0
1991-12-02,9.43028,9.48675,9.37381,9.48675,4.27926,147869,0,0
1991-12-03,9.43028,9.43028,9.14794,9.26088,4.17737,262756,0,0
1991-12-04,9.26088,9.26088,8.97853,9.26088,4.17737,294853,0,0
1991-12-05,9.26088,9.82556,9.26088,9.76909,4.40662,467737,0,0
1991-12-06,9.65616,9.65616,9.54322,9.59969,4.3302,184173,0,0
1991-12-09,9.65616,9.65616,9.48675,9.54322,4.30473,220697,0,0
1991-12-10,9.48675,9.59969,9.43028,9.48675,4.27926,320974,0,0
1991-12-11,9.48675,9.71262,9.37381,9.48675,4.27926,413503,0,0
1991-12-12,9.54322,9.54322,9.43028,9.48675,4.27926,208080,0,0
1991-12-13,9.48675,9.59969,9.48675,9.48675,4.27926,122191,0,0
1991-12-16,9.54322,9.59969,9.54322,9.59969,4.3302,122634,0,0
1991-12-17,9.59969,9.59969,9.48675,9.48675,4.27926,219812,0,0
1991-12-18,9.37381,9.59969,9.20441,9.43028,4.25379,440288,0,0
1991-12-19,9.43028,9.65616,9.43028,9.59969,4.3302,88102,0,0
1991-12-20,9.82556,9.88203,9.59969,9.59969,4.3302,193691,0,0
1991-12-23,9.71262,9.88203,9.65616,9.82556,4.43209,116879,0,0
1991-12-24,9.9385,10.2208,9.9385,10.1644,4.58492,93414,0,0
1991-12-26,10.5032,11.0114,10.5032,11.0114,4.96699,203431,0,0
1991-12-27,11.2373,11.3502,11.1808,11.1808,5.04341,339790,0,0
1991-12-30,11.2937,11.689,11.2937,11.6326,5.24718,265855,0,0
1991-12-31,11.6326,11.9149,11.3502,11.8584,5.34907,255672,0,0
1992-01-02,11.7455,11.7455,11.2373,11.5196,5.19624,163586,0,0
1992-01-03,11.4632,11.5196,11.4067,11.4632,5.17077,133702,0,0
1992-01-06,11.4067,11.4632,11.1808,11.2373,5.06888,247925,0,0
1992-01-07,11.0679,11.1808,10.8985,11.0114,4.96699,199668,0,0
1992-01-08,10.842,11.0114,10.7855,10.9549,4.94152,222468,0,0
1992-01-09,10.8985,11.0679,10.842,11.0679,4.99246,212950,0,0
1992-01-10,11.0679,11.5196,11.0679,11.3502,5.11983,446929,0,0
1992-01-13,11.4067,11.7455,11.4067,11.7455,5.29812,195462,0,0
1992-01-14,12.0843,12.0843,11.7455,11.9149,5.37454,240841,0,0
1992-01-15,11.9149,12.0278,11.802,11.9149,5.37454,103376,0,0
1992-01-16,11.7455,11.802,11.4632,11.6326,5.24718,136359,0,0
1992-01-17,11.689,11.9714,11.6326,11.9149,5.37454,390703,0,0
1992-01-20,11.9714,11.9714,11.6326,11.6326,5.24718,161372,0,0
1992-01-21,11.5196,11.5761,11.2937,11.5761,5.22171,242169,0,0
1992-01-22,11.5761,11.8584,11.5761,11.8584,5.34907,180188,0,0
1992-01-23,11.8584,11.8584,11.6326,11.689,5.27266,260764,0,0
1992-01-24,11.5196,11.7455,11.5196,11.5761,5.22171,79026,0,0
1992-01-27,11.4632,11.7455,11.4632,11.689,5.27266,429220,0,0
1992-01-28,11.5196,12.0843,11.5196,11.7455,5.29812,438296,0,0
1992-01-29,11.6326,11.6326,11.4632,11.5196,5.19624,462424,0,0
1992-01-30,11.4632,11.5761,11.3502,11.5196,5.19624,133038,0,0
1992-01-31,11.5761,11.8584,11.2937,11.2937,5.09435,253680,0,0
1992-02-03,11.4067,11.5761,11.3502,11.5196,5.19624,161815,0,0
1992-02-04,11.5761,11.9149,11.5761,11.802,5.3236,243276,0,0
1992-02-05,11.802,11.9714,11.689,11.689,5.27266,354842,0,0
1992-02-06,11.689,11.802,11.6326,11.689,5.27266,41616,0,0
1992-02-07,11.7455,11.7455,11.5196,11.689,5.27266,120863,0,0
1992-02-10,11.7455,11.7455,11.5761,11.6326,5.24718,244604,0,0
1992-02-11,11.6326,11.689,11.5761,11.689,5.27266,76591,0,0
1992-02-12,11.6326,11.689,11.4632,11.6326,5.24718,61760,0,0
1992-02-13,11.5196,11.5196,11.3502,11.4632,5.17077,71057,0,0
1992-02-14,11.1808,11.4067,11.1808,11.2373,5.06888,146763,0,0
1992-02-18,11.1808,11.4632,11.1243,11.3502,5.11983,179303,0,0
1992-02-19,11.2937,11.7455,11.2937,11.689,5.27266,205423,0,0
1992-02-20,11.7455,11.9714,11.689,11.802,5.3236,136359,0,0
1992-02-21,11.802,11.802,11.689,11.689,5.27266,189264,0,0
1992-02-24,11.802,12.1408,11.802,12.1408,5.47643,125955,0,0
1992-02-25,11.8584,11.9714,11.4632,11.5196,5.2549,229330,0.135525,0
1992-02-26,11.4632,11.5761,11.4067,11.5761,5.28066,174433,0,0
1992-02-27,11.5761,11.689,11.5196,11.5196,5.2549,106032,0,0
1992-02-28,11.6326,11.6326,11.3502,11.5196,5.2549,89430,0,0
1992-03-02,11.5196,11.5761,11.4067,11.4632,5.22914,92086,0,0
1992-03-03,11.5761,11.6326,11.5196,11.5761,5.28066,34311,0,0
1992-03-04,11.4632,11.4632,11.2373,11.2373,5.1261,189485,0,0
1992-03-05,11.1808,11.2373,11.1243,11.2373,5.1261,218262,0,0
1992-03-06,11.4067,11.5761,11.4067,11.5196,5.2549,119314,0,0
1992-03-09,11.5761,11.6326,11.5196,11.5761,5.28066,80354,0,0
1992-03-10,11.689,11.7455,11.5196,11.5196,5.2549,106032,0,0
1992-03-11,11.4067,11.4067,11.1243,11.1808,5.10035,71500,0,0
1992-03-12,11.1808,11.2373,11.1243,11.1808,5.10035,121085,0,0
1992-03-13,11.2937,11.2937,10.842,10.9549,4.99731,170891,0,0
1992-03-16,11.0679,11.1243,11.0114,11.0114,5.02307,92972,0,0
1992-03-17,11.0114,11.1243,10.8985,10.9549,4.99731,201660,0,0
1992-03-18,11.0679,11.1243,10.9549,11.0114,5.02307,146763,0,0
1992-03-19,11.1243,11.1243,11.0114,11.0114,5.02307,43608,0,0
1992-03-20,11.0679,11.1243,10.9549,11.0679,5.04883,174654,0,0
1992-03-23,11.1808,11.1808,11.0679,11.0679,5.04883,113780,0,0
1992-03-24,11.1808,11.2373,10.842,10.9549,4.99731,133702,0,0
1992-03-25,11.0114,11.0114,10.842,10.842,4.94579,63088,0,0
1992-03-26,10.8985,11.0114,10.842,10.842,4.94579,84781,0,0
1992-03-27,10.8985,10.9549,10.7855,10.842,4.94579,45379,0,0
1992-03-30,10.842,10.9549,10.7855,10.9549,4.99731,77698,0,0
1992-03-31,10.9549,10.9549,10.7855,10.842,4.94579,63309,0,0
1992-04-01,10.8985,11.0679,10.8985,10.9549,4.99731,189043,0,0
1992-04-02,10.8985,10.9549,10.842,10.9549,4.99731,83453,0,0
1992-04-03,10.842,10.9549,10.7855,10.8985,4.97155,63752,0,0
1992-04-06,10.9549,11.1808,10.8985,11.0114,5.02307,131046,0,0
1992-04-07,11.1243,11.1808,11.0114,11.1808,5.10035,96735,0,0
1992-04-08,11.0679,11.1243,10.842,10.842,4.94579,99170,0,0
1992-04-09,10.8985,11.1808,10.8985,11.0679,5.04883,84117,0,0
1992-04-10,11.1243,11.1808,11.0679,11.1808,5.10035,65080,0,0
1992-04-13,11.1808,11.4632,11.1808,11.4632,5.22914,159602,0,0
1992-04-14,11.5761,11.689,11.5196,11.689,5.33218,148976,0,0
1992-04-15,11.689,11.9714,11.6326,11.9149,5.43521,333592,0,0
1992-04-16,12.0278,12.0278,11.8584,12.0278,5.48674,72828,0,0
1992-04-20,11.9149,11.9149,11.689,11.7455,5.35794,186829,0,0
1992-04-21,11.7455,12.3667,11.7455,12.1973,5.56401,155838,0,0
1992-04-22,12.3667,12.3667,11.9714,12.0843,5.51249,126176,0,0
1992-04-23,12.0843,12.1408,11.8584,12.0843,5.51249,130603,0,0
1992-04-24,12.0278,12.2537,11.9149,11.9149,5.43521,112673,0,0
1992-04-27,11.802,11.9714,11.7455,11.9714,5.46098,113337,0,0
1992-04-28,11.9714,12.0278,11.802,12.0278,5.48674,74599,0,0
1992-04-29,12.0843,12.1408,11.9714,12.0843,5.51249,70614,0,0
1992-04-30,11.9714,12.0843,11.802,11.8584,5.40946,95407,0,0
1992-05-01,11.8584,11.8584,11.6326,11.8584,5.40946,56447,0,0
1992-05-04,11.9149,12.1973,11.9149,12.1973,5.56401,95407,0,0
1992-05-05,12.1973,12.1973,11.8584,11.9714,5.46098,147648,0,0
1992-05-06,12.0278,12.0278,11.802,11.8584,5.40946,45822,0,0
1992-05-07,11.9149,11.9714,11.802,11.9149,5.43521,56669,0,0
1992-05-08,11.9714,11.9714,11.7455,11.802,5.3837,34090,0,0
1992-05-11,11.802,11.802,11.7455,11.802,5.3837,63531,0,0
1992-05-12,11.802,11.802,11.6326,11.689,5.33218,133260,0,0
1992-05-13,11.689,11.689,11.3502,11.3502,5.17762,146763,0,0
1992-05-14,11.2937,11.2937,11.0679,11.1243,5.07459,133260,0,0
1992-05-15,11.1243,11.1808,11.0114,11.1243,5.07459,145656,0,0
1992-05-18,11.0679,11.0679,10.9549,11.0114,5.02307,83453,0,0
1992-05-19,11.1243,11.1808,11.0679,11.1808,5.10035,61538,0,0
1992-05-20,11.2937,11.6326,11.2373,11.5761,5.28066,125955,0,0
1992-05-21,11.4632,11.5196,11.2937,11.3502,5.17762,88545,0,0
1992-05-22,11.3502,11.5196,11.3502,11.4632,5.22914,29884,0,0
1992-05-26,11.3502,11.4632,11.3502,11.3502,5.23957,66408,0.135525,0
1992-05-27,11.3502,11.4067,11.2937,11.3502,5.23957,24571,0,0
1992-05-28,11.3502,11.4067,11.2937,11.4067,5.26564,129054,0,0
1992-05-29,11.3502,11.4067,11.2373,11.2937,5.2135,361262,0,0
1992-06-01,11.4632,11.4632,11.2937,11.3502,5.23957,86110,0,0
1992-06-02,11.2937,11.4632,11.2937,11.3502,5.23957,49806,0,0
1992-06-03,11.2373,11.4067,11.1808,11.3502,5.23957,362147,0,0
1992-06-04,11.2373,11.4067,11.2373,11.3502,5.23957,403099,0,0
1992-06-05,11.2937,11.4067,11.2373,11.2373,5.18743,218041,0,0
1992-06-08,11.2937,11.4632,11.2937,11.4067,5.26564,112009,0,0
1992-06-09,11.5196,11.5196,11.2373,11.2937,5.2135,129054,0,0
1992-06-10,11.2937,11.3502,11.2937,11.3502,5.23957,112452,0,0
1992-06-11,11.3502,11.4632,11.2937,11.4632,5.2917,82346,0,0
1992-06-12,11.5761,11.5761,11.5196,11.5196,5.31777,68179,0,0
1992-06-15,11.5761,11.5761,11.4632,11.5761,5.34383,126397,0,0
1992-06-16,11.5761,11.6326,11.4632,11.4632,5.2917,147648,0,0
1992-06-17,11.4067,11.4067,11.2373,11.2937,5.2135,37853,0,0
1992-06-18,11.1808,11.5196,11.1808,11.5196,5.31777,83896,0,0
1992-06-19,11.5196,11.7455,11.4632,11.7455,5.42204,122413,0,0
1992-06-22,11.6326,11.7455,11.6326,11.7455,5.42204,83896,0,0
1992-06-23,11.7455,11.7455,11.5761,11.5761,5.34383,42280,0,0
1992-06-24,11.5761,11.6326,11.3502,11.3502,5.23957,229109,0,0
1992-06-25,11.3502,11.3502,11.1808,11.1808,5.16137,119092,0,0
1992-06-26,11.1808,11.2373,11.1808,11.2373,5.18743,62424,0,0
1992-06-29,11.3502,11.689,11.2937,11.689,5.39597,75263,0,0
1992-06-30,11.689,12.0278,11.5761,11.8584,5.47418,114444,0,0
1992-07-01,11.9149,11.9714,11.7455,11.7455,5.42204,60874,0,0
1992-07-02,11.8584,11.8584,11.7455,11.7455,5.42204,291976,0,0
1992-07-06,11.7455,11.9149,11.7455,11.9149,5.50024,105368,0,0
1992-07-07,12.0278,12.4796,12.0278,12.3102,5.68271,271610,0,0
1992-07-08,12.2537,12.3102,12.1408,12.1973,5.63058,48921,0,0
1992-07-09,12.1408,12.2537,12.0843,12.1408,5.60451,65744,0,0
1992-07-10,12.0843,12.1408,11.9714,12.0843,5.57845,60432,0,0
1992-07-13,12.1408,12.1408,11.9714,12.0843,5.57845,115993,0,0
1992-07-14,12.1408,12.1408,11.9714,12.0278,5.55238,69286,0,0
1992-07-15,12.0843,12.3102,12.0278,12.3102,5.68271,242612,0,0
1992-07-16,12.2537,12.3667,12.1973,12.2537,5.65665,201660,0,0
1992-07-17,12.2537,12.2537,12.0843,12.1408,5.60451,228666,0,0
1992-07-20,11.9714,12.3102,11.9714,12.3102,5.68271,53348,0,0
1992-07-21,12.3667,12.3667,12.0843,12.1973,5.63058,123741,0,0
1992-07-22,12.1973,12.1973,11.9714,12.0278,5.55238,23686,0,0
1992-07-23,11.9714,12.0278,11.9714,12.0278,5.55238,56226,0,0
1992-07-24,12.0278,12.2537,11.9714,12.2537,5.65665,131710,0,0
1992-07-27,12.2537,12.3667,12.1973,12.3102,5.68271,31655,0,0
1992-07-28,12.3667,12.4796,12.3102,12.4796,5.76092,93857,0,0
1992-07-29,12.4796,12.7055,12.3102,12.5361,5.78699,206087,0,0
1992-07-30,12.5361,12.7055,12.5361,12.649,5.83912,117986,0,0
1992-07-31,12.5925,12.8184,12.5361,12.7619,5.89125,110681,0,0
1992-08-03,12.7619,12.7619,12.5925,12.7055,5.86519,87659,0,0
1992-08-04,12.7055,12.7055,12.5925,12.5925,5.81305,70614,0,0
1992-08-05,12.5361,12.5925,12.4231,12.4796,5.76092,122191,0,0
1992-08-06,12.3667,12.4231,12.1408,12.1973,5.63058,100941,0,0
1992-08-07,12.1408,12.3667,12.0843,12.0843,5.57845,88545,0,0
1992-08-10,12.0843,12.1973,12.0843,12.1973,5.63058,60432,0,0
1992-08-11,12.3102,12.3102,12.0843,12.0843,5.57845,83011,0,0
1992-08-12,12.0843,12.0843,11.6326,11.7455,5.42204,560266,0,0
1992-08-13,11.2937,11.4067,11.1808,11.3502,5.23957,433426,0,0
1992-08-14,11.4067,11.5761,11.4067,11.5761,5.34383,87438,0,0
1992-08-17,11.5761,11.7455,11.5761,11.689,5.39597,75927,0,0
1992-08-18,11.7455,11.7455,11.6326,11.689,5.39597,63088,0,0
1992-08-19,11.6326,11.6326,11.5196,11.5196,5.31777,71500,0,0
1992-08-20,11.5196,11.6326,11.4632,11.5196,5.31777,64859,0,0
1992-08-21,11.5196,11.6326,11.5196,11.6326,5.36991,128168,0,0
1992-08-24,11.5196,11.5761,11.5196,11.5196,5.31777,44272,0,0
1992-08-25,11.5196,11.5196,11.2937,11.2937,5.27557,176868,0.135525,0
1992-08-26,11.4067,11.4067,11.0679,11.1243,5.19643,129939,0,0
1992-08-27,11.1243,11.5196,11.1243,11.4067,5.32832,74377,0,0
1992-08-28,11.4067,11.4632,11.4067,11.4067,5.32832,32761,0,0
1992-08-31,11.4067,11.4067,11.1808,11.2373,5.24918,96514,0,0
1992-09-01,11.2937,11.2937,11.1243,11.1243,5.19643,150968,0,0
1992-09-02,11.1243,11.2373,11.1243,11.1808,5.22281,242391,0,0
1992-09-03,11.1808,11.1808,11.0679,11.1243,5.19643,111787,0,0
1992-09-04,11.1808,11.1808,11.0679,11.1808,5.22281,66630,0,0
1992-09-08,11.1808,11.1808,10.9549,10.9549,5.1173,255451,0,0
1992-09-09,11.0114,11.0679,10.842,10.842,5.06455,133702,0,0
1992-09-10,10.8985,10.8985,10.3902,10.6161,4.95903,228888,0,0
1992-09-11,10.6161,10.6161,10.1644,10.4467,4.8799,140564,0,0
1992-09-14,10.5032,10.7855,10.3902,10.7291,5.01179,144992,0,0
1992-09-15,10.7291,10.7291,10.5032,10.6726,4.98541,300387,0,0
1992-09-16,10.5597,10.8985,10.5597,10.842,5.06455,152075,0,0
1992-09-17,10.7855,11.0114,10.6726,10.9549,5.1173,146984,0,0
1992-09-18,10.9549,11.6326,10.9549,11.5761,5.40746,458882,0,0
1992-09-21,11.1808,11.2937,11.0679,11.0679,5.17005,212286,0,0
1992-09-22,11.0679,11.0679,10.842,10.8985,5.09092,207194,0,0
1992-09-23,10.8985,10.9549,10.7855,10.7855,5.03816,147205,0,0
1992-09-24,10.8985,10.9549,10.842,10.8985,5.09092,23243,0,0
1992-09-25,10.8985,10.9549,10.842,10.8985,5.09092,147648,0,0
1992-09-28,10.842,10.9549,10.842,10.9549,5.1173,42723,0,0
1992-09-29,10.8985,10.8985,10.7291,10.8985,5.09092,200111,0,0
1992-09-30,10.842,11.0114,10.842,11.0114,5.14368,53569,0,0
1992-10-01,11.1243,11.1243,10.8985,10.9549,5.1173,43165,0,0
1992-10-02,11.0114,11.0114,10.8985,10.8985,5.09092,41173,0,0
1992-10-05,10.8985,10.8985,10.6161,10.6726,4.98541,135473,0,0
1992-10-06,10.6726,10.842,10.6726,10.7855,5.03816,23686,0,0
1992-10-07,10.7855,10.842,10.1644,10.1644,4.74801,136801,0,0
1992-10-08,10.2773,10.5032,10.2208,10.5032,4.90628,60432,0,0
1992-10-09,10.5032,10.7291,10.3902,10.3902,4.85352,117322,0,0
1992-10-12,10.5032,10.5597,10.5032,10.5597,4.93265,18816,0,0
1992-10-13,10.6726,10.7291,10.5032,10.5032,4.90628,74599,0,0
1992-10-14,10.5032,10.5597,10.3902,10.4467,4.8799,97620,0,0
1992-10-15,10.5032,10.7291,10.5032,10.6726,4.98541,38296,0,0
1992-10-16,10.7855,10.7855,10.5032,10.5032,4.90628,90980,0,0
1992-10-19,10.5597,10.8985,10.5597,10.842,5.06455,51134,0,0
1992-10-20,10.7855,10.842,10.7291,10.7855,5.03816,97842,0,0
1992-10-21,10.8985,11.1243,10.842,11.0114,5.14368,94521,0,0
1992-10-22,11.1243,11.2373,11.1243,11.2373,5.24918,216270,0,0
1992-10-23,11.2937,11.5196,11.2937,11.4067,5.32832,83896,0,0
1992-10-26,11.3502,11.8584,11.3502,11.8584,5.53934,357720,0,0
1992-10-27,11.802,11.8584,11.689,11.689,5.46021,345324,0,0
1992-10-28,11.5761,11.5761,11.4632,11.5196,5.38108,88987,0,0
1992-10-29,11.689,11.7455,11.6326,11.7455,5.48659,86331,0,0
1992-10-30,11.8584,11.8584,11.5761,11.5761,5.40746,54455,0,0
1992-11-02,11.5196,11.802,11.4632,11.802,5.51297,159380,0,0
1992-11-03,11.7455,11.8584,11.689,11.7455,5.48659,144992,0,0
1992-11-04,11.7455,11.8584,11.5761,11.5761,5.40746,107139,0,0
1992-11-05,11.689,11.689,11.5196,11.5196,5.38108,28998,0,0
1992-11-06,11.4067,11.689,11.4067,11.6326,5.43383,144770,0,0
1992-11-09,11.689,11.7455,11.6326,11.689,5.46021,67737,0,0
1992-11-10,11.7455,11.7455,11.4632,11.4632,5.3547,67958,0,0
1992-11-11,11.5196,11.5196,11.4067,11.4632,5.3547,93857,0,0
1992-11-12,11.5196,11.6326,11.4632,11.6326,5.43383,496514,0,0
1992-11-13,11.6326,11.8584,11.6326,11.802,5.51297,237521,0,0
1992-11-16,11.802,11.9149,11.7455,11.8584,5.53934,97842,0,0
1992-11-17,11.802,11.8584,11.802,11.802,5.51297,119314,0,0
1992-11-18,12.3667,12.649,12.3667,12.5925,5.88225,198340,0,0
1992-11-19,12.8749,12.8749,12.649,12.7055,5.93501,212950,0,0
1992-11-20,12.7619,12.7619,12.5925,12.5925,5.88225,138129,0,0
1992-11-23,12.5361,12.5361,12.4231,12.4796,5.89292,63088,0.135525,0
1992-11-24,12.5361,12.649,12.4796,12.5925,5.94625,141450,0,0
1992-11-25,12.5925,12.8749,12.5925,12.8184,6.05291,122634,0,0
1992-11-27,12.8749,12.9878,12.8749,12.9878,6.1329,69729,0,0
1992-11-30,13.0443,13.0443,12.9313,12.9313,6.10624,106253,0,0
1992-12-01,12.9313,13.1007,12.9313,13.1007,6.18623,162479,0,0
1992-12-02,13.1572,14.0043,13.1572,13.7784,6.50621,374986,0,0
1992-12-03,13.8348,14.0607,13.7219,13.8348,6.53287,254123,0,0
1992-12-04,13.9478,14.0607,13.8913,14.0607,6.63953,133038,0,0
1992-12-07,14.0607,14.1172,14.0043,14.1172,6.6662,155838,0,0
1992-12-08,14.1172,14.1737,14.0043,14.1172,6.6662,143885,0,0
1992-12-09,14.1172,15.3595,14.1172,15.0772,7.1195,606752,0,0
1992-12-10,15.0772,15.416,14.7383,14.9642,7.06618,428998,0,0
1992-12-11,14.9642,15.2466,14.9078,15.2466,7.1995,292640,0,0
1992-12-14,15.1336,15.6418,15.1336,15.4724,7.30615,339347,0,0
1992-12-15,15.3595,15.3595,15.1901,15.2466,7.1995,429220,0,0
1992-12-16,15.303,15.3595,14.5125,14.6254,6.90618,360819,0,0
1992-12-17,14.5689,14.7383,14.5125,14.6254,6.90618,392031,0,0
1992-12-18,15.0207,15.1336,15.0207,15.0772,7.1195,447150,0,0
1992-12-21,15.0207,15.0207,14.7948,14.8513,7.01284,269618,0,0
1992-12-22,14.7948,15.2466,14.7948,15.2466,7.1995,307250,0,0
1992-12-23,15.3595,15.5289,15.303,15.4724,7.30615,369895,0,0
1992-12-24,15.3595,15.416,15.3595,15.416,7.27949,97178,0,0
1992-12-28,15.303,15.5854,15.2466,15.5854,7.35948,173547,0,0
1992-12-29,15.5854,15.7548,15.4724,15.5289,7.33282,249917,0,0
1992-12-30,15.6418,15.6418,15.303,15.303,7.22616,242833,0,0
1992-12-31,15.303,15.4724,15.2466,15.416,7.27949,157167,0,0
1993-01-04,15.416,15.4724,15.303,15.3595,7.25282,96956,0,0
1993-01-05,15.1901,15.2466,15.0207,15.1901,7.17283,191035,0,0
1993-01-06,15.2466,15.2466,15.0772,15.1336,7.14617,422136,0,0
1993-01-07,15.0772,15.1901,14.9642,15.1901,7.17283,331599,0,0
1993-01-08,15.1336,15.1901,14.9078,14.9078,7.03951,349308,0,0
1993-01-11,14.9078,15.1901,14.9078,15.1336,7.14617,129939,0,0
1993-01-12,15.1901,15.1901,15.0207,15.0772,7.1195,261871,0,0
1993-01-13,15.2466,15.3595,15.1336,15.1336,7.14617,82789,0,0
1993-01-14,15.1901,15.303,14.9642,15.1901,7.17283,231101,0,0
1993-01-15,15.2466,15.8112,15.0207,15.7548,7.43948,405977,0,0
1993-01-18,15.8112,15.8677,15.5854,15.8677,7.49281,187714,0,0
1993-01-19,15.8112,15.9807,15.7548,15.9807,7.54614,174433,0,0
1993-01-20,16.1501,16.2065,15.3595,15.3595,7.25282,253016,0,0
1993-01-21,15.4724,15.6418,15.416,15.5854,7.35948,279801,0,0
1993-01-22,15.6418,15.9242,15.6418,15.9242,7.51947,226674,0,0
1993-01-25,16.0371,16.1501,15.9807,16.1501,7.62614,118207,0,0
1993-01-26,16.1501,16.2065,15.6983,15.8112,7.46615,302158,0,0
1993-01-27,15.6983,15.6983,14.6254,15.0207,7.09284,763254,0,0
1993-01-28,15.0207,15.1901,15.0207,15.0207,7.09284,160708,0,0
1993-01-29,15.0207,15.0772,14.5689,14.5689,6.87952,126397,0,0
1993-02-01,14.5689,14.6254,14.1172,14.5689,6.87952,301273,0,0
1993-02-02,14.456,14.7383,14.3431,14.7383,6.95951,255008,0,0
1993-02-03,14.7948,14.9642,14.6819,14.7383,6.95951,117986,0,0
1993-02-04,14.8513,14.9642,14.6819,14.7383,6.95951,187493,0,0
1993-02-05,14.7383,14.7383,14.0043,14.0043,6.61287,168456,0,0
1993-02-08,14.2301,14.456,14.1172,14.456,6.82619,144328,0,0
1993-02-09,14.456,14.6819,14.456,14.6254,6.90618,105147,0,0
1993-02-10,14.5689,14.5689,14.1737,14.2301,6.71953,190149,0,0
1993-02-11,14.456,14.5125,14.2301,14.2301,6.71953,146984,0,0
1993-02-12,14.3431,14.3431,13.7784,13.7784,6.50621,170006,0,0
1993-02-16,14.0043,14.2301,14.0043,14.2301,6.71953,208080,0,0
1993-02-17,14.2301,14.5689,14.1172,14.1172,6.6662,258329,0,0
1993-02-18,14.3431,14.3995,13.8913,14.1172,6.6662,270725,0,0
1993-02-19,14.1172,14.1172,14.0607,14.0607,6.63953,102712,0,0
1993-02-22,14.1737,14.2866,14.0607,14.2866,6.7462,288655,0,0
1993-02-23,14.1737,14.6254,14.1172,14.5689,6.96765,142335,0.1807,0
1993-02-24,14.5689,14.7948,14.5689,14.7948,7.07567,96735,0,0
1993-02-25,14.8513,15.5289,14.7948,15.1336,7.23771,239956,0,0
1993-02-26,15.1336,15.2466,15.0772,15.1901,7.26471,395573,0,0
1993-03-01,15.1336,15.1336,14.8513,14.9642,7.15669,323630,0,0
1993-03-02,14.8513,15.1901,14.8513,15.1901,7.26471,526619,0,0
1993-03-03,15.0772,15.2466,15.0772,15.2466,7.29172,217377,0,0
1993-03-04,15.1336,15.1901,15.0207,15.1901,7.26471,399557,0,0
1993-03-05,15.1336,15.416,15.1336,15.3595,7.34574,472385,0,0
1993-03-08,15.416,15.5854,15.3595,15.5854,7.45376,91644,0,0
1993-03-09,15.5854,16.0371,15.5854,15.8677,7.58879,394023,0,0
1993-03-10,15.8112,15.9807,15.8112,15.8677,7.58879,248810,0,0
1993-03-11,15.8677,15.9242,15.8112,15.8677,7.58879,257443,0,0
1993-03-12,15.8112,16.2065,15.8112,16.1501,7.72383,359712,0,0
1993-03-15,16.0936,16.1501,16.0371,16.0936,7.69682,120642,0,0
1993-03-16,16.0936,16.1501,16.0371,16.0936,7.69682,100719,0,0
1993-03-17,16.0371,16.0936,15.8677,15.8677,7.58879,65523,0,0
1993-03-18,15.8677,15.9242,15.6983,15.6983,7.50777,463531,0,0
1993-03-19,15.8112,16.0371,15.7548,15.9807,7.64281,224239,0,0
1993-03-22,16.0371,16.0936,15.9807,16.0936,7.69682,185058,0,0
1993-03-23,16.0936,16.2065,16.0936,16.1501,7.72383,120421,0,0
1993-03-24,15.9242,16.0371,15.7548,15.8112,7.56179,334477,0,0
1993-03-25,15.8112,15.8677,15.6983,15.8112,7.56179,247703,0,0
1993-03-26,15.8677,16.0936,15.8677,16.0371,7.66981,194355,0,0
1993-03-29,16.0936,16.3759,16.0936,16.3195,7.80485,98949,0,0
1993-03-30,16.263,16.7147,16.263,16.6018,7.93988,159823,0,0
1993-03-31,16.6018,16.8842,16.6018,16.6583,7.96689,226010,0,0
1993-04-01,16.6583,16.6583,16.4889,16.5453,7.91287,129275,0,0
1993-04-02,16.3759,16.3759,16.0936,16.1501,7.72383,267183,0,0
1993-04-05,16.0371,16.2065,15.9807,16.0936,7.69682,52905,0,0
1993-04-06,16.2065,16.5453,16.1501,16.5453,7.91287,172662,0,0
1993-04-07,16.6583,16.6583,16.5453,16.6018,7.93988,78583,0,0
1993-04-08,16.5453,16.6583,16.3759,16.3759,7.83186,141229,0,0
1993-04-12,16.4324,16.9406,16.4324,16.8842,8.07491,173769,0,0
1993-04-13,16.8277,17.7312,16.8277,17.6182,8.42599,382070,0,0
1993-04-14,17.5618,17.5618,17.3924,17.4488,8.34497,127283,0,0
1993-04-15,17.4488,17.7312,17.2794,17.2794,8.26395,154953,0,0
1993-04-16,17.0536,17.4488,17.0536,17.3359,8.29096,96292,0,0
1993-04-19,17.3924,17.3924,17.223,17.3924,8.31797,75042,0,0
1993-04-20,17.6182,17.7877,17.1665,17.4488,8.34497,215163,0,0
1993-04-21,17.3359,17.6182,17.0536,17.2794,8.26395,117986,0,0
1993-04-22,17.2794,17.2794,17.0536,17.0536,8.15593,247703,0,0
1993-04-23,16.9406,17.6182,16.9406,17.6182,8.42599,169341,0,0
1993-04-26,17.2794,17.3924,17.0536,17.11,8.18294,199004,0,0
1993-04-27,17.0536,17.11,16.8277,17.0536,8.15593,92308,0,0
1993-04-28,17.0536,17.0536,16.9406,17.0536,8.15593,234422,0,0
1993-04-29,17.11,17.5618,17.0536,17.4488,8.34497,86552,0,0
1993-04-30,17.4488,17.6747,17.4488,17.6182,8.42599,126176,0,0
1993-05-03,17.6747,17.6747,17.4488,17.4488,8.34497,95407,0,0
1993-05-04,17.5053,17.7877,17.4488,17.7312,8.48,206752,0,0
1993-05-05,17.6182,17.7312,17.6182,17.6747,8.453,127061,0,0
1993-05-06,17.6182,17.6747,17.4488,17.4488,8.34497,93857,0,0
1993-05-07,17.4488,17.4488,17.3359,17.3359,8.29096,40730,0,0
1993-05-10,17.3359,17.5053,17.3359,17.3924,8.31797,129275,0,0
1993-05-11,17.3359,17.5053,17.3359,17.4488,8.34497,82568,0,0
1993-05-12,17.3924,17.5053,17.2794,17.5053,8.37198,259657,0,0
1993-05-13,17.4488,17.4488,17.1665,17.223,8.23695,69950,0,0
1993-05-14,17.1665,17.1665,16.7712,16.8277,8.0479,92308,0,0
1993-05-17,16.9406,17.11,16.8277,17.11,8.18294,147205,0,0
1993-05-18,17.3359,17.7312,17.2794,17.7312,8.48,160930,0,0
1993-05-19,17.6182,17.7877,17.3924,17.7877,8.50702,191478,0,0
1993-05-20,17.6747,17.7312,17.4488,17.5053,8.37198,106253,0,0
1993-05-21,17.5053,17.5618,17.3924,17.4488,8.34497,115993,0,0
1993-05-24,17.4488,17.5053,17.1665,17.3924,8.31797,54455,0,0
1993-05-25,17.2794,17.3359,17.223,17.3359,8.378,43387,0.1807,0
1993-05-26,17.223,17.4488,17.223,17.4488,8.43258,30327,0,0
1993-05-27,17.4488,17.6747,17.4488,17.5618,8.48717,127947,0,0
1993-05-28,17.5618,17.5618,17.5053,17.5618,8.48717,76148,0,0
1993-06-01,17.4488,17.7312,17.2794,17.6747,8.54175,153403,0,0
1993-06-02,17.5618,17.7312,17.5618,17.7312,8.56903,53569,0,0
1993-06-03,17.6747,18.0135,17.6747,17.9006,8.6509,167571,0,0
1993-06-04,17.7877,17.9006,17.7312,17.8441,8.62361,66408,0,0
1993-06-07,17.7312,17.7877,17.5053,17.7312,8.56903,196790,0,0
1993-06-08,17.6182,17.6182,17.4488,17.4488,8.43258,403763,0,0
1993-06-09,17.5053,17.7312,17.3924,17.4488,8.43258,454676,0,0
1993-06-10,17.4488,17.5618,17.3924,17.5053,8.45988,71500,0,0
1993-06-11,17.3924,17.5618,17.3359,17.4488,8.43258,204759,0,0
1993-06-14,17.3924,17.5618,17.3924,17.4488,8.43258,84117,0,0
1993-06-15,17.3359,17.4488,17.0536,17.1665,8.29613,161151,0,0
1993-06-16,17.11,17.5618,17.11,17.5053,8.45988,217377,0,0
1993-06-17,17.5053,17.6182,17.5053,17.5618,8.48717,57775,0,0
1993-06-18,17.6182,17.9571,17.5618,17.7877,8.59633,185058,0,0
1993-06-21,17.8441,17.8441,17.6747,17.7877,8.59633,125069,0,0
1993-06-22,17.6747,18.07,17.6747,17.9571,8.67819,283785,0,0
1993-06-23,17.9006,18.3523,17.9006,18.1265,8.76006,429441,0,0
1993-06-24,18.07,19.2558,18.07,18.8041,9.08754,657665,0,0
1993-06-25,18.8606,19.0864,18.7476,18.8041,9.08754,580188,0,0
1993-06-28,18.6912,18.8606,18.6912,18.7476,9.06025,399336,0,0
1993-06-29,18.6347,18.8606,18.5782,18.8606,9.11483,260764,0,0
1993-06-30,18.8041,18.917,18.8041,18.8606,9.11483,173547,0,0
1993-07-01,18.8606,18.917,18.7476,18.8606,9.11483,334920,0,0
1993-07-02,18.8606,18.8606,18.6912,18.6912,9.03296,91865,0,0
1993-07-06,18.6912,18.8606,18.6912,18.8606,9.11483,398450,0,0
1993-07-07,18.8606,18.9735,18.8041,18.9735,9.16942,780077,0,0
1993-07-08,19.03,19.0864,18.8041,19.03,9.1967,815274,0,0
1993-07-09,18.9735,19.0864,18.917,19.0864,9.22399,108910,0,0
1993-07-12,19.0864,19.1994,19.03,19.03,9.1967,276259,0,0
1993-07-13,19.0864,19.1429,18.4088,18.8041,9.08754,251467,0,0
1993-07-14,18.7476,18.8606,18.7476,18.8041,9.08754,141671,0,0
1993-07-15,18.7476,18.8606,18.5782,18.8041,9.08754,112009,0,0
1993-07-16,18.8606,19.03,18.8041,18.9735,9.16942,548755,0,0
1993-07-19,18.9735,18.9735,18.917,18.9735,9.16942,222247,0,0
1993-07-20,18.9735,18.9735,18.8041,18.8041,9.08754,55783,0,0
1993-07-21,18.8041,18.9735,18.6347,18.9735,9.16942,197676,0,0
1993-07-22,18.07,18.1265,17.8441,18.0135,8.70548,619369,0,0
1993-07-23,17.9571,17.9571,17.4488,17.5053,8.45988,442280,0,0
1993-07-26,17.5618,17.5618,17.2794,17.3924,8.4053,304593,0,0
1993-07-27,17.3924,18.0135,17.3924,18.0135,8.70548,286663,0,0
1993-07-28,18.07,18.07,17.7312,17.7312,8.56903,230437,0,0
1993-07-29,17.5618,17.8441,17.4488,17.4488,8.43258,151854,0,0
1993-07-30,17.6747,18.1265,17.5053,18.1265,8.76006,274931,0,0
1993-08-02,18.07,18.1829,17.9006,17.9571,8.67819,226453,0,0
1993-08-03,17.8441,17.9571,17.5618,17.6747,8.54175,135695,0,0
1993-08-04,17.6747,17.8441,17.6182,17.8441,8.62361,78141,0,0
1993-08-05,17.8441,18.0135,17.8441,18.0135,8.70548,78362,0,0
1993-08-06,17.9571,18.07,17.9006,18.07,8.73277,151411,0,0
1993-08-09,18.07,18.1265,18.0135,18.07,8.73277,100719,0,0
1993-08-10,17.9571,18.0135,17.8441,18.0135,8.70548,105147,0,0
1993-08-11,18.07,18.1265,17.9571,18.0135,8.70548,123962,0,0
1993-08-12,18.0135,18.0135,17.6182,17.7877,8.59633,157831,0,0
1993-08-13,17.7877,17.8441,17.6747,17.7877,8.59633,114222,0,0
1993-08-16,17.7877,17.8441,17.6747,17.7877,8.59633,168899,0,0
1993-08-17,17.5053,17.5618,17.223,17.223,8.32342,849142,0,0
1993-08-18,17.3359,17.3924,16.8842,17.1665,8.29613,699945,0,0
1993-08-19,17.1665,17.1665,16.8277,16.8842,8.15969,182623,0,0
1993-08-20,16.8842,16.9971,16.8277,16.8842,8.15969,81904,0,0
1993-08-23,16.7147,16.8842,16.4889,16.6018,8.02323,680022,0,0
1993-08-24,16.4889,16.8277,16.4324,16.7712,8.1943,345102,0.1807,0
1993-08-25,16.7712,16.8842,16.7147,16.7147,8.1667,173547,0,0
1993-08-26,16.6018,16.7712,16.6018,16.6583,8.13912,137908,0,0
1993-08-27,16.6018,16.8277,16.6018,16.8277,8.22189,135030,0,0
1993-08-30,16.7712,16.9406,16.7712,16.9406,8.27706,158052,0,0
1993-08-31,16.8842,16.9406,16.6018,16.7712,8.1943,340232,0,0
1993-09-01,16.6583,16.6583,16.4324,16.6583,8.13912,266519,0,0
1993-09-02,16.6018,16.6018,16.2065,16.3195,7.97357,574654,0,0
1993-09-03,16.1501,16.2065,15.9242,15.9807,7.80803,231544,0,0
1993-09-07,16.0936,16.0936,15.7548,15.8112,7.72526,293747,0,0
1993-09-08,15.8677,15.8677,15.4724,15.5854,7.6149,333149,0,0
1993-09-09,15.3595,15.8112,15.303,15.8112,7.72526,254566,0,0
1993-09-10,15.8112,16.1501,15.7548,16.1501,7.8908,256336,0,0
1993-09-13,16.2065,16.2065,16.1501,16.2065,7.9184,643940,0,0
1993-09-14,16.0936,16.3759,16.0371,16.0936,7.86322,172662,0,0
1993-09-15,16.1501,16.1501,16.0371,16.0936,7.86322,373437,0,0
1993-09-16,15.9807,16.0936,15.9807,15.9807,7.80803,125955,0,0
1993-09-17,15.8112,15.8677,15.6983,15.8677,7.75285,435196,0,0
1993-09-20,15.6983,15.9807,15.6418,15.8677,7.75285,308799,0,0
1993-09-21,15.8112,15.8677,15.5854,15.8112,7.72526,70614,0,0
1993-09-22,15.9242,16.0371,15.8677,15.9807,7.80803,1021140,0,0
1993-09-23,15.9807,16.0371,15.6418,15.6983,7.67009,320753,0,0
1993-09-24,15.6983,15.7548,15.6418,15.7548,7.69767,179745,0,0
1993-09-27,15.8112,15.8677,15.6983,15.8677,7.75285,125512,0,0
1993-09-28,15.9242,15.9807,15.8112,15.9242,7.78044,231987,0,0
1993-09-29,15.6983,16.0371,15.6983,15.8112,7.72526,430548,0,0
1993-09-30,15.8112,15.8677,15.6983,15.8677,7.75285,614056,0,0
1993-10-01,15.8677,15.9242,15.6983,15.9242,7.78044,283343,0,0
1993-10-04,15.8112,15.9242,15.6418,15.6983,7.67009,123962,0,0
1993-10-05,15.8112,15.8677,15.5289,15.5854,7.6149,189264,0,0
1993-10-06,15.6983,15.9242,15.6418,15.8112,7.72526,184173,0,0
1993-10-07,15.8677,16.2065,15.8677,16.2065,7.9184,336912,0,0
1993-10-08,16.2065,16.4324,16.1501,16.3759,8.00116,217820,0,0
1993-10-11,16.263,16.263,16.0371,16.1501,7.8908,129939,0,0
1993-10-12,16.0936,16.0936,15.6983,15.9807,7.80803,222468,0,0
1993-10-13,16.0371,16.2065,15.9242,15.9807,7.80803,111566,0,0
1993-10-14,15.9807,16.0371,15.9807,16.0371,7.83563,67515,0,0
1993-10-15,16.0371,16.0936,15.9242,15.9242,7.78044,77698,0,0
1993-10-18,15.9242,16.0371,15.8677,16.0371,7.83563,135473,0,0
1993-10-19,15.9807,16.2065,15.9807,16.0936,7.86322,152739,0,0
1993-10-20,16.0936,16.1501,15.8112,15.8112,7.72526,224682,0,0
1993-10-21,15.9242,15.9242,15.5289,15.5289,7.58731,147205,0,0
1993-10-22,15.5289,15.6418,15.0772,15.1336,7.39418,414831,0,0
1993-10-25,15.2466,15.3595,15.1901,15.1901,7.42177,331599,0,0
1993-10-26,15.3595,15.6418,15.3595,15.5289,7.58731,202546,0,0
1993-10-27,15.4724,15.5289,15.4724,15.5289,7.58731,67958,0,0
1993-10-28,15.5289,15.5854,15.416,15.5289,7.58731,86552,0,0
1993-10-29,15.416,15.7548,15.416,15.6983,7.67009,282678,0,0
1993-11-01,15.5854,15.7548,15.5854,15.6983,7.67009,167349,0,0
1993-11-02,15.6983,15.7548,15.5854,15.7548,7.69767,128168,0,0
1993-11-03,15.7548,15.9242,15.6983,15.8112,7.72526,354621,0,0
1993-11-04,15.8677,16.1501,15.8677,15.9807,7.80803,191035,0,0
1993-11-05,15.8677,16.0936,15.8677,16.0936,7.86322,144549,0,0
1993-11-08,16.0371,16.0936,15.9807,16.0371,7.83563,96292,0,0
1993-11-09,16.1501,16.1501,15.9807,15.9807,7.80803,245711,0,0
1993-11-10,15.9807,16.3195,15.9242,16.3195,7.97357,275595,0,0
1993-11-11,16.263,16.5453,16.263,16.4889,8.05634,176868,0,0
1993-11-12,16.4889,16.7712,16.4889,16.7712,8.1943,105589,0,0
1993-11-15,16.7712,17.6182,16.7712,17.3924,8.49779,345102,0,0
1993-11-16,17.3924,17.3924,16.6583,16.6583,8.13912,186165,0,0
1993-11-17,16.6583,16.7147,15.9242,16.1501,7.8908,185279,0,0
1993-11-18,16.3195,16.3195,15.7548,15.8677,7.75285,138129,0,0
1993-11-19,15.7548,15.8677,15.6983,15.8677,7.75285,283343,0,0
1993-11-22,15.5854,15.9242,15.5289,15.9242,7.87006,199004,0.1807,0
1993-11-23,15.9807,16.8277,15.9242,16.3759,8.09333,283343,0,0
1993-11-24,16.3759,16.6583,16.263,16.6018,8.20496,1005202,0,0
1993-11-26,16.7147,16.7147,16.6018,16.6583,8.23287,40730,0,0
1993-11-29,16.8277,17.6747,16.7712,17.11,8.45613,554732,0,0
1993-11-30,16.9971,17.5053,16.8842,17.1665,8.48404,487438,0,0
1993-12-01,16.9406,17.7312,16.8842,17.3359,8.56777,524405,0,0
1993-12-02,17.3359,17.3359,17.11,17.2794,8.53986,113116,0,0
1993-12-03,17.223,17.2794,17.0536,17.11,8.45613,170227,0,0
1993-12-06,17.0536,17.1665,16.8842,16.9971,8.40032,399336,0,0
1993-12-07,16.7147,16.9971,16.6583,16.7712,8.28869,333813,0,0
1993-12-08,16.7147,16.7147,16.4889,16.6018,8.20496,309020,0,0
1993-12-09,16.5453,17.0536,16.3195,16.6018,8.20496,184615,0,0
1993-12-10,16.8277,16.8277,16.5453,16.6583,8.23287,89651,0,0
1993-12-13,16.6018,16.6018,16.3195,16.5453,8.17705,186608,0,0
1993-12-14,16.6583,16.6583,16.4324,16.4889,8.14914,30105,0,0
1993-12-15,16.6018,16.7712,16.4324,16.5453,8.17705,509574,0,0
1993-12-16,16.6018,16.6018,16.0936,16.0936,7.95379,168677,0,0
1993-12-17,16.1501,16.6583,16.0371,16.5453,8.17705,313669,0,0
1993-12-20,16.4324,16.5453,16.263,16.263,8.03751,118871,0,0
1993-12-21,16.263,16.7712,16.263,16.4889,8.14914,189485,0,0
1993-12-22,16.4324,16.6018,16.4324,16.4324,8.12124,164471,0,0
1993-12-23,16.4324,16.7147,16.4324,16.4889,8.14914,111787,0,0
1993-12-27,16.5453,16.7147,16.4889,16.7147,8.26078,107582,0,0
1993-12-28,16.6018,16.8842,16.6018,16.8277,8.31659,88545,0,0
1993-12-29,16.8842,17.1665,16.6583,17.0536,8.42823,142999,0,0
1993-12-30,16.9406,17.0536,16.8277,16.8842,8.3445,64859,0,0
1993-12-31,16.8277,17.0536,16.8277,16.8842,8.3445,82789,0,0
1994-01-03,16.8277,16.8842,16.6583,16.8277,8.31659,236857,0,0
1994-01-04,16.7712,17.4488,16.7712,17.11,8.45613,418594,0,0
1994-01-05,16.8842,16.9971,16.8277,16.8277,8.31659,65523,0,0
1994-01-06,16.8277,17.1665,16.8277,16.9971,8.40032,90537,0,0
1994-01-07,17.0536,17.0536,16.7712,16.8277,8.31659,88766,0,0
1994-01-10,16.9406,17.0536,16.8842,17.0536,8.42823,237742,0,0
1994-01-11,16.9971,16.9971,16.8277,16.9406,8.37241,110681,0,0
1994-01-12,17.0536,17.5053,17.0536,17.4488,8.62358,409961,0,0
1994-01-13,17.5053,17.7312,17.4488,17.5053,8.65149,284228,0,0
1994-01-14,17.5053,17.6182,17.5053,17.5053,8.65149,107139,0,0
1994-01-17,17.5618,17.5618,17.223,17.3359,8.56777,63088,0,0
1994-01-18,17.4488,17.9571,17.3924,17.8441,8.81893,803099,0,0
1994-01-19,17.9571,18.1829,17.8441,18.0135,8.90266,250581,0,0
1994-01-20,17.9571,17.9571,17.7312,17.8441,8.81893,111787,0,0
1994-01-21,18.1265,18.1829,17.7312,17.7312,8.76312,417045,0,0
1994-01-24,17.7312,17.7312,17.5053,17.7312,8.76312,166685,0,0
1994-01-25,17.7312,17.8441,17.5618,17.7312,8.76312,161815,0,0
1994-01-26,17.6182,17.8441,17.5618,17.6182,8.70731,138572,0,0
1994-01-27,17.6182,17.6182,17.3359,17.3924,8.59567,161372,0,0
1994-01-28,17.5053,17.5053,17.3359,17.4488,8.62358,112673,0,0
1994-01-31,17.4488,17.5618,17.2794,17.5618,8.6794,79026,0,0
1994-02-01,17.5618,18.0135,17.3924,18.0135,8.90266,284671,0,0
1994-02-02,17.7877,17.7877,17.5618,17.7312,8.76312,190371,0,0
1994-02-03,17.6182,18.1265,17.5618,18.1265,8.95848,172441,0,0
1994-02-04,18.0135,18.0135,17.5053,17.6182,8.70731,146763,0,0
1994-02-07,17.5053,17.6182,17.3924,17.4488,8.62358,166242,0,0
1994-02-08,17.3924,17.5053,17.3359,17.3924,8.59567,121970,0,0
1994-02-09,17.3359,17.5053,17.3359,17.3924,8.59567,375208,0,0
1994-02-10,17.4488,17.5618,17.223,17.2794,8.53986,170227,0,0
1994-02-11,17.2794,17.4488,17.223,17.3924,8.59567,99170,0,0
1994-02-14,17.2794,17.5618,17.223,17.5053,8.65149,110017,0,0
1994-02-15,17.5053,17.7877,17.5053,17.7312,8.76312,110238,0,0
1994-02-16,17.7312,18.07,17.7312,18.0135,8.90266,192584,0,0
1994-02-17,18.0135,18.2394,18.0135,18.1829,8.98639,400443,0,0
1994-02-18,18.2394,18.2959,17.9571,18.07,8.93057,204759,0,0
1994-02-22,18.0135,18.0135,17.9006,18.0135,8.99259,216491,0.1807,0
1994-02-23,18.0135,18.07,17.8441,17.9006,8.93621,546541,0,0
1994-02-24,17.8441,17.9571,17.6747,17.7877,8.87983,253016,0,0
1994-02-25,17.8441,18.07,17.6747,18.07,9.02078,195905,0,0
1994-02-28,18.07,18.2394,17.8441,18.1829,9.07716,83011,0,0
1994-03-01,18.2959,18.2959,17.9571,18.0135,8.99259,81904,0,0
1994-03-02,17.9006,17.9571,17.7877,17.9006,8.93621,222247,0,0
1994-03-03,17.9571,18.0135,17.8441,17.9571,8.9644,63973,0,0
1994-03-04,17.8441,18.07,17.7877,17.9006,8.93621,273160,0,0
1994-03-07,18.6912,18.917,18.4088,18.6912,9.33088,668954,0,0
1994-03-08,18.8606,18.917,18.5217,18.5782,9.27449,175097,0,0
1994-03-09,18.5217,18.5217,18.07,18.3523,9.16173,450913,0,0
1994-03-10,18.2959,18.8606,18.1265,18.6347,9.30268,549640,0,0
1994-03-11,18.5217,18.6912,18.0135,18.6912,9.33088,789596,0,0
1994-03-14,18.8041,19.3688,18.6912,19.0864,9.5282,876591,0,0
1994-03-15,18.9735,19.1429,18.7476,18.917,9.44363,520421,0,0
1994-03-16,19.03,19.7641,18.9735,19.7641,9.86648,1764250,0,0
1994-03-17,19.5947,20.4417,19.4817,20.2158,10.092,2280022,0,0
1994-03-18,20.1029,20.3852,19.4252,19.7641,9.86648,1802103,0,0
1994-03-21,19.877,19.9899,19.6511,19.7076,9.83828,1085113,0,0
1994-03-22,19.7076,19.9335,19.5382,19.7641,9.86648,644604,0,0
1994-03-23,19.8205,19.9335,19.5382,19.9335,9.95105,939236,0,0
1994-03-24,19.7076,20.724,19.6511,20.4982,10.2329,2017266,0,0
1994-03-25,20.2723,20.2723,19.9335,19.9335,9.95105,509795,0,0
1994-03-28,19.9335,19.9335,18.917,19.3123,9.64095,709463,0,0
1994-03-29,18.9735,18.9735,18.1829,18.4653,9.2181,1177643,0,0
1994-03-30,18.4653,18.7476,18.4088,18.4653,9.2181,632872,0,0
1994-03-31,18.5782,18.5782,17.7877,18.0135,8.99259,578639,0,0
1994-04-04,17.223,17.3924,16.7712,16.9971,8.48517,725401,0,0
1994-04-05,17.5618,17.7312,17.2794,17.5618,8.76707,637742,0,0
1994-04-06,17.4488,17.6182,17.3924,17.4488,8.71069,499391,0,0
1994-04-07,17.3924,17.9571,17.3924,17.9006,8.93621,427227,0,0
1994-04-08,17.7312,17.9571,17.6182,17.8441,8.90802,646597,0,0
1994-04-11,17.9571,17.9571,17.11,17.1665,8.56974,385169,0,0
1994-04-12,17.2794,17.4488,16.8842,17.0536,8.51336,252131,0,0
1994-04-13,17.1665,17.223,16.7147,16.8277,8.4006,224903,0,0
1994-04-14,16.7712,16.9971,16.7712,16.9971,8.48517,607637,0,0
1994-04-15,16.9406,16.9971,16.8842,16.9406,8.45698,477034,0,0
1994-04-18,16.8277,16.8277,16.5453,16.6018,8.28784,352186,0,0
1994-04-19,16.5453,16.9406,16.5453,16.8277,8.4006,456447,0,0
1994-04-20,16.8277,16.8842,16.7147,16.7712,8.37241,460874,0,0
1994-04-21,16.7147,16.7712,16.7147,16.7147,8.34422,57554,0,0
1994-04-22,16.7147,16.7712,16.6583,16.6583,8.31603,176204,0,0
1994-04-25,16.7147,16.8277,16.6583,16.7712,8.37241,132374,0,0
1994-04-26,16.7712,16.7712,16.7147,16.7712,8.37241,67958,0,0
1994-04-28,16.7712,16.8842,16.6018,16.7147,8.34422,120421,0,0
1994-04-29,16.8277,17.2794,16.7712,17.2794,8.62613,164693,0,0
1994-05-02,17.1665,17.1665,16.9971,17.0536,8.51336,125733,0,0
1994-05-03,17.11,17.5053,16.8842,17.5053,8.73888,310127,0,0
1994-05-04,17.3924,17.5053,17.3924,17.4488,8.71069,415717,0,0
1994-05-05,17.4488,17.4488,17.223,17.2794,8.62613,112230,0,0
1994-05-06,17.1665,17.1665,16.8842,16.8842,8.42879,46043,0,0
1994-05-09,16.8277,16.8277,16.3759,16.5453,8.25965,133924,0,0
1994-05-10,16.5453,16.5453,16.3759,16.4324,8.20327,154510,0,0
1994-05-11,16.3759,16.4889,16.3759,16.3759,8.17508,133924,0,0
1994-05-12,16.263,16.3759,16.2065,16.3195,8.14689,93857,0,0
1994-05-13,16.3195,16.3195,15.5854,15.6983,7.8368,259214,0,0
1994-05-16,15.8112,15.9807,15.8112,15.9242,7.94956,142114,0,0
1994-05-17,15.8677,16.3195,15.8677,16.263,8.1187,115108,0,0
1994-05-18,16.2065,16.8277,16.1501,16.7712,8.37241,311013,0,0
1994-05-19,16.8277,16.8277,16.4889,16.6018,8.28784,128390,0,0
1994-05-20,16.3759,16.4324,16.1501,16.2065,8.09051,211621,0,0
1994-05-23,16.0371,16.1501,16.0371,16.1501,8.15323,54676,0.1807,0
1994-05-24,16.0371,16.0371,15.8112,15.9242,8.0392,421693,0,0
1994-05-25,15.9242,16.263,15.9242,16.263,8.21025,157609,0,0
1994-05-26,16.3759,16.3759,15.9807,16.0371,8.09621,112230,0,0
1994-05-27,16.0371,16.3195,15.9242,16.1501,8.15323,96071,0,0
1994-05-31,16.0936,16.1501,15.9807,15.9807,8.06771,52241,0,0
1994-06-01,15.9807,15.9807,15.8677,15.9242,8.0392,72164,0,0
1994-06-02,16.0371,16.1501,15.9807,16.0936,8.12472,212728,0,0
1994-06-03,16.0936,16.2065,16.0371,16.1501,8.15323,200332,0,0
1994-06-06,16.2065,16.5453,16.2065,16.4324,8.29576,379635,0,0
1994-06-07,16.263,16.4324,16.263,16.3759,8.26726,79247,0,0
1994-06-08,16.4324,16.7147,16.4324,16.6583,8.4098,143664,0,0
1994-06-09,16.8277,16.8842,16.7712,16.8277,8.49532,171334,0,0
1994-06-10,16.8277,17.2794,16.7712,17.2794,8.72339,456226,0,0
1994-06-13,17.223,17.3924,17.1665,17.2794,8.72339,113558,0,0
1994-06-14,17.2794,17.7312,17.223,17.6182,8.89443,160930,0,0
1994-06-15,17.7312,17.8441,17.5053,17.6182,8.89443,231544,0,0
1994-06-16,17.5053,17.7312,17.5053,17.7312,8.95145,193470,0,0
1994-06-17,17.6747,17.6747,17.5618,17.6747,8.92294,600111,0,0
1994-06-20,17.6182,17.7877,17.4488,17.4488,8.80891,404649,0,0
1994-06-21,17.3924,17.4488,17.223,17.4488,8.80891,167571,0,0
1994-06-22,17.4488,17.5053,17.4488,17.5053,8.83742,225125,0,0
1994-06-23,17.5053,17.5053,17.3924,17.3924,8.7804,57775,0,0
1994-06-24,17.4488,17.4488,16.9971,16.9971,8.58085,89651,0,0
1994-06-27,16.9971,17.0536,16.6583,16.9971,8.58085,319867,0,0
1994-06-28,16.8842,16.8842,16.3759,16.6018,8.38129,514222,0,0
1994-06-29,16.5453,16.6583,16.4889,16.5453,8.35278,497620,0,0
1994-06-30,16.6018,16.7712,16.5453,16.7712,8.46682,94964,0,0
1994-07-01,16.7712,16.8277,16.6583,16.7712,8.46682,114444,0,0
1994-07-05,16.7712,16.9971,16.7147,16.9406,8.55234,52020,0,0
1994-07-06,16.8842,17.11,16.8277,16.8842,8.52383,122191,0,0
1994-07-07,16.9406,16.9406,16.6583,16.8277,8.49532,133260,0,0
1994-07-08,16.7147,16.7147,16.5453,16.5453,8.35278,80354,0,0
1994-07-11,16.1501,16.4324,16.1501,16.4324,8.29576,181295,0,0
1994-07-12,16.3759,16.3759,16.1501,16.1501,8.15323,266298,0,0
1994-07-13,16.4889,16.8842,16.4889,16.8277,8.49532,418152,0,0
1994-07-14,16.8277,17.3924,16.8277,17.3924,8.7804,392252,0,0
1994-07-15,17.4488,17.4488,17.3359,17.3924,8.7804,412839,0,0
1994-07-18,17.6182,18.07,17.6182,18.07,9.12249,534366,0,0
1994-07-19,18.07,18.5217,18.07,18.4088,9.29354,892529,0,0
1994-07-20,18.4088,18.4088,18.2959,18.3523,9.26504,115993,0,0
1994-07-21,18.3523,18.6912,18.3523,18.6912,9.43608,375429,0,0
1994-07-22,18.6912,18.6912,18.5782,18.5782,9.37907,133038,0,0
1994-07-25,18.4653,19.1429,18.4088,19.1429,9.66414,246375,0,0
1994-07-26,19.03,19.0864,18.6912,18.6912,9.43608,222690,0,0
1994-07-27,18.6912,18.8606,18.5217,18.5217,9.35056,181738,0,0
1994-07-28,18.6347,18.6347,18.5217,18.5217,9.35056,246597,0,0
1994-07-29,18.5782,18.9735,18.5782,18.9735,9.57861,269397,0,0
1994-08-01,18.8041,19.1429,18.8041,19.1429,9.66414,187272,0,0
1994-08-02,19.1429,19.4252,19.1429,19.3688,9.77817,324294,0,0
1994-08-03,19.3123,19.3688,19.1429,19.3123,9.74966,162701,0,0
1994-08-04,19.4252,20.1029,19.3123,20.0464,10.1203,468179,0,0
1994-08-05,19.877,20.0464,19.7641,20.0464,10.1203,201882,0,0
1994-08-08,19.9335,20.0464,19.877,19.9899,10.0918,172441,0,0
1994-08-09,19.9335,19.9899,19.877,19.9899,10.0918,139679,0,0
1994-08-10,19.9899,20.0464,19.9335,20.0464,10.1203,324958,0,0
1994-08-11,20.0464,20.0464,19.877,19.9335,10.0633,276038,0,0
1994-08-12,19.8205,19.8205,19.5382,19.5382,9.86369,277366,0,0
1994-08-15,19.5382,19.5947,19.5382,19.5947,9.8922,242391,0,0
1994-08-16,19.7076,19.7076,19.5382,19.5382,9.86369,263641,0,0
1994-08-17,19.5947,19.5947,19.5382,19.5382,9.86369,160930,0,0
1994-08-18,19.4252,19.4817,19.3688,19.4817,9.83519,93636,0,0
1994-08-19,19.4817,19.4817,19.4252,19.4252,9.80668,153625,0,0
1994-08-22,19.2558,19.2558,19.03,19.0864,9.63563,288655,0,0
1994-08-23,18.917,19.4817,18.8606,19.3123,9.84285,248589,0.1807,0
1994-08-24,19.4817,19.6511,19.4817,19.5382,9.95797,199447,0,0
1994-08-25,19.6511,19.7076,19.5947,19.5947,9.98675,243498,0,0
1994-08-26,19.6511,19.6511,19.0864,19.1429,9.75651,436082,0,0
1994-08-29,19.3688,19.3688,19.1429,19.2558,9.81408,67515,0,0
1994-08-30,19.5382,20.1593,19.5382,19.877,10.1307,534366,0,0
1994-08-31,19.877,20.3852,19.877,20.3288,10.3609,832983,0,0
1994-09-01,20.1029,20.3288,19.9899,19.9899,10.1882,304151,0,0
1994-09-02,20.1029,20.1029,19.9335,19.9899,10.1882,62203,0,0
1994-09-06,19.877,20.1029,19.8205,19.9335,10.1594,129718,0,0
1994-09-07,19.877,20.0464,19.8205,19.9899,10.1882,207194,0,0
1994-09-08,19.9899,20.2158,19.9899,20.1029,10.2458,65966,0,0
1994-09-09,20.1029,20.1029,19.877,19.877,10.1307,50470,0,0
1994-09-12,19.877,20.0464,19.8205,19.877,10.1307,142114,0,0
1994-09-13,19.877,19.877,19.7076,19.7641,10.0731,197233,0,0
1994-09-14,19.8205,19.9335,19.7641,19.9335,10.1594,221140,0,0
1994-09-15,19.877,19.9899,19.8205,19.9899,10.1882,191256,0,0
1994-09-16,19.9335,20.1593,19.877,20.0464,10.217,358384,0,0
1994-09-19,20.1029,20.1593,20.1029,20.1029,10.2458,112894,0,0
1994-09-20,20.1029,20.3852,19.9899,20.2723,10.3321,503154,0,0
1994-09-21,20.1593,20.4417,20.1593,20.4417,10.4185,224903,0,0
1994-09-22,20.3288,20.4982,20.3288,20.3852,10.3897,205202,0,0
1994-09-23,20.4417,20.4982,20.3288,20.3288,10.3609,351965,0,0
1994-09-26,20.3852,20.4417,20.3288,20.3288,10.3609,117543,0,0
1994-09-27,20.2723,20.3288,20.2158,20.2723,10.3321,175761,0,0
1994-09-28,20.2723,20.3852,20.2158,20.2158,10.3033,189485,0,0
1994-09-29,20.2723,20.2723,20.2158,20.2723,10.3321,123741,0,0
1994-09-30,20.3288,20.4417,20.2158,20.4417,10.4185,119314,0,0
1994-10-03,20.3852,20.3852,20.2158,20.3288,10.3609,121970,0,0
1994-10-04,20.3852,20.724,20.3852,20.6676,10.5336,183951,0,0
1994-10-05,20.6676,20.724,20.4417,20.724,10.5624,222468,0,0
1994-10-06,20.6676,20.6676,20.5546,20.5546,10.476,139458,0,0
1994-10-07,20.5546,20.837,20.4417,20.837,10.6199,153403,0,0
1994-10-10,20.837,21.1758,20.837,21.1758,10.7926,88766,0,0
1994-10-11,21.0628,21.4017,21.0628,21.1193,10.7638,164029,0,0
1994-10-12,21.1193,21.1193,20.837,21.0064,10.7063,382070,0,0
1994-10-13,21.0064,21.0628,20.7805,20.837,10.6199,94964,0,0
1994-10-14,20.837,21.0064,20.6111,20.9499,10.6775,210072,0,0
1994-10-17,20.8934,21.0628,20.7805,21.0628,10.735,53127,0,0
1994-10-18,21.0628,21.0628,20.7805,20.7805,10.5911,332042,0,0
1994-10-19,20.724,20.8934,20.5546,20.6676,10.5336,495407,0,0
1994-10-20,20.6111,20.6676,20.4982,20.5546,10.476,272717,0,0
1994-10-21,20.4982,20.4982,20.3852,20.3852,10.3897,108688,0,0
1994-10-24,20.2723,20.4982,20.2723,20.3852,10.3897,422800,0,0
1994-10-25,20.3852,20.4417,20.2158,20.2158,10.3033,130603,0,0
1994-10-26,20.2158,20.2158,19.7076,19.8205,10.1019,217598,0,0
1994-10-27,19.877,19.877,19.7076,19.877,10.1307,129718,0,0
1994-10-28,19.877,20.1029,19.7641,20.0464,10.217,226010,0,0
1994-10-31,19.9335,20.0464,19.8205,19.8205,10.1019,290869,0,0
1994-11-01,19.6511,19.7641,19.5947,19.7076,10.0443,162701,0,0
1994-11-02,19.7076,19.8205,19.7076,19.8205,10.1019,72385,0,0
1994-11-03,19.7641,19.8205,19.7641,19.8205,10.1019,68622,0,0
1994-11-04,19.4252,19.7641,19.0864,19.7076,10.0443,620476,0,0
1994-11-07,19.6511,19.7641,19.5947,19.7076,10.0443,440509,0,0
1994-11-08,19.7076,19.7076,19.4817,19.5382,9.95797,412618,0,0
1994-11-09,20.2158,20.2723,19.9335,20.1029,10.2458,648810,0,0
1994-11-10,20.0464,20.4982,19.877,20.3288,10.3609,659657,0,0
1994-11-11,20.2158,20.2158,19.8205,19.9899,10.1882,141007,0,0
1994-11-14,20.1029,20.3288,20.0464,20.2158,10.3033,142999,0,0
1994-11-15,20.2723,20.2723,20.0464,20.1029,10.2458,49585,0,0
1994-11-16,20.0464,20.3852,20.0464,20.3288,10.3609,185058,0,0
1994-11-17,20.2723,20.2723,20.1593,20.2158,10.3033,176868,0,0
1994-11-18,19.9899,20.0464,19.5382,19.5947,9.98675,271832,0,0
1994-11-21,19.4252,19.4817,19.1994,19.2558,9.90542,137244,0.1807,0
1994-11-22,19.1994,19.2558,19.03,19.03,9.78922,70614,0,0
1994-11-23,18.917,18.917,18.3523,18.5217,9.52779,121085,0,0
1994-11-25,18.4088,18.5217,18.4088,18.5217,9.52779,30327,0,0
1994-11-28,18.4653,18.4653,18.2394,18.2959,9.4116,244162,0,0
1994-11-29,18.2959,18.4088,18.1829,18.4088,9.4697,290426,0,0
1994-11-30,18.5217,18.5217,18.3523,18.3523,9.44065,268954,0,0
1994-12-01,18.4653,18.4653,18.3523,18.4088,9.4697,258329,0,0
1994-12-02,18.3523,18.4088,18.2394,18.4088,9.4697,305257,0,0
1994-12-05,18.5217,18.917,18.5217,18.8041,9.67303,139458,0,0
1994-12-06,18.7476,19.03,18.7476,18.9735,9.76018,635307,0,0
1994-12-07,18.7476,18.8041,18.7476,18.8041,9.67303,173769,0,0
1994-12-08,18.8041,18.9735,18.2959,18.3523,9.44065,97842,0,0
1994-12-09,18.3523,18.5217,18.3523,18.4653,9.49874,73049,0,0
1994-12-12,18.4088,18.5217,18.2959,18.4653,9.49874,268733,0,0
1994-12-13,18.5217,18.6912,18.5217,18.6347,9.58589,158273,0,0
1994-12-14,18.5217,18.7476,18.5217,18.6912,9.61494,300166,0,0
1994-12-15,18.5782,18.917,18.5782,18.917,9.73113,129275,0,0
1994-12-16,19.3688,19.3688,19.2558,19.2558,9.90542,385390,0,0
1994-12-19,19.2558,19.3688,19.1994,19.2558,9.90542,179967,0,0
1994-12-20,19.1994,19.4252,19.1994,19.4252,9.99256,390260,0,0
1994-12-21,19.3123,19.4252,19.3123,19.3688,9.96351,155838,0,0
1994-12-22,19.3688,19.3688,19.03,19.03,9.78922,125955,0,0
1994-12-23,19.0864,19.1429,19.03,19.03,9.78922,188157,0,0
1994-12-27,19.0864,19.2558,19.0864,19.2558,9.90542,137687,0,0
1994-12-28,19.2558,19.3123,19.2558,19.3123,9.93446,46929,0,0
1994-12-29,19.3123,19.3688,19.1994,19.3688,9.96351,67958,0,0
1994-12-30,19.3123,19.3123,18.9735,18.9735,9.76018,66851,0,0
1995-01-03,18.9735,19.03,18.917,19.03,9.78922,95407,0,0
1995-01-04,19.03,19.2558,19.03,19.1994,9.87637,326287,0,0
1995-01-05,19.1994,19.3123,19.1429,19.2558,9.90542,29441,0,0
1995-01-06,19.2558,19.3123,19.2558,19.2558,9.90542,49806,0,0
1995-01-09,19.1994,19.3688,19.1994,19.3688,9.96351,94079,0,0
1995-01-10,19.3123,19.3123,19.0864,19.0864,9.81827,410847,0,0
1995-01-11,18.8606,18.8606,18.5217,18.6347,9.58589,176868,0,0
1995-01-12,18.6347,18.8606,18.6347,18.8606,9.70208,260985,0,0
1995-01-13,18.4088,18.6347,18.4088,18.5217,9.52779,556502,0,0
1995-01-16,18.6347,18.6347,18.4653,18.5782,9.55684,157831,0,0
1995-01-17,18.4653,18.4653,18.2394,18.4088,9.4697,203652,0,0
1995-01-18,18.3523,18.4088,18.1829,18.2959,9.4116,220476,0,0
1995-01-19,18.2959,18.3523,18.2959,18.2959,9.4116,115329,0,0
1995-01-20,18.2959,18.3523,18.2394,18.2394,9.38255,525733,0,0
1995-01-23,18.1265,18.2394,17.9571,18.1829,9.3535,362811,0,0
1995-01-24,18.1265,18.2959,18.1265,18.2394,9.38255,205423,0,0
1995-01-25,18.3523,18.4653,18.2394,18.4653,9.49874,261649,0,0
1995-01-26,18.4653,18.5782,18.4088,18.5217,9.52779,388489,0,0
1995-01-27,18.5217,18.6912,18.5217,18.5782,9.55684,163365,0,0
1995-01-30,18.5217,18.5217,18.2959,18.3523,9.44065,137908,0,0
1995-01-31,18.4088,18.5217,18.07,18.2394,9.38255,172441,0,0
1995-02-01,18.2394,18.4653,18.2394,18.4653,9.49874,90094,0,0
1995-02-02,18.3523,18.7476,18.3523,18.7476,9.64399,97178,0,0
1995-02-03,18.7476,19.1994,18.7476,19.1429,9.84732,212950,0,0
1995-02-06,19.03,19.0864,18.8606,18.8606,9.70208,99834,0,0
1995-02-07,18.917,18.9735,18.8606,18.917,9.73113,193027,0,0
1995-02-08,18.9735,19.0864,18.917,18.917,9.73113,183066,0,0
1995-02-09,18.917,19.03,18.917,18.917,9.73113,116879,0,0
1995-02-10,18.9735,19.03,18.9735,18.9735,9.76018,108910,0,0
1995-02-13,18.8606,18.9735,18.8606,18.9735,9.76018,22579,0,0
1995-02-14,18.8606,18.917,18.6912,18.7476,9.64399,152961,0,0
1995-02-15,18.6347,19.6511,18.4653,19.3688,9.96351,676480,0,0
1995-02-16,19.4252,19.4817,19.0864,19.4817,10.0216,480797,0,0
1995-02-17,19.6511,19.7641,19.3688,19.4252,9.99256,635086,0,0
1995-02-21,19.1994,19.4817,19.1429,19.3688,10.0571,310791,0.1807,0
1995-02-22,19.3688,19.877,19.3123,19.8205,10.2916,275816,0,0
1995-02-23,19.9335,19.9335,19.6511,19.7076,10.233,731378,0,0
1995-02-24,19.8205,19.9335,19.7641,19.877,10.321,332485,0,0
1995-02-27,19.7641,19.877,19.6511,19.8205,10.2916,444051,0,0
1995-02-28,19.877,20.0464,19.8205,20.0464,10.4089,150747,0,0
1995-03-01,20.1593,20.7805,20.1029,20.6676,10.7315,591035,0,0
1995-03-02,20.5546,21.0628,20.4417,20.9499,10.8781,245932,0,0
1995-03-03,20.837,20.837,20.6111,20.7805,10.7901,350194,0,0
1995-03-06,20.7805,20.7805,20.4982,20.7805,10.7901,284892,0,0
1995-03-07,20.724,20.724,20.4982,20.5546,10.6728,364361,0,0
1995-03-08,20.6111,20.724,20.4982,20.6676,10.7315,217820,0,0
1995-03-09,20.724,21.2323,20.724,21.0064,10.9074,767239,0,0
1995-03-10,21.1193,21.7969,21.0064,21.5146,11.1713,568235,0,0
1995-03-13,21.4581,21.7969,21.4017,21.7969,11.3179,585722,0,0
1995-03-14,21.7969,21.8534,21.6275,21.7405,11.2885,264748,0,0
1995-03-15,21.7405,21.7405,21.3452,21.5146,11.1713,57775,0,0
1995-03-16,21.5146,21.5711,21.4017,21.4581,11.1419,111123,0,0
1995-03-17,21.4581,21.5711,21.3452,21.4581,11.1419,225567,0,0
1995-03-20,21.3452,21.5711,21.3452,21.5711,11.2006,146320,0,0
1995-03-21,21.5146,21.7405,21.5146,21.7405,11.2885,351743,0,0
1995-03-22,21.684,21.7405,21.4581,21.4581,11.1419,475927,0,0
1995-03-23,21.4581,21.6275,21.4017,21.6275,11.2299,313005,0,0
1995-03-24,21.5711,21.684,21.5146,21.6275,11.2299,297067,0,0
1995-03-27,21.684,21.684,21.4581,21.5146,11.1713,346209,0,0
1995-03-28,21.5711,21.6558,21.5146,21.5711,11.2006,461760,0,0
1995-03-29,21.5711,21.8534,21.5146,21.7969,11.3179,462203,0,0
1995-03-30,21.8534,22.4746,21.7969,22.4746,11.6697,336691,0,0
1995-03-31,22.4181,22.4181,21.7969,22.0793,11.4645,236635,0,0
1995-04-03,22.1922,22.7569,22.1922,22.531,11.699,472385,0,0
1995-04-04,22.531,22.531,22.3052,22.4181,11.6404,158716,0,0
1995-04-05,22.3052,22.5875,22.3052,22.5875,11.7284,203210,0,0
1995-04-06,22.8134,22.9263,22.644,22.7569,11.8163,566685,0,0
1995-04-07,22.7569,22.7569,22.4181,22.5875,11.7284,144992,0,0
1995-04-10,22.4746,22.531,22.4181,22.531,11.699,138129,0,0
1995-04-11,22.531,22.5875,22.4746,22.4746,11.6697,73713,0,0
1995-04-12,22.4746,22.7004,22.4181,22.7004,11.787,199668,0,0
1995-04-13,22.7004,22.8134,22.7004,22.8134,11.8456,98506,0,0
1995-04-17,22.9263,23.2087,22.9263,23.0957,11.9922,323409,0,0
1995-04-18,23.0957,23.0957,22.531,22.531,11.699,357056,0,0
1995-04-19,22.531,23.0957,22.4746,23.0957,11.9922,202546,0,0
1995-04-20,23.0392,23.0392,22.7004,22.9263,11.9043,102490,0,0
1995-04-21,22.9828,22.9828,22.531,22.531,11.699,686220,0,0
1995-04-24,22.644,22.9828,22.5875,22.8698,11.875,204538,0,0
1995-04-25,22.8698,22.8698,22.4181,22.4181,11.6404,168899,0,0
1995-04-26,22.531,22.7004,22.531,22.5875,11.7284,209629,0,0
1995-04-27,22.5875,22.5875,22.0793,22.3616,11.6111,471057,0,0
1995-04-28,22.3616,22.4746,22.2487,22.4181,11.6404,353071,0,0
1995-05-01,22.4746,22.531,22.3052,22.4181,11.6404,183730,0,0
1995-05-02,22.3616,22.5875,22.3052,22.4181,11.6404,692640,0,0
1995-05-03,22.1358,22.7004,22.0793,22.5875,11.7284,410847,0,0
1995-05-04,22.644,22.8134,22.531,22.531,11.699,519092,0,0
1995-05-05,22.531,22.531,22.0793,22.0793,11.4645,541450,0,0
1995-05-08,21.7969,21.9099,21.7969,21.8534,11.3472,235529,0,0
1995-05-09,21.9663,22.0228,21.7969,21.8534,11.3472,232208,0,0
1995-05-10,21.9663,21.9663,21.3452,21.5711,11.2006,141007,0,0
1995-05-11,21.5711,21.7969,21.2323,21.7405,11.2885,239292,0,0
1995-05-12,21.684,22.3052,21.684,22.3052,11.5818,189264,0,0
1995-05-15,22.3052,22.4746,22.3052,22.4746,11.6697,336027,0,0
1995-05-16,22.3616,22.7004,22.3052,22.644,11.7577,296624,0,0
1995-05-17,22.5875,22.7569,22.5875,22.7004,11.787,140564,0,0
1995-05-18,22.7004,22.7004,22.4746,22.531,11.699,146099,0,0
1995-05-19,22.3616,22.4181,22.1922,22.3616,11.6111,432761,0,0
1995-05-22,22.3616,23.2651,22.3616,23.1522,12.0216,392031,0,0
1995-05-23,22.9263,22.9263,22.7004,22.9263,11.9979,188379,0.1807,0
1995-05-24,22.9263,23.4345,22.9263,23.2087,12.1457,257665,0,0
1995-05-25,23.2087,23.3781,23.1522,23.3216,12.2048,223132,0,0
1995-05-26,23.3216,23.3216,23.2651,23.2651,12.1752,146320,0,0
1995-05-30,23.3216,23.4345,23.2651,23.4345,12.2639,154068,0,0
1995-05-31,23.3781,23.6604,23.3781,23.6604,12.3821,226895,0,0
1995-06-01,23.5475,23.6604,23.4345,23.6604,12.3821,158937,0,0
1995-06-02,23.5475,23.6039,23.3781,23.5475,12.323,202103,0,0
1995-06-05,23.6604,23.7169,23.5192,23.6039,12.3525,219369,0,0
1995-06-06,23.6039,24.0557,23.491,24.0557,12.589,164914,0,0
1995-06-07,23.9992,23.9992,23.7733,23.8298,12.4708,147205,0,0
1995-06-08,23.491,23.5475,22.9263,23.5475,12.323,207858,0,0
1995-06-09,23.491,23.5475,23.2651,23.2651,12.1752,171334,0,0
1995-06-12,23.2651,23.7169,23.2651,23.6604,12.3821,267847,0,0
1995-06-13,24.0557,24.0557,23.8298,23.8863,12.5003,305700,0,0
1995-06-14,23.9428,23.9428,23.6039,23.7733,12.4412,262092,0,0
1995-06-15,23.7169,23.9428,23.6604,23.7169,12.4116,305921,0,0
1995-06-16,23.8863,23.8863,23.7733,23.8863,12.5003,291976,0,0
1995-06-19,23.7733,24.1122,23.7733,24.1122,12.6185,218484,0,0
1995-06-20,23.9992,24.2251,23.9992,24.2251,12.6776,264748,0,0
1995-06-21,24.1686,24.2816,24.1122,24.2251,12.6776,304372,0,0
1995-06-22,24.1122,24.3945,24.1122,24.3945,12.7663,351079,0,0
1995-06-23,24.3945,24.3945,23.9992,24.0557,12.589,112673,0,0
1995-06-26,23.9992,23.9992,23.6039,23.6039,12.3525,145213,0,0
1995-06-27,23.7169,23.7169,23.3781,23.4345,12.2639,173990,0,0
1995-06-28,23.4345,23.5475,23.3216,23.3781,12.2343,106475,0,0
1995-06-29,23.3216,23.3216,23.1522,23.2651,12.1752,201882,0,0
1995-06-30,23.2651,23.5475,23.1522,23.5475,12.323,338904,0,0
1995-07-03,23.491,23.5475,23.4345,23.491,12.2934,163365,0,0
1995-07-05,23.7169,23.9428,23.7169,23.8298,12.4708,259436,0,0
1995-07-06,23.7733,24.2816,23.7733,24.2816,12.7072,176204,0,0
1995-07-07,24.2251,24.5074,24.1686,24.5074,12.8254,183287,0,0
1995-07-10,24.8463,24.8463,24.3945,24.5074,12.8254,240177,0,0
1995-07-11,24.5074,24.6204,24.3945,24.5639,12.8549,207637,0,0
1995-07-12,24.5074,24.9592,24.5074,24.8463,13.0027,163365,0,0
1995-07-13,24.7898,24.9592,24.7333,24.9592,13.0618,202546,0,0
1995-07-14,24.8463,24.9027,24.5639,24.6768,12.914,128168,0,0
1995-07-17,24.5639,24.9027,24.3945,24.9027,13.0322,226010,0,0
1995-07-18,24.8463,24.9027,24.5639,24.7898,12.9731,187936,0,0
1995-07-19,24.7898,24.7898,24.5074,24.5639,12.8549,127947,0,0
1995-07-20,24.5074,25.4109,24.451,25.3545,13.2686,478583,0,0
1995-07-21,25.1286,25.4674,25.0721,25.3545,13.2686,535695,0,0
1995-07-24,25.3545,25.4109,25.1851,25.298,13.2391,420365,0,0
1995-07-25,25.1851,25.6368,25.1851,25.6368,13.4164,503597,0,0
1995-07-26,25.6368,25.8627,25.6368,25.8627,13.5346,318539,0,0
1995-07-27,25.8627,26.0886,25.6933,25.8627,13.5346,469065,0,0
1995-07-28,25.8627,26.0886,25.6933,26.0886,13.6528,171555,0,0
1995-07-31,26.0886,26.0886,25.6933,25.7497,13.4755,153625,0,0
1995-08-01,25.7497,25.8062,25.5239,25.8062,13.5051,174654,0,0
1995-08-02,25.7497,25.9192,25.6368,25.7497,13.4755,371887,0,0
1995-08-03,25.6933,25.7497,25.4109,25.5803,13.3869,194134,0,0
1995-08-04,25.5803,25.7497,25.5803,25.6933,13.446,154510,0,0
1995-08-07,25.6933,25.8627,25.6933,25.8062,13.5051,274931,0,0
1995-08-08,25.8062,26.9356,25.8062,26.8791,14.0665,467958,0,0
1995-08-09,26.8227,26.8791,26.258,26.4838,13.8597,297952,0,0
1995-08-10,26.4274,26.6532,26.3709,26.4274,13.8301,178639,0,0
1995-08-11,26.4274,26.4274,26.0321,26.0321,13.6233,135252,0,0
1995-08-14,25.9192,26.258,25.9192,26.258,13.7415,248810,0,0
1995-08-15,26.3709,26.4274,26.258,26.3709,13.8006,272274,0,0
1995-08-16,26.4838,26.4838,26.258,26.3709,13.8006,219812,0,0
1995-08-17,26.3144,26.5968,26.3144,26.5403,13.8892,388489,0,0
1995-08-18,26.5403,26.5968,26.4838,26.5403,13.8892,187050,0,0
1995-08-21,26.5403,26.7097,26.5403,26.7097,13.9779,311234,0,0
1995-08-22,26.6532,26.9921,26.5403,26.9356,14.0961,396680,0,0
1995-08-23,26.9921,27.2744,26.9356,27.1615,14.2143,732042,0,0
1995-08-24,27.0485,27.2179,26.9356,27.105,14.2797,426785,0.1807,0
1995-08-25,27.0485,27.4438,27.0485,27.3873,14.4285,174433,0,0
1995-08-28,27.4438,27.6132,27.4438,27.5003,14.488,152518,0,0
1995-08-29,27.5003,27.7262,27.5003,27.5567,14.5177,638849,0,0
1995-08-30,27.6132,27.6697,27.3873,27.4438,14.4582,188600,0,0
1995-08-31,27.3873,27.5567,27.3873,27.5003,14.488,176646,0,0
1995-09-01,27.5567,27.6697,27.3309,27.6132,14.5475,385612,0,0
1995-09-05,27.6697,27.8391,27.5567,27.8391,14.6665,256779,0,0
1995-09-06,27.8956,28.2908,27.7826,28.2344,14.8747,426342,0,0
1995-09-07,28.065,28.1214,27.7262,27.7262,14.607,383841,0,0
1995-09-08,27.6132,27.7826,27.4438,27.7262,14.607,425678,0,0
1995-09-11,27.8391,28.1214,27.7826,27.8956,14.6962,573769,0,0
1995-09-12,27.952,28.0085,27.8391,28.0085,14.7557,144328,0,0
1995-09-13,28.0085,28.1214,27.8956,28.065,14.7855,94521,0,0
1995-09-14,28.065,28.1214,27.8956,28.0085,14.7557,174211,0,0
1995-09-15,28.1214,28.1214,27.8391,27.8391,14.6665,364582,0,0
1995-09-18,27.952,28.1214,27.952,28.1214,14.8152,299059,0,0
1995-09-19,28.0085,28.2344,28.0085,28.1779,14.845,164471,0,0
1995-09-20,28.1214,28.1779,28.0085,28.065,14.7855,482125,0,0
1995-09-21,28.1214,28.2344,27.8956,27.8956,14.6962,453791,0,0
1995-09-22,27.7262,27.7826,27.3873,27.4438,14.4582,280465,0,0
1995-09-25,27.3873,27.4438,27.2744,27.2744,14.369,276923,0,0
1995-09-26,27.3309,27.3309,27.105,27.2179,14.3392,208522,0,0
1995-09-27,27.1615,27.3309,27.105,27.2744,14.369,351522,0,0
1995-09-28,27.3309,27.3309,27.0485,27.105,14.2797,295960,0,0
1995-09-29,27.105,27.5003,27.105,27.5003,14.488,380742,0,0
1995-10-02,27.4438,27.4438,27.2744,27.4438,14.4582,287327,0,0
1995-10-03,27.4438,27.4438,27.0485,27.2744,14.369,573547,0,0
1995-10-04,27.1615,27.2744,26.9921,27.0485,14.25,690647,0,0
1995-10-05,27.105,27.2179,27.0485,27.105,14.2797,115329,0,0
1995-10-06,27.105,27.105,26.9921,27.0485,14.25,94964,0,0
1995-10-09,26.9921,27.0485,26.5968,26.7097,14.0715,257222,0,0
1995-10-10,26.5403,26.8791,26.5403,26.8227,14.131,237078,0,0
1995-10-11,26.7662,26.8227,26.5968,26.7662,14.1012,326951,0,0
1995-10-12,26.7662,26.8791,26.7097,26.7662,14.1012,84560,0,0
1995-10-13,26.7662,26.9921,26.7662,26.9356,14.1905,255230,0,0
1995-10-16,26.9921,26.9921,26.8791,26.8791,14.1607,28777,0,0
1995-10-17,26.8791,27.0485,26.8791,27.0485,14.25,78362,0,0
1995-10-18,26.9921,27.2744,26.9356,26.9921,14.2202,576868,0,0
1995-10-19,27.0485,27.0485,26.5968,26.7662,14.1012,259436,0,0
1995-10-20,26.7662,26.9356,26.7662,26.8791,14.1607,180188,0,0
1995-10-23,26.7662,26.8227,26.5403,26.5403,13.9822,74599,0,0
1995-10-24,26.5968,26.5968,26.145,26.2015,13.8037,123298,0,0
1995-10-25,26.2015,26.3709,25.298,25.298,13.3278,291090,0,0
1995-10-26,25.4109,25.9192,25.4109,25.6368,13.5063,338240,0,0
1995-10-27,25.5239,25.7497,25.5239,25.6933,13.536,175982,0,0
1995-10-30,25.6933,26.0886,25.6368,25.9192,13.655,68401,0,0
1995-10-31,25.9756,26.145,25.7497,25.8627,13.6253,105147,0,0
1995-11-01,25.8062,25.8062,25.4674,25.6933,13.536,86110,0,0
1995-11-02,25.6933,26.0321,25.6368,26.0321,13.7145,116657,0,0
1995-11-03,26.0321,26.2015,26.0321,26.2015,13.8037,154953,0,0
1995-11-06,26.2015,26.6532,26.2015,26.5403,13.9822,139458,0,0
1995-11-07,26.5403,26.5968,26.258,26.3144,13.8633,128611,0,0
1995-11-08,26.3144,26.3144,26.0321,26.2015,13.8037,102933,0,0
1995-11-09,26.2015,26.2015,26.0886,26.145,13.774,62867,0,0
1995-11-10,26.0321,26.0321,25.8062,25.8627,13.6253,133702,0,0
1995-11-13,25.8627,25.8627,25.7497,25.7497,13.5658,62645,0,0
1995-11-14,25.7497,25.7497,25.6368,25.6368,13.5063,179081,0,0
1995-11-15,25.6368,25.7497,25.5803,25.7497,13.5658,156945,0,0
1995-11-16,25.6933,26.4274,25.6933,26.4274,13.9228,285999,0,0
1995-11-17,26.5968,27.0485,26.5968,26.9356,14.1905,480133,0,0
1995-11-20,26.9356,27.1615,26.9356,27.1615,14.3095,517543,0,0
1995-11-21,27.105,27.3309,27.105,27.3309,14.3987,291533,0,0
1995-11-22,27.105,27.105,26.7662,26.9921,14.3149,265855,0.1807,0
1995-11-24,26.9921,27.0485,26.9356,27.0485,14.3448,23022,0,0
1995-11-27,27.105,27.5003,27.0485,27.5003,14.5844,99613,0,0
1995-11-28,27.4438,27.5003,27.1615,27.3309,14.4946,115993,0,0
1995-11-29,27.3873,27.7262,27.3309,27.7262,14.7042,110902,0,0
1995-11-30,27.7262,27.7826,27.6132,27.7826,14.7342,113558,0,0
1995-12-01,27.6697,28.0085,27.6697,28.0085,14.8539,125069,0,0
1995-12-04,28.065,28.1779,27.952,28.1214,14.9138,141671,0,0
1995-12-05,28.065,28.3473,28.065,28.3473,15.0336,92529,0,0
1995-12-06,28.3473,29.0249,28.3473,29.0249,15.393,154732,0,0
1995-12-07,28.9685,28.9685,28.5732,28.6861,15.2133,166906,0,0
1995-12-08,28.7426,28.7991,28.4603,28.5732,15.1534,95849,0,0
1995-12-11,28.6297,28.7991,28.4603,28.4603,15.0935,134809,0,0
1995-12-12,28.4603,28.5167,28.3473,28.5167,15.1235,98949,0,0
1995-12-13,28.5167,28.6861,28.4603,28.5167,15.1235,94743,0,0
1995-12-14,28.4603,28.6297,28.065,28.065,14.8839,146099,0,0
1995-12-15,28.1214,28.1214,27.8956,27.8956,14.794,323409,0,0
1995-12-18,27.8391,27.8391,27.5567,27.6697,14.6743,120642,0,0
1995-12-19,27.6697,27.952,27.6697,27.952,14.824,302601,0,0
1995-12-20,27.952,28.5732,27.952,28.1779,14.9438,298838,0,0
1995-12-21,28.2344,28.4038,28.2344,28.2908,15.0037,236193,0,0
1995-12-22,28.3473,28.4603,28.1779,28.2344,14.9737,118207,0,0
1995-12-26,28.2908,28.3473,28.1779,28.3473,15.0336,49364,0,0
1995-12-27,28.2908,28.4603,28.2908,28.4603,15.0935,152075,0,0
1995-12-28,28.3473,28.7426,28.3473,28.7426,15.2433,67072,0,0
1995-12-29,28.7426,28.912,28.6861,28.912,15.3331,97620,0,0
1996-01-02,28.8555,29.2508,28.8555,29.2508,15.5128,148533,0,0
1996-01-03,29.2508,29.2508,27.952,28.0085,14.8539,1324848,0,0
1996-01-04,26.8791,27.5567,26.7662,27.5567,14.6144,1609961,0,0
1996-01-05,27.5567,27.7826,27.4438,27.5003,14.5844,310349,0,0
1996-01-08,27.6132,27.7262,27.4438,27.4438,14.5545,367017,0,0
1996-01-09,27.5003,27.5567,27.0485,27.105,14.3748,548312,0,0
1996-01-10,26.9921,27.3873,26.7662,26.8791,14.255,571998,0,0
1996-01-11,26.8227,27.0485,26.6532,26.6532,14.1352,325844,0,0
1996-01-12,26.6532,26.7662,26.3709,26.6532,14.1352,267847,0,0
1996-01-15,26.6532,26.9074,26.5968,26.7097,14.1652,166906,0,0
1996-01-16,26.6532,26.7097,26.4274,26.6532,14.1352,404649,0,0
1996-01-17,26.6532,27.2179,26.5403,27.1615,14.4047,940343,0,0
1996-01-18,27.3873,28.065,27.2179,28.0085,14.8539,382070,0,0
1996-01-19,28.0085,28.6297,28.0085,28.4603,15.0935,378528,0,0
1996-01-22,28.5732,28.5732,28.2344,28.3473,15.0336,310349,0,0
1996-01-23,28.3473,28.3473,28.1214,28.1214,14.9138,235971,0,0
1996-01-24,28.065,28.5732,27.952,28.2344,14.9737,193470,0,0
1996-01-25,28.1779,28.3473,28.1779,28.2908,15.0037,454455,0,0
1996-01-26,28.2908,28.3473,28.1779,28.3473,15.0336,343110,0,0
1996-01-29,28.3473,28.7426,28.3473,28.6861,15.2133,156724,0,0
1996-01-30,28.7426,28.7426,28.5732,28.6861,15.2133,164029,0,0
1996-01-31,28.6861,28.9685,28.5732,28.912,15.3331,135695,0,0
1996-02-01,28.9685,29.3073,28.9685,29.3073,15.5427,271168,0,0
1996-02-02,29.2508,29.3073,29.0814,29.1379,15.4529,106253,0,0
1996-02-05,29.1379,30.2673,29.1379,30.2673,16.0518,261206,0,0
1996-02-06,30.2673,30.4367,30.2108,30.3802,16.1117,290647,0,0
1996-02-07,30.4367,30.4367,29.7026,30.0978,15.962,173547,0,0
1996-02-08,30.0414,30.3802,29.872,30.0414,15.932,298838,0,0
1996-02-09,29.872,30.0978,29.7026,29.9284,15.8722,713669,0,0
1996-02-12,29.9849,30.0414,29.872,29.9849,15.9021,490980,0,0
1996-02-13,30.0978,30.2108,29.9849,30.1543,15.9919,340897,0,0
1996-02-14,30.0414,30.0978,29.8155,30.0414,15.932,776093,0,0
1996-02-15,29.9284,30.2108,29.9284,29.9284,15.8722,127947,0,0
1996-02-16,29.9284,29.9284,29.7026,29.9284,15.8722,394245,0,0
1996-02-20,29.759,29.759,29.5332,29.7026,15.7524,122856,0,0
1996-02-21,29.7026,29.872,29.4767,29.759,15.7823,259878,0,0
1996-02-22,29.8155,30.0414,29.759,30.0414,15.932,173547,0,0
1996-02-23,29.9849,30.0978,29.5896,29.7026,15.7524,293968,0,0
1996-02-26,29.7026,29.7026,28.912,28.9685,15.363,261428,0,0
1996-02-27,28.9685,28.9685,28.4603,28.4603,15.0935,198340,0,0
1996-02-28,28.6297,28.912,27.952,27.952,14.824,423907,0,0
1996-02-29,27.7826,27.8956,27.6697,27.8956,14.8903,334698,0.1807,0
1996-03-01,27.8956,28.0085,27.7826,28.0085,14.9506,219148,0,0
1996-03-04,28.0085,28.3473,27.952,28.2344,15.0712,257443,0,0
1996-03-05,28.1214,28.1214,27.7826,27.952,14.9204,146984,0,0
1996-03-06,28.0085,28.065,27.952,27.952,14.9204,157831,0,0
1996-03-07,27.8956,28.1779,27.7826,28.1779,15.041,179081,0,0
1996-03-08,28.1214,28.1779,27.7826,27.8391,14.8602,239734,0,0
1996-03-11,27.7262,28.2908,27.7262,28.1779,15.041,212950,0,0
1996-03-12,28.0085,28.1779,27.8956,28.0085,14.9506,429662,0,0
1996-03-13,27.952,27.952,27.6697,27.7826,14.83,256336,0,0
1996-03-14,27.7262,28.065,27.7262,27.8956,14.8903,345766,0,0
1996-03-15,27.8956,27.8956,27.3873,27.3873,14.619,316989,0,0
1996-03-18,27.4438,27.7262,27.3309,27.7262,14.7999,273381,0,0
1996-03-19,28.0085,28.4038,28.0085,28.3473,15.1315,339126,0,0
1996-03-20,28.5167,28.6297,28.4038,28.5167,15.2219,185944,0,0
1996-03-21,28.6297,28.7426,28.5167,28.5732,15.252,250138,0,0
1996-03-22,28.6297,28.8555,28.5732,28.7426,15.3424,173105,0,0
1996-03-25,28.7991,28.9685,28.6861,28.7426,15.3424,264084,0,0
1996-03-26,28.7426,28.8555,28.6861,28.7426,15.3424,137908,0,0
1996-03-27,28.8555,28.912,28.7426,28.8555,15.4027,169784,0,0
1996-03-28,28.8555,28.912,28.6297,28.6297,15.2821,135473,0,0
1996-03-29,28.6861,28.7426,28.4038,28.7426,15.3424,359270,0,0
1996-04-01,28.7991,28.7991,28.5167,28.5732,15.252,107582,0,0
1996-04-02,28.5732,28.5732,28.2344,28.4603,15.1917,199225,0,0
1996-04-03,28.3473,28.5732,28.2344,28.5732,15.252,124405,0,0
1996-04-04,28.5167,28.5167,28.1214,28.2344,15.0712,340232,0,0
1996-04-08,28.0085,28.065,27.7262,27.7826,14.83,81461,0,0
1996-04-09,27.6697,27.6697,27.3873,27.3873,14.619,282678,0,0
1996-04-10,27.3309,27.3873,27.105,27.105,14.4683,175318,0,0
1996-04-11,26.9921,26.9921,26.5403,26.6532,14.2272,181738,0,0
1996-04-12,26.5968,26.6532,26.258,26.258,14.0162,200553,0,0
1996-04-15,26.258,26.3709,26.0886,26.3709,14.0765,274931,0,0
1996-04-16,26.3709,26.3709,26.145,26.2015,13.986,383177,0,0
1996-04-17,26.3709,26.7097,26.258,26.258,14.0162,482789,0,0
1996-04-18,26.3144,26.4838,26.3144,26.4838,14.1368,164914,0,0
1996-04-19,26.4838,26.5403,26.3144,26.3144,14.0463,164250,0,0
1996-04-22,26.4274,26.7662,26.3144,26.7662,14.2875,168899,0,0
1996-04-23,26.7662,27.5567,26.7662,27.5567,14.7095,292861,0,0
1996-04-24,27.7826,27.8391,27.4438,27.5003,14.6793,307250,0,0
1996-04-25,27.5003,27.7262,27.5003,27.6132,14.7396,142778,0,0
1996-04-26,27.6697,27.8956,27.5567,27.7826,14.83,279579,0,0
1996-04-29,27.7826,28.0085,27.7826,28.0085,14.9506,238628,0,0
1996-04-30,28.0085,28.0085,27.7262,27.952,14.9204,154953,0,0
1996-05-01,27.8956,28.0085,27.8391,27.8956,14.8903,95628,0,0
1996-05-02,27.7826,27.8391,27.7262,27.7262,14.7999,100719,0,0
1996-05-03,27.6132,27.6697,27.5003,27.5567,14.7095,113337,0,0
1996-05-06,27.5567,27.6697,27.3873,27.5003,14.6793,205866,0,0
1996-05-07,27.5003,27.6132,27.2744,27.3309,14.5889,155617,0,0
1996-05-08,27.2179,27.2179,26.8791,26.9921,14.408,158495,0,0
1996-05-09,26.9921,27.1615,26.7662,26.7662,14.2875,357941,0,0
1996-05-10,26.8791,27.2179,26.8791,27.2179,14.5286,195905,0,0
1996-05-13,27.2179,27.2179,26.9356,26.9356,14.3779,200996,0,0
1996-05-14,26.9356,27.6132,26.9356,27.6132,14.7396,203652,0,0
1996-05-15,27.7262,28.0085,27.6697,28.0085,14.9506,195683,0,0
1996-05-16,27.8391,28.1779,27.7826,28.065,14.9807,243940,0,0
1996-05-17,28.1779,28.2344,28.065,28.065,14.9807,181295,0,0
1996-05-20,28.1214,28.2344,27.8956,28.0085,14.9506,122856,0,0
1996-05-21,27.8956,27.952,27.7262,27.7262,14.7999,91865,0,0
1996-05-22,27.7826,28.6861,27.7262,28.6861,15.3123,351743,0,0
1996-05-23,28.5732,28.7991,28.4038,28.4038,15.2577,164029,0.1807,0
1996-05-24,28.5167,28.5732,28.1779,28.1779,15.1364,58218,0,0
1996-05-28,28.2344,28.4038,28.065,28.1214,15.106,176868,0,0
1996-05-29,28.1214,28.2908,28.0085,28.1214,15.106,121970,0,0
1996-05-30,28.065,28.1214,27.8391,27.952,15.015,178417,0,0
1996-05-31,28.3473,28.6861,27.952,28.2908,15.197,903376,0,0
1996-06-03,28.1779,28.5732,28.1779,28.5732,15.3487,349530,0,0
1996-06-04,28.8555,29.759,28.7991,29.7026,15.9554,6504261,0,0
1996-06-05,30.3802,30.719,30.1543,30.719,16.5014,1609297,0,0
1996-06-06,30.719,30.7755,30.2108,30.2673,16.2587,1015827,0,0
1996-06-07,30.0414,30.6625,29.9284,30.6625,16.471,595241,0,0
1996-06-10,30.6061,31.0013,30.6061,30.9449,16.6227,654787,0,0
1996-06-11,30.8884,31.1708,30.8884,31.0578,16.6834,233758,0,0
1996-06-12,31.0013,31.2837,31.0013,31.1708,16.744,401550,0,0
1996-06-13,31.1143,31.1143,30.6061,30.7755,16.5317,520642,0,0
1996-06-14,30.7755,30.9449,30.719,30.7755,16.5317,441395,0,0
1996-06-17,30.719,31.0578,30.6061,30.9449,16.6227,488766,0,0
1996-06-18,31.0013,31.0013,30.6625,30.7755,16.5317,454234,0,0
1996-06-19,30.719,30.719,30.4367,30.4367,16.3497,403542,0,0
1996-06-20,30.4367,30.6061,30.2108,30.6061,16.4407,577975,0,0
1996-06-21,30.8319,31.0013,30.719,30.719,16.5014,469507,0,0
1996-06-24,30.719,30.8884,30.6625,30.8319,16.562,253016,0,0
1996-06-25,30.8884,30.9449,30.8319,30.8884,16.5924,414831,0,0
1996-06-26,30.8319,30.8884,30.8319,30.8884,16.5924,92750,0,0
1996-06-27,30.719,30.7755,30.5496,30.719,16.5014,457554,0,0
1996-06-28,30.719,30.7755,30.6625,30.7755,16.5317,464638,0,0
1996-07-01,30.719,30.8884,30.719,30.7755,16.5317,250581,0,0
1996-07-02,30.7755,31.0578,30.7755,30.8884,16.5924,263641,0,0
1996-07-03,30.8884,30.9449,30.8319,30.8884,16.5924,261871,0,0
1996-07-05,30.7755,30.7755,30.4367,30.4367,16.3497,226010,0,0
1996-07-08,30.2673,30.719,30.2673,30.5496,16.4104,642612,0,0
1996-07-09,30.5496,30.8884,30.5496,30.7755,16.5317,456890,0,0
1996-07-10,30.8319,30.8884,30.5496,30.5496,16.4104,281793,0,0
1996-07-11,30.4367,30.4931,29.7026,29.9284,16.0767,342225,0,0
1996-07-12,29.872,30.4367,29.8155,30.0414,16.1374,506253,0,0
1996-07-15,29.9284,29.9284,29.6461,29.7026,15.9554,662092,0,0
1996-07-16,29.7026,29.7026,28.7991,28.8555,15.5004,869950,0,0
1996-07-17,28.912,31.1708,28.912,31.1708,16.744,1364250,0,0
1996-07-18,31.6225,32.4131,31.4531,32.2437,17.3204,726065,0,0
1996-07-19,32.1872,32.2437,31.6225,31.7919,17.0777,385833,0,0
1996-07-22,31.8484,31.8484,31.1143,31.2837,16.8047,156502,0,0
1996-07-23,31.2837,31.5096,30.6061,30.6625,16.471,237742,0,0
1996-07-24,30.5496,31.2272,30.4367,30.7755,16.5317,376536,0,0
1996-07-25,30.8884,30.8884,30.719,30.719,16.5014,669840,0,0
1996-07-26,30.7755,30.7755,30.6061,30.7755,16.5317,740897,0,0
1996-07-29,30.7755,30.7755,30.6061,30.6625,16.471,117100,0,0
1996-07-30,30.6625,31.0013,30.6061,31.0013,16.653,588821,0,0
1996-07-31,30.9449,31.2837,30.9449,31.0578,16.6834,256558,0,0
1996-08-01,31.1143,31.2272,30.9449,31.2272,16.7744,232872,0,0
1996-08-02,31.3402,31.4531,31.1708,31.4531,16.8957,290426,0,0
1996-08-05,31.566,31.6225,31.3402,31.566,16.9564,124184,0,0
1996-08-06,31.566,31.9613,31.5096,31.9613,17.1687,127283,0,0
1996-08-07,31.9048,32.3566,31.9048,32.3566,17.381,225567,0,0
1996-08-08,32.3566,32.6954,32.3566,32.526,17.472,399779,0,0
1996-08-09,32.5825,32.6954,32.4131,32.4695,17.4417,58882,0,0
1996-08-12,32.4131,32.6954,32.3001,32.6389,17.5327,304815,0,0
1996-08-13,32.5825,32.6954,32.526,32.6389,17.5327,155838,0,0
1996-08-14,32.6954,32.8648,32.6389,32.8648,17.654,139236,0,0
1996-08-15,32.8648,33.1472,32.7519,32.7519,17.5934,365910,0,0
1996-08-16,32.7519,32.8083,32.4131,32.526,17.472,139458,0,0
1996-08-19,32.4131,32.4131,32.2437,32.3566,17.381,78805,0,0
1996-08-20,32.3566,32.5825,32.3566,32.526,17.472,213835,0,0
1996-08-21,32.4695,32.6954,32.3001,32.6954,17.563,170006,0,0
1996-08-22,32.5825,33.0342,32.526,33.0342,17.745,243719,0,0
1996-08-23,33.0907,33.2036,32.8648,33.0342,17.745,180410,0,0
1996-08-26,32.9777,33.0342,32.9213,32.9777,17.7147,121749,0,0
1996-08-27,32.9777,33.0342,32.9213,32.9777,17.7147,247482,0,0
1996-08-28,32.9777,33.0907,32.9777,32.9777,17.7147,69507,0,0
1996-08-29,32.7519,32.8083,32.5825,32.5825,17.5988,248810,0.1807,0
1996-08-30,32.5825,32.5825,32.3566,32.4131,17.5073,163143,0,0
1996-09-03,32.3001,32.4695,32.1307,32.4131,17.5073,255451,0,0
1996-09-04,32.4695,32.4695,32.2437,32.3566,17.4768,110902,0,0
1996-09-05,32.3001,32.4695,32.3001,32.4695,17.5378,274488,0,0
1996-09-06,32.3566,32.5825,32.3566,32.4131,17.5073,308135,0,0
1996-09-09,32.526,32.5825,32.4131,32.526,17.5683,163143,0,0
1996-09-10,32.5825,32.5825,32.1872,32.2437,17.4158,196348,0,0
1996-09-11,32.2437,32.6954,32.2437,32.6954,17.6598,349087,0,0
1996-09-12,32.6954,32.9777,32.6954,32.8083,17.7208,125733,0,0
1996-09-13,32.8648,33.3166,32.8648,33.2601,17.9648,59768,0,0
1996-09-16,33.3166,33.5424,33.2036,33.2601,17.9648,210957,0,0
1996-09-17,33.2601,33.373,33.2601,33.3166,17.9953,94521,0,0
1996-09-18,33.2601,33.2601,32.8648,33.0907,17.8733,192142,0,0
1996-09-19,33.0907,33.2601,33.0907,33.2601,17.9648,141007,0,0
1996-09-20,33.4295,34.0507,33.373,34.0507,18.3918,539900,0,0
1996-09-23,33.9377,34.333,33.6554,34.333,18.5443,266298,0,0
1996-09-24,34.1636,34.8977,34.1636,34.7848,18.7883,418594,0,0
1996-09-25,34.7848,34.8412,34.6153,34.6153,18.6968,341782,0,0
1996-09-26,34.5589,34.9542,34.5589,34.6718,18.7273,125512,0,0
1996-09-27,34.7283,34.8977,34.5589,34.7848,18.7883,230437,0,0
1996-09-30,35.1236,36.2529,35.0671,36.2529,19.5813,325401,0,0
1996-10-01,36.2529,36.4223,35.9141,36.4223,19.6728,383841,0,0
1996-10-02,36.4788,36.5353,36.14,36.14,19.5203,246375,0,0
1996-10-03,36.14,36.14,35.8012,36.0271,19.4593,139015,0,0
1996-10-04,35.9141,36.0271,35.7447,35.7447,19.3068,317211,0,0
1996-10-07,35.8577,35.8577,35.5753,35.8012,19.3373,336027,0,0
1996-10-08,35.8012,35.8012,35.6318,35.6883,19.2763,121970,0,0
1996-10-09,35.6883,35.6883,35.4059,35.6318,19.2458,113780,0,0
1996-10-10,35.5753,35.6318,35.4624,35.4624,19.1543,74377,0,0
1996-10-11,35.5188,35.9706,35.5188,35.8577,19.3678,151190,0,0
1996-10-14,35.8012,35.8012,35.6318,35.6318,19.2458,192363,0,0
1996-10-15,35.6318,35.6883,35.3494,35.4059,19.1238,200775,0,0
1996-10-16,35.4059,35.7447,35.3494,35.6318,19.2458,358384,0,0
1996-10-17,35.6318,35.7447,35.5753,35.6883,19.2763,189485,0,0
1996-10-18,35.6318,35.6883,35.5753,35.6318,19.2458,208965,0,0
1996-10-21,35.6318,35.6318,35.3494,35.5188,19.1848,305700,0,0
1996-10-22,35.6318,35.8012,35.5753,35.6318,19.2458,156060,0,0
1996-10-23,35.5753,35.5753,34.9542,34.9542,18.8798,240177,0,0
1996-10-24,34.9542,34.9542,34.5024,34.6718,18.7273,382512,0,0
1996-10-25,34.6153,35.5188,34.6153,35.4059,19.1238,374765,0,0
1996-10-28,35.4624,35.6883,35.293,35.4059,19.1238,444715,0,0
1996-10-29,35.3494,35.5753,35.293,35.4624,19.1543,293747,0,0
1996-10-30,35.6318,35.9141,35.6318,35.8577,19.3678,288213,0,0
1996-10-31,35.9141,36.4788,35.9141,36.4788,19.7033,403985,0,0
1996-11-01,36.3659,36.4223,36.0835,36.1965,19.5508,218926,0,0
1996-11-04,36.2529,36.8176,36.2529,36.5918,19.7643,207637,0,0
1996-11-05,36.5918,36.6482,36.14,36.2529,19.5813,810404,0,0
1996-11-06,36.2529,36.9306,36.2529,36.8741,19.9168,372108,0,0
1996-11-07,36.8176,36.8176,36.7047,36.8176,19.8863,400664,0,0
1996-11-08,36.7047,36.8741,36.7047,36.8741,19.9168,174433,0,0
1996-11-11,36.8741,37.1,36.8741,36.9306,19.9473,142999,0,0
1996-11-12,36.9306,37.1,36.7612,36.8176,19.8863,189485,0,0
1996-11-13,36.9306,36.9306,36.5918,36.7047,19.8253,296846,0,0
1996-11-14,36.7047,37.1,36.6482,36.987,19.9778,271610,0,0
1996-11-15,37.1564,37.3258,37.0435,37.2694,20.1303,139015,0,0
1996-11-18,36.4223,37.1564,36.2529,37.1564,20.0693,618041,0,0
1996-11-19,37.1564,37.3823,37.1564,37.3823,20.1914,459103,0,0
1996-11-20,37.2694,37.7211,37.2694,37.6082,20.3134,218484,0,0
1996-11-21,37.6647,37.947,37.5517,37.8905,20.4659,123962,0,0
1996-11-22,38.0035,38.0599,37.7776,37.7776,20.4049,384062,0,0
1996-11-25,37.7776,37.7776,37.4953,37.4953,20.2523,224903,0,0
1996-11-26,37.4953,37.8905,37.4953,37.6082,20.3134,218705,0,0
1996-11-27,37.4388,37.6082,37.2694,37.3258,20.2582,181738,0.1807,0
1996-11-29,37.3823,37.6082,37.3823,37.5517,20.3808,60653,0,0
1996-12-02,37.4953,37.4953,36.8176,37.1564,20.1662,330714,0,0
1996-12-03,37.1564,37.6082,37.1,37.1564,20.1662,295517,0,0
1996-12-04,37.0435,37.2129,36.8176,36.9306,20.0436,231323,0,0
1996-12-05,36.9306,37.1,36.8741,36.987,20.0743,297731,0,0
1996-12-06,36.987,36.987,36.4788,36.7047,19.9211,707692,0,0
1996-12-09,36.7047,36.8176,36.5918,36.7612,19.9517,208301,0,0
1996-12-10,36.8176,37.0435,36.5918,36.6482,19.8904,113558,0,0
1996-12-11,36.4223,36.4788,35.7447,35.8012,19.4307,256558,0,0
1996-12-12,35.7447,35.7447,35.0106,35.2365,19.1242,597012,0,0
1996-12-13,35.18,35.8577,35.1236,35.8577,19.4613,311455,0,0
1996-12-16,36.0835,36.6482,36.0835,36.3659,19.7372,418816,0,0
1996-12-17,36.2529,36.4223,36.14,36.3659,19.7372,500941,0,0
1996-12-18,36.4223,36.6482,36.3659,36.5918,19.8598,557831,0,0
1996-12-19,36.5918,36.8741,36.5353,36.7612,19.9517,413946,0,0
1996-12-20,37.1,37.1,36.8741,36.987,20.0743,390260,0,0
1996-12-23,36.9306,37.2694,36.9306,37.0435,20.1049,184615,0,0
1996-12-24,37.0435,37.0435,36.8176,36.8176,19.9824,102490,0,0
1996-12-26,36.8176,36.8741,36.7612,36.8741,20.013,119535,0,0
1996-12-27,36.8741,36.9306,36.8176,36.9306,20.0436,185722,0,0
1996-12-30,36.9306,37.1,36.8741,36.987,20.0743,324958,0,0
1996-12-31,36.987,37.5517,36.9306,37.3823,20.2888,187493,0,0
1997-01-02,37.2694,37.3258,36.4223,36.6482,19.8904,300387,0,0
1997-01-03,36.7047,36.7612,36.2529,36.7612,19.9517,319646,0,0
1997-01-06,36.8741,37.2129,36.8741,36.987,20.0743,188157,0,0
1997-01-07,36.8741,36.987,36.7612,36.8176,19.9824,272274,0,0
1997-01-08,36.8741,36.8741,35.293,35.8012,19.4307,727172,0,0
1997-01-09,35.7447,35.8012,34.7848,35.18,19.0936,1499502,0,0
1997-01-10,34.8977,35.2365,34.7848,35.1236,19.0629,682678,0,0
1997-01-13,35.293,35.5753,35.18,35.3494,19.1855,501605,0,0
1997-01-14,35.4059,35.5188,35.2365,35.293,19.1549,268511,0,0
1997-01-15,35.2365,35.2365,34.9542,35.0671,19.0323,317875,0,0
1997-01-16,35.1236,35.5753,35.1236,35.2365,19.1242,771666,0,0
1997-01-17,35.293,35.5188,34.8977,35.1236,19.0629,1106586,0,0
1997-01-20,35.2365,35.6883,35.18,35.4059,19.2162,469286,0,0
1997-01-21,35.293,35.8577,35.1236,35.6883,19.3694,520421,0,0
1997-01-22,35.6318,35.6318,35.3494,35.4059,19.2162,215606,0,0
1997-01-23,35.6883,35.7447,35.0671,35.0671,19.0323,311455,0,0
1997-01-24,35.1236,35.293,34.5589,34.7283,18.8484,475484,0,0
1997-01-27,34.8412,34.9542,34.7283,34.7283,18.8484,375429,0,0
1997-01-28,34.7848,34.9542,34.7283,34.7283,18.8484,366353,0,0
1997-01-29,34.7283,34.8412,34.5024,34.5589,18.7565,228666,0,0
1997-01-30,34.6718,35.0671,34.5589,34.8977,18.9403,520642,0,0
1997-01-31,35.0671,35.5188,35.0106,35.4059,19.2162,285778,0,0
1997-02-03,35.1236,35.3494,34.6718,35.293,19.1549,342225,0,0
1997-02-04,35.3494,35.4059,34.8412,34.9542,18.971,220033,0,0
1997-02-05,35.0106,35.0106,34.2201,34.2765,18.6032,320974,0,0
1997-02-06,34.2201,34.2201,33.7118,33.8248,18.358,281129,0,0
1997-02-07,34.1636,34.5024,34.1636,34.4459,18.6952,680686,0,0
1997-02-10,34.5589,34.7283,34.4459,34.6153,18.7871,970227,0,0
1997-02-11,34.6153,34.7848,34.4459,34.5589,18.7565,664748,0,0
1997-02-12,34.4459,34.6718,34.4459,34.5589,18.7565,512894,0,0
1997-02-13,34.6153,34.6718,34.333,34.5024,18.7258,459103,0,0
1997-02-14,34.4459,34.5024,34.2201,34.4459,18.6952,626453,0,0
1997-02-18,34.6718,34.6718,34.2201,34.333,18.6339,699281,0,0
1997-02-19,34.333,34.333,33.9942,34.0507,18.4806,258107,0,0
1997-02-20,33.9942,33.9942,33.5989,33.7118,18.2967,327836,0,0
1997-02-21,33.7118,33.8248,33.5989,33.6554,18.2661,336912,0,0
1997-02-24,33.5989,33.8812,33.5424,33.5424,18.2048,461981,0,0
1997-02-25,33.5989,33.5989,32.3566,32.4695,17.6225,500055,0,0
1997-02-26,32.4695,32.6389,32.4131,32.526,17.6531,483232,0,0
1997-02-27,32.3001,32.6389,32.2437,32.4131,17.6901,476148,0.1807,0
1997-02-28,32.4131,33.0342,32.4131,32.5825,17.7826,912894,0,0
1997-03-03,32.8648,32.9777,32.6954,32.9213,17.9675,834975,0,0
1997-03-04,32.9213,32.9213,32.6954,32.7519,17.875,389817,0,0
1997-03-05,32.7519,33.1472,32.7519,33.1472,18.0908,563143,0,0
1997-03-06,33.2601,33.4295,33.2036,33.4295,18.2448,391810,0,0
1997-03-07,33.4295,33.9377,33.4295,33.7683,18.4298,428113,0,0
1997-03-10,33.8248,34.0507,33.6554,33.8812,18.4914,493414,0,0
1997-03-11,33.7683,34.2201,33.6554,33.8812,18.4914,454234,0,0
1997-03-12,33.8248,33.8812,33.486,33.5989,18.3373,420808,0,0
1997-03-13,33.486,33.5424,33.2319,33.3166,18.1832,417930,0,0
1997-03-14,33.373,33.7683,33.3166,33.6554,18.3681,249696,0,0
1997-03-17,33.7683,34.0507,33.5424,34.0507,18.5838,334920,0,0
1997-03-18,34.0507,34.333,33.5989,33.8812,18.4914,384726,0,0
1997-03-19,33.8248,34.2201,33.8248,34.1636,18.6455,354842,0,0
1997-03-20,34.1636,34.1636,33.7683,33.9942,18.553,500055,0,0
1997-03-21,33.9942,34.333,33.8812,34.333,18.7379,572883,0,0
1997-03-24,34.1636,34.8977,34.1636,34.8412,19.0153,477919,0,0
1997-03-25,34.7848,34.9542,34.6153,34.6718,18.9229,292640,0,0
1997-03-26,34.7848,35.3494,34.6718,35.18,19.2002,350194,0,0
1997-03-27,35.293,35.3494,34.2201,34.2765,18.7071,212507,0,0
1997-03-31,34.2765,34.4459,33.9942,34.1636,18.6455,366574,0,0
1997-04-01,34.1071,34.2765,33.8812,34.1636,18.6455,328500,0,0
1997-04-02,34.0507,34.0507,33.3166,33.6554,18.3681,346209,0,0
1997-04-03,33.5424,33.5424,32.8648,32.9777,17.9983,128611,0,0
1997-04-04,32.7519,34.333,32.4695,34.2201,18.6763,630659,0,0
1997-04-07,34.1071,35.0671,34.0507,34.5589,18.8612,469950,0,0
1997-04-08,34.4459,34.5589,34.2765,34.5024,18.8304,502712,0,0
1997-04-09,34.5024,34.5024,33.9942,34.0507,18.5838,316768,0,0
1997-04-10,34.0507,34.333,34.0507,34.2201,18.6763,196348,0,0
1997-04-11,34.2201,34.2201,33.486,33.5424,18.3065,248367,0,0
1997-04-14,33.5424,33.8248,33.2036,33.8248,18.4606,153403,0,0
1997-04-15,34.1071,34.333,33.8812,33.9942,18.553,212064,0,0
1997-04-16,33.9377,35.3494,33.8248,35.2365,19.2311,869065,0,0
1997-04-17,35.2365,35.4059,35.0106,35.4059,19.3235,550083,0,0
1997-04-18,35.4059,36.4788,35.4059,36.1965,19.755,840730,0,0
1997-04-21,36.2529,37.0435,36.2529,36.8741,20.1248,505811,0,0
1997-04-22,36.8741,38.794,36.7047,38.1729,20.8336,871721,0,0
1997-04-23,37.947,38.1729,37.6082,37.8341,20.6487,865744,0,0
1997-04-24,37.7211,38.0599,36.8176,36.9306,20.1556,465302,0,0
1997-04-25,37.2694,38.2858,37.2694,38.1729,20.8336,976646,0,0
1997-04-28,38.1729,38.1729,37.5517,38.1164,20.8028,587493,0,0
1997-04-29,38.1729,38.1729,37.6647,37.7776,20.6179,300830,0,0
1997-04-30,37.7211,37.8905,37.6647,37.7211,20.5871,800443,0,0
1997-05-01,37.7211,38.5117,37.6647,38.1164,20.8028,711455,0,0
1997-05-02,38.1164,39.5281,38.0599,39.3023,21.45,449806,0,0
1997-05-05,39.1893,39.1893,37.3823,38.1729,20.8336,670504,0,0
1997-05-06,38.1729,38.4552,37.947,38.3987,20.9569,658550,0,0
1997-05-07,38.3987,38.3987,37.8341,37.8905,20.6795,477476,0,0
1997-05-08,37.8341,38.8505,37.8341,38.6246,21.0802,636635,0,0
1997-05-09,38.794,38.9634,38.5682,38.6246,21.0802,289983,0,0
1997-05-12,38.5682,39.2458,38.5682,38.907,21.2343,398672,0,0
1997-05-13,38.8505,39.0199,38.794,38.907,21.2343,464416,0,0
1997-05-14,39.0199,39.0764,38.6246,38.7376,21.1418,719646,0,0
1997-05-15,38.6246,38.6246,37.8905,37.8905,20.6795,454234,0,0
1997-05-16,37.8905,37.947,37.1564,37.4388,20.433,821251,0,0
1997-05-19,37.3823,37.4953,37.3258,37.4388,20.433,280908,0,0
1997-05-20,37.3823,38.2293,37.3258,38.0035,20.7412,552297,0,0
1997-05-21,38.0035,38.5117,37.7211,38.5117,21.0186,580631,0,0
1997-05-22,38.5682,38.5682,38.1164,38.1729,20.8336,398008,0,0
1997-05-23,38.1729,38.3987,38.1164,38.3423,20.9261,226231,0,0
1997-05-27,38.3423,38.6246,38.1729,38.4552,20.9877,353957,0,0
1997-05-28,38.3987,38.3987,38.0599,38.0599,20.772,227559,0,0
1997-05-29,38.0599,38.2858,38.0035,38.0599,20.8711,275816,0.1807,0
1997-05-30,38.0035,38.2858,37.8905,38.2293,20.964,442944,0,0
1997-06-02,38.3423,38.3423,37.6647,37.7211,20.6853,192806,0,0
1997-06-03,37.7211,37.8341,37.5517,37.6647,20.6543,303929,0,0
1997-06-04,37.5517,37.6082,37.3258,37.3823,20.4995,257001,0,0
1997-06-05,37.3823,37.7211,37.2129,37.4953,20.5614,487438,0,0
1997-06-06,37.5517,37.6647,37.3258,37.4953,20.5614,456890,0,0
1997-06-09,37.3823,37.6647,37.2129,37.2694,20.4376,439181,0,0
1997-06-10,37.1564,37.1564,36.5353,36.7047,20.1279,618484,0,0
1997-06-11,36.7612,37.2129,36.7612,37.0435,20.3137,805755,0,0
1997-06-12,37.1,37.3823,37.0435,37.3258,20.4685,567349,0,0
1997-06-13,37.3258,37.4953,37.2694,37.4388,20.5305,800885,0,0
1997-06-16,37.4388,37.6647,37.4388,37.6082,20.6234,965357,0,0
1997-06-17,37.6647,38.3423,37.4388,38.1164,20.902,1151743,0,0
1997-06-18,38.1729,38.7376,37.947,38.6246,21.1808,788268,0,0
1997-06-19,38.6811,39.8952,38.6811,39.8105,21.831,1561704,0,0
1997-06-20,39.8669,40.2058,39.754,40.1493,22.0168,921306,0,0
1997-06-23,40.2058,40.2058,39.4717,39.9799,21.9239,727172,0,0
1997-06-24,40.0363,40.1775,39.6975,39.9799,21.9239,440066,0,0
1997-06-25,39.8669,40.5446,39.8387,39.9516,21.9085,541671,0,0
1997-06-26,39.9516,39.9799,39.6411,39.6693,21.7536,418373,0,0
1997-06-27,39.6975,40.1775,39.6411,40.1775,22.0323,240841,0,0
1997-06-30,40.0928,40.0928,39.4999,39.6693,21.7536,284671,0,0
1997-07-01,39.5564,40.2058,39.5281,39.8105,21.831,393581,0,0
1997-07-02,39.8105,40.1493,39.754,40.1493,22.0168,536801,0,0
1997-07-03,51.0477,51.6124,49.4666,49.6925,27.2501,5391699,0,0
1997-07-07,49.749,50.6242,49.636,50.4831,27.6836,2692861,0,0
1997-07-08,50.4266,51.3866,50.4266,51.3583,28.1636,1814278,0,0
1997-07-09,51.3866,52.0642,51.3583,51.8101,28.4113,1891090,0,0
1997-07-10,51.6124,52.8548,51.6124,52.403,28.7365,2499834,0,0
1997-07-11,52.2901,52.5159,52.036,52.2901,28.6745,1692308,0,0
1997-07-14,52.2901,52.3183,51.7818,51.9512,28.4887,1456779,0,0
1997-07-15,52.0077,52.0077,51.3583,51.443,28.21,1812728,0,0
1997-07-16,51.4713,51.6971,50.9348,51.0195,27.9778,1350968,0,0
1997-07-17,51.0477,51.0477,50.2854,50.3419,27.6062,1388157,0,0
1997-07-18,50.3137,50.3701,49.6925,49.8619,27.343,765025,0,0
1997-07-21,49.749,49.9748,49.4384,49.749,27.2811,565357,0,0
1997-07-22,49.8619,50.3137,49.4666,50.2854,27.5752,1085778,0,0
1997-07-23,50.596,51.3866,50.596,51.2172,28.0862,1204870,0,0
1997-07-24,50.9913,51.1325,50.7654,50.9772,27.9546,908910,0,0
1997-07-25,51.0195,51.2172,49.9184,50.229,27.5443,758384,0,0
1997-07-28,50.2572,50.7089,50.2572,50.596,27.7455,1322191,0,0
1997-07-29,50.5678,51.1042,50.5113,51.1042,28.0242,2156502,0,0
1997-07-30,51.4995,52.4595,51.4995,52.0924,28.5661,1286110,0,0
1997-07-31,52.0924,52.1771,51.8665,52.0077,28.5197,705479,0,0
1997-08-01,51.4995,51.6971,51.2172,51.2172,28.0862,1200221,0,0
1997-08-04,51.2736,51.2736,50.5113,50.8219,27.8694,881240,0,0
1997-08-05,50.7654,51.556,50.7372,51.3019,28.1326,953625,0,0
1997-08-06,51.3019,51.6689,51.2736,51.4995,28.241,493636,0,0
1997-08-07,51.4995,51.7254,51.2736,51.443,28.21,1253127,0,0
1997-08-08,51.2736,51.443,50.7936,51.2736,28.1171,539679,0,0
1997-08-11,51.3866,52.0642,51.3301,52.0642,28.5507,483896,0,0
1997-08-12,52.4595,52.7983,52.403,52.403,28.7365,576646,0,0
1997-08-13,52.6289,52.7983,52.1771,52.4312,28.752,630216,0,0
1997-08-14,52.5442,53.1089,52.5442,53.0242,29.0771,614942,0,0
1997-08-15,53.0806,53.1371,51.8383,51.8383,28.4268,792695,0,0
1997-08-18,51.9512,52.2618,51.3866,52.2336,28.6436,840730,0,0
1997-08-19,52.3465,53.5324,52.3465,53.5324,29.3558,472385,0,0
1997-08-20,53.4194,53.6453,53.25,53.6453,29.4177,268290,0,0
1997-08-21,53.7018,54.1535,53.4759,53.6735,29.4332,467294,0,0
1997-08-22,53.5606,53.8712,52.9395,53.8712,29.5416,601882,0,0
1997-08-25,53.9841,54.21,53.363,53.5888,29.3867,230659,0,0
1997-08-26,53.7018,53.9841,53.4477,53.8712,29.5416,510459,0,0
1997-08-27,53.8712,53.9559,53.363,53.5324,29.3558,1016934,0,0
1997-08-28,53.3065,53.6735,53.25,53.4971,29.4358,996126,0.1807,0
1997-08-29,53.5041,53.5041,52.8548,52.883,29.0979,727836,0,0
1997-09-02,52.883,53.7018,52.883,53.4194,29.3931,897842,0,0
1997-09-03,53.4194,54.0124,53.4194,54.0124,29.7193,627559,0,0
1997-09-04,54.0971,54.2947,54.0406,54.2382,29.8436,404206,0,0
1997-09-05,54.3512,54.3512,53.4194,53.4477,29.4086,417266,0,0
1997-09-08,53.5041,54.2382,53.5041,54.2382,29.8436,405091,0,0
1997-09-09,54.21,54.4359,54.0406,54.2665,29.8591,255230,0,0
1997-09-10,54.0406,54.0971,53.4759,53.5041,29.4397,239292,0,0
1997-09-11,53.4477,53.6171,53.1371,53.1371,29.2377,652131,0,0
1997-09-12,53.2218,53.7583,53.1936,53.7018,29.5484,761262,0,0
1997-09-15,53.7583,54.4359,53.5888,53.6171,29.5018,370780,0,0
1997-09-16,53.73,55.8194,53.73,55.5652,30.5738,334920,0,0
1997-09-17,55.6782,56.384,55.65,55.65,30.6204,305257,0,0
1997-09-18,55.65,55.9888,55.5652,55.7064,30.6514,742225,0,0
1997-09-19,55.7911,56.4123,55.7629,56.2146,30.9311,578417,0,0
1997-09-22,56.1864,56.4405,55.7629,56.017,30.8223,346652,0,0
1997-09-23,55.9605,57.0617,55.8476,57.0617,31.3971,386940,0,0
1997-09-24,56.977,57.7675,56.8076,56.8923,31.3039,417709,0,0
1997-09-25,56.5535,56.864,55.6782,56.384,31.0243,643055,0,0
1997-09-26,56.4688,56.7511,55.65,55.7911,30.698,980188,0,0
1997-09-29,54.0971,54.2382,53.7865,53.9559,29.6882,629552,0,0
1997-09-30,53.843,54.8594,53.843,54.8312,30.1698,459546,0,0
1997-10-01,54.7747,54.8312,54.3229,54.4923,29.9834,868179,0,0
1997-10-02,54.6053,55.17,54.3512,55.1417,30.3407,575761,0,0
1997-10-03,55.5088,55.5088,54.4641,55.057,30.2942,742889,0,0
1997-10-06,55.17,55.65,55.17,55.3676,30.465,390703,0,0
1997-10-07,55.2547,55.3958,54.7465,55.1135,30.3252,672496,0,0
1997-10-08,55.057,55.17,54.577,55.0288,30.2786,858218,0,0
1997-10-09,54.9723,55.4241,54.6053,55.0006,30.2631,946099,0,0
1997-10-10,54.8876,54.9723,54.2665,54.3229,29.8902,512894,0,0
1997-10-13,54.4359,54.8312,54.21,54.2382,29.8436,533924,0,0
1997-10-14,54.4923,54.6618,54.2665,54.4076,29.9368,524848,0,0
1997-10-15,54.3512,54.577,53.7583,53.9841,29.7038,695296,0,0
1997-10-16,54.0406,54.4359,53.7583,53.8712,29.6416,539679,0,0
1997-10-17,53.7583,54.4923,53.7018,54.3794,29.9213,1076923,0,0
1997-10-20,54.4923,54.5488,54.0406,54.4076,29.9368,731378,0,0
1997-10-21,54.3229,54.7182,53.9277,54.0971,29.7659,821472,0,0
1997-10-22,53.9841,53.9841,52.0924,52.2336,28.7406,1706032,0,0
1997-10-23,51.7818,52.036,51.2172,51.2172,28.1813,563807,0,0
1997-10-24,51.556,51.6971,50.3137,50.4548,27.7618,711455,0,0
1997-10-27,49.9748,50.229,47.0102,47.1514,25.9442,682236,0,0
1997-10-28,45.8526,47.9137,45.5703,47.7161,26.2549,673603,0,0
1997-10-29,48.4502,49.4666,48.4502,48.9866,26.954,726729,0,0
1997-10-30,48.5631,49.156,48.3655,48.8455,26.8763,390703,0,0
1997-10-31,48.9584,49.5231,48.9584,49.3537,27.156,314776,0,0
1997-11-03,50.1442,51.1607,50.116,51.1607,28.1502,647482,0,0
1997-11-04,50.8219,51.556,50.8219,51.556,28.3677,355064,0,0
1997-11-05,51.556,51.6689,51.2172,51.2172,28.1813,233536,0,0
1997-11-06,51.1042,51.1042,50.0595,50.3984,27.7308,630216,0,0
1997-11-07,48.789,49.5796,48.789,49.3537,27.156,706143,0,0
1997-11-10,49.4666,49.5231,48.789,48.8455,26.8763,367239,0,0
1997-11-11,48.9019,49.0149,47.8855,48.2525,26.5501,667183,0,0
1997-11-12,47.9984,48.1678,47.5467,47.6032,26.1928,704815,0,0
1997-11-13,47.4902,47.9137,47.0949,47.7726,26.286,746652,0,0
1997-11-14,47.8855,48.1961,47.6032,48.1961,26.519,266076,0,0
1997-11-17,48.309,48.7255,48.309,48.3372,26.5967,649917,0,0
1997-11-18,48.3372,48.3655,47.7161,47.942,26.3792,734256,0,0
1997-11-19,47.942,48.3655,47.8855,47.942,26.3792,212286,0,0
1997-11-20,48.0549,48.5067,47.8855,47.8855,26.3481,280243,0,0
1997-11-21,48.3372,48.4502,48.0267,48.2525,26.5501,411068,0,0
1997-11-24,48.1114,49.0996,48.1114,48.3372,26.5967,587272,0,0
1997-11-25,48.3655,48.9584,48.2243,48.6761,26.7831,616491,0,0
1997-11-26,49.5796,50.3701,49.4949,50.2007,27.725,341118,0.1807,0
1997-11-28,50.596,51.1607,50.5395,50.8783,28.0992,202988,0,0
1997-12-01,51.076,51.3866,50.8219,50.8783,28.0992,342889,0,0
1997-12-02,50.9348,51.3583,50.3137,50.4548,27.8653,545877,0,0
1997-12-03,50.4831,50.4831,49.636,49.8619,27.5378,351522,0,0
1997-12-04,49.749,50.4548,49.749,49.9748,27.6002,340897,0,0
1997-12-05,49.9184,50.5113,49.8054,50.3419,27.8029,406419,0,0
1997-12-08,50.2007,50.596,50.2007,50.596,27.9433,479026,0,0
1997-12-09,50.4831,50.8501,50.1725,50.6525,27.9744,442059,0,0
1997-12-10,50.6242,51.1042,50.596,51.076,28.2083,274045,0,0
1997-12-11,50.8501,51.2454,50.8219,51.1325,28.2395,363254,0,0
1997-12-12,51.1325,51.7818,51.1325,51.7536,28.5826,293304,0,0
1997-12-15,51.8948,52.036,51.5277,51.6124,28.5046,278694,0,0
1997-12-16,51.7254,51.7254,49.8619,49.8901,27.5534,558273,0,0
1997-12-17,50.3701,50.963,50.3137,50.963,28.146,355506,0,0
1997-12-18,50.8501,50.9913,50.2854,50.4548,27.8653,409297,0,0
1997-12-19,49.6925,49.749,48.6761,49.6643,27.4287,410625,0,0
1997-12-22,49.7772,50.4831,49.5796,49.8337,27.5222,216491,0,0
1997-12-23,50.0031,50.0031,48.9019,48.9019,27.0077,289319,0,0
1997-12-24,48.9019,49.4666,48.9019,49.2407,27.1948,135695,0,0
1997-12-26,49.3537,49.5796,49.2407,49.2407,27.1948,41837,0,0
1997-12-29,49.749,50.596,49.749,50.5395,27.9121,191478,0,0
1997-12-30,50.596,51.3866,50.3137,51.3866,28.3799,290869,0,0
1997-12-31,51.3301,52.2901,51.1325,51.9512,28.6917,177532,0,0
1998-01-02,52.1771,52.403,51.4995,51.923,28.6761,270061,0,0
1998-01-05,51.8101,52.5724,51.8101,52.403,28.9412,182844,0,0
1998-01-06,52.403,52.6289,52.1771,52.4877,28.988,554732,0,0
1998-01-07,52.403,55.3394,52.2336,55.3394,30.5629,670061,0,0
1998-01-08,55.2264,55.2264,53.8712,54.21,29.9392,975761,0,0
1998-01-09,54.1535,54.21,52.7418,53.0242,29.2843,448257,0,0
1998-01-12,52.403,53.3347,52.403,53.0242,29.2843,825235,0,0
1998-01-13,53.0242,53.1936,52.7418,53.1371,29.3466,1293414,0,0
1998-01-14,53.25,53.2783,52.9112,53.1089,29.3311,269397,0,0
1998-01-15,53.1371,53.2783,52.8548,52.8548,29.1907,564250,0,0
1998-01-16,53.0806,53.1653,52.8265,52.9677,29.2531,639513,0,0
1998-01-20,53.0806,53.25,52.8548,53.25,29.409,399115,0,0
1998-01-21,53.25,54.1818,53.1936,54.1818,29.9236,778749,0,0
1998-01-22,54.0688,55.7911,53.8712,55.1135,30.4382,953625,0,0
1998-01-23,55.1135,55.4805,54.8876,55.1135,30.4382,932595,0,0
1998-01-26,55.1135,55.9323,55.1135,55.6782,30.7501,929496,0,0
1998-01-27,55.6782,56.5535,55.4523,55.9323,30.8904,785390,0,0
1998-01-28,56.017,56.4405,55.9323,56.2711,31.0775,677587,0,0
1998-01-29,55.8194,56.6664,55.8194,55.9323,30.8904,363697,0,0
1998-01-30,55.9323,55.9323,55.2264,55.3958,30.5941,285556,0,0
1998-02-02,56.2429,56.977,56.1582,56.977,31.4673,633536,0,0
1998-02-03,56.864,57.344,56.7229,57.2311,31.6077,307250,0,0
1998-02-04,57.2593,58.8687,57.1464,58.6146,32.3718,433868,0,0
1998-02-05,58.6146,58.6993,57.6828,58.1346,32.1067,903818,0,0
1998-02-06,58.1346,59.0381,58.1346,58.6993,32.4185,342225,0,0
1998-02-09,58.671,58.8687,58.1628,58.3605,32.2314,1112562,0,0
1998-02-10,58.2757,59.5181,58.2757,59.3769,32.7928,408854,0,0
1998-02-11,59.3204,59.3769,58.5016,58.7557,32.4497,1341007,0,0
1998-02-12,58.7275,59.3769,58.1628,59.1228,32.6524,274267,0,0
1998-02-13,59.0098,59.2075,58.5299,59.2075,32.6992,958716,0,0
1998-02-17,58.671,59.2922,58.6146,58.8404,32.4965,414610,0,0
1998-02-18,58.7275,59.1228,58.4169,58.8122,32.4809,379856,0,0
1998-02-19,58.8404,59.0098,58.5299,58.9534,32.5589,177532,0,0
1998-02-20,59.3487,59.8286,59.1792,59.8004,33.0267,382734,0,0
1998-02-23,59.7439,60.0827,59.3769,59.631,32.9332,217820,0,0
1998-02-24,59.631,59.631,58.5299,58.9251,32.5433,204095,0,0
1998-02-25,59.0381,61.1274,59.0381,60.591,33.4633,560708,0,0
1998-02-26,60.7039,62.5674,60.7039,62.4544,34.4925,1092861,0,0
1998-02-27,62.4544,62.7933,61.7486,62.7933,34.6796,420365,0,0
1998-03-02,62.6238,62.6521,61.8333,61.918,34.1962,522413,0,0
1998-03-03,61.4945,61.4945,60.591,61.2404,33.8219,379413,0,0
1998-03-04,61.1839,61.1839,60.1392,60.9298,33.6504,207858,0,0
1998-03-05,60.9298,61.3815,60.2522,60.8168,33.688,367903,0.1807,0
1998-03-06,61.0992,62.1721,60.9863,62.1721,34.4387,211621,0,0
1998-03-09,53.9841,56.017,50.3701,53.0806,29.4027,6051356,0,0
1998-03-10,52.8548,53.0242,50.596,51.4995,28.6243,4823686,0.1807,0
1998-03-11,51.2172,52.0642,49.9184,52.0642,28.9382,4443165,0,0
1998-03-12,52.403,52.403,50.9348,51.3583,28.5458,1709353,0,0
1998-03-13,50.3701,51.7254,50.3701,51.443,28.5929,2544549,0,0
1998-03-16,51.6124,51.6124,50.7372,50.9913,28.3418,1598008,0,0
1998-03-17,51.0477,51.8948,49.4949,49.6925,27.6199,2723630,0,0
1998-03-18,49.0149,49.269,47.3773,48.5631,26.9922,3520974,0,0
1998-03-19,48.309,49.6925,47.8855,49.1843,27.3374,2739568,0,0
1998-03-20,49.2407,49.2407,47.9984,48.3372,26.8667,2956724,0,0
1998-03-23,47.8855,48.7608,47.0385,48.5631,26.9922,3352961,0,0
1998-03-24,48.4502,48.4502,47.6596,48.309,26.851,1135805,0,0
1998-03-25,47.8573,48.1961,47.5467,47.6596,26.49,1438185,0,0
1998-03-26,47.6032,47.8573,47.3208,47.4338,26.3645,740897,0,0
1998-03-27,47.6596,47.6596,46.6432,46.7561,25.9879,871057,0,0
1998-03-30,46.7561,46.9255,46.4173,46.8126,26.0192,434754,0,0
1998-03-31,46.8691,48.789,46.8691,48.5349,26.9765,1424903,0,0
1998-04-01,48.422,49.4384,47.9984,49.4102,27.463,1225457,0,0
1998-04-02,49.2972,49.2972,47.7726,48.309,26.851,1611068,0,0
1998-04-03,48.3372,49.2407,48.2808,48.789,27.1177,2057554,0,0
1998-04-06,48.789,48.789,47.6596,47.8855,26.6156,284228,0,0
1998-04-07,47.8855,49.636,47.7161,49.156,27.3218,2345102,0,0
1998-04-08,49.0149,49.0149,47.8855,48.0549,26.7097,1200664,0,0
1998-04-09,48.2243,48.4502,47.942,48.0267,26.694,908688,0,0
1998-04-13,48.1678,48.9019,48.1678,48.6761,27.055,456669,0,0
1998-04-14,48.6761,48.9302,48.4784,48.8455,27.1491,207858,0,0
1998-04-15,48.8172,49.0149,47.9984,48.2525,26.8196,1043055,0,0
1998-04-16,48.1961,48.1961,47.6596,47.829,26.5842,511123,0,0
1998-04-17,47.8855,47.8855,47.462,47.6596,26.49,444715,0,0
1998-04-20,47.5467,47.7161,47.3208,47.349,26.3174,420808,0,0
1998-04-21,47.2361,47.6314,47.0667,47.5185,26.4116,739126,0,0
1998-04-22,47.5467,48.9584,47.4902,48.5914,27.0079,706586,0,0
1998-04-23,48.4784,48.7325,48.3372,48.6196,27.0236,443387,0,0
1998-04-24,48.6478,48.6478,47.9702,48.0831,26.7254,573769,0,0
1998-04-27,47.9702,48.3372,47.1232,47.5749,26.443,376978,0,0
1998-04-28,47.8008,48.1961,47.5185,48.1678,26.7725,359712,0,0
1998-04-29,48.1961,48.2808,47.7161,47.9137,26.6313,262092,0,0
1998-04-30,47.7443,48.309,47.5749,47.7443,26.5371,235529,0,0
1998-05-01,47.7443,49.0713,47.7443,48.6196,27.0236,656558,0,0
1998-05-04,48.6196,48.7325,47.7726,48.6196,27.0236,409297,0,0
1998-05-05,48.5067,48.8172,47.9984,48.1396,26.7568,330714,0,0
1998-05-06,48.1396,50.0313,47.7161,49.5513,27.5415,1839956,0,0
1998-05-07,49.6078,49.6078,47.9984,48.5067,26.9608,615827,0,0
1998-05-08,48.4502,49.1278,48.4502,48.6761,27.055,428113,0,0
1998-05-11,48.6196,49.0713,48.5631,48.5914,27.0079,272939,0,0
1998-05-12,48.309,48.6478,48.2243,48.2808,26.8353,222468,0,0
1998-05-13,47.829,48.422,47.829,48.309,26.851,187936,0,0
1998-05-14,48.309,49.8054,48.2243,48.789,27.1177,474156,0,0
1998-05-15,48.8172,48.9019,48.0549,48.5631,26.9922,602103,0,0
1998-05-18,48.4502,48.6761,48.1114,48.2243,26.8039,180188,0,0
1998-05-19,48.3372,49.156,48.3372,48.5631,26.9922,757499,0,0
1998-05-20,48.5914,48.6902,48.1678,48.4502,26.9294,796901,0,0
1998-05-21,48.4502,48.9584,48.3937,48.5349,26.9765,438074,0,0
1998-05-22,48.422,48.7043,48.2808,48.6478,27.0393,309020,0,0
1998-05-26,48.7608,48.9019,48.1114,48.1114,26.7411,226010,0,0
1998-05-27,47.9984,48.1678,47.6032,47.829,26.5842,472385,0,0
1998-05-28,47.9137,48.2243,47.8008,47.9984,26.6783,290205,0,0
1998-05-29,48.0267,48.4502,48.0267,48.422,27.0155,791588,0.1807,0
1998-06-01,48.3372,49.0149,48.1961,48.789,27.2202,336469,0,0
1998-06-02,48.5914,49.0149,48.3937,49.0149,27.3462,260764,0,0
1998-06-03,49.1278,49.1278,46.982,47.7726,26.6531,836303,0,0
1998-06-04,47.829,48.422,47.4338,48.3937,26.9997,569563,0,0
1998-06-05,48.3937,49.0149,48.1678,48.8737,27.2675,564250,0,0
1998-06-08,48.789,49.1278,48.5067,48.6761,27.1572,429884,0,0
1998-06-09,48.6761,48.6761,48.3372,48.6196,27.1257,389596,0,0
1998-06-10,48.6196,48.6196,47.9137,47.9702,26.7634,677809,0,0
1998-06-11,47.9702,47.9702,46.2479,46.3891,25.8813,600775,0,0
1998-06-12,46.3044,46.7561,44.5821,46.7561,26.0861,984615,0,0
1998-06-15,46.4738,46.5303,45.655,45.7115,25.5032,224903,0,0
1998-06-16,45.8244,45.9091,45.2315,45.4573,25.3614,475042,0,0
1998-06-17,45.9091,47.0949,45.6268,45.7397,25.519,408854,0,0
1998-06-18,45.8526,46.0785,45.4573,45.7962,25.5505,206309,0,0
1998-06-19,45.7397,45.7962,45.0621,45.2032,25.2197,412839,0,0
1998-06-22,45.0621,45.0621,43.9045,44.7233,24.9519,248810,0,0
1998-06-23,44.7797,45.0621,44.2715,44.8644,25.0306,496292,0,0
1998-06-24,44.8644,45.8809,44.4974,45.8809,25.5977,454012,0,0
1998-06-25,45.6268,45.6268,44.8644,45.1185,25.1724,271610,0,0
1998-06-26,45.0621,45.3162,44.6103,44.8927,25.0464,531489,0,0
1998-06-29,45.0056,45.2315,44.7797,44.9209,25.0621,432761,0,0
1998-06-30,44.9774,46.5867,44.6668,46.5867,25.9915,2255672,0,0
1998-07-01,46.1914,46.1914,45.3726,45.6268,25.456,1143996,0,0
1998-07-02,45.7397,46.6997,45.542,46.2761,25.8183,799115,0,0
1998-07-06,46.1632,46.6432,46.0503,46.6432,26.023,398450,0,0
1998-07-07,46.6432,47.5467,46.022,47.349,26.4168,806198,0,0
1998-07-08,47.3208,47.6032,46.8126,47.5749,26.5429,716104,0,0
1998-07-09,47.5749,48.5631,47.5749,48.0831,26.8264,942114,0,0
1998-07-10,48.1114,49.0713,48.1114,48.789,27.2202,1232097,0,0
1998-07-13,48.9019,48.9584,48.1114,48.309,26.9524,539015,0,0
1998-07-14,48.1961,48.1961,47.4338,47.6314,26.5744,493857,0,0
1998-07-15,47.5467,47.5467,45.6268,46.5585,25.9758,648589,0,0
1998-07-16,44.7233,44.7233,43.9045,43.9892,24.5423,2750858,0,0
1998-07-17,40.6575,41.4481,40.4316,40.9398,22.841,5957056,0,0
1998-07-20,40.9681,42.6339,40.9398,42.0127,23.4396,1484007,0,0
1998-07-21,42.0127,42.0975,41.3069,41.3634,23.0773,1380410,0,0
1998-07-22,41.4763,41.561,40.4599,40.6293,22.6678,1064527,0,0
1998-07-23,40.4316,40.714,38.3987,38.8787,21.6911,1451467,0,0
1998-07-24,39.0764,39.1893,38.6811,38.7376,21.6124,1046818,0,0
1998-07-27,38.6246,38.6246,38.0599,38.5964,21.5336,541450,0,0
1998-07-28,38.5399,38.5399,36.14,36.8176,20.5412,1461428,0,0
1998-07-29,36.9306,37.3823,36.3659,36.5918,20.4152,793138,0,0
1998-07-30,36.6482,37.1,36.62,36.6482,20.4467,548976,0,0
1998-07-31,36.7612,36.9306,36.4506,36.5918,20.4152,569120,0,0
1998-08-03,36.5918,36.5918,35.7447,35.9988,20.0844,497178,0,0
1998-08-04,36.0271,36.1118,33.4295,34.333,19.155,1250692,0,0
1998-08-05,34.3048,34.3048,33.373,33.853,18.8872,992806,0,0
1998-08-06,33.853,33.853,32.8648,33.6554,18.7769,401550,0,0
1998-08-07,33.8812,34.8412,33.8812,34.6436,19.3282,777864,0,0
1998-08-10,34.333,34.333,33.006,33.2883,18.5721,601439,0,0
1998-08-11,32.526,32.7519,31.6225,32.2154,17.9735,1319978,0,0
1998-08-12,32.6672,33.3166,32.526,32.9495,18.3831,652131,0,0
1998-08-13,32.8083,32.9777,32.3001,32.5825,18.1783,573990,0,0
1998-08-14,32.6954,32.7519,31.6225,31.7637,17.7215,548755,0,0
1998-08-17,31.6507,31.7354,30.8602,31.3402,17.4852,937908,0,0
1998-08-18,31.4531,32.3566,31.4531,32.1025,17.9105,558273,0,0
1998-08-19,32.1025,32.1025,31.2837,31.3966,17.5167,576868,0,0
1998-08-20,31.5378,31.7072,31.1143,31.1708,17.3907,613171,0,0
1998-08-21,30.9449,31.086,29.6461,31.086,17.3434,905589,0,0
1998-08-24,31.199,32.0742,30.719,31.0296,17.3119,1020476,0,0
1998-08-25,31.2837,32.526,31.2837,31.8766,17.7845,1081129,0,0
1998-08-26,31.566,31.6225,30.3237,30.4367,16.9811,960708,0,0
1998-08-27,29.8155,29.9284,28.7708,28.912,16.2268,1184947,0.1807,0
1998-08-28,29.0814,29.3637,28.5167,29.1379,16.3536,684228,0,0
1998-08-31,29.2508,29.6179,28.0367,28.6297,16.0684,966021,0,0
1998-09-01,28.5167,29.8155,28.5167,29.6179,16.623,1269507,0,0
1998-09-02,29.8155,30.0696,28.4885,28.6014,16.0525,904040,0,0
1998-09-03,28.2344,28.6861,27.5567,28.2344,15.8465,1012064,0,0
1998-09-04,28.3473,28.3473,27.2744,27.6132,15.4979,642833,0,0
1998-09-08,27.7826,28.1214,26.9921,27.5285,15.4504,1015827,0,0
1998-09-09,27.6132,29.1943,27.6132,29.1943,16.3853,2044494,0,0
1998-09-10,28.4603,28.7708,28.065,28.4603,15.9733,1271057,0,0
1998-09-11,28.4038,28.4038,27.3873,27.4438,15.4028,850470,0,0
1998-09-14,27.8391,28.0085,26.7944,26.9356,15.1176,1811621,0,0
1998-09-15,26.8791,27.6132,26.8227,27.5003,15.4345,1201550,0,0
1998-09-16,27.7262,27.8956,27.1615,27.8956,15.6564,957831,0,0
1998-09-17,27.7826,28.2061,27.4438,27.8673,15.6405,858218,0,0
1998-09-18,27.7826,29.0814,27.7826,28.4603,15.9733,1581406,0,0
1998-09-21,28.3755,29.0532,28.2344,28.9685,16.2585,1333260,0,0
1998-09-22,29.0814,29.5049,28.4885,28.6297,16.0684,856004,0,0
1998-09-23,29.1379,30.4084,29.1379,30.3802,17.0509,3290094,0,0
1998-09-24,30.2673,31.5096,30.1825,30.8037,17.2886,1972551,0,0
1998-09-25,30.6343,31.1425,30.4931,31.086,17.447,1276370,0,0
1998-09-28,31.086,32.4695,31.086,31.7637,17.8273,991256,0,0
1998-09-29,31.9895,32.5825,31.7637,32.5542,18.271,799779,0,0
1998-09-30,32.4413,33.1472,32.4413,32.9777,18.5087,1411621,0,0
1998-10-01,32.7519,33.4577,32.4131,33.006,18.5246,1909242,0,0
1998-10-02,33.3166,33.8248,32.7519,33.8248,18.9841,1422911,0,0
1998-10-05,33.7118,34.1071,33.1189,33.8812,19.0158,1284781,0,0
1998-10-06,34.1071,34.1071,33.5989,33.966,19.0634,863088,0,0
1998-10-07,34.1071,34.5024,33.0342,33.1754,18.6197,1853016,0,0
1998-10-08,32.893,32.893,31.5096,32.7519,18.382,887659,0,0
1998-10-09,32.8083,33.2601,32.046,32.1872,18.065,1085113,0,0
1998-10-12,32.526,33.1472,31.9613,32.0178,17.97,1165468,0,0
1998-10-13,32.0742,32.3566,31.566,32.0742,18.0017,782291,0,0
1998-10-14,32.2437,32.7236,32.0742,32.6389,18.3186,995905,0,0
1998-10-15,32.526,33.6554,32.4413,33.4013,18.7464,1263088,0,0
1998-10-16,33.5989,35.0953,33.5424,34.9542,19.618,1228334,0,0
1998-10-19,34.8977,36.14,34.813,35.7447,20.0617,1026895,0,0
1998-10-20,35.7447,36.14,35.2083,35.4059,19.8715,801550,0,0
1998-10-21,35.5188,35.5471,34.4459,34.7283,19.4912,285556,0,0
1998-10-22,34.8412,35.0671,34.4459,34.813,19.5388,312562,0,0
1998-10-23,34.8695,35.4059,34.7,35.0671,19.6814,421915,0,0
1998-10-26,35.18,35.5753,34.7848,34.9259,19.6022,302822,0,0
1998-10-27,35.0953,35.9424,35.0953,35.3494,19.8399,494300,0,0
1998-10-28,35.293,36.5635,35.2647,35.5188,19.9349,548755,0,0
1998-10-29,35.4624,35.9706,35.1236,35.8859,20.1409,265855,0,0
1998-10-30,35.8577,36.2529,35.8294,36.0271,20.2202,300166,0,0
1998-11-02,35.9424,36.507,35.9424,36.3659,20.4103,714112,0,0
1998-11-03,36.5353,36.9023,36.0553,36.0553,20.236,529496,0,0
1998-11-04,36.1682,37.5235,36.14,37.4388,21.0125,606087,0,0
1998-11-05,37.3258,37.7776,36.9306,37.58,21.0917,328500,0,0
1998-11-06,37.58,37.58,36.987,37.2129,20.8857,195241,0,0
1998-11-09,37.2129,37.8905,36.9306,37.5517,21.0759,891422,0,0
1998-11-10,37.5517,37.947,37.0153,37.1847,20.8699,453127,0,0
1998-11-11,37.2694,37.2694,35.9706,36.14,20.2836,396901,0,0
1998-11-12,36.14,36.2529,35.4624,36.2247,20.3311,791367,0,0
1998-11-13,36.2529,36.8459,36.14,36.6765,20.5846,581074,0,0
1998-11-16,36.7894,36.7894,36.2812,36.7329,20.6163,791367,0,0
1998-11-17,36.5918,37.0153,36.507,36.6765,20.5846,562037,0,0
1998-11-18,36.7329,36.7612,36.0835,36.3376,20.3945,778749,0,0
1998-11-19,36.3941,36.4223,36.1682,36.2812,20.3628,545656,0,0
1998-11-20,36.5918,36.7329,36.1965,36.4506,20.4579,1002767,0,0
1998-11-23,36.6482,37.7494,36.5353,37.2694,20.9174,630880,0,0
1998-11-24,36.9306,37.4953,36.7612,37.0153,20.7748,441395,0,0
1998-11-25,36.9306,37.7211,36.7329,36.8459,20.7812,412618,0.1807,0
1998-11-27,36.8459,36.8459,36.5918,36.6482,20.6697,184394,0,0
1998-11-30,36.5353,37.1564,36.507,36.7047,20.7015,822800,0,0
1998-12-01,36.6482,36.9588,36.62,36.6765,20.6856,874156,0,0
1998-12-02,36.0835,36.1118,33.3166,34.9542,19.7142,2664084,0,0
1998-12-03,34.9542,35.18,33.5424,35.1236,19.8098,1746541,0,0
1998-12-04,35.4624,36.4788,35.4624,35.66,20.1123,1882236,0,0
1998-12-07,35.7447,36.14,34.7848,35.9424,20.2716,553182,0,0
1998-12-08,36.0553,36.14,35.5753,35.6318,20.0964,201660,0,0
1998-12-09,35.5753,35.8577,34.7565,35.0953,19.7938,455119,0,0
1998-12-10,35.2083,35.2365,33.6554,33.7965,19.0613,1177421,0,0
1998-12-11,33.7401,33.7401,32.3566,32.4131,18.2811,1371555,0,0
1998-12-14,32.3566,33.1472,32.2154,32.6389,18.4084,669397,0,0
1998-12-15,32.526,32.6389,31.679,31.9048,17.9944,1201107,0,0
1998-12-16,31.9048,33.6554,31.6225,33.1754,18.711,1212396,0,0
1998-12-17,33.1189,33.6554,32.9777,33.0907,18.6632,508467,0,0
1998-12-18,32.9777,33.2883,32.893,33.0907,18.6632,536580,0,0
1998-12-21,33.0342,33.1472,32.7236,32.9213,18.5677,444715,0,0
1998-12-22,32.8648,33.0342,32.3566,32.6954,18.4403,738240,0,0
1998-12-23,32.7519,32.7519,30.9166,31.3966,17.7078,1228998,0,0
1998-12-24,31.5096,31.8484,31.5096,31.679,17.867,130825,0,0
1998-12-28,31.7354,32.526,31.086,32.3284,18.2333,857775,0,0
1998-12-29,32.3284,32.3566,31.9895,32.0742,18.09,363254,0,0
1998-12-30,32.1307,33.373,32.1307,32.9777,18.5995,411511,0,0
1998-12-31,32.9213,33.0907,32.526,33.0342,18.6314,187493,0,0
1999-01-04,33.4013,34.1636,32.526,32.6389,18.4084,879469,0,0
1999-01-05,32.6389,33.2601,32.6389,33.0907,18.6632,703486,0,0
1999-01-06,31.0578,31.3966,30.0414,31.3119,17.66,4110681,0,0
1999-01-07,31.086,31.2555,30.5496,30.719,17.3256,1994245,0,0
1999-01-08,30.719,30.7755,28.6861,29.4767,16.6249,1874931,0,0
1999-01-11,29.5332,30.0131,29.5332,29.759,16.7842,685778,0,0
1999-01-12,29.6461,29.6743,29.2226,29.5332,16.6568,1053016,0,0
1999-01-13,29.0814,29.1096,27.8956,28.9967,16.3542,1861428,0,0
1999-01-14,28.9967,29.2226,28.2344,28.2626,15.9402,1254234,0,0
1999-01-15,28.3755,28.545,28.2344,28.4038,16.0198,1109463,0,0
1999-01-19,28.7991,28.912,28.0085,28.2344,15.9243,515108,0,0
1999-01-20,28.2061,28.3191,27.6697,27.952,15.765,453791,0,0
1999-01-21,27.5003,27.7262,26.8791,27.5003,15.5102,1058329,0,0
1999-01-22,27.3873,27.5003,26.8791,27.2179,15.351,1331931,0,0
1999-01-25,27.2179,27.7544,27.2179,27.6132,15.5739,405977,0,0
1999-01-26,27.6132,28.0367,27.1332,27.1897,15.3351,902269,0,0
1999-01-27,27.105,27.2179,26.0321,26.145,14.7459,722081,0,0
1999-01-28,26.145,26.145,25.6368,25.9756,14.6503,1301605,0,0
1999-01-29,26.0321,26.145,25.5803,25.7497,14.5229,582623,0,0
1999-02-01,26.6532,28.7991,26.5968,28.2908,15.9561,2077698,0,0
1999-02-02,28.3191,29.0814,27.7826,29.0249,16.3701,1115440,0,0
1999-02-03,29.0249,30.4931,29.0249,29.6179,16.7046,2005313,0,0
1999-02-04,29.7308,29.9849,29.4767,29.5614,16.6727,1263531,0,0
1999-02-05,29.9002,30.0414,29.6179,29.9284,16.8797,661428,0,0
1999-02-08,29.8437,30.1261,29.4767,29.9284,16.8797,621140,0,0
1999-02-09,29.872,29.9284,28.9685,29.2508,16.4975,1170559,0,0
1999-02-10,29.1943,29.2226,28.4603,28.6579,16.1631,662092,0,0
1999-02-11,28.7144,28.7144,27.5285,28.1779,15.8924,2054898,0,0
1999-02-12,28.2344,28.4038,27.5567,27.6697,15.6058,318760,0,0
1999-02-16,27.7826,28.1779,27.1615,27.5003,15.5102,703486,0,0
1999-02-17,27.5003,27.5003,27.0203,27.2179,15.351,469286,0,0
1999-02-18,27.3873,27.6132,27.2744,27.5003,15.5102,440509,0,0
1999-02-19,27.6132,28.0085,27.4438,27.7826,15.6695,544770,0,0
1999-02-22,28.0085,28.0085,27.2462,27.8391,15.7013,670061,0,0
1999-02-23,27.952,28.1214,27.0485,28.065,15.8287,751965,0,0
1999-02-24,28.4603,28.6579,28.2626,28.3473,15.988,499391,0,0
1999-02-25,28.1497,28.3191,27.472,28.2061,16.0104,382955,0.1807,0
1999-02-26,28.3191,28.5167,28.0932,28.1497,15.9783,274267,0,0
1999-03-01,28.0367,28.1214,27.6415,27.8956,15.8341,414610,0,0
1999-03-02,27.8391,28.2344,27.472,27.585,15.6578,1026895,0,0
1999-03-03,27.585,27.9803,27.1615,27.2462,15.4655,1057222,0,0
1999-03-04,27.4156,28.7426,27.4156,28.3755,16.1065,1879137,0,0
1999-03-05,28.3191,28.4038,27.2462,28.0085,15.8982,813946,0,0
1999-03-08,28.065,28.1214,27.6697,27.8391,15.8021,416602,0,0
1999-03-09,27.8673,27.9803,27.6415,27.7262,15.738,249032,0,0
1999-03-10,27.7262,27.7544,27.3873,27.472,15.5937,627338,0,0
1999-03-11,27.585,27.7262,27.3873,27.5567,15.6418,611400,0,0
1999-03-12,27.7826,28.6861,27.7826,28.545,16.2027,720310,0,0
1999-03-15,28.6297,29.3355,28.6297,29.3355,16.6515,597897,0,0
1999-03-16,29.5049,30.0978,29.3637,29.6461,16.8277,861538,0,0
1999-03-17,29.6461,29.8155,29.4767,29.7026,16.8598,566242,0,0
1999-03-18,29.4767,29.7873,29.3637,29.7026,16.8598,239292,0,0
1999-03-19,29.7026,29.7026,28.912,29.0249,16.4752,475484,0,0
1999-03-22,29.0249,29.0249,28.2344,28.4603,16.1546,278251,0,0
1999-03-23,28.4038,28.5167,27.7826,27.8673,15.8181,294632,0,0
1999-03-24,27.8956,28.2908,27.8391,27.9238,15.8501,308578,0,0
1999-03-25,27.9238,28.1214,27.6132,27.8109,15.786,415274,0,0
1999-03-26,27.8391,27.8391,26.8791,27.0768,15.3693,711898,0,0
1999-03-29,27.3026,27.5003,27.2179,27.472,15.5937,703929,0,0
1999-03-30,27.2462,27.2462,26.5968,26.8791,15.2572,769231,0,0
1999-03-31,26.9921,27.5003,26.8791,27.0485,15.3533,656115,0,0
1999-04-01,27.0485,27.2744,26.9638,27.1332,15.4014,385169,0,0
1999-04-05,27.105,27.3309,26.9638,27.0768,15.3693,428777,0,0
1999-04-06,27.105,27.1897,26.5403,26.5685,15.0809,440066,0,0
1999-04-07,26.4838,26.5403,25.8909,26.2015,14.8725,887880,0,0
1999-04-08,26.258,26.2862,26.0321,26.0886,14.8084,138129,0,0
1999-04-09,26.145,26.5121,26.0886,26.2015,14.8725,359934,0,0
1999-04-12,26.0886,27.4156,26.0603,27.3873,15.5456,497178,0,0
1999-04-13,27.3873,27.8391,26.7944,26.8791,15.2572,416381,0,0
1999-04-14,26.6532,28.1214,26.5403,27.7262,15.738,715661,0,0
1999-04-15,28.0085,29.0249,28.0085,28.5167,16.1867,621140,0,0
1999-04-16,28.912,29.9284,28.8555,29.6179,16.8117,665412,0,0
1999-04-19,29.7308,30.8319,29.6743,30.352,17.2284,1489762,0,0
1999-04-20,30.352,30.352,29.1379,29.1943,16.5713,506475,0,0
1999-04-21,29.4202,30.0978,29.1943,29.279,16.6194,551411,0,0
1999-04-22,29.2226,29.279,28.8838,29.0249,16.4752,340897,0,0
1999-04-23,29.0249,29.2226,28.7708,28.9685,16.4431,489873,0,0
1999-04-26,29.0814,29.2508,28.912,28.9402,16.4271,815938,0,0
1999-04-27,30.0414,30.0414,28.4603,28.5167,16.1867,1179635,0,0
1999-04-28,28.5167,29.4767,28.5167,29.2226,16.5873,1043276,0,0
1999-04-29,29.279,29.6179,28.9402,28.9685,16.4431,432097,0,0
1999-04-30,29.2508,29.4767,28.6579,28.8838,16.395,649032,0,0
1999-05-03,29.279,29.6461,29.1943,29.5332,16.7636,548755,0,0
1999-05-04,29.6461,30.4931,29.5896,29.872,16.956,1056558,0,0
1999-05-05,29.759,29.9849,29.4767,29.8155,16.9239,394687,0,0
1999-05-06,29.8155,30.1261,29.5896,29.872,16.956,521970,0,0
1999-05-07,29.872,30.7755,29.872,30.0978,17.0842,729828,0,0
1999-05-10,30.0978,30.4649,30.0978,30.3802,17.2444,764582,0,0
1999-05-11,30.4931,30.5214,29.9284,30.0696,17.0681,615827,0,0
1999-05-12,30.1543,30.8319,29.9284,30.4649,17.2925,1007637,0,0
1999-05-13,30.3802,31.1143,30.3802,31.0296,17.613,644604,0,0
1999-05-14,31.0296,31.0578,30.4931,30.6061,17.3726,1591146,0,0
1999-05-17,30.6061,30.6908,30.0414,30.239,17.1643,485003,0,0
1999-05-18,30.352,30.8319,30.3237,30.6908,17.4207,509131,0,0
1999-05-19,30.8037,31.1425,30.6061,31.0296,17.613,1316215,0,0
1999-05-20,31.1708,31.8484,31.1708,31.4531,17.8534,1638517,0,0
1999-05-21,31.566,33.373,31.566,33.1189,18.799,1552407,0,0
1999-05-24,32.9213,32.9495,31.7919,32.0742,18.206,1423132,0,0
1999-05-25,32.1307,32.4695,31.679,31.7354,18.0137,455119,0,0
1999-05-26,31.8484,31.9613,31.2837,31.7919,18.0458,485003,0,0
1999-05-27,31.4531,31.679,30.7755,30.8884,17.6331,708356,0.1807,0
1999-05-28,30.9166,31.1425,30.4367,30.5214,17.4236,796458,0,0
1999-06-01,30.4931,30.9166,30.4367,30.4931,17.4075,557609,0,0
1999-06-02,30.4931,30.9731,30.4367,30.6625,17.5042,598118,0,0
1999-06-03,30.6625,30.8319,29.9284,30.0131,17.1335,645490,0,0
1999-06-04,30.2108,30.5214,30.2108,30.3802,17.343,540122,0,0
1999-06-07,30.4931,31.0013,30.4649,30.4649,17.3914,479690,0,0
1999-06-08,30.4931,30.7755,30.352,30.5214,17.4236,338240,0,0
1999-06-09,30.0414,30.0414,29.2508,29.5614,16.8756,567571,0,0
1999-06-10,29.6743,29.6743,29.0814,29.1379,16.6338,587272,0,0
1999-06-11,29.1943,29.5049,28.9685,29.0814,16.6016,312341,0,0
1999-06-14,29.0814,29.5896,29.0814,29.3073,16.7305,349751,0,0
1999-06-15,29.2508,30.0414,29.2508,29.5614,16.8756,394687,0,0
1999-06-16,29.7308,30.4931,29.7308,30.4367,17.3752,895407,0,0
1999-06-17,30.5496,31.1425,30.5496,30.6061,17.472,821915,0,0
1999-06-18,30.6061,30.6343,29.9284,29.9284,17.0851,471500,0,0
1999-06-21,30.0414,30.0414,29.0249,29.4485,16.8111,361704,0,0
1999-06-22,29.6743,29.7026,29.0249,29.1379,16.6338,339790,0,0
1999-06-23,29.1661,29.759,29.1096,29.3637,16.7627,391810,0,0
1999-06-24,29.3637,29.3637,28.5167,28.5732,16.3115,471057,0,0
1999-06-25,28.545,29.6461,28.545,29.5896,16.8917,781406,0,0
1999-06-28,29.6461,30.352,29.279,29.5332,16.8595,881240,0,0
1999-06-29,29.5896,30.2955,29.4202,30.2955,17.2947,783177,0,0
1999-06-30,30.2955,30.3802,29.872,29.9567,17.1012,341561,0,0
1999-07-01,30.0696,30.352,29.8437,30.352,17.3269,508246,0,0
1999-07-02,30.4649,30.6061,30.4084,30.6061,17.472,251688,0,0
1999-07-06,30.6061,31.3966,30.3237,31.086,17.746,497620,0,0
1999-07-07,32.3001,33.7118,31.7354,33.5707,19.1643,3019148,0,0
1999-07-08,33.4577,33.4577,32.5825,33.1189,18.9065,1511677,0,0
1999-07-09,33.3448,33.3448,32.3284,32.4695,18.5357,602767,0,0
1999-07-12,32.526,33.1754,32.1872,33.1472,18.9226,413282,0,0
1999-07-13,33.0342,33.0625,32.5542,32.7236,18.6808,226674,0,0
1999-07-14,32.7236,33.2036,32.5542,32.9495,18.8097,377421,0,0
1999-07-15,33.2036,33.7118,33.1754,33.5142,19.1321,375872,0,0
1999-07-16,33.5989,34.3048,33.5989,34.1918,19.5189,621583,0,0
1999-07-19,34.1354,34.2765,33.2036,33.4295,19.0838,633094,0,0
1999-07-20,33.4295,33.4295,32.7519,32.9495,18.8097,432097,0,0
1999-07-21,33.3448,33.7683,33.3448,33.7683,19.2772,1080465,0,0
1999-07-22,33.4295,34.1071,33.2036,33.7965,19.2933,587272,0,0
1999-07-23,33.7965,33.9942,33.5989,33.7683,19.2772,313005,0,0
1999-07-26,33.4295,33.6271,32.9777,33.0342,18.8581,276702,0,0
1999-07-27,33.0342,33.2883,32.7801,33.1472,18.9226,223132,0,0
1999-07-28,32.9213,33.1472,32.5542,32.6954,18.6647,399557,0,0
1999-07-29,32.526,32.9777,32.3001,32.6672,18.6486,410625,0,0
1999-07-30,32.5542,32.8083,32.4131,32.5825,18.6002,361262,0,0
1999-08-02,32.4695,32.5825,31.9331,31.9895,18.2617,442059,0,0
1999-08-03,31.9331,32.1872,31.5943,32.1872,18.3746,572883,0,0
1999-08-04,32.3001,32.3001,31.6225,31.6225,18.0522,299281,0,0
1999-08-05,31.6225,31.6225,31.3402,31.3684,17.9071,232429,0,0
1999-08-06,31.3119,31.3119,31.1425,31.199,17.8104,215606,0,0
1999-08-09,31.2272,31.3119,30.9731,31.199,17.8104,420365,0,0
1999-08-10,31.1708,31.2837,30.8884,31.2555,17.8427,450692,0,0
1999-08-11,31.2555,31.6225,31.2555,31.5378,18.0038,211843,0,0
1999-08-12,31.7637,31.8201,31.3402,31.3402,17.891,403763,0,0
1999-08-13,31.4249,31.5096,31.086,31.3966,17.9232,281129,0,0
1999-08-16,31.3966,31.5096,31.086,31.1425,17.7782,115772,0,0
1999-08-17,31.086,31.8484,31.086,31.7072,18.1006,496292,0,0
1999-08-18,31.7072,31.8484,31.2272,31.4531,17.9555,181074,0,0
1999-08-19,31.3402,31.3402,30.6625,31.1425,17.7782,188600,0,0
1999-08-20,31.2555,31.3684,31.1143,31.2272,17.8266,102933,0,0
1999-08-23,31.6225,32.7801,31.5096,32.4978,18.5518,594577,0,0
1999-08-24,32.8083,33.9377,32.6672,33.6836,19.2288,952739,0,0
1999-08-25,33.6836,33.8248,33.2601,33.4295,19.0838,626231,0,0
1999-08-26,33.3448,33.3448,33.006,33.0625,18.9768,207637,0.1807,0
1999-08-27,33.0342,33.0625,32.4978,32.7519,18.7985,247703,0,0
1999-08-30,32.6954,33.0625,32.6954,32.7236,18.7823,376536,0,0
1999-08-31,32.6954,32.893,32.5825,32.7519,18.7985,306143,0,0
1999-09-01,32.6672,32.9495,32.5542,32.8366,18.8472,206087,0,0
1999-09-02,32.7519,32.7519,31.8484,32.1307,18.442,538129,0,0
1999-09-03,32.3001,32.4695,32.1872,32.3001,18.5392,486774,0,0
1999-09-07,32.3566,32.3566,31.7637,31.7919,18.2475,740232,0,0
1999-09-08,31.7637,31.7919,31.3966,31.6225,18.1503,390703,0,0
1999-09-09,31.5096,31.566,31.0578,31.3684,18.0045,500277,0,0
1999-09-10,31.4249,32.0178,31.3966,31.6507,18.1665,926176,0,0
1999-09-13,31.5943,31.6225,31.4249,31.5943,18.1341,338019,0,0
1999-09-14,31.5943,31.5943,31.0013,31.0013,17.7938,142778,0,0
1999-09-15,31.0578,31.199,30.6061,30.6343,17.5831,278251,0,0
1999-09-16,30.5496,30.5496,29.2508,29.6743,17.0321,668290,0,0
1999-09-17,29.6743,30.4367,29.6743,29.6743,17.0321,1480022,0,0
1999-09-20,29.759,29.759,28.9402,28.9967,16.6432,325844,0,0
1999-09-21,28.6014,28.7426,28.2344,28.6861,16.4649,1741229,0,0
1999-09-22,28.7426,28.7426,28.1214,28.2626,16.2218,643940,0,0
1999-09-23,28.2908,28.2908,27.2744,27.4156,15.7357,438738,0,0
1999-09-24,27.3873,27.4438,26.9074,27.0768,15.5412,833647,0,0
1999-09-27,27.0485,27.952,27.0485,27.585,15.8329,368124,0,0
1999-09-28,27.6979,27.9803,27.472,27.5567,15.8167,649474,0,0
1999-09-29,27.4438,27.8673,27.105,27.105,15.5574,560487,0,0
1999-09-30,27.2179,29.1096,27.2179,28.7144,16.4811,584394,0,0
1999-10-01,28.6014,28.6014,27.0485,27.2179,15.6222,582623,0,0
1999-10-04,27.2179,27.8956,27.1897,27.8109,15.9625,356613,0,0
1999-10-05,27.7262,27.7262,26.3144,26.4838,15.2009,629330,0,0
1999-10-06,26.5968,26.7662,26.3709,26.6532,15.2981,525733,0,0
1999-10-07,26.7662,27.3873,26.6532,27.1615,15.5898,631765,0,0
1999-10-08,26.9921,27.6979,26.9921,27.6979,15.8977,427227,0,0
1999-10-11,27.9238,28.4885,27.6132,28.1497,16.157,415274,0,0
1999-10-12,28.1497,28.1497,25.3827,26.6532,15.2981,2040730,0,0
1999-10-13,26.2015,26.3144,25.2415,25.3262,14.5364,865302,0,0
1999-10-14,25.1851,25.8627,25.0721,25.4956,14.6337,703929,0,0
1999-10-15,25.4956,25.4956,24.6204,25.1568,14.4392,548091,0,0
1999-10-18,25.1568,25.6368,24.7898,25.3827,14.5689,381848,0,0
1999-10-19,25.298,25.7497,24.5639,24.5921,14.1151,498506,0,0
1999-10-20,25.0439,25.4674,24.5074,24.7898,14.2285,888766,0,0
1999-10-21,24.6204,25.1286,24.5639,24.8463,14.261,1246929,0,0
1999-10-22,25.4109,25.8062,24.0557,24.7051,14.1799,1075816,0,0
1999-10-25,24.8463,24.8463,24.0557,24.3663,13.9855,684449,0,0
1999-10-26,24.3945,24.8745,24.2251,24.7333,14.1961,1003210,0,0
1999-10-27,24.7333,24.9592,24.5639,24.7615,14.2123,1901937,0,0
1999-10-28,24.7898,25.1286,24.7898,25.0439,14.3744,1009851,0,0
1999-10-29,24.931,24.931,23.8016,24.7898,14.2285,1373326,0,0
1999-11-01,24.818,24.8463,24.6768,24.7615,14.2123,668733,0,0
1999-11-02,24.7898,24.8463,24.5639,24.7333,14.1961,308578,0,0
1999-11-03,24.8463,24.9592,24.5639,24.8463,14.261,682900,0,0
1999-11-04,24.8745,24.9592,24.6204,24.8463,14.261,858218,0,0
1999-11-05,24.9592,25.0157,24.6486,24.7051,14.1799,224239,0,0
1999-11-08,24.7051,24.7051,24.1686,24.1969,13.8882,488102,0,0
1999-11-09,24.2816,24.3663,23.6039,24.2816,13.9368,402214,0,0
1999-11-10,24.2816,24.9592,24.2816,24.7898,14.2285,585058,0,0
1999-11-11,24.818,25.298,23.491,23.7451,13.6289,1076702,0,0
1999-11-12,23.5475,24.1122,22.8698,24.0839,13.8234,1687438,0,0
1999-11-15,24.0839,24.4227,23.9428,24.338,13.9693,470614,0,0
1999-11-16,24.3945,24.451,23.7169,24.1686,13.872,1572773,0,0
1999-11-17,24.2816,25.0721,23.9428,25.0157,14.3582,590592,0,0
1999-11-18,24.931,26.0321,24.931,25.8062,14.812,653016,0,0
1999-11-19,25.3545,26.625,25.3545,26.1168,14.9902,819037,0,0
1999-11-22,26.0321,26.1733,25.4533,25.5239,14.6499,522634,0,0
1999-11-23,25.4674,25.5521,24.9874,25.1568,14.4392,401550,0,0
1999-11-24,24.931,25.0157,24.3945,24.5074,14.1683,189928,0.1807,0
1999-11-26,24.5074,24.6204,24.3945,24.4227,14.1193,77476,0,0
1999-11-29,24.3098,24.3098,23.491,24.0557,13.9071,453791,0,0
1999-11-30,23.9428,25.3827,23.9428,24.7545,14.3111,617820,0,0
1999-12-01,25.2415,25.2698,24.5074,25.0157,14.4621,865302,0,0
1999-12-02,25.1851,25.3545,25.0721,25.1851,14.56,675595,0,0
1999-12-03,25.298,26.4274,25.298,26.2862,15.1966,763475,0,0
1999-12-06,26.1168,26.2015,24.9592,25.8909,14.9681,697952,0,0
1999-12-07,25.7215,25.8062,23.7169,24.1686,13.9724,2153625,0,0
1999-12-08,24.0557,24.1686,23.3216,23.3216,13.4827,2141229,0,0
1999-12-09,23.3781,23.3781,21.2323,22.8134,13.1889,2252131,0,0
1999-12-10,23.0392,23.6604,22.9828,23.3216,13.4827,935030,0,0
1999-12-13,23.2651,23.2934,22.531,22.8698,13.2215,1281240,0,0
1999-12-14,22.9828,23.2934,22.7287,22.9828,13.2868,991699,0,0
1999-12-15,23.011,23.0392,22.8134,22.8981,13.2379,1078473,0,0
1999-12-16,23.011,24.0557,22.8134,23.0957,13.3521,1058771,0,0
1999-12-17,23.124,23.3498,22.6157,22.7004,13.1236,913558,0,0
1999-12-20,22.644,22.7004,21.7405,22.1358,12.7971,643498,0,0
1999-12-21,22.0793,22.9263,21.7122,22.4181,12.9604,940564,0,0
1999-12-22,22.4181,22.531,22.3334,22.531,13.0257,563807,0,0
1999-12-23,22.5875,23.4345,22.5875,23.2087,13.4174,423686,0,0
1999-12-27,23.3216,23.6604,23.124,23.5475,13.6133,457111,0,0
1999-12-28,23.491,23.6039,23.2651,23.4063,13.5317,323409,0,0
1999-12-29,23.491,23.8298,23.3781,23.7451,13.7275,257222,0,0
1999-12-30,23.858,24.5921,23.8016,24.338,14.0703,562258,0,0
1999-12-31,24.2816,24.5357,24.1404,24.4227,14.1193,337355,0,0
2000-01-03,24.5357,24.5357,23.5475,23.8863,13.8092,336691,0,0
2000-01-04,24.2251,24.8463,24.1122,24.1969,13.9887,664527,0,0
2000-01-05,24.1969,24.7615,24.1122,24.1686,13.9724,613614,0,0
2000-01-06,23.9428,23.9428,23.491,23.7169,13.7112,654123,0,0
2000-01-07,23.8298,24.6204,23.8298,24.2816,14.0377,944770,0,0
2000-01-10,24.3945,24.5074,23.9428,23.9992,13.8744,660985,0,0
2000-01-11,23.9428,25.0157,23.9145,24.4227,14.1193,516215,0,0
2000-01-12,24.5357,24.6204,24.1686,24.1686,13.9724,305700,0,0
2000-01-13,24.2251,24.4792,24.0839,24.1686,13.9724,277809,0,0
2000-01-14,24.1686,24.3945,24.0557,24.0557,13.9071,370338,0,0
2000-01-18,23.4345,23.7169,23.011,23.5475,13.6133,435639,0,0
2000-01-19,23.3781,23.4628,22.6722,22.8134,13.1889,709685,0,0
2000-01-20,22.9263,23.2369,22.1922,22.9263,13.2542,741339,0,0
2000-01-21,23.1522,23.5757,22.7287,23.5757,13.6296,592806,0,0
2000-01-24,23.5757,23.8298,21.9663,22.0228,12.7318,677144,0,0
2000-01-25,22.1922,22.2769,21.0064,21.5711,12.4707,646818,0,0
2000-01-26,21.7405,21.7969,20.4417,21.6275,12.5033,1039734,0,0
2000-01-27,21.684,22.7569,21.684,22.5875,13.0583,1344106,0,0
2000-01-28,22.644,23.011,22.3616,22.6157,13.0746,656779,0,0
2000-01-31,22.644,22.7004,22.0228,22.7004,13.1236,526619,0,0
2000-02-01,22.9263,22.9263,22.1922,22.7004,13.1236,978860,0,0
2000-02-02,22.8134,22.8416,22.2487,22.5875,13.0583,778528,0,0
2000-02-03,22.8698,22.9545,22.3334,22.5593,13.042,667626,0,0
2000-02-04,22.644,23.3781,22.644,23.3781,13.5153,679579,0,0
2000-02-07,23.7169,24.451,22.3616,22.531,13.0257,1189375,0,0
2000-02-08,22.4181,22.5875,22.1358,22.3334,12.9114,437631,0,0
2000-02-09,22.3334,22.3616,21.6275,21.8534,12.6339,477255,0,0
2000-02-10,21.8252,21.9099,21.2887,21.3734,12.3564,857554,0,0
2000-02-11,21.3734,21.4864,21.0064,21.1758,12.2422,1274156,0,0
2000-02-14,21.204,21.317,21.0346,21.0346,12.1605,907360,0,0
2000-02-15,20.9499,21.0064,20.2158,20.4135,11.8014,1578749,0,0
2000-02-16,20.3288,21.0911,20.3288,20.8934,12.0789,699059,0,0
2000-02-17,20.7805,21.0346,20.724,20.9217,12.0953,238849,0,0
2000-02-18,20.7805,20.8087,20.1593,20.3288,11.7525,843830,0,0
2000-02-22,20.3288,21.0064,20.3288,20.7523,11.9973,555838,0,0
2000-02-23,20.6676,20.837,20.6111,20.6393,11.932,373658,0,0
2000-02-24,20.724,20.7805,20.4135,20.7523,12.1033,817930,0.1807,0
2000-02-25,20.7523,20.8934,20.1876,20.4982,11.9551,738462,0,0
2000-02-28,20.4982,20.7805,20.244,20.2723,11.8233,418152,0,0
2000-02-29,20.3288,20.7523,20.3288,20.4699,11.9386,365689,0,0
2000-03-01,20.4135,20.4135,19.6794,19.7923,11.5434,491865,0,0
2000-03-02,19.4535,19.8205,19.2558,19.6794,11.4775,1441505,0,0
2000-03-03,19.7923,20.0464,19.7923,20.0464,11.6916,617156,0,0
2000-03-06,20.3288,21.8534,20.3288,21.684,12.6467,1262424,0,0
2000-03-07,21.684,22.051,21.0346,21.0911,12.3009,1596680,0,0
2000-03-08,21.2323,21.6275,21.0346,21.3452,12.4491,706143,0,0
2000-03-09,21.2887,21.4581,21.2323,21.4581,12.515,667626,0,0
2000-03-10,21.4581,21.4581,21.1193,21.2605,12.3997,584837,0,0
2000-03-13,21.2323,21.4017,21.1193,21.2323,12.3832,424350,0,0
2000-03-14,21.3452,22.3616,21.2323,22.051,12.8608,857997,0,0
2000-03-15,21.9381,23.7169,21.684,23.7169,13.8323,952075,0,0
2000-03-16,23.7451,24.7333,23.6604,24.6768,14.3922,1105257,0,0
2000-03-17,24.3945,25.1286,24.3945,24.931,14.5404,1068511,0,0
2000-03-20,24.8463,24.9027,23.0392,23.7733,13.8653,669840,0,0
2000-03-21,23.8863,24.7333,23.8863,24.3945,14.2275,1257554,0,0
2000-03-22,24.5639,24.6204,24.0275,24.1969,14.1123,882346,0,0
2000-03-23,23.9145,24.1122,23.3781,23.5192,13.7171,438296,0,0
2000-03-24,23.491,24.1686,23.491,24.1686,14.0958,754178,0,0
2000-03-27,24.338,24.338,23.858,24.0557,14.0299,595905,0,0
2000-03-28,24.1686,24.2533,23.7169,23.7733,13.8653,628002,0,0
2000-03-29,23.9992,24.0557,23.5757,23.6322,13.7829,829441,0,0
2000-03-30,23.7169,24.4792,23.6604,23.9428,13.9641,1228777,0,0
2000-03-31,24.0557,24.3098,23.7169,23.9145,13.9476,1878030,0,0
2000-04-03,23.9145,23.9145,23.124,23.6886,13.8159,919535,0,0
2000-04-04,23.7169,25.2415,23.6322,24.9592,14.5569,1159934,0,0
2000-04-05,24.8463,25.7497,24.7333,24.9592,14.5569,811732,0,0
2000-04-06,25.3545,25.9192,25.3262,25.4392,14.8368,619148,0,0
2000-04-07,25.5521,25.8062,24.7615,24.7615,14.4416,459546,0,0
2000-04-10,24.7615,25.298,24.7615,25.1851,14.6886,465744,0,0
2000-04-11,25.298,25.8062,25.298,25.5521,14.9027,329828,0,0
2000-04-12,25.6368,26.8227,25.5521,25.8062,15.0509,977532,0,0
2000-04-13,26.0886,28.2344,25.9192,27.1332,15.8248,1471610,0,0
2000-04-14,27.0768,27.7262,26.7097,26.8509,15.6602,1281682,0,0
2000-04-17,27.1897,29.0249,27.1897,28.8273,16.8129,1809629,0,0
2000-04-18,28.8273,29.3637,28.4603,29.279,17.0763,1712673,0,0
2000-04-19,29.2226,29.392,28.7991,28.8555,16.8293,543664,0,0
2000-04-20,28.8555,30.6061,28.6861,30.2673,17.6527,1053459,0,0
2000-04-24,30.9449,31.9613,30.8884,31.8201,18.5584,1848810,0,0
2000-04-25,31.7354,33.4295,31.2555,32.7801,19.1182,2400664,0,0
2000-04-26,32.7801,32.7801,31.1143,31.5378,18.3937,2173547,0,0
2000-04-27,31.1708,33.1472,31.1708,33.006,19.25,1566796,0,0
2000-04-28,33.0907,33.486,31.8766,32.0178,18.6736,1606641,0,0
2000-05-01,32.1307,33.373,32.1307,33.2036,19.3652,991035,0,0
2000-05-02,33.2036,33.966,32.526,32.9495,19.217,1639402,0,0
2000-05-03,32.9495,32.9495,31.9048,32.1025,18.723,804427,0,0
2000-05-04,32.3848,33.2036,32.1307,33.1472,19.3323,930825,0,0
2000-05-05,33.0342,33.2036,32.6389,32.8648,19.1677,822800,0,0
2000-05-08,32.7801,33.6271,32.5825,33.1472,19.3323,830991,0,0
2000-05-09,33.0342,33.6271,32.7801,33.6271,19.6123,980852,0,0
2000-05-10,33.5142,33.7683,33.2601,33.6271,19.6123,790039,0,0
2000-05-11,33.6271,34.2765,33.6271,34.0507,19.8593,1087106,0,0
2000-05-12,34.0507,34.7283,34.0224,34.1918,19.9416,1264638,0,0
2000-05-15,34.3048,34.5871,33.6836,34.0789,19.8757,842723,0,0
2000-05-16,34.1918,34.5306,33.9377,34.4459,20.0898,664748,0,0
2000-05-17,34.4742,36.14,34.3048,35.8012,20.8802,2139458,0,0
2000-05-18,35.9141,36.5635,35.3212,35.5188,20.7155,1302490,0,0
2000-05-19,35.5188,35.9424,34.813,35.773,20.8638,1214610,0,0
2000-05-22,35.773,35.773,34.7848,35.1236,20.485,782734,0,0
2000-05-23,35.6883,35.6883,34.6718,34.7565,20.2709,1182955,0,0
2000-05-24,34.5871,35.5188,34.5024,34.7565,20.2709,698174,0,0
2000-05-25,34.4459,34.7283,33.1754,33.6271,19.7147,1040177,0.1807,0
2000-05-26,33.7401,34.3048,32.893,33.2319,19.483,787604,0,0
2000-05-30,33.3448,33.8248,33.3166,33.8248,19.8306,879026,0,0
2000-05-31,33.8248,34.7565,33.7401,34.6153,20.2941,921527,0,0
2000-06-01,34.6153,35.6883,34.6153,35.4906,20.8073,1404538,0,0
2000-06-02,35.6035,35.8012,35.5188,35.7447,20.9562,553846,0,0
2000-06-05,35.6883,35.6883,35.1518,35.4906,20.8073,389375,0,0
2000-06-06,35.4906,36.507,35.4341,36.2529,21.2542,1938240,0,0
2000-06-07,36.5918,36.7612,36.0553,36.1682,21.2045,1431544,0,0
2000-06-08,36.0553,36.0553,35.0106,35.0671,20.559,1403431,0,0
2000-06-09,35.4059,36.3094,35.3212,35.9706,21.0887,1308246,0,0
2000-06-12,35.7447,36.2247,33.5989,34.0507,19.963,2830769,0,0
2000-06-13,34.1354,34.1354,31.679,33.2883,19.5161,3208854,0,0
2000-06-14,33.2601,34.3048,33.2601,33.6836,19.7479,1820476,0,0
2000-06-15,33.7118,33.8812,33.5424,33.6271,19.7147,767681,0,0
2000-06-16,33.7401,33.7401,33.0342,33.6695,19.7396,807748,0,0
2000-06-19,33.6554,33.6836,32.0742,32.8648,19.2678,1064748,0,0
2000-06-20,32.3001,32.3001,30.5778,31.8201,18.6554,1544660,0,0
2000-06-21,31.9613,31.9613,30.3237,30.4931,17.8774,1559934,0,0
2000-06-22,30.1543,30.6061,29.7026,30.5214,17.8939,1404759,0,0
2000-06-23,30.5214,32.0178,30.5214,31.679,18.5726,841616,0,0
2000-06-26,31.4531,31.5943,31.0578,31.2555,18.3243,780299,0,0
2000-06-27,30.8602,31.1143,30.2673,30.6061,17.9436,941007,0,0
2000-06-28,30.6061,30.6061,29.759,30.0696,17.6291,628002,0,0
2000-06-29,29.9567,30.0978,29.392,30.0414,17.6125,826121,0,0
2000-06-30,29.9567,30.0414,29.759,29.9284,17.5463,1412286,0,0
2000-07-03,29.8155,29.8155,29.1379,29.6461,17.3808,291976,0,0
2000-07-05,29.5332,29.9284,29.0814,29.7308,17.4304,1168345,0,0
2000-07-06,29.8155,30.5496,29.8155,30.0131,17.596,975318,0,0
2000-07-07,30.0131,30.1825,29.5896,30.0414,17.6125,647482,0,0
2000-07-10,30.0414,30.0414,29.5896,29.8437,17.4966,688213,0,0
2000-07-11,29.7308,30.1543,29.4485,29.9567,17.5629,1292308,0,0
2000-07-12,30.0696,30.6625,30.0414,30.2108,17.7118,688434,0,0
2000-07-13,30.2108,31.6225,30.2108,31.5943,18.5229,1067405,0,0
2000-07-14,31.9895,32.3001,31.679,32.159,18.854,1219258,0,0
2000-07-17,32.046,32.046,31.3684,31.8484,18.6719,694853,0,0
2000-07-18,31.8766,31.9613,31.0296,31.4531,18.4402,589264,0,0
2000-07-19,31.6225,31.6225,31.086,31.199,18.2912,385390,0,0
2000-07-20,31.6225,32.9777,31.6225,32.8366,19.2513,1094411,0,0
2000-07-21,32.7236,32.8083,31.7354,32.046,18.7878,575761,0,0
2000-07-24,32.046,33.1754,31.9048,32.6954,19.1685,1089319,0,0
2000-07-25,32.6954,33.0342,32.6389,32.9495,19.3175,1028888,0,0
2000-07-26,33.0625,33.1189,32.3001,32.3284,18.9533,1415385,0,0
2000-07-27,32.2719,32.5825,31.5943,32.0178,18.7712,733370,0,0
2000-07-28,31.9613,32.0742,31.2272,31.7354,18.6057,866630,0,0
2000-07-31,31.7354,32.3566,31.679,32.1025,18.8209,1181848,0,0
2000-08-01,32.2719,33.7118,32.2154,33.373,19.5658,788046,0,0
2000-08-02,33.373,34.0507,33.0907,33.5424,19.6651,1364693,0,0
2000-08-03,32.8648,33.2036,32.046,33.1189,19.4168,1574101,0,0
2000-08-04,33.006,33.006,32.526,32.893,19.2844,632651,0,0
2000-08-07,33.2883,34.6153,33.2601,34.3612,20.1451,869286,0,0
2000-08-08,34.2483,35.2365,34.0224,34.8412,20.4265,975540,0,0
2000-08-09,35.9141,36.0835,35.0389,35.5753,20.8569,1399889,0,0
2000-08-10,35.4624,35.5753,33.7683,33.9942,19.93,1527393,0,0
2000-08-11,33.9942,35.5753,33.966,34.7565,20.3769,936137,0,0
2000-08-14,34.8695,34.8695,33.8248,34.1636,20.0293,964250,0,0
2000-08-15,34.1918,34.2201,33.7683,33.8812,19.8637,531931,0,0
2000-08-16,33.4295,33.5142,33.2036,33.4577,19.6154,1116768,0,0
2000-08-17,33.4577,33.6836,33.1754,33.4577,19.6154,394687,0,0
2000-08-18,33.4295,33.6554,33.2036,33.4577,19.6154,1022025,0,0
2000-08-21,33.3448,34.5589,33.3448,33.8812,19.8637,579745,0,0
2000-08-22,33.966,33.966,33.486,33.8248,19.8306,574654,0,0
2000-08-23,33.8248,34.0507,32.9213,33.4577,19.6154,852905,0,0
2000-08-24,33.2036,34.4459,33.2036,34.3895,20.2712,662977,0.1807,0
2000-08-25,35.4624,35.5753,34.8977,35.2365,20.7705,1023796,0,0
2000-08-28,35.1236,35.2647,34.9542,35.1236,20.7039,629109,0,0
2000-08-29,35.1518,35.1518,34.3048,34.3895,20.2712,559380,0,0
2000-08-30,34.5024,35.5471,34.4459,35.293,20.8037,668511,0,0
2000-08-31,35.293,36.14,35.1236,35.1589,20.7247,1137797,0,0
2000-09-01,35.2365,35.5471,35.0953,35.4059,20.8703,643719,0,0
2000-09-05,35.293,36.4223,35.293,36.1682,21.3197,1285003,0,0
2000-09-06,35.9706,36.4788,35.8012,36.1118,21.2864,1064084,0,0
2000-09-07,35.9424,36.4223,35.4906,36.14,21.303,1125401,0,0
2000-09-08,36.0271,36.0835,35.4059,36.0553,21.2531,678030,0,0
2000-09-11,35.9424,36.4788,35.8859,36.2529,21.3696,480576,0,0
2000-09-12,36.1965,36.5918,36.0271,36.5918,21.5693,575097,0,0
2000-09-13,36.3094,36.9588,36.1682,36.3659,21.4362,759491,0,0
2000-09-14,36.3659,37.0153,36.0835,36.9306,21.7691,667626,0,0
2000-09-15,36.4788,37.0435,36.4788,36.7329,21.6526,1163697,0,0
2000-09-18,36.6482,36.6765,36.3659,36.4506,21.4861,562922,0,0
2000-09-19,36.3376,36.3376,36.0553,36.0835,21.2698,910238,0,0
2000-09-20,35.9706,36.9306,35.9706,36.7612,21.6692,581738,0,0
2000-09-21,36.6765,38.8505,36.6765,38.8505,22.9008,1514997,0,0
2000-09-22,38.8505,40.0363,38.6811,39.5564,23.3168,1256004,0,0
2000-09-25,39.5564,40.2622,39.2458,39.9516,23.5498,673824,0,0
2000-09-26,40.0646,40.4034,39.7258,40.0928,23.6331,1210183,0,0
2000-09-27,40.0363,40.9681,40.0363,40.5446,23.8993,1039292,0,0
2000-09-28,40.714,42.1257,40.714,41.4763,24.4485,1075152,0,0
2000-09-29,41.3634,41.6739,40.9398,41.0528,24.1989,1054123,0,0
2000-10-02,41.2222,41.3069,40.4034,40.9398,24.1324,941671,0,0
2000-10-03,41.0528,42.408,40.9963,41.3351,24.3653,1137355,0,0
2000-10-04,41.5045,41.928,41.1375,41.3069,24.3487,1038628,0,0
2000-10-05,41.2504,41.5045,40.7422,41.081,24.2156,446043,0,0
2000-10-06,40.9963,41.1657,39.4152,39.7822,23.45,1000332,0,0
2000-10-09,39.8387,40.4316,39.8105,40.2058,23.6996,633094,0,0
2000-10-10,40.2058,40.6857,39.8952,40.601,23.9326,483011,0,0
2000-10-11,40.2622,41.1657,40.2622,41.1657,24.2655,1383730,0,0
2000-10-12,41.1375,41.6175,40.6575,41.4481,24.4319,1469397,0,0
2000-10-13,41.6175,42.1257,41.561,41.7869,24.6316,1305811,0,0
2000-10-16,41.3351,41.561,40.2905,40.6575,23.9659,1742114,0,0
2000-10-17,40.2058,40.3187,38.5399,39.3023,23.1671,2010847,0,0
2000-10-18,39.1328,39.1328,37.4953,37.4953,22.1019,1555285,0,0
2000-10-19,37.6082,38.1164,37.0435,37.6082,22.1685,1343221,0,0
2000-10-20,37.4953,39.4999,37.4953,39.1893,23.1005,1394355,0,0
2000-10-23,39.3023,40.7704,39.3023,39.7258,23.4167,1781074,0,0
2000-10-24,39.6128,39.6411,38.2293,38.4835,22.6844,910017,0,0
2000-10-25,38.427,39.1328,38.3987,38.4835,22.6844,892529,0,0
2000-10-26,38.4835,38.6811,36.9023,37.0717,21.8523,1090647,0,0
2000-10-27,37.1847,37.3258,35.6318,36.1682,21.3197,1768899,0,0
2000-10-30,36.1965,37.0435,35.9988,36.7612,21.6692,1184062,0,0
2000-10-31,37.2694,38.2858,37.1,37.947,22.3682,842944,0,0
2000-11-01,37.8905,38.0599,36.7047,37.1847,21.9188,668954,0,0
2000-11-02,37.1847,37.3823,36.987,37.1564,21.9022,1459657,0,0
2000-11-03,37.1,37.1282,36.0835,36.2529,21.3696,618705,0,0
2000-11-06,35.8577,36.8459,35.773,36.3659,21.4362,1451245,0,0
2000-11-07,36.7047,36.987,35.9424,36.4788,21.5028,827227,0,0
2000-11-08,36.2529,36.3659,35.6035,35.7165,21.0534,492308,0,0
2000-11-09,35.7165,36.2529,34.6436,35.6035,20.9868,895628,0,0
2000-11-10,35.6035,35.7165,34.9542,35.4341,20.887,685778,0,0
2000-11-13,35.5471,35.7447,34.5589,34.7283,20.4709,582180,0,0
2000-11-14,34.6436,36.2529,34.5024,36.2529,21.3696,600553,0,0
2000-11-15,36.0835,36.1118,35.4059,35.7165,21.0534,496292,0,0
2000-11-16,35.6318,35.6883,34.7283,34.9259,20.5874,791810,0,0
2000-11-17,35.0106,35.4059,34.8977,35.2083,20.7538,573326,0,0
2000-11-20,35.2083,36.5353,35.1236,35.9988,21.2198,783841,0,0
2000-11-21,35.9424,38.9634,35.9141,38.6246,22.7676,1730382,0,0
2000-11-22,38.2293,38.6811,36.507,36.6482,21.7041,878583,0.1807,0
2000-11-24,36.6482,37.2411,36.6482,37.0435,21.9383,371666,0,0
2000-11-27,37.4953,38.0599,36.9306,37.1282,21.9884,626453,0,0
2000-11-28,37.1282,37.1282,36.14,36.507,21.6206,511345,0,0
2000-11-29,36.3094,38.1729,36.14,38.0599,22.5402,646818,0,0
2000-11-30,37.947,38.3987,37.1847,38.0882,22.5569,654344,0,0
2000-12-01,38.314,38.6246,36.14,36.3659,21.5369,1116547,0,0
2000-12-04,36.4788,37.3823,36.3941,37.2411,22.0553,1437742,0,0
2000-12-05,37.3823,38.6246,37.2694,38.3987,22.7409,972662,0,0
2000-12-06,38.0035,38.0035,36.8176,37.4953,22.2058,1137576,0,0
2000-12-07,37.4105,37.7494,36.9023,37.6082,22.2727,1338794,0,0
2000-12-08,37.7211,38.9634,37.7211,38.0599,22.5402,635529,0,0
2000-12-11,38.0599,38.2293,37.4388,38.0035,22.5068,783619,0,0
2000-12-12,38.0035,38.907,37.3823,37.7211,22.3396,704593,0,0
2000-12-13,37.8058,38.2293,36.14,36.1965,21.4366,863973,0,0
2000-12-14,36.14,36.4788,35.8012,35.9706,21.3028,1272607,0,0
2000-12-15,35.4059,35.9988,35.4059,35.773,21.1858,749751,0,0
2000-12-18,35.6035,37.0435,35.6035,36.8459,21.8212,808412,0,0
2000-12-19,37.4953,37.6647,36.0553,36.9588,21.8881,1506364,0,0
2000-12-20,36.9588,37.2694,36.7612,37.1,21.9717,1251799,0,0
2000-12-21,37.0435,37.5235,36.8741,37.0153,21.9215,686220,0,0
2000-12-22,33.9377,34.1636,33.4295,33.486,19.8314,4682678,0,0
2000-12-26,33.486,34.5024,33.486,34.1918,20.2494,2344217,0,0
2000-12-27,34.1354,35.5188,34.1071,35.2083,20.8514,1048810,0,0
2000-12-28,35.0953,35.9706,34.9824,35.4906,21.0186,1511677,0,0
2000-12-29,35.4906,38.5117,35.4906,37.4953,22.2058,2879247,0,0
2001-01-02,37.6082,38.1729,36.7612,37.6082,22.2727,3334588,0,0
2001-01-03,37.7211,37.8905,36.4223,36.4223,21.5704,3399225,0,0
2001-01-04,36.3376,37.0435,35.7447,36.0553,21.353,2235971,0,0
2001-01-05,36.7329,36.987,36.3659,36.3659,21.5369,2913558,0,0
2001-01-08,36.9306,37.1847,36.3518,37.1,21.9717,3494632,0,0
2001-01-09,37.1,37.7211,37.1,37.3823,22.1389,2173326,0,0
2001-01-10,37.2129,39.0764,37.2129,38.8787,23.0251,2814388,0,0
2001-01-11,38.7658,40.3752,38.5682,39.8105,23.5769,2140564,0,0
2001-01-12,39.7258,39.7258,38.8505,39.2458,23.2425,913337,0,0
2001-01-16,39.2458,39.6128,38.794,39.4434,23.3596,777643,0,0
2001-01-17,39.5564,39.7258,39.0199,39.3023,23.276,1347205,0,0
2001-01-18,39.0764,39.0764,38.2576,38.4835,22.791,1188046,0,0
2001-01-19,38.3423,38.3987,37.4388,37.58,22.2559,1396790,0,0
2001-01-22,37.4953,39.6975,37.4953,39.387,23.3261,1432651,0,0
2001-01-23,39.274,40.6293,39.1893,40.4316,23.9448,1391256,0,0
2001-01-24,40.0928,40.8834,38.8505,38.8505,23.0084,2085224,0,0
2001-01-25,38.7376,40.5446,38.0035,40.0646,23.7274,2217820,0,0
2001-01-26,40.2058,40.8834,40.0363,40.3187,23.8779,1409186,0,0
2001-01-29,40.1154,40.26,39.5507,40.2464,23.8351,924184,0,0
2001-01-30,40.1154,40.1154,39.1893,39.4423,23.3589,839624,0,0
2001-01-31,39.3519,39.6998,39.1487,39.1577,23.1903,1402546,0,0
2001-02-01,39.0448,39.2797,38.7602,39.117,23.1663,1303597,0,0
2001-02-02,39.0041,39.754,39.0041,39.2571,23.2492,1679247,0,0
2001-02-05,38.986,39.37,38.8053,39.2932,23.2706,1435750,0,0
2001-02-06,39.1803,39.2571,38.715,39.0944,23.1529,588379,0,0
2001-02-07,38.9408,39.1667,38.6246,39.1622,23.193,696624,0,0
2001-02-08,39.1667,39.7179,39.1667,39.3836,23.3241,858218,0,0
2001-02-09,39.1216,39.5281,38.986,39.0538,23.1288,426121,0,0
2001-02-12,39.0538,39.0538,38.3987,38.8505,23.0084,861760,0,0
2001-02-13,38.8505,40.3187,38.8053,40.0476,23.7174,911787,0,0
2001-02-14,39.8218,39.9347,39.2029,39.4378,23.3562,916657,0,0
2001-02-15,40.2058,40.8834,40.138,40.4858,23.9769,1110349,0,0
2001-02-16,40.3639,40.8066,40.1154,40.6575,24.0786,1563475,0,0
2001-02-20,40.6575,41.4255,40.4407,41.4255,24.5334,1490426,0,0
2001-02-21,41.3351,43.5261,41.3351,42.8033,25.3494,2395794,0,0
2001-02-22,42.9162,43.6887,42.3741,42.4645,25.1487,1963254,0,0
2001-02-23,42.3516,42.5774,41.2132,42.5774,25.2156,1460542,0,0
2001-02-26,42.5774,43.5713,42.3064,43.5713,25.8042,1765357,0,0
2001-02-27,43.6616,43.6616,42.7491,43.0518,25.4965,1953293,0,0
2001-02-28,42.9388,43.1873,42.1709,42.4419,25.1353,1588268,0,0
2001-03-01,42.2612,42.6904,42.0127,42.5503,25.3073,2319203,0.1807,0
2001-03-02,42.5549,43.8198,42.2296,43.8198,26.0623,1703376,0,0
2001-03-05,43.7068,44.4251,43.5848,43.7294,26.0086,1995573,0,0
2001-03-06,43.8649,43.892,43.4222,43.7746,26.0354,991699,0,0
2001-03-07,43.7746,44.0366,43.4222,43.5126,25.8796,1715108,0,0
2001-03-08,43.5939,44.0908,43.1421,44.0637,26.2074,1685667,0,0
2001-03-09,43.9508,44.4522,43.8243,44.0366,26.1913,813060,0,0
2001-03-12,43.9327,44.7684,43.5035,43.5035,25.8742,1705589,0,0
2001-03-13,43.8198,43.8649,41.9224,42.0805,25.0279,1676370,0,0
2001-03-14,41.7417,42.0579,40.5717,41.0189,24.3965,1551079,0,0
2001-03-15,41.0189,41.0234,39.5281,40.0928,23.8457,1414499,0,0
2001-03-16,39.9799,40.1832,39.23,39.3068,23.3782,1523409,0,0
2001-03-19,39.4197,40.7253,39.4197,40.5536,24.1197,1524958,0,0
2001-03-20,40.9963,41.29,40.0025,40.0025,23.7919,1547980,0,0
2001-03-21,39.7766,40.0702,38.7827,38.7827,23.0665,1272607,0,0
2001-03-22,38.8957,38.9815,37.3597,38.977,23.182,1477587,0,0
2001-03-23,39.7088,39.7495,38.4891,38.6608,22.9939,1302712,0,0
2001-03-26,39.3926,40.2012,38.9634,39.0764,23.2411,1426231,0,0
2001-03-27,39.1893,39.5733,39.0086,39.2164,23.3244,1172108,0,0
2001-03-28,39.1035,39.1035,38.5117,38.9408,23.1605,1151522,0,0
2001-03-29,39.0538,39.5733,38.9137,39.3023,23.3755,3004317,0,0
2001-03-30,39.0764,40.2058,38.9408,39.3023,23.3755,3312009,0,0
2001-04-02,39.3023,39.3248,38.9318,38.986,23.1874,4843608,0,0
2001-04-03,39.0719,39.2119,38.4891,39.0448,23.2223,2529054,0,0
2001-04-04,39.1351,41.29,39.1351,40.4316,24.0472,5611289,0,0
2001-04-05,41.2222,42.4735,41.1318,42.0579,25.0144,2499613,0,0
2001-04-06,42.0579,42.0579,41.4029,41.5384,24.7055,1958163,0,0
2001-04-09,40.793,41.29,40.522,40.6349,24.1681,3858993,0,0
2001-04-10,40.6801,41.7688,40.5671,41.6965,24.7995,2126176,0,0
2001-04-11,42.0127,42.2386,41.6017,42.2296,25.1165,2098727,0,0
2001-04-12,42.2386,42.7356,42.1031,42.6633,25.3745,1211511,0,0
2001-04-16,42.4374,42.6,42.1347,42.3967,25.2159,685335,0,0
2001-04-17,42.5097,42.862,42.3516,42.4645,25.2563,1476923,0,0
2001-04-18,42.862,43.8469,42.6542,43.0834,25.6243,1415606,0,0
2001-04-19,42.9705,43.0518,42.7807,42.9162,25.5249,1530050,0,0
2001-04-20,42.8033,42.8033,41.683,42.1031,25.0413,1209076,0,0
2001-04-23,41.6062,41.6062,40.0702,40.1515,23.8806,1678805,0,0
2001-04-24,40.1561,40.7704,39.5733,40.4181,24.0391,1761151,0,0
2001-04-25,40.3865,40.8879,40.0567,40.784,24.2567,989043,0,0
2001-04-26,40.7253,41.683,40.7253,41.5249,24.6974,930382,0,0
2001-04-27,41.5249,41.5249,41.0099,41.2267,24.5201,891422,0,0
2001-04-30,41.1092,41.29,40.7117,40.7704,24.2487,739568,0,0
2001-05-01,41.1092,42.1212,41.1092,42.0715,25.0225,3654455,0,0
2001-05-02,42.0353,42.4645,41.8772,42.3922,25.2133,1207748,0,0
2001-05-03,42.3019,42.3019,41.2493,41.3803,24.6114,780963,0,0
2001-05-04,41.1092,41.6965,40.7478,41.6694,24.7834,477476,0,0
2001-05-07,41.6242,41.8546,41.5429,41.5836,24.7323,603874,0,0
2001-05-08,41.5158,41.7688,40.9918,41.3351,24.5845,857111,0,0
2001-05-09,40.2058,40.2103,39.3926,39.754,23.6442,4806641,0,0
2001-05-10,39.754,40.6801,39.6817,40.6394,24.1708,1772662,0,0
2001-05-11,40.5943,40.7433,40.3548,40.7027,24.2084,861981,0,0
2001-05-14,39.8669,40.2238,39.4604,40.0476,23.8188,1665744,0,0
2001-05-15,39.9347,40.1154,39.6185,40.1154,23.8591,1047482,0,0
2001-05-16,39.9799,40.5446,39.7088,40.4497,24.0579,1491754,0,0
2001-05-17,40.3413,41.1002,40.269,40.8789,24.3132,1577643,0,0
2001-05-18,41.0867,41.0867,40.4542,40.6349,24.1681,1166353,0,0
2001-05-21,40.7478,40.7478,40.1696,40.4316,24.0472,1649806,0,0
2001-05-22,40.6575,41.2222,40.4678,40.7478,24.2353,1600664,0,0
2001-05-23,40.8382,40.8382,40.3413,40.4181,24.0391,1504151,0,0
2001-05-24,40.1244,40.1244,38.584,39.1216,23.3725,2731821,0.1807,0
2001-05-25,39.1216,39.7088,39.0764,39.3113,23.4858,1733924,0,0
2001-05-29,39.6501,39.8895,39.1803,39.5688,23.6397,962701,0,0
2001-05-30,39.4829,40.0928,39.4829,39.7585,23.753,1131157,0,0
2001-05-31,39.8443,40.1154,39.2797,40.0973,23.9554,1279911,0,0
2001-06-01,40.0973,40.2058,39.6637,40.0522,23.9285,1000332,0,0
2001-06-04,40.1154,40.7885,40.1154,40.784,24.3657,1081129,0,0
2001-06-05,40.8969,41.0415,40.5717,40.7659,24.3549,759491,0,0
2001-06-06,40.7704,40.7704,40.3865,40.5446,24.2226,1966353,0,0
2001-06-07,40.4994,40.5355,40.3503,40.4542,24.1687,969784,0,0
2001-06-08,40.4542,40.4542,40.0296,40.0657,23.9366,737576,0,0
2001-06-11,40.2961,40.4632,39.4152,39.7314,23.7368,1097067,0,0
2001-06-12,39.8218,39.9573,39.2074,39.763,23.7557,880354,0,0
2001-06-13,39.8082,39.8443,39.2119,39.2932,23.4751,1307582,0,0
2001-06-14,39.2932,39.2932,37.3145,37.7211,22.5358,2373215,0,0
2001-06-15,38.0599,38.7827,38.0599,38.5614,23.0378,1572330,0,0
2001-06-18,38.6246,38.8008,37.7889,37.8567,22.6168,920421,0,0
2001-06-19,37.947,38.3807,37.9018,38.0735,22.7464,1142225,0,0
2001-06-20,38.0825,38.2632,37.5856,37.5946,22.4603,971555,0,0
2001-06-21,37.6398,37.6398,36.5014,36.7047,21.9286,1754732,0,0
2001-06-22,36.8176,37.0525,34.8977,35.3901,21.1432,2940564,0,0
2001-06-25,36.0948,36.0948,34.9654,35.0558,20.9435,2066408,0,0
2001-06-26,35.0106,35.354,34.5137,35.2952,21.0865,2364361,0,0
2001-06-27,35.1913,36.4743,35.1913,36.3162,21.6965,1742778,0,0
2001-06-28,36.411,37.2694,36.2349,36.917,22.0554,1120974,0,0
2001-06-29,37.0299,37.0299,36.1174,36.1852,21.6182,1080686,0,0
2001-07-02,36.0496,36.3117,35.9367,36.0496,21.5372,733592,0,0
2001-07-03,36.14,36.3659,36.1355,36.2168,21.6371,428334,0,0
2001-07-05,36.1039,36.271,35.9909,36.1852,21.6182,812396,0,0
2001-07-06,36.0948,36.5918,36.0948,36.4653,21.7855,1529386,0,0
2001-07-09,36.5014,36.7273,36.3343,36.6369,21.8881,1415606,0,0
2001-07-10,36.5918,36.7273,36.4562,36.5104,21.8125,1585169,0,0
2001-07-11,36.5104,36.7002,35.5979,35.6024,21.27,923298,0,0
2001-07-12,35.4895,35.756,35.4172,35.6431,21.2943,1624350,0,0
2001-07-13,35.6883,36.1536,35.5301,36.1174,21.5777,476370,0,0
2001-07-16,36.1626,36.4382,36.0361,36.0948,21.5642,564471,0,0
2001-07-17,36.0496,36.3749,35.9819,36.0722,21.5507,426563,0,0
2001-07-18,36.0768,36.1942,35.6883,36.0632,21.5453,797565,0,0
2001-07-19,36.1761,36.5556,35.6431,35.8689,21.4293,985058,0,0
2001-07-20,35.8689,36.1852,35.7334,35.9729,21.4914,875042,0,0
2001-07-23,35.8915,35.9232,35.5753,35.5753,21.2538,714776,0,0
2001-07-24,35.5301,35.5301,34.9203,34.9609,20.8868,944770,0,0
2001-07-25,34.7848,34.988,34.5137,34.7848,20.7815,1173658,0,0
2001-07-26,34.7848,35.7515,34.717,35.7108,21.3348,848700,0,0
2001-07-27,35.7108,36.8176,35.7108,36.3568,21.7208,1398561,0,0
2001-07-30,36.2936,36.5014,36.1626,36.3343,21.7073,548976,0,0
2001-07-31,36.2213,36.8809,36.2032,36.2439,21.6533,933702,0,0
2001-08-01,36.2891,36.3117,36.0948,36.1174,21.5777,759712,0,0
2001-08-02,36.2304,36.5556,36.149,36.4924,21.8017,896071,0,0
2001-08-03,36.4336,36.7273,36.2304,36.5782,21.853,687327,0,0
2001-08-06,36.6234,36.795,36.2755,36.3975,21.745,643498,0,0
2001-08-07,36.4427,36.4562,36.0813,36.1581,21.602,1202878,0,0
2001-08-08,36.2258,36.2575,35.5075,35.5979,21.2673,725180,0,0
2001-08-09,35.4624,35.8689,35.4262,35.6205,21.2808,649917,0,0
2001-08-10,35.6883,35.8057,35.4353,35.6973,21.3267,1203320,0,0
2001-08-13,35.8012,35.9141,35.0558,35.1913,21.0244,854234,0,0
2001-08-14,35.1913,35.2365,34.8299,34.988,20.903,1627892,0,0
2001-08-15,35.0784,35.7334,35.0784,35.485,21.1999,1116989,0,0
2001-08-16,35.3946,36.1581,35.3269,36.1355,21.5885,891201,0,0
2001-08-17,36.1355,36.795,36.131,36.7589,21.961,1279247,0,0
2001-08-20,36.8176,36.908,36.5466,36.908,22.05,1006087,0,0
2001-08-21,36.9035,36.908,36.6685,36.7905,21.9799,796901,0,0
2001-08-22,36.7273,36.7273,36.5466,36.6369,21.8881,846265,0,0
2001-08-23,36.4562,36.8312,36.3885,36.7724,22.0779,920863,0.1807,0
2001-08-24,36.7499,37.1339,36.6595,36.9983,22.2136,628445,0,0
2001-08-27,37.179,38.218,37.1158,38.0148,22.8238,1505036,0,0
2001-08-28,38.0148,38.0148,37.5856,37.6985,22.634,1114333,0,0
2001-08-29,37.2468,37.6082,37.2016,37.4953,22.5119,773437,0,0
2001-08-30,37.4275,37.4275,36.6369,36.6821,22.0237,888323,0,0
2001-08-31,36.6595,37.0796,36.4743,37.0435,22.2407,891422,0,0
2001-09-04,37.1564,38.0825,37.1339,37.6037,22.577,895407,0,0
2001-09-05,37.6082,37.8115,37.4456,37.7527,22.6665,661649,0,0
2001-09-06,37.7527,37.7527,37.292,37.3778,22.4414,1177421,0,0
2001-09-07,37.2649,37.292,36.8041,36.8628,22.1322,937687,0,0
2001-09-10,36.7724,37.6082,36.7228,37.0164,22.2244,703265,0,0
2001-09-17,44.7233,44.7684,42.6,42.8259,25.7124,9424682,0,0
2001-09-18,42.8304,43.1421,42.1483,42.8033,25.6988,4429884,0,0
2001-09-19,42.9162,43.8198,42.329,43.8198,26.3091,3714444,0,0
2001-09-20,43.9327,46.1688,43.639,46.0378,27.6408,4350636,0,0
2001-09-21,46.0378,46.0424,44.1224,44.8814,26.9465,4176425,0,0
2001-09-24,44.8768,45.0756,43.6842,44.1089,26.4827,2676038,0,0
2001-09-25,44.2715,45.4912,44.2263,44.3302,26.6156,2173105,0,0
2001-09-26,44.2263,45.0169,44.1811,44.5425,26.7431,2308578,0,0
2001-09-27,44.4974,46.6206,44.3393,46.5167,27.9283,2469950,0,0
2001-09-28,46.7561,47.2079,45.6268,45.6268,27.394,3228556,0,0
2001-10-01,45.8526,46.2366,45.175,45.83,27.5161,2463309,0,0
2001-10-02,45.7171,47.8855,45.7171,47.5241,28.5332,3642944,0,0
2001-10-03,47.5286,49.3085,46.8239,48.5722,29.1624,4129939,0,0
2001-10-04,48.3372,48.6083,47.4338,47.8855,28.7502,4454455,0,0
2001-10-05,47.5241,49.0058,46.729,48.5631,29.157,4223354,0,0
2001-10-08,48.5676,49.6699,48.1114,48.6083,29.1841,5841505,0,0
2001-10-09,48.5631,49.444,48.1114,49.2272,29.5557,4117986,0,0
2001-10-10,49.1143,49.9455,47.9081,48.3463,29.0268,6324073,0,0
2001-10-11,48.3463,48.3508,46.6748,47.5467,28.5467,5788821,0,0
2001-10-12,47.5467,47.5467,46.4941,47.0949,28.2755,3291644,0,0
2001-10-15,47.2079,48.4728,47.2079,48.1249,28.8939,2714776,0,0
2001-10-16,48.1114,48.1114,46.7697,47.4338,28.4789,1728390,0,0
2001-10-17,47.4338,47.5693,46.1011,46.1688,27.7195,1876702,0,0
2001-10-18,46.1011,47.5151,45.8571,46.982,28.2077,3748312,0,0
2001-10-19,46.9142,48.658,46.7561,48.5993,29.1787,3120531,0,0
2001-10-22,48.5089,49.1052,47.5241,47.6596,28.6145,2478362,0,0
2001-10-23,47.6596,47.9758,45.166,45.175,27.1228,5262867,0,0
2001-10-24,44.2715,46.9368,43.5939,46.8645,28.1372,10166685,0,0
2001-10-25,46.7516,46.7787,45.2382,46.6884,28.0314,4809740,0,0
2001-10-26,46.6206,47.2982,46.3495,46.5303,27.9365,3404538,0,0
2001-10-29,47.4338,47.4338,46.1688,46.214,27.7466,4383841,0,0
2001-10-30,46.0785,46.1779,45.2879,45.3331,27.2177,2010404,0,0
2001-10-31,45.446,46.1237,44.8588,45.1524,27.1092,2327836,0,0
2001-11-01,45.1298,45.1524,44.5064,44.9943,27.0143,2228002,0,0
2001-11-02,45.1072,45.175,44.6465,45.0892,27.0713,1327504,0,0
2001-11-05,45.0892,45.2879,44.7007,45.0033,27.0197,2083011,0,0
2001-11-06,44.0456,44.6871,43.5713,44.5064,26.7214,6215827,0,0
2001-11-07,44.5109,44.5109,43.1331,43.4041,26.0596,3787493,0,0
2001-11-08,43.4809,44.2715,43.4809,44.2489,26.5668,2656115,0,0
2001-11-09,44.4974,44.4974,43.9553,44.0908,26.4718,2576204,0,0
2001-11-12,43.9779,44.0682,43.5984,43.7565,26.2711,1296735,0,0
2001-11-13,43.8785,44.0005,41.7327,41.7372,25.0587,4803763,0,0
2001-11-14,41.7146,42.2386,41.177,41.3396,24.8201,5338129,0,0
2001-11-15,41.2267,41.2267,40.0476,40.2148,24.1447,7116547,0,0
2001-11-16,40.2283,41.3351,40.2058,41.3351,24.8174,18082346,0,0
2001-11-19,41.6739,43.4132,41.3396,43.3454,26.0243,6795130,0,0
2001-11-20,43.2325,44.2715,42.9388,43.7068,26.2413,7077144,0,0
2001-11-21,43.7068,43.8062,42.4645,42.6,25.5768,4030991,0,0
2001-11-23,42.6045,42.6045,42.3967,42.4871,25.509,2734477,0,0
2001-11-26,42.4645,42.8033,41.3532,41.4706,24.8987,5005202,0,0
2001-11-27,41.6965,41.9405,41.1228,41.692,25.0316,6655451,0,0
2001-11-28,41.7869,42.3967,41.5474,42.2251,25.3517,3844162,0,0
2001-11-29,42.0444,42.6136,42.0263,42.1663,25.4252,8738462,0.1807,0
2001-11-30,42.198,42.4103,41.5791,42.4103,25.5723,3240066,0,0
2001-12-03,42.4871,42.9614,42.3561,42.9614,25.9046,3043719,0,0
2001-12-04,42.9614,43.4855,42.9614,43.4267,26.1852,2803099,0,0
2001-12-05,42.9162,43.1873,42.6949,42.9479,25.8965,4535473,0,0
2001-12-06,42.9524,43.1647,42.8846,42.9162,25.8774,3420033,0,0
2001-12-07,42.8937,42.9343,42.6,42.8304,25.8256,2342225,0,0
2001-12-10,42.862,43.2325,42.7807,42.853,25.8393,2014388,0,0
2001-12-11,42.7807,42.8259,42.2838,42.2838,25.496,3123852,0,0
2001-12-12,42.2883,42.8214,42.2883,42.7536,25.7793,1787936,0,0
2001-12-13,42.7536,42.7807,42.347,42.5097,25.6322,1352961,0,0
2001-12-14,42.4871,42.7356,42.3245,42.6497,25.7167,1013171,0,0
2001-12-17,42.2883,42.7401,42.1031,42.7039,25.7494,1686774,0,0
2001-12-18,42.7039,42.7581,42.1754,42.6904,25.7412,1558384,0,0
2001-12-19,42.5774,43.0653,42.3741,42.9208,25.8801,1836635,0,0
2001-12-20,42.9253,44.5425,42.9253,44.2986,26.7109,3583177,0,0
2001-12-21,44.4115,44.7007,44.2851,44.651,26.9234,2894521,0,0
2001-12-24,44.651,44.9943,44.5787,44.9401,27.0977,640620,0,0
2001-12-26,44.9446,45.0395,44.6419,44.6916,26.9479,886110,0,0
2001-12-27,44.6781,44.791,44.5019,44.791,27.0078,886110,0,0
2001-12-28,44.791,45.0214,44.7594,45.0169,27.144,673381,0,0
2001-12-31,45.0169,45.7171,45.0169,45.5409,27.46,1530050,0,0
2002-01-02,45.2699,45.2699,44.2715,44.5019,26.8335,2372773,0,0
2002-01-03,44.4974,44.6103,44.1315,44.6103,26.8989,2179081,0,0
2002-01-04,44.6103,45.297,44.4793,44.8046,27.016,1468290,0,0
2002-01-07,44.904,44.904,44.4161,44.4748,26.8171,1681682,0,0
2002-01-08,44.4793,44.6826,44.4432,44.5064,26.8362,1431544,0,0
2002-01-09,44.5742,44.7458,44.5697,44.6555,26.9261,1118982,0,0
2002-01-10,44.7233,44.7233,44.4115,44.4161,26.7817,1251799,0,0
2002-01-11,44.2715,44.2715,43.3454,43.368,26.1498,2564693,0,0
2002-01-14,43.3048,44.7233,43.1421,44.0998,26.5911,2732263,0,0
2002-01-15,44.0998,44.4974,44.0998,44.3754,26.7572,2152518,0,0
2002-01-16,44.3393,44.4296,43.7972,43.892,26.4658,2088766,0,0
2002-01-17,43.892,44.2354,43.892,44.1721,26.6346,1307360,0,0
2002-01-18,44.0908,44.5787,43.9101,44.4612,26.809,1781074,0,0
2002-01-22,44.4974,44.9717,44.1586,44.267,26.6918,1563254,0,0
2002-01-23,44.2715,44.5877,43.6481,43.7655,26.3895,1816270,0,0
2002-01-24,43.7655,46.2818,43.7655,46.1101,27.8032,3622800,0,0
2002-01-25,45.6268,47.7048,45.5816,47.3479,28.5496,4839624,0,0
2002-01-28,47.3524,49.2904,47.2305,48.9561,29.5193,4261649,0,0
2002-01-29,48.9019,48.9065,47.3434,48.1294,29.0208,3312009,0,0
2002-01-30,48.1294,48.3147,46.3495,48.2514,29.0944,5570780,0,0
2002-01-31,48.3372,50.4605,48.1566,50.4198,30.4019,3984062,0,0
2002-02-01,49.6925,50.0855,49.1368,49.6022,29.9088,6769673,0,0
2002-02-04,49.6022,50.1352,49.0375,49.6835,29.9578,6788711,0,0
2002-02-05,49.5705,50.1397,48.6806,48.8251,29.4403,4010404,0,0
2002-02-06,48.8251,49.7377,48.6083,49.3853,29.7781,2430769,0,0
2002-02-07,49.4666,49.6112,48.789,49.3537,29.759,1818484,0,0
2002-02-08,49.2407,49.6925,49.0555,49.3537,29.759,1900387,0,0
2002-02-11,49.2407,49.8642,49.0149,49.6925,29.9633,2795351,0,0
2002-02-12,49.9184,50.0313,49.3447,49.5028,29.8489,2383619,0,0
2002-02-13,49.7286,50.2165,49.6067,49.8958,30.0859,3465855,0,0
2002-02-14,49.828,49.9681,49.3989,49.6835,29.9578,1476923,0,0
2002-02-15,49.2769,53.18,49.2769,52.1771,31.4615,6957609,0,0
2002-02-19,51.9512,52.0958,51.635,51.9061,31.298,3391035,0,0
2002-02-20,51.9287,52.403,51.5944,51.9738,31.3389,3558384,0,0
2002-02-21,51.9738,53.7086,51.8654,53.2161,32.088,3444826,0,0
2002-02-22,49.6925,50.596,47.3434,49.6699,29.9497,17629662,0,0
2002-02-25,49.1278,49.5118,48.3824,48.9878,29.5384,9587382,0,0
2002-02-26,48.9878,48.9878,48.1746,48.6625,29.3422,4772994,0,0
2002-02-27,48.4366,49.3311,48.003,49.2453,29.6936,4958052,0,0
2002-02-28,49.1775,49.2407,47.9804,48.3553,29.2644,3318428,0.1807,0
2002-03-01,48.789,48.789,48.2469,48.6761,29.4585,2600332,0,0
2002-03-04,48.2243,48.2288,46.3044,46.7561,28.2966,7898174,0,0
2002-03-05,46.9142,48.0752,46.7109,46.9594,28.4196,3259989,0,0
2002-03-06,47.2982,49.575,47.2124,49.3763,29.8823,3393248,0,0
2002-03-07,49.2859,49.3311,48.1114,48.3779,29.2781,2319203,0,0
2002-03-08,48.6715,48.8342,47.1175,47.8494,28.9582,2002656,0,0
2002-03-11,48.0301,49.5434,47.9984,48.9968,29.6526,1974101,0,0
2002-03-12,49.0013,49.8687,48.7032,49.4531,29.9287,2382291,0,0
2002-03-13,49.4215,50.9122,49.1956,49.6473,30.0463,5082900,0,0
2002-03-14,49.7603,50.0313,48.6987,48.7845,29.5241,2264305,0,0
2002-03-15,48.8342,49.3085,48.6715,49.3085,29.8413,1938019,0,0
2002-03-18,49.4215,49.9636,49.0058,49.1278,29.7319,1791920,0,0
2002-03-19,49.2407,50.718,49.2407,50.5147,30.5712,1909242,0,0
2002-03-20,50.334,50.7225,50.0991,50.4695,30.5439,1442391,0,0
2002-03-21,50.2572,50.325,48.9019,49.3311,29.8549,1329054,0,0
2002-03-22,49.3898,49.4621,48.789,49.295,29.8331,2132153,0,0
2002-03-25,49.2407,49.5796,48.789,48.789,29.5269,3111455,0,0
2002-03-26,48.789,49.3763,47.5557,48.5631,29.3902,3547316,0,0
2002-03-27,48.8342,50.8219,48.789,50.3701,30.4837,4366796,0,0
2002-03-28,50.3701,51.4182,50.0539,51.0703,30.9075,2658107,0,0
2002-04-01,51.6124,52.8322,51.251,52.4572,31.7469,3234975,0,0
2002-04-02,52.4572,53.2161,51.2285,51.4995,31.1672,3858993,0,0
2002-04-03,51.4995,52.3081,50.8219,51.2691,31.0278,2644162,0,0
2002-04-04,51.2962,51.5402,51.1923,51.4091,31.1126,1693857,0,0
2002-04-05,51.5221,52.2223,51.5221,51.8835,31.3996,1968124,0,0
2002-04-08,51.8835,52.7057,51.8157,52.656,31.8671,1721306,0,0
2002-04-09,52.7192,52.9225,51.0929,51.8383,31.3723,2723188,0,0
2002-04-10,52.0642,53.2613,51.8609,53.1484,32.1651,2156945,0,0
2002-04-11,53.1484,53.9615,52.9451,53.704,32.5014,3124294,0,0
2002-04-12,53.6453,54.0971,53.3201,53.4465,32.3456,3385501,0,0
2002-04-15,52.6786,52.6786,51.7886,51.9016,31.4105,3901937,0,0
2002-04-16,51.9016,52.8999,51.4995,52.7373,31.9163,3488434,0,0
2002-04-17,52.6289,52.6334,51.2691,51.4453,31.1344,4544992,0,0
2002-04-18,51.4498,51.8157,50.9348,51.4543,31.1399,3036635,0,0
2002-04-19,51.4543,51.4588,50.2798,50.7044,30.686,2392031,0,0
2002-04-22,50.9348,52.2223,50.9122,51.5718,31.211,3463199,0,0
2002-04-23,51.5899,53.058,51.2781,53.0354,32.0968,3083121,0,0
2002-04-24,52.6289,53.3517,51.9648,52.6244,31.848,3269729,0,0
2002-04-25,52.5114,52.8548,51.9287,52.7644,31.9327,2938572,0,0
2002-04-26,52.8096,52.9677,52.1094,52.6876,31.8862,1487548,0,0
2002-04-29,52.5747,53.4465,52.3126,52.3985,31.7113,2010183,0,0
2002-04-30,53.7537,55.1587,53.6769,54.5082,32.9881,5749419,0,0
2002-05-01,54.6618,56.3965,54.5624,56.3242,34.0871,4447150,0,0
2002-05-02,56.1299,56.9115,55.7414,55.7459,33.7372,4880797,0,0
2002-05-03,55.7911,55.8363,54.1422,55.2852,33.4583,5090869,0,0
2002-05-06,55.1135,55.118,53.5324,54.0429,32.7065,3578528,0,0
2002-05-07,54.3591,54.7521,53.8034,53.9706,32.6627,2993913,0,0
2002-05-08,54.3094,54.978,54.0112,54.9373,33.2478,1937797,0,0
2002-05-09,54.8244,55.9583,54.7792,55.0096,33.2915,2552739,0,0
2002-05-10,55.0096,55.642,54.4539,54.5443,33.0099,1706918,0,0
2002-05-13,54.5443,56.4597,54.5036,56.2474,34.0406,3356724,0,0
2002-05-14,56.3603,56.9928,55.8182,55.8273,33.7864,2498506,0,0
2002-05-15,55.7911,55.7911,54.6618,55.0412,33.3107,1880022,0,0
2002-05-16,55.0457,55.9312,55.0457,55.6285,33.6661,1238517,0,0
2002-05-17,55.633,56.0667,55.0232,55.5065,33.5923,1434422,0,0
2002-05-20,55.5652,56.1751,55.2942,55.5833,33.6387,2122634,0,0
2002-05-21,55.6782,56.4688,55.6059,56.0351,33.9121,1023575,0,0
2002-05-22,56.0351,56.2835,55.755,56.2338,34.0324,1386829,0,0
2002-05-23,56.1661,56.1977,54.5488,55.4568,33.6704,1887770,0.1807,0
2002-05-24,55.5652,55.5652,54.21,54.4765,33.0752,1675263,0,0
2002-05-28,54.7747,54.978,54.0519,54.3771,33.0149,1654234,0,0
2002-05-29,54.1513,55.1587,54.1197,55.1135,33.4619,1786608,0,0
2002-05-30,55.0232,55.633,54.9328,55.5924,33.7527,1464084,0,0
2002-05-31,55.5652,55.7911,54.8018,54.8018,33.2727,1392584,0,0
2002-06-03,54.8018,55.5652,54.4494,54.4494,33.0587,1342557,0,0
2002-06-04,54.2236,54.3907,52.7508,53.8712,32.7076,2799779,0,0
2002-06-05,53.8712,54.5488,53.7583,54.4359,33.0505,2463973,0,0
2002-06-06,54.4314,54.4359,53.5775,53.7583,32.6391,2609408,0,0
2002-06-07,53.7583,53.7628,52.9722,53.1665,32.2798,2473271,0,0
2002-06-10,52.9722,54.8876,52.4482,54.5262,33.1054,2904704,0,0
2002-06-11,54.5082,54.5127,53.9525,54.2326,32.9271,1857886,0,0
2002-06-12,54.3455,55.1135,54.2371,55.0232,33.4071,2286442,0,0
2002-06-13,55.0683,56.2655,54.865,55.7008,33.8185,2570006,0,0
2002-06-14,55.7008,56.1073,54.5624,55.1722,33.4976,1632983,0,0
2002-06-17,55.1767,56.9476,55.1767,56.9431,34.5728,2119092,0,0
2002-06-18,56.9476,58.6146,56.9205,58.592,35.5739,3783066,0,0
2002-06-19,58.592,60.9863,58.3706,59.8569,36.3419,7452795,0,0
2002-06-20,59.9472,60.2635,58.5016,58.7049,35.6424,3647814,0,0
2002-06-21,58.2983,58.6597,57.824,58.1357,35.2968,4214499,0,0
2002-06-24,57.3723,58.4565,57.3271,57.9821,35.2036,2255672,0,0
2002-06-25,57.9821,58.8856,55.9267,56.017,34.0105,6250581,0,0
2002-06-26,55.9041,55.9267,54.9373,55.2264,33.5305,3754510,0,0
2002-06-27,55.2942,57.7788,55.2671,57.7427,35.0582,4313226,0,0
2002-06-28,57.3723,58.1944,56.4688,56.4688,34.2848,3533592,0,0
2002-07-01,55.1135,55.4523,53.3743,53.3923,32.4169,8695739,0,0
2002-07-02,53.6634,54.4359,53.2161,53.4691,32.4636,5331046,0,0
2002-07-03,53.442,54.1919,53.3065,53.9389,32.7488,3738351,0,0
2002-07-05,54.4359,56.1751,54.3907,56.0622,34.0379,2041173,0,0
2002-07-08,56.017,56.1435,54.0925,54.3455,32.9956,3595351,0,0
2002-07-09,54.4585,55.7866,54.3455,54.6798,33.1986,3777310,0,0
2002-07-10,54.6798,54.7205,52.7102,52.9044,32.1207,4579745,0,0
2002-07-11,52.6786,52.6786,49.304,51.4634,31.2458,8461760,0,0
2002-07-12,51.6124,51.8157,49.4892,50.1488,30.4476,5135584,0,0
2002-07-15,49.9229,49.9274,47.4292,48.4502,29.4163,9773105,0,0
2002-07-16,48.3372,50.2346,48.2017,49.0149,29.7592,7082236,0,0
2002-07-17,50.587,51.1607,48.1746,49.7061,30.1788,8689319,0,0
2002-07-18,49.7828,50.5057,49.3898,49.6925,30.1706,3507692,0,0
2002-07-19,49.5796,49.5841,44.9491,44.9807,27.3099,8000664,0,0
2002-07-22,44.9491,45.6268,42.1528,43.3635,26.328,12399336,0,0
2002-07-23,43.5035,45.6945,43.4855,45.175,27.4278,6467072,0,0
2002-07-24,44.7233,47.8855,43.9553,47.7184,28.972,6631765,0,0
2002-07-25,46.5303,47.881,46.5303,47.8629,29.0598,6110017,0,0
2002-07-26,47.5015,47.9533,45.5816,46.7335,28.3741,4472607,0,0
2002-07-29,47.0949,49.1504,47.0904,48.7529,29.6001,5346099,0,0
2002-07-30,48.414,49.1007,47.5693,48.527,29.463,4199225,0,0
2002-07-31,48.0752,50.0087,47.75,50.0087,30.3626,4113116,0,0
2002-08-01,49.8958,50.0991,48.9019,49.3492,29.9621,3309574,0,0
2002-08-02,49.3492,50.2572,48.2921,48.7212,29.5809,3561704,0,0
2002-08-05,48.9471,49.304,46.6296,46.6342,28.3137,4541671,0,0
2002-08-06,47.4338,49.1278,47.4338,47.9984,29.1421,5204649,0,0
2002-08-07,48.3824,50.1081,48.2921,50.0178,30.3681,3286774,0,0
2002-08-08,49.9184,52.3126,49.9184,52.2584,31.7285,5070282,0,0
2002-08-09,52.263,53.3969,51.3188,52.6605,31.9726,4398672,0,0
2002-08-12,52.5476,52.5882,51.5176,51.5492,31.2979,3113448,0,0
2002-08-13,51.626,51.9512,50.1578,50.3972,30.5985,4063309,0,0
2002-08-14,50.4424,52.1681,49.5118,52.1184,31.6435,3835971,0,0
2002-08-15,52.1184,52.4256,51.3414,52.1816,31.6819,4291976,0,0
2002-08-16,52.0687,53.8125,51.9512,52.9225,32.1317,4101384,0,0
2002-08-19,53.1258,53.3969,52.9225,52.9677,32.1591,2378528,0,0
2002-08-20,52.7418,52.8548,51.8383,51.8609,31.4871,4484339,0,0
2002-08-21,52.3578,52.7192,51.6576,51.9512,31.542,2461981,0,0
2002-08-22,51.9061,52.1816,51.7254,51.9332,31.531,2933924,0,0
2002-08-23,51.9332,52.3443,51.9061,52.281,31.7422,3394577,0,0
2002-08-26,52.281,54.1422,52.2675,53.9028,32.7269,5273713,0,0
2002-08-27,54.5804,56.3965,54.5714,55.3529,33.6073,6181074,0,0
2002-08-28,55.3394,55.3439,53.8938,54.201,32.9079,3790814,0,0
2002-08-29,54.0203,55.7188,53.4194,55.4523,33.7803,3058993,0.1807,0
2002-08-30,55.1361,56.1932,54.9102,55.4749,33.794,2300387,0,0
2002-09-03,55.2264,55.231,53.7221,53.7763,32.7593,2716989,0,0
2002-09-04,53.7808,54.8831,53.2613,54.5172,33.2106,3070946,0,0
2002-09-05,54.2326,55.4523,53.8712,55.1813,33.6151,2896292,0,0
2002-09-06,56.2429,56.3558,55.3213,55.6014,33.8711,2834532,0,0
2002-09-09,55.6014,56.5772,55.2039,56.4552,34.3912,2566685,0,0
2002-09-10,56.2881,56.5862,55.7098,56.5817,34.4682,2519535,0,0
2002-09-11,57.3723,57.4174,56.7534,56.8437,34.6279,2508688,0,0
2002-09-12,57.7111,58.1854,57.169,57.2819,34.8948,4462424,0,0
2002-09-13,56.9431,57.4355,56.532,56.9205,34.6747,2430991,0,0
2002-09-16,56.9883,58.6507,56.9883,57.824,35.225,3027117,0,0
2002-09-17,56.9205,57.056,55.5156,55.7911,33.9866,5724626,0,0
2002-09-18,55.7911,56.8211,55.7911,56.3648,34.3362,2681793,0,0
2002-09-19,56.2429,56.6178,55.4568,55.5833,33.8601,2746652,0,0
2002-09-20,55.5878,56.4236,55.5878,56.2609,34.2728,2869950,0,0
2002-09-23,56.5817,57.6297,56.4733,57.4581,35.0021,2696182,0,0
2002-09-24,57.824,58.0363,56.2022,57.0696,34.7655,2967349,0,0
2002-09-25,57.0696,57.2955,56.4191,56.654,34.5123,2862424,0,0
2002-09-26,56.7669,57.2864,56.1932,57.2638,34.8838,2668733,0,0
2002-09-27,57.2683,57.824,56.8211,57.2638,34.8838,2343996,0,0
2002-09-30,56.9657,56.9702,55.9989,56.0351,34.1353,3275706,0,0
2002-10-01,56.6946,56.6946,55.1135,55.4749,33.794,4707250,0,0
2002-10-02,55.4794,55.7911,55.1406,55.3394,33.7115,3636082,0,0
2002-10-03,55.3439,56.4416,54.5036,55.0051,33.5078,3540232,0,0
2002-10-04,55.1135,55.3123,53.2071,53.8938,32.8308,3454344,0,0
2002-10-07,53.8938,55.5156,53.6815,54.8424,33.4087,2991699,0,0
2002-10-08,54.8424,54.8424,51.6441,51.8157,31.5649,6823022,0,0
2002-10-09,51.6124,51.617,49.2407,50.6457,30.8522,8124405,0,0
2002-10-10,50.596,52.8548,50.203,51.8202,31.5677,3982955,0,0
2002-10-11,52.8502,53.7357,52.3985,53.0806,32.3355,3354732,0,0
2002-10-14,52.674,53.5053,51.7796,52.15,31.7686,3255119,0,0
2002-10-15,52.1545,53.2975,51.4995,52.1274,31.7548,3906364,0,0
2002-10-16,52.1274,52.9225,51.7706,51.9558,31.6503,2941671,0,0
2002-10-17,47.2124,51.9467,44.3438,45.8526,27.9324,28409961,0,0
2002-10-18,45.8526,46.1914,43.7746,45.5003,27.7177,13400775,0,0
2002-10-21,45.2879,47.0724,45.0846,46.9594,28.6066,6113558,0,0
2002-10-22,46.9594,47.1988,45.7894,46.8917,28.5653,3184062,0,0
2002-10-23,46.083,47.8313,46.083,47.7455,29.0854,3033979,0,0
2002-10-24,47.8855,49.3582,47.5919,47.9713,29.223,5543774,0,0
2002-10-25,47.5196,48.0165,46.8781,47.4609,28.9121,2709685,0,0
2002-10-28,47.4609,47.6551,45.8255,46.0695,28.0644,3911455,0,0
2002-10-29,46.074,47.4292,45.3331,47.0588,28.6671,3729054,0,0
2002-10-30,46.8465,47.2079,46.1417,46.3812,28.2543,3455008,0,0
2002-10-31,46.3857,46.8555,46.3044,46.589,28.3809,2385833,0,0
2002-11-01,46.5935,46.5935,45.2518,45.5228,27.7315,4150526,0,0
2002-11-04,45.5228,45.8526,42.4645,42.4735,25.8739,12593027,0,0
2002-11-05,43.2551,44.2263,42.6904,43.5848,26.5509,6314555,0,0
2002-11-06,43.5894,45.6268,43.5894,45.3557,27.6296,6258550,0,0
2002-11-07,45.4009,45.5861,44.5516,44.6961,27.2279,3853237,0,0
2002-11-08,44.8091,45.6764,44.3844,44.5154,27.1178,3160155,0,0
2002-11-11,44.52,45.428,43.8649,44.0005,26.8041,3669950,0,0
2002-11-12,44.4974,44.4974,43.8243,43.9462,26.771,4522634,0,0
2002-11-13,43.9508,43.9508,41.1544,42.1347,25.6675,9614610,0,0
2002-11-14,42.1392,42.5774,40.2058,40.8834,24.9052,7274377,0,0
2002-11-15,40.8879,41.561,40.6123,41.4752,25.2657,6714112,0,0
2002-11-18,41.4752,41.561,39.3926,39.5101,24.0686,7853016,0,0
2002-11-19,39.5146,40.9557,39.5146,40.8427,24.8804,6740897,0,0
2002-11-20,41.1092,41.7869,40.6575,41.561,25.318,5304040,0,0
2002-11-21,42.5865,44.2534,42.5865,43.368,26.4188,7888213,0,0
2002-11-22,43.368,44.7233,43.2325,43.874,26.727,5989596,0,0
2002-11-25,44.1811,44.2715,43.6662,43.7565,26.6554,3731267,0,0
2002-11-26,44.407,44.7639,43.9598,44.5425,27.1343,5968567,0,0
2002-11-27,44.7233,45.175,43.9462,44.2986,27.0956,6228445,0.1807,0
2002-11-29,44.66,44.66,43.7746,43.7791,26.7778,1587604,0,0
2002-12-02,44.0005,44.1269,42.8756,43.6707,26.7115,3945988,0,0
2002-12-03,43.6752,43.6752,42.9614,43.1421,26.3882,3349862,0,0
2002-12-04,42.6904,43.4629,42.6678,43.4358,26.5678,4051577,0,0
2002-12-05,43.4538,43.4674,42.5549,42.5594,26.0318,3148423,0,0
2002-12-06,42.4645,43.9869,42.1754,43.5532,26.6397,4241948,0,0
2002-12-09,43.5577,43.7655,43.0021,43.0744,26.3468,2757941,0,0
2002-12-10,43.1376,43.9327,43.0066,43.6481,26.6977,4125069,0,0
2002-12-11,43.6481,44.1811,42.9208,43.5939,26.6646,5055894,0,0
2002-12-12,43.4177,43.5035,42.6542,42.8711,26.2224,2603874,0,0
2002-12-13,42.8259,42.8304,41.0415,41.2132,25.2084,5001882,0,0
2002-12-16,41.1092,41.8772,40.8382,41.823,25.5814,6034754,0,0
2002-12-17,41.561,42.3199,41.0596,41.2267,25.2167,2979303,0,0
2002-12-18,41.2312,42.6542,41.0415,42.6271,26.0732,4159823,0,0
2002-12-19,42.5187,43.5035,42.3741,42.8485,26.2086,5621251,0,0
2002-12-20,43.0518,43.3409,42.8711,43.1195,26.3744,4093636,0,0
2002-12-23,43.368,44.2715,43.2731,44.2715,27.079,3744992,0,0
2002-12-24,44.2715,44.8814,44.2715,44.6103,27.2862,2618484,0,0
2002-12-26,44.6103,44.8,43.8423,44.267,27.0763,2199225,0,0
2002-12-27,44.154,44.6555,44.154,44.2354,27.0569,1862313,0,0
2002-12-30,44.1902,44.2354,43.4674,43.9869,26.9049,2393581,0,0
2002-12-31,43.8875,43.9779,43.4448,43.8198,26.8027,1797676,0,0
2003-01-02,43.8243,45.1524,43.8198,45.0846,27.5764,2986165,0,0
2003-01-03,45.0892,45.0892,44.5154,44.904,27.4659,2273824,0,0
2003-01-06,44.9627,45.6719,44.9265,45.3693,27.7505,4102933,0,0
2003-01-07,45.3738,45.3738,44.2941,44.4567,27.1923,3451467,0,0
2003-01-08,44.4567,45.1705,44.1811,44.3799,27.1453,2036303,0,0
2003-01-09,44.4296,44.6555,43.4764,44.6555,27.3139,4202988,0,0
2003-01-10,44.2715,44.8588,44.2715,44.6419,27.3056,1857443,0,0
2003-01-13,44.4748,44.6781,43.8649,44.2941,27.0928,2827227,0,0
2003-01-14,44.4929,44.52,44.005,44.1315,26.9934,2121749,0,0
2003-01-15,44.1134,44.154,43.508,43.7294,26.7475,2157388,0,0
2003-01-16,43.8198,44.2263,43.7294,43.7655,26.7695,2178417,0,0
2003-01-17,43.7701,43.7701,43.0066,43.0518,26.333,2740232,0,0
2003-01-21,43.0518,43.1783,42.6226,42.7356,26.1395,1927172,0,0
2003-01-22,42.7401,43.368,40.4316,40.531,24.7911,8587493,0,0
2003-01-23,40.9647,42.0579,40.6349,41.6062,25.4487,4375208,0,0
2003-01-24,41.561,42.1031,40.7704,40.7704,24.9376,3708467,0,0
2003-01-27,40.8382,40.9737,39.754,39.9302,24.4236,2927947,0,0
2003-01-28,39.9347,41.8321,39.9347,41.4978,25.3824,4094079,0,0
2003-01-29,41.1092,42.216,41.0867,41.8772,25.6145,3539790,0,0
2003-01-30,41.7101,41.7914,41.2674,41.421,25.3355,2706143,0,0
2003-01-31,40.9963,42.0127,40.9737,41.2945,25.2581,3748091,0,0
2003-02-03,41.299,42.0579,41.1364,41.7101,25.5123,2613835,0,0
2003-02-04,41.5971,42.1257,41.5294,42.0489,25.7195,2525512,0,0
2003-02-05,42.0534,42.3967,41.6017,41.7598,25.5427,2579745,0,0
2003-02-06,41.7417,41.7824,41.0686,41.3306,25.2802,1681682,0,0
2003-02-07,41.561,42.0082,41.2628,41.421,25.3355,1786386,0,0
2003-02-10,41.421,41.7417,40.9602,41.4752,25.3686,1805202,0,0
2003-02-11,41.5158,41.5655,40.9286,41.29,25.2553,1831987,0,0
2003-02-12,41.8998,41.9224,40.8156,41.2222,25.2139,3089983,0,0
2003-02-13,41.1499,41.4481,40.4994,41.29,25.2553,2562258,0,0
2003-02-14,41.29,41.8321,40.8834,41.6378,25.4681,2375650,0,0
2003-02-18,41.7236,41.7236,40.793,41.4661,25.3631,3904593,0,0
2003-02-19,41.4661,42.1935,41.3893,42.1438,25.7776,2870393,0,0
2003-02-20,42.1438,42.216,41.0731,41.2312,25.2194,2634200,0,0
2003-02-21,41.3351,41.5158,40.9466,41.2177,25.2111,3999115,0,0
2003-02-24,41.168,41.1815,40.0928,40.1109,24.5341,3474267,0,0
2003-02-25,39.7992,40.4768,39.7992,40.0928,24.5231,4538794,0,0
2003-02-26,40.138,40.3051,39.0357,39.7359,24.3048,4101162,0,0
2003-02-27,39.754,39.8398,38.8731,39.3023,24.1494,3850802,0.1807,0
2003-02-28,38.8957,39.37,38.8957,39.1667,24.0661,2908246,0,0
2003-03-03,39.361,39.754,39.0267,39.1306,24.0439,2861096,0,0
2003-03-04,39.0538,39.8353,38.4665,39.4197,24.2215,3611068,0,0
2003-03-05,37.9741,38.218,37.2242,37.8341,23.2472,11024903,0,0
2003-03-06,37.8341,38.0599,37.1158,37.9741,23.3333,6364139,0,0
2003-03-07,37.9741,38.2723,37.292,37.3733,22.9641,3662424,0,0
2003-03-10,36.9757,37.2242,36.6098,36.7047,22.5533,4477476,0,0
2003-03-11,36.7499,36.8357,35.6883,35.6883,21.9287,4569784,0,0
2003-03-12,35.6883,36.1445,35.3585,36.009,22.1258,3843276,0,0
2003-03-13,36.3207,36.6731,36.0768,36.6189,22.5005,3124958,0,0
2003-03-14,36.9532,38.4168,36.8718,38.1277,23.4277,4576425,0,0
2003-03-17,38.1277,38.9273,37.5946,38.9273,23.919,5662424,0,0
2003-03-18,39.0086,39.8669,38.724,38.9228,23.9162,4731599,0,0
2003-03-19,39.5959,39.8127,39.1667,39.5055,24.2743,2785833,0,0
2003-03-20,39.5055,39.5055,38.2632,38.3762,23.5803,3476038,0,0
2003-03-21,38.3987,38.6427,36.2936,37.2016,22.8586,8416159,0,0
2003-03-24,37.3145,38.2587,37.2016,38.1413,23.436,5247593,0,0
2003-03-25,38.209,38.209,37.6759,37.8431,23.2528,2707250,0,0
2003-03-26,38.1729,38.1729,37.4953,37.807,23.2306,2154068,0,0
2003-03-27,37.5133,38.8505,37.5133,38.715,23.7885,4947427,0,0
2003-03-28,38.6472,39.4107,38.3355,39.0583,23.9995,3066298,0,0
2003-03-31,38.7602,39.4468,38.3626,38.7602,23.8163,2920199,0,0
2003-04-01,38.8731,39.7088,38.8144,39.4197,24.2215,3328832,0,0
2003-04-02,39.5733,39.5959,38.2632,39.3023,24.1494,3528722,0,0
2003-04-03,39.3023,39.5191,38.8641,39.0673,24.005,1914555,0,0
2003-04-04,39.0312,39.0357,37.6127,37.6127,23.1112,5087327,0,0
2003-04-07,37.4998,38.1277,37.179,37.947,23.3166,4932374,0,0
2003-04-08,37.8567,38.0825,37.2332,37.8115,23.2333,3124958,0,0
2003-04-09,37.6985,38.1277,37.5856,37.7889,23.2195,2937244,0,0
2003-04-10,37.7889,37.7889,36.3885,36.7634,22.5894,4386276,0,0
2003-04-11,36.8267,36.8402,36.009,36.2394,22.2674,4351300,0,0
2003-04-14,36.2846,36.7273,36.14,36.7002,22.5505,3548201,0,0
2003-04-15,36.7047,36.926,36.1852,36.8764,22.6588,2570891,0,0
2003-04-16,37.0525,37.3145,36.7137,37.0164,22.7448,3172330,0,0
2003-04-17,36.926,38.1187,36.8854,37.8567,23.2611,3064527,0,0
2003-04-21,37.8612,38.7737,37.8612,38.2632,23.5109,2848921,0,0
2003-04-22,38.4213,39.4333,38.4213,39.1216,24.0383,3598229,0,0
2003-04-23,39.1577,39.5959,38.7782,39.248,24.116,2342446,0,0
2003-04-24,39.1351,39.2797,38.7918,38.9137,23.9106,1783951,0,0
2003-04-25,38.8505,39.0764,38.462,38.5975,23.7163,1709795,0,0
2003-04-28,38.4891,39.3384,38.2813,39.0899,24.0189,1839513,0,0
2003-04-29,40.4316,41.0641,39.7811,40.3368,24.785,5750968,0,0
2003-04-30,39.7901,40.3368,39.6411,39.7314,24.4131,3309795,0,0
2003-05-01,39.7314,39.8489,38.9634,39.5643,24.3104,2003099,0,0
2003-05-02,40.1832,40.906,40.0702,40.5807,24.9349,3707582,0,0
2003-05-05,40.5852,40.8789,39.5823,39.9799,24.5657,3029994,0,0
2003-05-06,40.3639,40.6575,39.9799,40.2193,24.7128,3149530,0,0
2003-05-07,40.0702,40.3593,39.885,40.2509,24.7323,4598561,0,0
2003-05-08,39.9347,40.3187,39.623,39.7766,24.4408,1652241,0,0
2003-05-09,40.0702,40.2464,39.9121,40.1154,24.649,2020587,0,0
2003-05-12,40.3006,41.0415,39.9799,40.906,25.1348,2393581,0,0
2003-05-13,40.8834,41.3803,40.5446,41.3577,25.4123,2336469,0,0
2003-05-14,41.3351,41.6017,41.1183,41.5158,25.5095,2858882,0,0
2003-05-15,41.6288,41.8321,40.9963,41.1092,25.2597,2608744,0,0
2003-05-16,40.8156,41.3893,40.6801,41.0641,25.2319,2084339,0,0
2003-05-19,40.6575,40.8789,39.9483,40.0657,24.6185,2383841,0,0
2003-05-20,39.9528,40.2193,39.379,39.8263,24.4713,2618262,0,0
2003-05-21,39.8263,39.8263,39.1667,39.2616,24.1244,2105368,0,0
2003-05-22,39.2706,39.8669,39.1667,39.3474,24.1771,2215385,0,0
2003-05-23,39.2345,40.522,38.8279,40.2374,24.7239,2888102,0,0
2003-05-27,39.8669,40.3639,39.6998,39.7359,24.4158,3411400,0,0
2003-05-28,39.9799,39.9934,39.379,39.5281,24.2882,3713780,0,0
2003-05-29,39.5281,39.6185,39.0448,39.1035,24.0272,3814056,0,0
2003-05-30,39.4604,39.7314,39.248,39.6185,24.4567,5804981,0.1807,0
2003-06-02,39.7992,40.0747,39.5326,39.623,24.4595,3121417,0,0
2003-06-03,39.7721,39.8218,39.37,39.4378,24.3451,2248146,0,0
2003-06-04,39.3023,39.3971,38.7376,38.986,24.0663,4000221,0,0
2003-06-05,38.9544,39.4829,38.7421,38.846,23.9798,3205313,0,0
2003-06-06,39.1216,39.2526,38.5794,38.5794,23.8153,4274709,0,0
2003-06-09,38.5794,38.584,37.4591,37.7211,23.2854,4184173,0,0
2003-06-10,37.8883,38.4891,37.6759,38.453,23.7372,2972219,0,0
2003-06-11,38.9589,39.3926,38.1277,39.3294,24.2782,2422357,0,0
2003-06-12,39.3294,40.1606,39.3294,39.5236,24.3981,2967571,0,0
2003-06-13,39.6637,39.8398,38.6879,38.855,23.9854,2064859,0,0
2003-06-16,38.968,39.3565,38.8505,39.3565,24.2949,2138794,0,0
2003-06-17,39.2797,39.2797,38.5659,38.9363,24.0356,3340122,0,0
2003-06-18,38.9363,39.4604,38.6337,39.37,24.3033,2856004,0,0
2003-06-19,39.3248,39.9528,39.3023,39.5688,24.426,2806419,0,0
2003-06-20,39.7314,40.3503,39.5778,40.0928,24.7495,4480576,0,0
2003-06-23,39.754,39.9799,39.5643,39.8263,24.585,2313226,0,0
2003-06-24,39.6862,40.1696,39.6591,39.9121,24.638,2351300,0,0
2003-06-25,39.7088,40.129,39.4423,39.5462,24.4121,1990039,0,0
2003-06-26,39.4468,39.5281,39.0086,39.1758,24.1834,2041173,0,0
2003-06-27,39.2571,39.2571,38.7421,38.7692,23.9324,1571223,0,0
2003-06-30,38.8821,39.0312,38.7105,38.9815,24.0635,2005977,0,0
2003-07-01,38.9815,39.8895,38.9815,39.8443,24.5961,2718539,0,0
2003-07-02,39.8443,39.8669,39.4016,39.754,24.5403,1697620,0,0
2003-07-03,39.5055,39.5733,38.8821,38.8821,24.0021,1297178,0,0
2003-07-07,38.8866,39.3971,38.7602,38.8505,23.9826,2107139,0,0
2003-07-08,38.9137,39.1712,38.584,39.1577,24.1722,2174875,0,0
2003-07-09,38.977,39.1125,38.6924,38.9183,24.0244,2554953,0,0
2003-07-10,38.8053,39.7088,38.7647,39.6185,24.4567,3313116,0,0
2003-07-11,39.7314,39.9889,39.5055,39.8308,24.5878,2350194,0,0
2003-07-14,39.9166,39.9166,39.6185,39.754,24.5403,2398008,0,0
2003-07-15,39.7992,40.0702,39.5733,39.6411,24.4706,1983177,0,0
2003-07-16,39.6411,39.754,39.0538,39.4152,24.3312,2900719,0,0
2003-07-17,39.4152,39.4242,38.8641,39.0131,24.083,1694079,0,0
2003-07-18,39.239,40.2961,39.0809,40.2283,24.8331,2712120,0,0
2003-07-21,40.2058,40.5446,39.3881,39.6862,24.4985,2347537,0,0
2003-07-22,39.1712,40.4768,39.1712,40.2554,24.8499,2687770,0,0
2003-07-23,40.2058,40.4271,39.7088,39.9347,24.6519,2076148,0,0
2003-07-24,40.0251,40.0928,38.9047,38.9183,24.0244,3134477,0,0
2003-07-25,38.9634,39.3926,38.7376,39.3474,24.2894,3068954,0,0
2003-07-28,40.5446,41.9224,40.3865,41.7236,25.7562,8448257,0,0
2003-07-29,41.6513,41.9676,41.0686,41.7417,25.7674,4374986,0,0
2003-07-30,41.6468,41.8998,41.4029,41.814,25.812,2289983,0,0
2003-07-31,42.0218,42.2838,41.6062,41.6694,25.7228,2110902,0,0
2003-08-01,41.7869,41.8095,41.1092,41.4978,25.6168,1723077,0,0
2003-08-04,41.6107,41.692,41.1996,41.4481,25.5861,2264970,0,0
2003-08-05,41.561,41.57,40.6575,41.1092,25.3769,2824571,0,0
2003-08-06,40.793,41.3939,40.5175,41.1138,25.3797,1725733,0,0
2003-08-07,41.4481,41.561,40.8156,41.3758,25.5415,2021472,0,0
2003-08-08,41.3442,41.3893,40.9286,41.0912,25.3658,1566132,0,0
2003-08-11,41.1996,41.701,40.8563,41.2583,25.469,1966132,0,0
2003-08-12,41.29,41.3939,40.8969,41.3939,25.5526,1376204,0,0
2003-08-13,41.3939,41.5158,41.055,41.186,25.4244,1286331,0,0
2003-08-14,41.1815,42.1076,40.8382,41.9947,25.9235,2821693,0,0
2003-08-15,42.0579,42.5774,41.8953,42.0037,25.9291,1009186,0,0
2003-08-18,42.085,43.0247,42.0579,43.0202,26.5565,2088323,0,0
2003-08-19,43.0292,43.7972,43.0292,43.4041,26.7936,3070061,0,0
2003-08-20,43.368,43.368,42.4419,42.5639,26.2749,1881129,0,0
2003-08-21,43.6842,43.9733,43.2641,43.8694,27.0808,4568899,0,0
2003-08-22,43.9327,43.9372,42.6949,42.844,26.4478,1746541,0,0
2003-08-25,42.4645,42.5684,42.1483,42.5639,26.2749,1745877,0,0
2003-08-26,42.5639,43.2551,42.5413,43.097,26.604,1359159,0,0
2003-08-27,43.0066,43.097,42.5594,42.7762,26.406,1702712,0,0
2003-08-28,42.7401,43.1015,42.5277,43.0653,26.5844,2108910,0,0
2003-08-29,42.844,43.2054,42.7988,43.1331,26.7385,1135141,0.1807,0
2003-09-02,43.2325,43.639,42.862,43.2099,26.7861,1429773,0,0
2003-09-03,43.3138,43.5126,42.9298,43.359,26.8785,2387382,0,0
2003-09-04,43.4358,43.4358,42.7762,43.0382,26.6797,1539126,0,0
2003-09-05,42.7356,42.7852,42.1392,42.591,26.4024,1534698,0,0
2003-09-08,42.6859,43.0427,42.6,42.9162,26.604,1428666,0,0
2003-09-09,43.0292,43.0292,42.2883,42.5097,26.352,1318650,0,0
2003-09-10,42.207,42.3741,41.6107,41.9224,25.988,2219812,0,0
2003-09-11,42.0263,42.2341,41.8275,41.9811,26.0244,1513005,0,0
2003-09-12,41.9811,42.1754,41.6062,42.0489,26.0664,1161262,0,0
2003-09-15,42.0127,42.6226,41.7869,42.4013,26.2848,1707803,0,0
2003-09-16,42.5774,42.9524,42.4193,42.844,26.5592,1839513,0,0
2003-09-17,42.862,43.0066,42.5955,42.8033,26.534,1356724,0,0
2003-09-18,42.6904,42.9117,42.5684,42.6994,26.4696,1321749,0,0
2003-09-19,42.6,42.6904,41.8863,42.1212,26.1112,2678030,0,0
2003-09-22,41.8321,41.8998,41.1092,41.3306,25.6211,2052020,0,0
2003-09-23,40.3413,41.0912,39.5552,39.7359,24.6325,7076480,0,0
2003-09-24,39.7359,39.7404,38.8505,38.8505,24.0837,4856447,0,0
2003-09-25,38.8505,38.8505,37.4953,38.3626,23.7812,7340122,0,0
2003-09-26,38.6246,39.2345,38.5794,38.9183,24.1257,4937908,0,0
2003-09-29,39.3474,39.6501,38.8776,39.1487,24.2685,3010957,0,0
2003-09-30,38.986,39.1893,38.6337,38.9499,24.1453,2099391,0,0
2003-10-01,38.8505,39.4333,38.7195,39.4333,24.4449,1755838,0,0
2003-10-02,39.2571,39.3474,38.9408,39.0267,24.1929,1661538,0,0
2003-10-03,39.0267,39.5733,39.0267,39.0538,24.2097,1876702,0,0
2003-10-06,39.1216,39.1441,38.5659,38.7827,24.0417,1919424,0,0
2003-10-07,38.6698,39.1803,38.6337,38.9815,24.1649,1858107,0,0
2003-10-08,38.9815,39.0764,38.5298,38.7105,23.9968,2753957,0,0
2003-10-09,38.9408,39.4152,38.8731,38.9589,24.1509,1942667,0,0
2003-10-10,38.9589,38.9589,38.4123,38.6562,23.9632,3382180,0,0
2003-10-13,38.8731,38.8731,38.4801,38.5794,23.9156,1596901,0,0
2003-10-14,38.593,38.9499,38.4846,38.9137,24.1229,2850913,0,0
2003-10-15,38.9137,38.9137,38.4981,38.6246,23.9436,1821804,0,0
2003-10-16,38.5749,38.6653,38.1503,38.2858,23.7336,2102490,0,0
2003-10-17,38.6246,39.2255,38.6246,38.9996,24.1761,3609740,0,0
2003-10-20,38.9996,39.0809,38.733,39.0448,24.2041,1988489,0,0
2003-10-21,38.8505,39.3023,38.846,39.099,24.2377,1954621,0,0
2003-10-22,39.099,39.099,38.6201,38.7963,24.0501,2514222,0,0
2003-10-23,38.8008,39.3926,38.6698,39.1577,24.2741,2429220,0,0
2003-10-24,39.1577,39.2661,38.7376,39.2661,24.3413,1738794,0,0
2003-10-27,39.2661,39.3474,38.986,39.239,24.3245,1893304,0,0
2003-10-28,39.239,39.6591,39.1622,39.5281,24.5037,1858771,0,0
2003-10-29,39.9889,41.1499,39.8895,40.8201,25.3046,5424460,0,0
2003-10-30,40.8201,40.9737,40.5129,40.653,25.201,2091865,0,0
2003-10-31,40.653,40.8834,40.1018,40.3865,25.0358,1845932,0,0
2003-11-03,40.3865,40.6846,40.26,40.3368,25.005,1497952,0,0
2003-11-04,40.3368,40.3368,40.007,40.0838,24.8482,2374322,0,0
2003-11-05,40.0838,40.2012,39.9302,40.1696,24.9014,1383287,0,0
2003-11-06,39.6998,40.0928,39.492,39.7088,24.6157,2421472,0,0
2003-11-07,39.8669,40.3819,39.7585,40.2283,24.9378,2396901,0,0
2003-11-10,40.2735,40.2735,39.9708,40.1832,24.9098,2236635,0,0
2003-11-11,40.138,40.5536,39.9799,40.3819,25.033,1805423,0,0
2003-11-12,40.3819,40.9286,40.2283,40.7388,25.2542,2666076,0,0
2003-11-13,40.6801,41.4255,40.6033,41.2945,25.5987,3038849,0,0
2003-11-14,41.2945,41.3442,41.0505,41.1906,25.5343,1819148,0,0
2003-11-17,41.0415,41.4661,40.8563,40.9828,25.4055,1945102,0,0
2003-11-18,40.8834,41.177,40.7343,40.924,25.3691,2210736,0,0
2003-11-19,40.8156,41.8411,40.7207,41.5023,25.7275,2610515,0,0
2003-11-20,41.5068,41.9224,41.3351,41.9134,25.9823,2621361,0,0
2003-11-21,41.8546,42.1257,41.7869,42.1257,26.114,3093304,0,0
2003-11-24,42.1257,42.3516,41.7598,42.0399,26.0608,1866740,0,0
2003-11-25,42.0127,42.1347,41.5971,41.9269,25.9907,2076148,0,0
2003-11-26,41.9902,42.0127,41.6378,41.9811,26.137,1095517,0.1807,0
2003-11-28,41.9088,41.9585,41.6875,41.8456,26.0526,504704,0,0
2003-12-01,42.0127,42.0127,41.5158,41.7507,25.9936,2037189,0,0
2003-12-02,41.6288,41.6288,41.2674,41.3667,25.7545,1882236,0,0
2003-12-03,41.6513,41.8772,41.4029,41.5068,25.8417,1672385,0,0
2003-12-04,42.1483,42.722,41.9676,42.6271,26.5392,3472053,0,0
2003-12-05,42.3741,42.3967,41.8185,42.0399,26.1736,1849474,0,0
2003-12-08,41.9224,42.713,41.8863,42.6,26.5223,1608854,0,0
2003-12-09,42.713,42.7807,41.7778,42.0986,26.2101,1869397,0,0
2003-12-10,42.067,42.4193,41.9856,42.1573,26.2467,949419,0,0
2003-12-11,42.1483,42.4148,41.9314,42.207,26.2776,1391035,0,0
2003-12-12,42.207,42.3696,41.9405,42.2206,26.2861,714997,0,0
2003-12-15,42.3967,42.4419,41.421,41.439,25.7995,2011732,0,0
2003-12-16,41.552,42.1121,41.5384,41.9495,26.1173,1381738,0,0
2003-12-17,41.9405,42.1031,41.6649,41.9314,26.1061,2199447,0,0
2003-12-18,41.8321,42.1935,41.6513,42.0986,26.2101,2659436,0,0
2003-12-19,42.3741,42.3741,41.9947,42.0173,26.1595,2373215,0,0
2003-12-22,42.1076,42.3741,42.0353,42.216,26.2833,2297952,0,0
2003-12-23,42.0579,42.2341,41.7733,41.8095,26.0301,2877034,0,0
2003-12-24,41.8095,42.5323,41.7778,42.5323,26.4801,1502380,0,0
2003-12-26,42.6,42.6904,42.5232,42.6768,26.5701,745102,0,0
2003-12-29,42.7265,42.975,42.6678,42.9343,26.7305,1638517,0,0
2003-12-30,43.0202,43.1421,42.7581,42.9027,26.7108,1614831,0,0
2003-12-31,42.9027,43.2009,42.6904,43.1873,26.888,1469840,0,0
2004-01-02,43.0744,43.2009,42.3787,42.7717,26.6292,1853459,0,0
2004-01-05,42.6904,42.9569,42.3787,42.9569,26.7445,2159380,0,0
2004-01-06,42.9614,43.2686,42.9388,43.1918,26.8908,1690315,0,0
2004-01-07,43.1918,43.8559,43.0518,43.6029,27.1467,2101384,0,0
2004-01-08,43.6029,44.0682,43.4809,43.7655,27.248,1409408,0,0
2004-01-09,43.4584,44.1179,43.368,43.7746,27.2536,2272717,0,0
2004-01-12,43.8649,43.8785,43.639,43.8198,27.2817,2328058,0,0
2004-01-13,43.8198,44.2263,43.7746,44.0682,27.4364,1838406,0,0
2004-01-14,44.2173,44.6961,44.1495,44.6103,27.7739,2059768,0,0
2004-01-15,44.6193,45.1389,44.4612,44.6013,27.7683,2020365,0,0
2004-01-16,44.7007,45.306,44.6329,45.306,28.207,2778085,0,0
2004-01-20,45.306,45.4912,45.0079,45.175,28.1255,2948976,0,0
2004-01-21,45.175,45.6177,44.8226,45.5003,28.328,1576093,0,0
2004-01-22,45.5816,45.5816,45.1705,45.3196,28.2155,1476923,0,0
2004-01-23,45.3964,45.4551,44.7955,45.0033,28.0186,1075816,0,0
2004-01-26,45.0033,45.8255,44.913,45.6629,28.4292,1948201,0,0
2004-01-27,45.5996,45.5996,44.9627,45.2066,28.1452,1346541,0,0
2004-01-28,45.2066,45.3331,44.5877,44.66,27.8048,1195573,0,0
2004-01-29,44.7007,44.8136,44.4567,44.5877,27.7598,2250802,0,0
2004-01-30,44.4748,44.5109,43.5216,43.6887,27.2002,2346209,0,0
2004-02-02,43.9553,45.2925,43.9101,44.3573,27.6164,2564693,0,0
2004-02-03,44.5651,44.66,44.0727,44.2715,27.563,1868954,0,0
2004-02-04,44.2715,45.3873,44.2715,44.7684,27.8723,2545656,0,0
2004-02-05,44.8362,45.8255,44.8362,45.6764,28.4377,2345766,0,0
2004-02-06,45.7849,46.4625,45.7849,46.3586,28.8624,2070393,0,0
2004-02-09,46.3586,46.4444,45.8617,46.3405,28.8511,1647593,0,0
2004-02-10,46.214,46.7064,45.9339,46.5619,28.9889,1876038,0,0
2004-02-11,46.598,47.0904,46.345,46.9504,29.2308,2380520,0,0
2004-02-12,46.9504,46.982,46.598,46.8239,29.1521,1464970,0,0
2004-02-13,46.8239,47.0904,46.7335,46.8239,29.1521,1677034,0,0
2004-02-17,46.6432,47.1763,46.6432,47.0769,29.3096,1503486,0,0
2004-02-18,47.1401,47.4247,46.8826,46.8826,29.1886,1831987,0,0
2004-02-19,46.8871,47.3931,46.8555,47.0724,29.3068,1352297,0,0
2004-02-20,47.3886,47.506,46.9097,47.0814,29.3124,1573879,0,0
2004-02-23,46.982,47.104,45.3783,46.0514,28.6711,2449585,0,0
2004-02-24,45.8526,46.1734,44.7233,45.3286,28.2211,2926397,0,0
2004-02-25,45.0846,46.2818,45.0846,46.0604,28.6767,2276038,0,0
2004-02-26,45.8617,45.8752,45.6268,45.8255,28.6428,2103376,0.1807,0
2004-02-27,45.8255,46.3044,45.6764,45.6764,28.5497,1778860,0,0
2004-03-01,46.0107,46.4354,46.0107,46.1553,28.849,1425346,0,0
2004-03-02,46.0559,46.1914,45.0711,45.0892,28.1826,2258107,0,0
2004-03-03,45.0395,45.1614,44.7278,44.9491,28.0951,2480133,0,0
2004-03-04,44.9175,45.0169,43.8152,44.136,27.5868,3511455,0,0
2004-03-05,43.7068,44.4296,43.7068,44.1947,27.6235,1961704,0,0
2004-03-08,44.1586,44.5335,43.7204,43.7204,27.327,1748091,0,0
2004-03-09,43.6074,43.9959,43.3816,43.8875,27.4315,2404427,0,0
2004-03-10,44.1811,44.3528,43.8378,44.2308,27.6461,2525733,0,0
2004-03-11,44.0456,44.1947,43.6255,43.639,27.2762,2790703,0,0
2004-03-12,43.5261,43.8198,43.2776,43.5713,27.2339,2720310,0,0
2004-03-15,43.4584,44.0682,43.3996,43.8649,27.4174,1802324,0,0
2004-03-16,43.8694,43.9237,43.2054,43.6165,27.2621,2366796,0,0
2004-03-17,43.639,43.743,43.4674,43.6752,27.2988,1534477,0,0
2004-03-18,43.7972,44.0456,43.6707,43.752,27.3468,2013060,0,0
2004-03-19,43.7565,44.0592,43.5668,43.5668,27.231,1860542,0,0
2004-03-22,43.1873,44.0321,43.1873,44.0321,27.5219,2016602,0,0
2004-03-23,43.9553,44.398,43.8378,43.9237,27.4541,1187161,0,0
2004-03-24,43.9688,44.0095,43.368,43.9417,27.4654,1929164,0,0
2004-03-25,43.9417,44.1586,43.8017,43.8017,27.3779,1771555,0,0
2004-03-26,43.639,43.9824,43.639,43.8152,27.3863,1393691,0,0
2004-03-29,43.8198,43.9372,43.6662,43.7294,27.3327,1152186,0,0
2004-03-30,43.6616,44.1721,43.6571,44.1134,27.5727,1828002,0,0
2004-03-31,44.0637,44.6284,43.874,44.4612,27.7901,1244272,0,0
2004-04-01,44.4748,44.8136,44.3167,44.4341,27.7732,1197786,0,0
2004-04-02,44.6555,45.175,44.5064,44.8678,28.0443,1332817,0,0
2004-04-05,44.8362,45.6493,44.7458,45.6313,28.5214,1534034,0,0
2004-04-06,45.4686,45.8255,45.1479,45.7623,28.6033,1507471,0,0
2004-04-07,45.7171,46.0017,45.55,45.55,28.4706,2122856,0,0
2004-04-08,45.7623,45.821,45.428,45.4415,28.4028,1205755,0,0
2004-04-12,45.4867,45.8481,45.4777,45.5545,28.4734,890315,0,0
2004-04-13,45.7261,45.8617,45.2744,45.3918,28.3718,1135362,0,0
2004-04-14,45.306,45.6268,45.306,45.5138,28.448,907139,0,0
2004-04-15,45.5816,45.7397,45.0395,45.297,28.3125,1153735,0,0
2004-04-16,45.4912,45.5906,45.2699,45.5138,28.448,1135141,0,0
2004-04-19,44.9491,45.1524,44.6555,44.7233,27.9539,1666630,0,0
2004-04-20,44.8362,45.053,44.136,44.136,27.5868,1688102,0,0
2004-04-21,44.2715,44.398,43.7746,44.3438,27.7167,1849917,0,0
2004-04-22,44.2715,45.4009,44.1721,45.4009,28.3774,2963586,0,0
2004-04-23,45.3331,45.4099,44.7458,45.0124,28.1346,1544660,0,0
2004-04-26,45.0124,45.0575,44.7729,44.782,27.9906,1389707,0,0
2004-04-27,44.7504,45.2066,44.7504,44.9536,28.0979,2271389,0,0
2004-04-28,44.8949,44.8994,44.4477,44.4522,27.7845,1546209,0,0
2004-04-29,44.791,44.9762,44.538,44.6374,27.9002,1213282,0,0
2004-04-30,44.5697,44.9898,44.4974,44.8362,28.0245,1593359,0,0
2004-05-03,44.8407,45.2834,44.8,45.1524,28.2221,1756502,0,0
2004-05-04,45.1795,45.1795,44.3122,44.9898,28.1205,2335805,0,0
2004-05-05,44.9898,45.5635,44.9491,45.2653,28.2927,1538240,0,0
2004-05-06,46.0559,46.0785,45.2202,45.2202,28.2645,1984947,0,0
2004-05-07,45.1072,45.3105,45.0124,45.1163,28.1995,1325291,0,0
2004-05-10,44.9356,44.9807,44.2625,44.4974,27.8127,1539126,0,0
2004-05-11,44.4974,44.5245,43.8288,44.023,27.5162,1907028,0,0
2004-05-12,44.4748,44.791,44.0456,44.7097,27.9454,2256779,0,0
2004-05-13,44.904,45.315,44.8814,45.1163,28.1995,2023907,0,0
2004-05-14,45.1208,45.3783,44.8,45.0395,28.1515,1874931,0,0
2004-05-17,44.9491,44.9807,44.538,44.6961,27.9369,1754732,0,0
2004-05-18,44.7865,45.2473,44.4793,45.1434,28.2165,1863420,0,0
2004-05-19,45.3557,45.6719,45.0395,45.0846,28.1798,1583398,0,0
2004-05-20,44.7684,44.9853,44.4432,44.9265,28.211,1700498,0.207805,0
2004-05-21,45.1163,45.3512,45.035,45.1976,28.3812,1919646,0,0
2004-05-24,45.3467,45.7261,44.8136,45.2744,28.4294,1837078,0,0
2004-05-25,45.1072,46.4173,45.0982,46.2999,29.0734,2321638,0,0
2004-05-26,46.1463,46.458,46.0107,46.1914,29.0053,2063088,0,0
2004-05-27,46.2502,46.982,46.2502,46.982,29.5017,1835086,0,0
2004-05-28,46.982,46.982,46.5031,46.589,29.2549,1584726,0,0
2004-06-01,46.5077,46.8329,46.2005,46.6884,29.3173,1651799,0,0
2004-06-02,46.6884,47.2621,46.6884,47.104,29.5783,1605091,0,0
2004-06-03,47.1627,47.1627,46.8465,46.9368,29.4733,1543110,0,0
2004-06-04,46.991,47.1582,46.8103,46.973,29.496,1072053,0,0
2004-06-07,46.982,47.4338,46.9413,47.4338,29.7853,1364471,0,0
2004-06-08,47.366,47.4925,47.1537,47.4925,29.8222,1939568,0,0
2004-06-09,47.4338,47.9307,47.3795,47.3795,29.7513,1886220,0,0
2004-06-10,47.6144,47.6144,47.3208,47.5693,29.8705,1311123,0,0
2004-06-14,47.4112,47.7816,47.2892,47.4202,29.7768,1348533,0,0
2004-06-15,47.5331,47.6325,47.2305,47.4066,29.7683,1257333,0,0
2004-06-16,47.3795,48.0255,47.3795,47.9668,30.1201,1628334,0,0
2004-06-17,47.9668,47.9713,47.4383,47.6325,29.9102,1972330,0,0
2004-06-18,47.637,48.021,47.5693,47.9352,30.1002,2783177,0,0
2004-06-21,47.9352,47.9352,47.375,47.4518,29.7967,1307803,0,0
2004-06-22,47.3253,47.8765,47.2621,47.5241,29.8421,1428666,0,2
2004-06-23,47.4338,48.1927,47.4066,48.0481,30.1711,1288434,0,0
2004-06-24,47.9126,48.1114,47.7319,47.8855,30.069,1393802,0,0
2004-06-25,47.7952,47.9668,47.6687,47.9036,30.0804,1809961,0,0
2004-06-28,47.8855,48.2017,47.5693,47.7048,29.9555,1866740,0,0
2004-06-29,47.5783,48.5541,47.4699,48.2921,30.3243,1387382,0,0
2004-06-30,48.021,48.7438,48.021,48.5179,30.4661,1482789,0,0
2004-07-01,48.4276,48.5812,48.1656,48.5089,30.4605,1600775,0,0
2004-07-02,48.4276,48.4547,47.8494,48.1023,30.2052,1111787,0,0
2004-07-06,47.8403,48.4005,47.8223,48.2921,30.3243,1417598,0,0
2004-07-07,48.2469,48.9245,48.1475,48.9245,30.7214,1774986,0,0
2004-07-08,48.6535,49.0691,48.6083,48.8432,30.6704,1871610,0,0
2004-07-09,49.2317,49.4305,48.9878,49.2407,30.92,1806641,0,0
2004-07-12,49.2407,49.4757,49.0691,49.4124,31.0278,1372108,0,0
2004-07-13,49.2859,49.3311,48.6896,48.8251,30.6591,1660874,0,0
2004-07-14,48.8342,49.0058,48.2921,48.3824,30.3811,2149419,0,0
2004-07-15,48.2469,48.6896,48.003,48.2379,30.2903,1145434,0,0
2004-07-16,48.6083,48.8522,48.2921,48.5902,30.5115,1195683,0,0
2004-07-19,48.789,49.0601,48.5812,48.6806,30.5683,959159,0,0
2004-07-20,48.6896,49.2859,48.5631,49.1865,30.886,1480133,0,0
2004-07-21,49.4215,49.7377,48.8974,49.2407,30.92,1718539,0,0
2004-07-22,49.0149,49.1956,48.2017,48.2469,30.2959,2503044,0,0
2004-07-23,48.1566,48.5902,47.7229,48.1475,30.2335,1171112,0,0
2004-07-26,48.1114,48.2469,47.8403,48.0752,30.1882,1314444,0,0
2004-07-27,47.9307,48.274,47.4789,48.1294,30.2222,1060210,0,0
2004-07-28,47.7952,48.6896,47.7861,48.5179,30.4661,1305368,0,0
2004-07-29,48.527,48.9697,47.5512,47.6596,29.9272,2150858,0,0
2004-07-30,48.0662,48.2017,47.3434,47.5241,29.8421,1466408,0,0
2004-08-02,47.5241,48.6715,47.4699,48.5089,30.4605,2532485,0,0
2004-08-03,48.3372,48.3372,47.7771,47.8855,30.069,1351190,0,0
2004-08-04,47.8855,48.3644,47.8042,48.2108,30.2733,1047593,0,0
2004-08-05,48.1114,48.3011,47.9307,47.9307,30.0974,1680465,0,0
2004-08-06,47.7952,47.9307,46.7381,46.8826,29.4393,1678251,0,0
2004-08-09,47.0724,47.2531,46.6296,46.7019,29.3258,1371887,0,0
2004-08-10,46.7109,47.0272,46.6387,46.982,29.5017,1428224,0,0
2004-08-11,46.8465,47.2621,46.6116,46.9097,29.4563,1413060,0,0
2004-08-12,46.214,46.7742,45.699,45.8978,28.8209,2029994,0,0
2004-08-13,45.9068,46.2411,45.8526,46.1237,28.9627,1261096,0,0
2004-08-16,46.214,46.9097,46.196,46.5122,29.2067,1711455,0,0
2004-08-17,46.5754,46.729,46.3405,46.476,29.184,1318982,0,0
2004-08-18,46.2592,46.3315,45.9882,46.3134,29.0819,1761040,0,0
2004-08-19,46.1237,46.3586,45.9972,46.2592,29.0478,1257665,0,0
2004-08-20,46.1779,46.476,45.8797,46.4489,29.1669,1046043,0,0
2004-08-23,46.3495,46.8374,46.2953,46.3947,29.1329,1358495,0,0
2004-08-24,46.5303,46.6296,46.2863,46.5393,29.2237,1161372,0,0
2004-08-25,46.0785,47.2259,46.0785,46.9368,29.4733,1468401,0,0
2004-08-26,46.5303,46.8103,46.2231,46.6748,29.4391,1142557,0.207805,0
2004-08-27,46.6748,46.8555,46.3947,46.6477,29.422,1069729,0,0
2004-08-30,46.214,46.9368,46.214,46.3857,29.2568,1162369,0,0
2004-08-31,46.5031,46.6658,46.0695,46.6658,29.4334,1450249,0,0
2004-09-01,46.6658,46.8284,46.1327,46.5303,29.3479,1392806,0,0
2004-09-02,46.3947,46.6838,46.2321,46.6296,29.4106,1394798,0,0
2004-09-03,46.6206,46.9278,46.3947,46.3947,29.2625,1188379,0,0
2004-09-07,46.6206,47.0543,46.3315,46.4399,29.291,1452241,0,0
2004-09-08,46.4489,46.4851,45.7171,45.7532,28.8579,2307250,0,0
2004-09-09,45.5816,45.9701,45.5274,45.5996,28.761,2611400,0,0
2004-09-10,45.5996,45.5996,45.175,45.3738,28.6185,2103486,0,0
2004-09-13,45.4009,46.3224,45.4009,45.7261,28.8408,2082346,0,0
2004-09-14,45.8978,47.4157,45.8707,46.7109,29.4619,2361040,0,0
2004-09-15,46.214,46.8917,46.1869,46.8013,29.5189,1887106,0,0
2004-09-16,46.982,47.3705,46.9368,47.244,29.7982,1688545,0,0
2004-09-17,47.244,48.1656,47.244,48.0481,30.3053,2278251,0,0
2004-09-20,47.7048,47.9758,47.3163,47.7771,30.1343,1241837,0,0
2004-09-21,47.75,48.3553,47.6777,48.2379,30.425,1817820,0,0
2004-09-22,48.0843,48.0843,47.4428,47.5783,30.009,2555064,0,0
2004-09-23,47.6416,47.8042,47.1537,47.4247,29.9121,1465302,0,0
2004-09-24,47.3434,48.2921,47.3434,48.1385,30.3623,1960487,0,0
2004-09-27,47.9758,48.4818,47.8674,48.1385,30.3623,1654676,0,0
2004-09-28,47.9758,48.4728,47.7138,48.3011,30.4649,1740897,0,0
2004-09-29,48.0752,48.3644,47.9216,48.1746,30.3851,1996680,0,0
2004-09-30,48.021,48.5993,48.021,48.1837,30.3908,2519646,0,0
2004-10-01,47.6144,48.5179,47.4789,48.5179,30.6016,2746763,0,0
2004-10-04,48.5179,48.5902,47.75,47.8223,30.1628,1769120,0,0
2004-10-05,47.8313,47.9578,47.5512,47.9397,30.2369,1319535,0,0
2004-10-06,48.1114,48.1114,47.488,47.8042,30.1514,1067626,0,0
2004-10-07,47.7048,47.8765,47.2982,47.4609,29.9349,1074488,0,0
2004-10-08,47.1808,47.4699,46.973,47.1175,29.7183,1178528,0,0
2004-10-11,46.7561,47.1717,46.7561,46.9549,29.6158,1067847,0,0
2004-10-12,46.8194,47.0001,46.8013,46.982,29.6329,1406641,0,0
2004-10-13,47.0001,47.2259,46.4218,46.6748,29.4391,1184947,0,0
2004-10-14,46.7652,46.7652,45.8978,46.1688,29.12,1440952,0,0
2004-10-15,46.3495,46.6296,46.1417,46.4128,29.2739,1378307,0,0
2004-10-18,46.2592,46.2592,45.6358,45.7442,28.8522,1445711,0,0
2004-10-19,45.7713,46.1417,45.2925,45.3376,28.5957,1439181,0,0
2004-10-20,45.3557,45.446,44.7594,45.1931,28.5045,1764029,0,0
2004-10-21,45.2021,45.7713,45.1298,45.5725,28.7439,1542446,0,0
2004-10-22,45.5996,45.8255,45.2744,45.3557,28.6071,1310570,0,0
2004-10-25,45.1298,45.3738,45.0395,45.1208,28.459,1622025,0,0
2004-10-26,45.0485,45.9701,44.9943,45.8165,28.8977,1585279,0,0
2004-10-27,45.6358,46.982,45.6358,46.7561,29.4904,2292418,0,0
2004-10-28,46.5303,47.4789,46.5303,47.1988,29.7696,1672385,0,0
2004-10-29,47.2531,47.3886,46.6387,46.7561,29.4904,1788821,0,0
2004-11-01,46.8917,47.6596,46.4941,47.3705,29.8779,2254455,0,0
2004-11-02,47.5241,47.8945,46.3586,46.6658,29.4334,2275374,0,0
2004-11-03,47.8765,49.0872,47.8765,48.5631,30.6301,4494743,0,0
2004-11-04,48.5631,48.7167,48.3915,48.5812,30.6415,3510681,0,0
2004-11-05,48.7709,49.0058,48.5541,48.6083,30.6586,1947869,0,0
2004-11-08,48.8342,49.566,48.6625,49.2498,31.0632,2952961,0,0
2004-11-09,49.3763,49.6925,49.0149,49.1504,31.0006,1942225,0,0
2004-11-10,49.2859,49.6744,48.8974,49.4124,31.1658,1727615,0,0
2004-11-11,49.5118,49.9184,49.3943,49.7015,31.3482,1970116,0,0
2004-11-12,49.7015,49.8913,49.5028,49.819,31.4222,1355396,0,0
2004-11-15,49.8732,50.0087,49.6112,49.8642,31.4507,1534366,0,0
2004-11-16,49.9093,50.3792,49.7467,50.2165,31.673,2204649,0,0
2004-11-17,50.5779,51.4543,50.1985,50.9935,32.1631,3497178,0,0
2004-11-18,50.9935,51.2736,50.596,50.9213,32.1175,2302933,0,0
2004-11-19,50.9213,51.0297,50.6502,50.6954,31.975,1567239,0,0
2004-11-22,50.4605,50.9213,50.4153,50.8942,32.1004,1781295,0,0
2004-11-23,50.6864,51.4995,50.6864,51.3098,32.3625,1375540,0,0
2004-11-24,51.102,51.2646,50.6502,51.0839,32.3511,1673160,0.207805,0
2004-11-26,50.6412,50.9935,50.6412,50.8399,32.1966,515661,0,0
2004-11-29,50.7767,51.1833,50.6412,51.0116,32.3053,1562369,0,0
2004-11-30,50.7767,51.2736,50.7767,50.8942,32.2309,1489762,0,0
2004-12-01,50.7767,51.4995,50.6141,51.364,32.5285,2093636,0,0
2004-12-02,51.3188,51.7886,51.1562,51.5989,32.6772,1490537,0,0
2004-12-03,51.3911,52.0235,51.2556,51.9332,32.8889,1614499,0,0
2004-12-06,51.9332,52.1952,51.7254,52.1771,33.0434,1620919,0,0
2004-12-07,51.8609,52.5385,51.3278,51.5718,32.66,3173990,0,0
2004-12-08,51.3188,51.3188,49.6925,49.7738,31.5214,3649364,0,0
2004-12-09,49.6925,50.0358,49.557,49.8732,31.5844,2647703,0,0
2004-12-10,50.7677,50.867,49.6383,50.5508,32.0135,2316879,0,0
2004-12-13,50.7767,51.635,50.7767,51.3188,32.4998,1708246,0,0
2004-12-14,51.1833,51.7254,51.1562,51.4543,32.5857,2436857,0,0
2004-12-15,51.2285,51.6531,51.1923,51.5176,32.6257,1131046,0,0
2004-12-16,51.5899,52.1862,51.5899,52.1771,33.0434,2536912,0,0
2004-12-17,51.4091,52.0687,51.3278,51.4091,32.5571,2719535,0,0
2004-12-20,51.4091,51.6802,51.0929,51.102,32.3625,1535695,0,0
2004-12-21,51.0026,51.0477,50.0358,50.5147,31.9906,2865744,0,0
2004-12-22,50.325,51.1562,50.325,51.0749,32.3454,1298506,0,0
2004-12-23,51.1381,51.4814,51.0206,51.102,32.3625,930935,0,0
2004-12-27,51.0929,51.3549,50.5237,50.5599,32.0192,1162922,0,0
2004-12-28,50.9574,51.0749,50.4605,50.6592,32.0821,1658661,0,0
2004-12-29,50.5328,50.5328,49.2407,49.3492,31.2525,5181074,0,0
2004-12-30,49.3492,49.6744,48.6083,49.4757,31.3326,2075595,0,0
2004-12-31,49.4215,49.6293,49.1143,49.1143,31.1037,934034,0,0
2005-01-03,48.8342,49.2317,48.0301,48.4728,30.6975,2617820,0,0
2005-01-04,47.7048,48.3915,46.991,47.4338,30.0395,4586276,0,0
2005-01-05,47.2982,48.5089,47.1717,48.1566,30.4972,2815274,0,0
2005-01-06,48.3463,48.4818,47.8855,48.0301,30.4171,2495517,0,0
2005-01-07,48.003,48.1746,47.5241,47.9307,30.3542,1274488,0,0
2005-01-10,47.9307,48.1114,47.5783,47.8132,30.2798,1767349,0,0
2005-01-11,47.7048,47.7861,47.2621,47.6596,30.1825,1206530,0,0
2005-01-12,47.6596,48.1294,47.6596,48.021,30.4114,1444494,0,0
2005-01-13,47.8403,47.9849,47.2621,47.3886,30.0109,1907582,0,0
2005-01-14,47.2531,47.7409,47.1175,47.5602,30.1196,1267626,0,0
2005-01-18,46.982,47.7861,46.973,47.6144,30.1539,2612618,0,0
2005-01-19,47.5241,47.7229,46.9188,46.9549,29.7362,2238185,0,0
2005-01-20,46.6658,47.0272,46.3134,46.4128,29.3929,2483343,0,0
2005-01-21,46.6206,46.9007,46.4399,46.5393,29.473,1814167,0,0
2005-01-24,46.7832,46.8736,46.3405,46.3405,29.3471,1662867,0,0
2005-01-25,46.3405,46.6658,46.1688,46.3044,29.3242,1669175,0,0
2005-01-26,46.4851,46.8013,46.4218,46.6477,29.5417,2100277,0,0
2005-01-27,46.3947,47.3524,46.2321,47.0724,29.8106,1863309,0,0
2005-01-28,46.982,47.1627,46.6025,46.7742,29.6218,1682236,0,0
2005-01-31,46.9368,47.0814,46.6206,46.8736,29.6847,1661649,0,0
2005-02-01,46.991,47.1808,46.7742,46.982,29.7534,2071168,0,0
2005-02-02,47.0724,47.9397,46.9639,47.2892,29.9479,2414831,0,0
2005-02-03,47.3434,47.3434,46.8555,47.1446,29.8564,1883343,0,0
2005-02-04,47.2621,47.4789,47.0452,47.2169,29.9021,1906475,0,0
2005-02-07,47.6144,47.9849,47.3073,47.9758,30.3828,2140564,0,0
2005-02-08,47.8855,48.012,47.75,47.7952,30.2683,1356170,0,0
2005-02-09,47.7048,47.8765,47.0995,47.1537,29.8621,1698284,0,0
2005-02-10,47.2079,47.6867,47.0272,47.6144,30.1539,2067958,0,0
2005-02-11,47.6144,48.6264,47.5693,48.536,30.7375,1999779,0,0
2005-02-14,48.7167,49.2407,48.5902,49.0149,31.0408,2972994,0,0
2005-02-15,48.6987,49.1956,48.5993,48.7619,30.8806,1672053,0,0
2005-02-16,48.5451,48.8071,48.4276,48.78,30.892,937244,0,0
2005-02-17,48.5631,48.789,48.1656,48.1656,30.5029,1424792,0,0
2005-02-18,48.1656,48.265,47.6325,47.9307,30.3542,1256558,0,0
2005-02-22,47.5693,47.8494,47.0091,47.0543,29.7992,1438406,0,0
2005-02-23,47.2531,47.3253,46.9188,47.1356,29.8506,1803099,0,0
2005-02-24,47.1537,47.5241,47.0272,47.2982,30.0863,1088213,0.207805,0
2005-02-25,47.2982,48.0662,47.2531,47.8042,30.4081,945434,0,0
2005-02-28,47.5783,48.1385,47.5602,47.7952,30.4024,1186608,0,0
2005-03-01,47.8855,48.7167,47.8855,48.5722,30.8966,1595351,0,0
2005-03-02,48.2017,48.5722,48.1114,48.4276,30.8047,1068401,0,0
2005-03-03,48.4276,48.6535,48.0662,48.283,30.7127,1609297,0,0
2005-03-04,48.5179,48.7709,48.3282,48.6896,30.9713,1200885,0,0
2005-03-07,48.6264,49.0239,48.5179,48.8432,31.069,2021140,0,0
2005-03-08,49.0691,50.2527,49.0058,49.6473,31.5805,2537133,0,0
2005-03-09,49.3492,49.5299,48.9697,49.0149,31.1782,1525512,0,0
2005-03-10,49.1323,49.3311,48.8613,49.0058,31.1725,1145102,0,0
2005-03-11,49.2317,49.4666,48.8974,49.051,31.2012,1272496,0,0
2005-03-14,49.1504,49.3311,48.9787,49.1504,31.2644,1423243,0,0
2005-03-15,49.1956,49.4215,48.8071,48.8071,31.046,1073381,0,0
2005-03-16,48.4637,48.789,47.8765,47.8855,30.4599,1419148,0,0
2005-03-17,48.021,48.021,47.1627,47.2892,30.0805,2028888,0,0
2005-03-18,47.2982,47.4789,46.6567,47.3253,30.1035,2168235,0,0
2005-03-21,47.4789,47.75,47.0724,47.4338,30.1725,1724073,0,0
2005-03-22,47.6144,47.9849,47.2531,47.3524,30.1208,1711345,0,0
2005-03-23,47.4066,47.8042,47.1356,47.6867,30.3334,1627781,0,0
2005-03-24,49.6473,50.5779,48.0662,48.1656,30.638,3699834,0,0
2005-03-28,48.5179,48.8522,48.3282,48.4999,30.8506,1620919,0,0
2005-03-29,48.5631,48.6625,47.9307,47.9849,30.5231,1675484,0,0
2005-03-30,48.2469,49.1143,48.1656,48.9336,31.1265,1668954,0,0
2005-03-31,48.9426,49.1052,48.6083,48.7709,31.0231,1630216,0,0
2005-04-01,49.0149,49.2588,48.4908,48.9697,31.1495,1698063,0,0
2005-04-04,49.1414,49.3582,48.8342,49.2136,31.3047,2807637,0,0
2005-04-05,49.3943,50.1262,49.1323,49.9726,31.7874,1863863,0,0
2005-04-06,50.0087,50.325,49.6744,50.325,32.0116,2808633,0,0
2005-04-07,50.3069,50.9574,50.2617,50.8761,32.3621,2024018,0,0
2005-04-08,50.867,51.0477,50.4424,50.4876,32.115,1757167,0,0
2005-04-11,50.4966,50.9122,50.4876,50.8219,32.3277,1336359,0,0
2005-04-12,50.7225,51.0477,50.3792,50.8761,32.3621,1717764,0,0
2005-04-13,50.7496,50.9755,50.4063,50.596,32.184,1282457,0,0
2005-04-14,50.4605,51.12,49.9726,49.9726,31.7874,2352629,0,0
2005-04-15,49.828,49.8732,49.304,49.304,31.3621,1701937,0,0
2005-04-18,49.1504,49.1685,48.7167,49.0149,31.1782,1432429,0,0
2005-04-19,49.0239,49.0962,48.3101,48.4908,30.8449,1950083,0,0
2005-04-20,48.6987,48.8522,48.2469,48.3824,30.7759,1646929,0,0
2005-04-21,48.6264,49.1594,48.4276,49.0058,31.1725,1780963,0,0
2005-04-22,49.0149,49.2046,48.4276,48.7619,31.0173,1075595,0,0
2005-04-25,49.3311,49.7919,48.8884,49.0781,31.2185,1123298,0,0
2005-04-26,48.9245,49.1594,48.6896,48.6896,30.9713,843387,0,0
2005-04-27,48.6987,48.7619,48.1114,48.3372,30.7472,1682014,0,0
2005-04-28,48.8342,49.6925,48.5722,48.9968,31.1667,2140675,0,0
2005-04-29,49.295,49.6473,48.6806,49.5479,31.5173,1593359,0,0
2005-05-02,49.4847,50.1352,49.2407,49.9636,31.7817,1656115,0,0
2005-05-03,49.8732,50.325,49.6383,49.7286,31.6323,1545102,0,0
2005-05-04,49.8551,50.3611,49.7015,50.1442,31.8966,2538019,0,0
2005-05-05,49.9184,50.2256,49.6022,49.81,31.684,1146209,0,0
2005-05-06,50.1894,50.596,50.1894,50.2798,31.9828,1148755,0,0
2005-05-09,50.3159,50.5779,50.1171,50.4876,32.115,1277809,0,0
2005-05-10,50.1262,50.3069,49.566,49.7557,31.6495,1114112,0,0
2005-05-11,49.6473,49.828,49.3401,49.6022,31.5518,1958384,0,0
2005-05-12,49.6654,49.7738,49.0781,49.2317,31.3162,1839292,0,0
2005-05-13,49.3582,49.4034,48.1294,48.5631,30.8909,1643940,0,0
2005-05-16,48.6264,48.9697,48.4999,48.6625,30.9541,1588268,0,0
2005-05-17,48.6173,49.1233,48.265,49.0872,31.2242,1586386,0,0
2005-05-18,49.0872,49.3492,48.8793,49.1414,31.2587,1155617,0,0
2005-05-19,49.0691,49.2859,48.7348,49.2679,31.3391,1242833,0,0
2005-05-20,49.3311,50.0268,49.2769,49.9455,31.7702,1814278,0,0
2005-05-23,49.6564,50.325,49.6293,50.1081,31.8736,1663641,0,0
2005-05-24,50.1171,50.5689,49.8913,50.4695,32.1035,1281793,0,0
2005-05-25,50.0539,50.4514,49.7738,49.9003,31.7415,1264970,0,0
2005-05-26,49.9184,50.1442,49.7196,50.0087,31.9609,945545,0.23491,0
2005-05-27,49.9545,50.2256,49.828,50.0991,32.0186,512341,0,0
2005-05-31,50.1894,50.6412,50.0539,50.343,32.1745,1312673,0,0
2005-06-01,50.3521,50.3521,49.7557,50.0178,31.9667,1115219,0,0
2005-06-02,50.0539,50.3521,49.7919,50.2617,32.1226,979192,0,0
2005-06-03,50.2617,50.5689,50.0268,50.2256,32.0995,900055,0,0
2005-06-06,50.2256,50.4334,50.1171,50.3611,32.1861,866187,0,0
2005-06-07,50.4063,50.7677,50.0991,50.1985,32.0821,1055562,0,0
2005-06-08,50.1623,50.3069,49.8822,50.0358,31.9782,763586,0,0
2005-06-09,50.0358,51.0929,49.8371,50.9393,32.5556,1485778,0,0
2005-06-10,50.8761,51.2375,50.7315,51.1471,32.6885,1224128,0,0
2005-06-13,51.1562,51.7073,51.0568,51.2917,32.7808,1472385,0,0
2005-06-14,51.2375,51.2375,50.7948,50.9032,32.5325,1342667,0,0
2005-06-15,50.9122,51.1562,50.7225,50.9845,32.5845,1056226,0,0
2005-06-16,50.9484,51.0297,50.7044,50.9213,32.5441,1060100,0,0
2005-06-17,51.1833,51.3369,50.867,50.9574,32.5672,1506586,0,0
2005-06-20,50.9574,51.0749,50.6864,50.7135,32.4113,1309906,0,0
2005-06-21,50.6592,50.7586,50.2256,50.3611,32.1861,1471832,0,0
2005-06-22,50.4785,50.7767,50.3972,50.5689,32.3189,1139458,0,0
2005-06-23,50.596,50.7044,49.9907,49.9907,31.9493,763918,0,0
2005-06-24,49.8732,49.9726,49.4215,49.4847,31.626,1308578,0,0
2005-06-27,49.3221,49.4576,48.8432,49.3311,31.5278,1371887,0,0
2005-06-28,49.6925,50.4334,49.5028,50.2978,32.1457,1180520,0,0
2005-06-29,50.3701,50.4605,49.9907,50.3521,32.1803,671610,0,0
2005-06-30,49.819,50.6864,49.819,49.9184,31.9031,1630105,0,0
2005-07-01,49.9545,50.1262,49.7196,49.9816,31.9435,873603,0,0
2005-07-05,49.8913,50.0087,49.557,49.7196,31.7761,953403,0,0
2005-07-06,49.6744,49.819,49.0781,49.2859,31.4989,1386276,0,0
2005-07-07,49.1594,49.6022,48.8793,49.5118,31.6433,1325733,0,0
2005-07-08,49.4666,49.7557,49.2407,49.6564,31.7357,1111787,0,0
2005-07-11,50.3701,50.4153,49.9455,49.9636,31.932,1795683,0,0
2005-07-12,49.9636,50.1352,49.5118,49.7648,31.805,980742,0,0
2005-07-13,49.8732,50.081,49.828,49.9636,31.932,979192,0,0
2005-07-14,49.9184,50.3972,49.8732,50.0087,31.9609,1119867,0,0
2005-07-15,50.0087,50.4605,49.8551,50.3159,32.1572,1273824,0,0
2005-07-18,50.1081,50.1171,49.6112,49.6202,31.7126,855340,0,0
2005-07-19,49.7828,49.9545,49.313,49.5118,31.6433,1388600,0,0
2005-07-20,49.3763,50.1442,49.1775,50.09,32.0128,1485556,0,0
2005-07-21,50.09,51.1652,49.9003,50.8761,32.5152,2503486,0,0
2005-07-22,50.9484,50.9574,50.4605,50.8399,32.4921,1085667,0,0
2005-07-25,50.6864,51.2013,50.605,51.111,32.6654,792584,0,0
2005-07-26,51.111,51.4182,50.849,51.3278,32.8039,1564471,0,0
2005-07-27,51.3188,51.5627,50.9755,51.2285,32.7404,1791256,0,0
2005-07-28,51.9512,51.9512,50.7586,50.7586,32.4402,1571776,0,0
2005-07-29,50.6683,50.858,50.0991,50.0991,32.0186,1476370,0,0
2005-08-01,50.2346,50.4334,50.0991,50.1262,32.036,1679690,0,0
2005-08-02,50.0268,50.1352,49.7015,49.9545,31.9262,2206419,0,0
2005-08-03,49.9274,50.2888,49.9184,50.1894,32.0764,1779856,0,0
2005-08-04,50.2075,50.5147,49.9816,50.3792,32.1976,1067515,0,0
2005-08-05,50.2798,50.4605,50.0629,50.072,32.0013,1047371,0,0
2005-08-08,50.0629,50.3159,49.8913,49.9364,31.9147,996901,0,0
2005-08-09,50.325,50.3792,49.8009,49.8732,31.8743,2728168,0,0
2005-08-10,50.0087,50.4153,49.4486,49.6202,31.7126,1579967,0,0
2005-08-11,49.6564,49.9184,49.5841,49.6744,31.7472,1395351,0,0
2005-08-12,49.6835,49.9726,49.6112,49.8642,31.8685,1182623,0,0
2005-08-15,49.7467,50.3972,49.7286,50.3701,32.1919,1435639,0,0
2005-08-16,50.3792,50.7135,50.2346,50.5147,32.2842,1326508,0,0
2005-08-17,50.343,50.4785,50.072,50.2256,32.0995,870725,0,0
2005-08-18,50.2346,50.3792,50.0539,50.3521,32.1803,1060874,0,0
2005-08-19,50.5599,50.5779,50.2436,50.325,32.163,925291,0,0
2005-08-22,50.4966,51.0297,50.4514,50.8851,32.521,1083232,0,0
2005-08-23,50.9303,51.0477,50.6592,50.7586,32.4402,1072053,0,0
2005-08-24,50.849,51.0839,50.334,50.343,32.1745,1394466,0,0
2005-08-25,50.1985,50.3701,50.0449,50.325,32.3138,863199,0.23491,0
2005-08-26,50.2346,50.4424,49.9545,50.1894,32.2267,978196,0,0
2005-08-29,49.9093,50.6683,49.828,50.5689,32.4704,900055,0,0
2005-08-30,50.2617,50.587,50.09,50.4966,32.424,1017820,0,0
2005-08-31,50.6321,50.8128,49.8642,50.6773,32.54,1291754,0,0
2005-09-01,50.5508,50.9484,50.3972,50.6321,32.511,909795,0,0
2005-09-02,50.7767,51.5989,50.6864,51.4091,33.0099,4243830,0,0
2005-09-06,51.373,51.5899,51.0929,51.5356,33.0912,2683011,0,0
2005-09-07,51.626,51.888,51.5356,51.7977,33.2594,1367792,0,0
2005-09-08,51.6802,52.15,51.4634,52.0958,33.4508,1841948,0,0
2005-09-09,52.0235,52.5656,51.7706,52.2855,33.5727,1385279,0,0
2005-09-12,51.8699,52.15,51.373,51.6802,33.184,1875152,0,0
2005-09-13,51.6892,51.6892,50.7135,50.7406,32.5806,1748533,0,0
2005-09-14,50.7225,50.9484,50.2346,50.596,32.4878,2151079,0,0
2005-09-15,50.605,50.6412,50.1442,50.5508,32.4588,1820033,0,0
2005-09-16,50.6864,50.9845,50.4153,50.8851,32.6735,2191146,0,0
2005-09-19,50.8851,51.0568,50.2798,50.4695,32.4066,2604427,0,0
2005-09-20,50.325,50.7767,50.1985,50.3972,32.3602,1251688,0,0
2005-09-21,50.2165,50.5508,48.6625,49.1414,31.5538,1599557,0,0
2005-09-22,48.9968,49.1504,48.3553,48.6535,31.2405,2034090,0,0
2005-09-23,48.6444,48.8884,48.2559,48.5541,31.1767,1932374,0,0
2005-09-26,48.5993,48.9336,48.3101,48.527,31.1593,1764361,0,0
2005-09-27,48.3372,48.6173,47.8403,48.4908,31.1361,1998118,0,0
2005-09-28,48.9155,49.1504,48.4999,48.7709,31.3159,1853016,0,0
2005-09-29,48.8432,49.0149,48.3734,48.6535,31.2405,1867072,0,0
2005-09-30,48.6083,49.1233,48.3824,49.1052,31.5306,1804427,0,0
2005-10-03,48.8793,48.9607,48.4095,48.6806,31.2579,2040620,0,0
2005-10-04,48.7619,49.313,48.5812,48.6625,31.2463,1684781,0,0
2005-10-05,48.78,49.1414,48.6173,48.7619,31.3101,2057665,0,0
2005-10-06,48.8342,49.051,48.4457,48.9155,31.4088,1346873,0,0
2005-10-07,49.1052,49.1052,48.3734,48.8342,31.3565,1438296,0,0
2005-10-10,48.4276,48.9516,48.0933,48.3192,31.0259,1529939,0,0
2005-10-11,48.2198,48.4005,47.1356,47.4518,30.4689,2053569,0,0
2005-10-12,47.2982,47.8855,47.2169,47.5241,30.5153,1625678,0,0
2005-10-13,47.4789,48.0481,47.4789,47.8945,30.7532,1814831,0,0
2005-10-14,47.8674,48.2469,47.4789,48.2017,30.9504,987493,0,0
2005-10-17,48.2379,48.9155,47.6235,48.8071,31.3391,2404759,0,0
2005-10-18,48.8071,49.0329,48.3553,48.4366,31.1013,1940675,0,0
2005-10-19,48.4728,49.9907,48.4728,49.9726,32.0875,2288213,0,0
2005-10-20,49.7377,49.8732,48.3734,48.6264,31.2231,2119092,0,0
2005-10-21,48.5631,48.8071,47.6416,47.6416,30.5907,3078473,0,0
2005-10-24,47.6144,49.1594,47.6144,48.6987,31.2695,1940564,0,0
2005-10-25,49.0149,49.3763,47.6506,47.8132,30.701,3211511,0,0
2005-10-26,47.8855,48.2198,47.5331,47.6596,30.6023,3321970,0,0
2005-10-27,47.6777,47.8855,47.2531,47.2802,30.3587,1912673,0,0
2005-10-28,47.4338,48.8793,47.4338,48.8793,31.3855,2484117,0,0
2005-10-31,48.6987,49.0329,48.0481,48.4728,31.1245,2736027,0,0
2005-11-01,48.5179,49.4937,48.4908,48.8974,31.3971,1972108,0,0
2005-11-02,48.9155,49.3582,48.8974,48.9697,31.4435,2373658,0,0
2005-11-03,49.0329,49.557,49.0329,49.2588,31.6292,1595462,0,0
2005-11-04,49.4666,50.0178,49.4395,49.828,31.9947,1703044,0,0
2005-11-07,49.9274,50.0358,49.7557,49.9455,32.0701,1266962,0,0
2005-11-08,49.9184,50.1894,49.4124,49.6022,31.8497,1670393,0,0
2005-11-09,49.7377,50.7315,49.5118,50.3701,32.3428,1724737,0,0
2005-11-10,50.3159,50.6864,50.0539,50.4153,32.3718,1399779,0,0
2005-11-11,50.2346,50.3159,50.09,50.1623,32.2093,1346984,0,0
2005-11-14,49.9636,50.8851,49.8732,50.7406,32.5806,1480133,0,0
2005-11-15,50.7406,50.9664,50.5057,50.7135,32.5632,1347648,0,0
2005-11-16,50.9393,51.3098,50.7406,51.2465,32.9055,1501716,0,0
2005-11-17,51.0206,51.3549,50.6954,51.1562,32.8475,1725512,0,0
2005-11-18,51.1562,51.1562,50.3792,50.6864,32.5458,2684449,0,0
2005-11-21,50.7857,51.2194,50.7857,51.1742,32.8591,1215385,0,0
2005-11-22,51.12,51.4905,50.9574,51.4182,33.0157,1716547,0,0
2005-11-23,51.0297,51.2646,50.7857,51.0387,32.9225,1158495,0.23491,0
2005-11-25,51.1381,51.4724,51.0297,51.4001,33.1556,548533,0,0
2005-11-28,51.3369,51.4905,51.1562,51.2736,33.074,1301605,0,0
2005-11-29,51.4995,51.9332,51.4543,51.7254,33.3654,1663088,0,0
2005-11-30,51.9422,52.1048,51.7796,51.8338,33.4354,2000443,0,0
2005-12-01,51.9512,52.3849,51.9512,52.1952,33.6685,1569120,0,0
2005-12-02,52.141,52.2675,51.9241,51.9603,33.5169,1519424,0,0
2005-12-05,51.9693,52.132,51.4543,51.9603,33.5169,2195683,0,0
2005-12-06,51.9964,52.5205,51.9603,52.3398,33.7617,1826785,0,0
2005-12-07,52.403,52.4662,51.9784,52.2313,33.6918,1307914,0,0
2005-12-08,51.4995,52.5205,51.4995,52.4934,33.8608,1876259,0,0
2005-12-09,52.5024,53.171,52.4753,52.9903,34.1813,2103708,0,0
2005-12-12,52.8096,53.0354,52.412,52.8638,34.0997,2167792,0,0
2005-12-13,52.7734,53.4149,52.7734,53.3517,34.4144,1965025,0,0
2005-12-14,53.3517,53.8215,53.1619,53.6047,34.5776,1810183,0,0
2005-12-15,53.6137,54.0293,53.3517,53.7583,34.6767,1877144,0,0
2005-12-16,53.9841,54.1739,53.3969,53.433,34.4669,1943221,0,0
2005-12-19,53.3065,53.3065,52.674,52.7463,34.024,1521085,0,0
2005-12-20,52.9903,53.4149,52.8457,53.1258,34.2688,1396237,0,0
2005-12-21,53.3065,53.6137,53.2161,53.5233,34.5252,939568,0,0
2005-12-22,53.6408,53.7492,53.2975,53.6589,34.6126,1523188,0,0
2005-12-23,53.7402,53.8847,53.6227,53.7131,34.6476,495628,0,0
2005-12-27,53.7583,54.0293,53.6769,53.7583,34.6767,804649,0,0
2005-12-28,53.9209,54.0293,53.5324,53.9118,34.7758,1039292,0,0
2005-12-29,54.0112,54.2642,53.9841,54.0925,34.8924,1024460,0,0
2005-12-30,53.9389,54.4449,53.9389,54.3094,35.0322,1249142,0,0
2006-01-03,53.5324,54.3275,53.3969,53.8757,34.7525,2405534,0,0
2006-01-04,53.9389,54.3004,53.7583,54.2642,35.0031,1624571,0,0
2006-01-05,54.21,54.3546,53.8847,54.3546,35.0614,1551300,0,0
2006-01-06,54.21,55.0683,54.0293,54.7973,35.3469,1657443,0,0
2006-01-09,54.6708,55.1135,54.5714,55.0683,35.5218,1331489,0,0
2006-01-10,55.0683,55.3213,54.8876,55.2942,35.6675,1532817,0,0
2006-01-11,55.2581,55.5562,55.0232,55.502,35.8015,1741450,0,0
2006-01-12,56.7579,56.7579,55.2039,55.4297,35.7549,1408080,0,0
2006-01-13,54.8876,55.0683,54.6527,55.0593,35.5159,2328500,0,0
2006-01-17,54.7792,55.0412,54.734,54.8334,35.3703,1591810,0,0
2006-01-18,54.8334,55.0051,54.5172,54.5443,35.1838,1932595,0,0
2006-01-19,54.6618,54.8696,54.5353,54.7702,35.3294,1879358,0,0
2006-01-20,54.6346,54.9599,54.3817,54.5172,35.1663,1892418,0,0
2006-01-23,54.6166,55.0503,54.5714,54.8967,35.411,905479,0,0
2006-01-24,55.24,56.3603,55.24,56.0893,36.1803,1913780,0,0
2006-01-25,56.0712,56.2429,55.7369,55.8724,36.0405,1620144,0,0
2006-01-26,57.7156,57.7156,55.9809,56.7488,36.6058,1697288,0,0
2006-01-27,56.4688,56.7217,56.0622,56.6223,36.5242,1704704,0,0
2006-01-30,55.6104,56.0712,55.0232,56.0441,36.1512,2329496,0,0
2006-01-31,55.9267,56.6494,55.9267,56.1345,36.2095,2562590,0,0
2006-02-01,56.1345,56.9205,56.1073,56.9205,36.7165,1827338,0,0
2006-02-02,56.6946,56.8392,56.2429,56.4688,36.4251,1800221,0,0
2006-02-03,56.4688,56.803,56.3603,56.6404,36.5359,1143221,0,0
2006-02-06,56.5139,57.1916,56.3152,57.1373,36.8564,1744549,0,0
2006-02-07,57.1373,57.6433,57.056,57.4084,37.0312,1794798,0,0
2006-02-08,56.8753,57.1012,56.6946,56.9024,36.7049,1408080,0,0
2006-02-09,57.1102,57.824,56.7398,57.7698,37.2644,1605534,0,0
2006-02-10,57.7698,58.1583,57.4445,58.086,37.4683,1039181,0,0
2006-02-13,57.7788,58.1673,57.6794,58.0408,37.4392,1072053,0,0
2006-02-14,57.7608,59.2064,57.7608,58.8901,37.987,2171444,0,0
2006-02-15,58.7365,58.9895,58.5287,58.8178,37.9404,1787161,0,0
2006-02-16,58.8178,59.2696,58.592,59.1973,38.1852,1554842,0,0
2006-02-17,59.2606,59.6671,59.0889,59.369,38.2959,1676259,0,0
2006-02-21,59.1521,59.3328,58.6462,58.9986,38.057,1432208,0,0
2006-02-22,59.2154,60.0737,59.2064,59.5135,38.3892,1755285,0,0
2006-02-23,59.1883,59.4955,58.863,58.9895,38.2019,1653680,0.23491,0
2006-02-24,59.1341,59.6039,59.0166,59.5678,38.5764,1616159,0,0
2006-02-27,59.4051,59.6129,59.1792,59.1973,38.3365,1887327,0,0
2006-02-28,58.845,59.1973,57.7517,57.9143,37.5057,3273271,0,0
2006-03-01,57.2367,58.4474,57.1825,58.3119,37.7631,2523188,0,0
2006-03-02,58.1854,59.369,58.0951,58.9986,38.2078,2090426,0,0
2006-03-03,58.9534,59.8569,58.8721,59.4413,38.4945,1524626,0,0
2006-03-06,59.622,59.622,58.4293,58.5287,37.9035,1006530,0,0
2006-03-07,58.6552,59.1341,58.2306,58.7456,38.0439,1519978,0,0
2006-03-08,58.5468,59.0889,58.4203,59.0076,38.2136,1987714,0,0
2006-03-09,58.8901,59.8569,58.7275,59.2696,38.3833,1908910,0,0
2006-03-10,59.2786,60.6971,59.2786,60.4893,39.1732,3141893,0,0
2006-03-13,60.6791,61.1308,60.399,60.7965,39.3721,1726287,0,0
2006-03-14,60.8507,61.3838,60.5887,61.3567,39.7349,1273603,0,0
2006-03-15,61.3567,62.1518,61.1127,62.0433,40.1796,1995019,0,0
2006-03-16,62.0433,62.6577,61.709,62.477,40.4604,1168567,0,0
2006-03-17,62.7029,63.2811,62.5041,63.0914,40.8583,2060985,0,0
2006-03-20,63.0914,63.1998,62.4318,62.739,40.6302,1780631,0,0
2006-03-21,62.6577,63.236,62.6397,62.721,40.6185,1729607,0,0
2006-03-22,62.6125,63.1456,62.5222,63.0824,40.8525,1158163,0,0
2006-03-23,62.8836,62.8836,62.2511,62.4409,40.4371,1437078,0,0
2006-03-24,62.5222,62.9017,61.9891,62.0433,40.1796,2000885,0,0
2006-03-27,62.1156,62.1156,61.6277,61.9078,40.0918,2328390,0,0
2006-03-28,61.7633,61.9982,61.2212,61.3838,39.7525,1618816,0,0
2006-03-29,61.3748,62.206,61.0856,62.0433,40.1796,1421029,0,0
2006-03-30,61.8717,61.9801,61.3657,61.6006,39.8929,1485113,0,0
2006-03-31,61.7542,62.4138,61.6187,61.7,39.9573,1395351,0,0
2006-04-03,61.9259,62.0885,61.4019,61.447,39.7934,1683896,0,0
2006-04-04,61.4832,62.7029,61.3476,62.5132,40.4839,1787161,0,0
2006-04-05,62.3867,62.9017,62.1789,62.73,40.6243,1091312,0,0
2006-04-06,62.6306,62.8204,62.0705,62.5764,40.5248,988600,0,0
2006-04-07,62.9378,63.1547,62.4047,62.5854,40.5307,1518539,0,0
2006-04-10,62.5945,62.8836,62.1969,62.8023,40.6711,954068,0,0
2006-04-11,62.8023,62.8113,62.1427,62.2511,40.3142,1287548,0,0
2006-04-12,62.2511,62.3415,61.3205,61.438,39.7876,1836303,0,0
2006-04-13,61.5012,61.8898,61.3205,61.7362,39.9807,1005423,0,0
2006-04-17,61.0224,62.2963,61.0224,62.206,40.2849,888102,0,0
2006-04-18,62.3415,63.1547,62.2511,63.0372,40.8232,1583398,0,0
2006-04-19,63.1095,63.6335,62.8113,63.4799,41.1099,1591256,0,0
2006-04-20,62.6848,64.0672,62.6848,63.7329,41.2738,2124184,0,0
2006-04-21,64.013,64.013,62.7933,63.6516,41.2211,1191478,0,0
2006-04-24,63.4709,64.4828,63.3805,64.3563,41.6775,1307582,0,0
2006-04-25,64.1937,64.2027,62.3957,62.3957,40.4078,2465523,0,0
2006-04-26,61.1669,61.7994,61.1308,61.4832,39.8168,2910681,0,0
2006-04-27,61.0314,61.4019,60.7875,61.1489,39.6003,2025457,0,0
2006-04-28,61.1489,61.2302,60.155,60.4441,39.144,2357720,0,0
2006-05-01,60.4441,61.0495,59.8027,60.7694,39.3546,1794355,0,0
2006-05-02,60.7694,61.0405,60.5616,60.8055,39.378,2036193,0,0
2006-05-03,60.9863,61.3025,60.4893,61.1489,39.6003,2309242,0,0
2006-05-04,61.0405,61.2302,60.8327,61.1398,39.5945,1732374,0,0
2006-05-05,61.2212,61.8355,61.0495,61.5916,39.887,1221804,0,0
2006-05-08,61.6006,62.1247,61.1398,61.962,40.1269,1270061,0,0
2006-05-09,61.9711,61.9711,61.5193,61.6277,39.9105,1436635,0,0
2006-05-10,61.8898,61.953,61.2483,61.447,39.7934,1338019,0,0
2006-05-11,61.4561,61.8175,61.0495,61.1579,39.6062,1215938,0,0
2006-05-12,61.1398,61.3838,60.155,60.2363,39.0094,1473049,0,0
2006-05-15,60.0827,60.5345,60.0105,60.4622,39.1557,1834090,0,0
2006-05-16,60.4984,60.5526,60.0918,60.2092,38.9918,1343110,0,0
2006-05-17,59.9924,60.1821,59.1973,59.4322,38.4886,1432097,0,0
2006-05-18,58.7275,59.9563,58.7275,59.5406,38.5588,1327393,0,0
2006-05-19,59.631,60.3899,59.4051,60.0556,38.8924,1646265,0,0
2006-05-22,60.0647,61.3657,59.884,60.9501,39.4716,2100166,0,0
2006-05-23,60.9411,60.9953,59.4232,59.5135,38.5413,2237078,0,0
2006-05-24,59.5135,59.7575,58.61,59.378,38.4535,2580852,0,0
2006-05-25,59.1792,59.5406,58.9263,59.0437,38.4124,1503708,0.27105,0
2006-05-26,59.1792,59.4413,58.845,58.9353,38.3418,884671,0,0
2006-05-30,58.592,58.854,58.3209,58.592,38.1185,1554953,0,0
2006-05-31,58.5468,59.107,58.1312,58.4384,38.0186,1946099,0,0
2006-06-01,58.4474,58.9624,58.2757,58.5378,38.0832,2409961,0,0
2006-06-02,58.4565,58.9443,58.2125,58.7727,38.2361,1797012,0,0
2006-06-05,58.9534,59.2967,58.5016,58.5558,38.095,1500498,0,0
2006-06-06,58.7817,59.0437,57.6704,57.9595,37.707,1195130,0,0
2006-06-07,57.9866,58.592,57.4265,57.4536,37.3779,1969009,0,0
2006-06-08,57.2277,57.8511,56.5772,57.6885,37.5307,2380852,0,0
2006-06-09,57.7246,58.1131,57.6252,57.7065,37.5425,1310349,0,0
2006-06-12,57.824,57.833,56.7488,56.8302,36.9723,1090647,0,0
2006-06-13,56.8753,57.2909,56.6946,56.9295,37.0369,1535362,0,0
2006-06-14,56.3152,56.6043,55.8273,56.2248,36.5785,2153735,0,0
2006-06-15,56.017,57.1916,55.5743,56.9386,37.0428,1776978,0,0
2006-06-16,56.017,56.9295,55.9899,56.9295,37.0369,2776425,0,0
2006-06-19,56.9115,57.1825,56.279,56.4507,36.7254,1248146,0,0
2006-06-20,56.5952,56.803,56.1073,56.2429,36.5902,1024682,0,0
2006-06-21,56.2067,56.9295,56.1164,56.6043,36.8253,1158827,0,0
2006-06-22,56.5591,56.794,56.2971,56.5591,36.796,1089098,0,0
2006-06-23,56.2881,56.7398,56.1073,56.2609,36.602,1072385,0,0
2006-06-26,56.2881,56.3965,55.9447,56.1706,36.5432,1117986,0,0
2006-06-27,56.2519,56.7398,55.9086,56.2609,36.602,2136027,0,0
2006-06-28,56.4055,56.9205,55.9899,56.3513,36.6608,2111677,0,0
2006-06-29,56.7398,57.9505,56.6494,57.8782,37.6541,2538572,0,0
2006-06-30,57.8782,58.9714,57.6072,57.8782,37.6541,2360487,0,0
2006-07-03,58.1041,58.2848,57.6614,58.1222,37.8128,502601,0,0
2006-07-05,57.8963,58.0137,57.3813,57.4536,37.3779,924294,0,0
2006-07-06,57.3813,58.086,57.3813,57.7336,37.5601,802878,0,0
2006-07-07,57.5078,57.6704,56.8482,56.9657,37.0605,718318,0,0
2006-07-10,57.1916,57.824,57.1283,57.7336,37.5601,746763,0,0
2006-07-11,57.553,58.6462,57.4265,58.5016,38.0597,769341,0,0
2006-07-12,58.7275,58.7275,58.1041,58.2577,37.901,1118982,0,0
2006-07-13,58.0047,58.3932,57.833,58.0318,37.754,1074156,0,0
2006-07-14,57.7788,57.8782,57.047,57.7969,37.6012,976425,0,0
2006-07-17,57.7969,57.8692,57.1916,57.318,37.2897,1322745,0,0
2006-07-18,57.4084,57.6433,56.6133,57.2909,37.2721,1000111,0,0
2006-07-19,57.6704,59.622,57.6704,59.5045,38.7122,1477476,0,0
2006-07-20,59.4322,59.8478,58.9082,58.9895,38.3771,944881,0,0
2006-07-21,59.2154,59.5678,58.8178,59.1702,38.4947,1117322,0,0
2006-07-24,59.1702,59.9563,59.1612,59.5226,38.7239,1173326,0,0
2006-07-25,59.6942,60.6791,59.4503,60.4441,39.3235,1719535,0,0
2006-07-26,60.2183,60.9772,59.6129,60.4713,39.3411,1396458,0,0
2006-07-27,60.5255,61.0766,59.3328,59.5949,38.7709,1732485,0,0
2006-07-28,59.9021,59.9924,58.9172,59.4774,38.6945,1320310,0,0
2006-07-31,59.107,59.8207,59.0528,59.8027,38.9061,1726840,0,0
2006-08-01,59.7756,59.7756,59.1341,59.6491,38.8062,1568456,0,0
2006-08-02,59.8749,59.8749,59.3509,59.4142,38.6534,1531710,0,0
2006-08-03,59.1792,59.1792,58.6823,58.7004,38.189,2265302,0,0
2006-08-04,58.7275,58.9986,58.4565,58.592,38.1185,1884117,0,0
2006-08-07,58.592,58.592,57.9234,57.9595,37.707,1701273,0,0
2006-08-08,58.0499,58.7907,58.0499,58.348,37.9598,1443165,0,0
2006-08-09,58.7275,59.0979,58.0408,58.0951,37.7952,1315219,0,0
2006-08-10,58.0951,58.8359,57.6343,58.6371,38.1479,1272496,0,0
2006-08-11,58.592,58.7094,58.2757,58.5016,38.0597,1171555,0,0
2006-08-14,58.601,59.3871,58.601,58.845,38.2831,685445,0,0
2006-08-15,59.1702,59.6039,58.9986,59.4051,38.6475,944328,0,0
2006-08-16,59.7214,59.9021,59.3148,59.6942,38.8356,1224460,0,0
2006-08-17,59.8117,60.146,59.6491,59.9472,39.0002,1106364,0,0
2006-08-18,59.8569,59.9382,59.4232,59.631,38.7944,889651,0,0
2006-08-21,59.631,59.6581,59.2967,59.5135,38.718,650692,0,0
2006-08-22,59.6762,59.8027,59.4322,59.4955,38.7063,727283,0,0
2006-08-23,59.5858,59.8117,59.36,59.6039,38.7768,746099,0,0
2006-08-24,59.5587,59.8117,59.3328,59.5045,38.889,815053,0.27105,0
2006-08-25,59.3148,59.378,58.9172,59.0889,38.6174,538904,0,0
2006-08-28,59.2064,59.7033,59.1883,59.5406,38.9126,1175208,0,0
2006-08-29,59.4232,59.6942,59.3057,59.622,38.9658,941450,0,0
2006-08-30,60.0376,60.5616,59.8027,60.1641,39.32,1734034,0,0
2006-08-31,60.3899,60.7604,60.2544,60.3628,39.45,1500719,0,0
2006-09-01,60.3628,61.0134,60.0827,60.7333,39.6921,1442612,0,0
2006-09-05,60.9591,61.944,60.9501,61.6639,40.3002,1266519,0,0
2006-09-06,61.6639,62.0524,61.5555,61.7904,40.3829,1371555,0,0
2006-09-07,61.9891,61.9891,61.2483,61.438,40.1526,671168,0,0
2006-09-08,61.5735,61.7542,61.3296,61.4832,40.1822,656779,0,0
2006-09-11,61.6729,62.3234,61.5284,62.2331,40.6722,831987,0,0
2006-09-12,62.2511,62.2602,61.0043,61.4651,40.1703,1293636,0,0
2006-09-13,61.438,61.438,60.8869,61.3205,40.0759,1064748,0,0
2006-09-14,61.1669,62.0343,61.1308,61.7904,40.3829,1127393,0,0
2006-09-15,62.1518,62.5222,61.6097,61.6548,40.2944,1856447,0,0
2006-09-18,61.6187,62.0343,61.3386,61.5826,40.2471,1493525,0,0
2006-09-19,61.3476,61.691,61.2483,61.4019,40.129,1249585,0,0
2006-09-20,61.6187,61.8898,61.4561,61.5735,40.2412,1016602,0,0
2006-09-21,61.5826,61.691,61.1127,61.3205,40.0759,882789,0,0
2006-09-22,61.3928,61.438,61.0314,61.1308,39.9519,628224,0,0
2006-09-25,60.9501,61.709,60.9501,61.4561,40.1644,1222579,0,0
2006-09-26,61.3025,61.7362,61.2302,61.4109,40.1349,1236525,0,0
2006-09-27,61.5012,61.8898,61.3025,61.6729,40.3062,1266519,0,0
2006-09-28,61.5735,61.8807,61.4832,61.6277,40.2766,914997,0,0
2006-09-29,61.4832,61.7723,61.2844,61.5012,40.194,842391,0,0
2006-10-02,61.7994,63.3173,61.6458,62.6577,40.9498,1725623,0,0
2006-10-03,62.6125,62.7661,62.215,62.4409,40.8081,1370448,0,0
2006-10-04,62.0343,62.7842,61.7181,62.73,40.997,1311234,0,0
2006-10-05,62.4499,62.6577,62.215,62.4047,40.7844,1237189,0,0
2006-10-06,62.206,62.2511,61.4651,61.7994,40.3888,1620144,0,0
2006-10-09,61.9982,61.9982,61.6006,61.7542,40.3593,1069397,0,0
2006-10-10,61.709,62.0976,61.438,61.9982,40.5187,2307582,0,0
2006-10-11,61.9982,62.2511,61.6277,61.953,40.4892,1697510,0,0
2006-10-12,62.0614,62.6758,62.0343,62.5041,40.8494,2336691,0,0
2006-10-13,62.6125,62.8384,62.3596,62.7571,41.0147,1186276,0,0
2006-10-16,62.7933,63.0011,62.5583,62.983,41.1624,991146,0,0
2006-10-17,62.8655,62.8926,62.6306,62.7842,41.0325,1589928,0,0
2006-10-18,62.7933,63.0643,62.7029,62.8655,41.0856,1597676,0,0
2006-10-19,62.6668,62.7481,62.224,62.3505,40.749,960930,0,0
2006-10-20,62.468,62.468,61.7542,62.1608,40.625,1298174,0,0
2006-10-23,62.224,62.4951,62.0705,62.4951,40.8435,1492861,0,0
2006-10-24,61.8898,62.1247,61.0766,61.4741,40.1763,2583841,0,0
2006-10-25,61.4651,61.4741,59.5858,59.6942,39.013,3541671,0,0
2006-10-26,59.6942,59.7214,58.5468,59.5497,38.9185,2596901,0,0
2006-10-27,59.6671,59.9382,59.5497,59.64,38.9776,3298949,0,0
2006-10-30,59.64,60.3267,59.64,60.0556,39.2492,1509353,0,0
2006-10-31,59.8659,60.1731,59.6852,59.9834,39.202,2040066,0,0
2006-11-01,59.9472,60.923,59.7394,60.4803,39.5267,2170670,0,0
2006-11-02,60.0918,60.1731,59.3148,59.5406,38.9126,2980188,0,0
2006-11-03,59.7485,59.9924,59.5406,59.5858,38.9422,1475042,0,0
2006-11-06,59.4955,59.9653,59.4232,59.7033,39.0189,1879911,0,0
2006-11-07,59.9021,60.5255,59.2786,59.9924,39.2079,2333370,0,0
2006-11-08,59.8569,59.8659,58.6191,58.7094,38.3694,3879358,0,0
2006-11-09,58.863,59.378,58.348,58.3571,38.1391,1905589,0,0
2006-11-10,58.1854,58.61,58.1222,58.4565,38.2041,1474377,0,0
2006-11-13,58.7546,59.8298,58.6191,59.2425,38.7178,2776978,0,0
2006-11-14,59.3057,60.3719,59.1612,60.1189,39.2905,2556945,0,0
2006-11-15,60.2092,61.6548,60.1731,61.5012,40.194,3240620,0,0
2006-11-16,61.5012,61.6639,61.0766,61.1218,39.946,1725401,0,0
2006-11-17,60.8959,61.1941,60.1641,60.6339,39.6271,2337133,0,0
2006-11-20,60.3719,60.5797,60.0827,60.1731,39.326,1819812,0,0
2006-11-21,60.1731,60.417,59.9201,60.2544,39.3791,1843830,0,0
2006-11-22,60.0376,60.0827,59.5678,59.6942,39.1893,1097288,0.27105,0
2006-11-24,59.631,60.0195,59.5135,59.6762,39.1774,350858,0,0
2006-11-27,59.7214,59.8388,58.8088,58.9172,38.6792,1945102,0,0
2006-11-28,58.592,59.3148,58.3932,59.1702,38.8453,1797676,0,0
2006-11-29,59.2425,60.5797,59.2425,60.4622,39.6935,2009851,0,0
2006-11-30,60.4984,60.7513,59.9021,60.4713,39.6994,1300498,0,0
2006-12-01,60.2544,61.2844,60.2544,60.7333,39.8714,1939790,0,0
2006-12-04,60.9501,61.6639,60.923,61.4651,40.3519,1163365,0,0
2006-12-05,61.4651,61.8355,61.3205,61.6097,40.4468,930603,0,0
2006-12-06,61.6097,61.7542,60.914,61.0495,40.079,1109463,0,0
2006-12-07,61.0766,61.3296,60.8327,61.0314,40.0671,1334034,0,0
2006-12-08,60.9863,61.185,60.3177,60.417,39.6638,845047,0,0
2006-12-11,60.1008,61.2302,60.0918,61.0314,40.0671,939015,0,0
2006-12-12,60.8959,61.0766,60.0827,60.155,39.4918,1838185,0,0
2006-12-13,60.2363,60.4441,59.6671,59.8027,39.2605,2034200,0,0
2006-12-14,59.8207,60.3267,59.7575,59.7665,39.2367,1992142,0,0
2006-12-15,59.7936,60.9863,59.7936,60.7784,39.9011,1910017,0,0
2006-12-18,60.7694,60.9411,60.2544,60.3448,39.6163,1078694,0,0
2006-12-19,60.3538,60.9682,60.3538,60.7875,39.907,1265855,0,0
2006-12-20,60.5345,61.8175,60.5345,61.6548,40.4764,1609851,0,0
2006-12-21,61.8898,62.1337,61.4019,61.7362,40.5298,1402767,0,0
2006-12-22,61.7362,61.7362,60.9411,61.1308,40.1324,861428,0,0
2006-12-26,61.3386,61.5555,61.0314,61.5012,40.3756,447371,0,0
2006-12-27,61.7271,61.7904,61.4741,61.7181,40.5179,656004,0,0
2006-12-28,61.4922,61.7994,61.438,61.7542,40.5417,528943,0,0
2006-12-29,61.5735,61.709,61.0585,61.1669,40.1561,784947,0,0
2007-01-03,61.0766,62.0705,61.0405,61.5555,40.4112,1365357,0,0
2007-01-04,61.3296,61.5916,60.4261,60.4893,39.7113,2123962,0,0
2007-01-05,59.8388,61.0314,59.8388,60.7875,39.907,1646597,0,0
2007-01-08,60.5616,61.2663,60.3538,61.1398,40.1383,1418594,0,0
2007-01-09,61.3296,61.7723,60.8688,61.5193,40.3874,1303929,0,0
2007-01-10,61.6548,62.0795,61.2934,62.0343,40.7255,1141339,0,0
2007-01-11,61.9801,62.6577,61.8446,62.5222,41.0459,1127836,0,0
2007-01-12,62.2692,63.0101,62.1518,62.8655,41.2712,1339236,0,0
2007-01-16,62.6848,63.0733,62.6035,63.0553,41.3958,989817,0,0
2007-01-17,63.1275,63.1275,62.5222,62.992,41.3543,1283011,0,0
2007-01-18,62.992,63.4709,62.9378,63.1727,41.4729,1426010,0,0
2007-01-19,63.3986,63.6335,63.2269,63.507,41.6924,1663531,0,0
2007-01-22,62.9288,63.4438,62.3867,63.3173,41.5678,2238517,0,0
2007-01-23,63.4799,64.8894,63.3896,64.6816,42.4635,2348976,0,0
2007-01-24,64.5551,64.9797,64.2479,64.8713,42.588,2120753,0,0
2007-01-25,63.4889,64.8713,63.4889,64.4195,42.2915,1333149,0,0
2007-01-26,64.4286,64.537,63.5612,63.6877,41.811,1450470,0,0
2007-01-29,64.0582,64.2117,63.6335,63.9136,41.9593,1703154,0,0
2007-01-30,64.0943,64.3744,63.8503,64.1214,42.0957,1288766,0,0
2007-01-31,63.7419,64.284,63.7419,64.0943,42.0779,1184947,0,0
2007-02-01,64.0582,64.4376,63.9949,64.4195,42.2915,2139458,0,0
2007-02-02,64.7538,65.7477,64.6003,65.4405,42.9617,2041616,0,0
2007-02-05,65.0249,65.9916,64.781,65.9555,43.2998,1636967,0,0
2007-02-06,65.9555,66.353,65.6393,66.1814,43.4481,1599115,0,0
2007-02-07,66.2898,66.6873,66.1904,66.5247,43.6735,1401992,0,0
2007-02-08,66.5337,67.3559,66.3621,67.2114,44.1243,2152739,0,0
2007-02-09,67.0397,67.2565,66.5608,66.859,43.893,1753957,0,0
2007-02-12,66.868,67.4553,66.859,67.2204,44.1302,2362811,0,0
2007-02-13,67.2294,67.7535,67.1843,67.4011,44.2488,1633758,0,0
2007-02-14,67.4011,67.7264,66.7144,67.2927,44.1777,2635307,0,0
2007-02-15,67.3469,67.7625,67.1752,67.7264,44.4624,2893747,0,0
2007-02-16,67.7535,67.8077,67.5457,67.7715,44.492,2676812,0,0
2007-02-20,67.889,68.2052,67.6812,68.1691,44.753,1418262,0,0
2007-02-21,68.1329,68.413,67.8167,68.0245,44.6581,1003542,0,0
2007-02-22,67.8529,68.0787,67.2656,67.5095,44.32,1143996,0,0
2007-02-23,67.0849,67.4463,66.6873,67.2385,44.1421,1455451,0,0
2007-02-26,66.7686,67.4011,66.3079,66.7144,43.798,1676038,0,0
2007-02-27,66.091,66.5337,64.6454,64.9707,42.6533,2730714,0,0
2007-02-28,63.9226,65.6212,63.6968,64.9165,42.6177,2282568,0,0
2007-03-01,64.1937,65.5128,63.6968,65.2598,43.0649,2632540,0.334295,0
2007-03-02,65.2598,65.6122,64.6906,64.8803,42.8144,1705700,0,0
2007-03-05,64.4286,65.3502,64.4286,64.7177,42.7071,2435086,0,0
2007-03-06,64.9526,65.4134,64.8171,65.1333,42.9814,2779635,0,0
2007-03-07,65.2959,65.4405,64.9797,65.1514,42.9933,1279801,0,0
2007-03-08,65.5038,66.2265,65.2779,65.838,43.4464,2045379,0,0
2007-03-09,66.1362,66.4072,65.8019,66.0007,43.5538,1127504,0,0
2007-03-12,65.8651,66.9945,65.829,66.6964,44.0128,1432540,0,0
2007-03-13,66.6693,66.6693,65.4134,65.7206,43.3689,2249696,0,0
2007-03-14,65.7206,66.2085,64.8803,65.7658,43.3987,2302269,0,0
2007-03-15,65.7838,66.1814,65.6122,66.0187,43.5657,1586165,0,0
2007-03-16,66.2265,66.4524,65.5128,65.567,43.2676,2899281,0,0
2007-03-19,65.7748,66.859,65.7748,66.7958,44.0784,1526840,0,0
2007-03-20,66.606,67.0487,66.4163,66.8229,44.0963,1479247,0,0
2007-03-21,66.85,67.7806,66.7958,67.7715,44.7223,2140232,0,0
2007-03-22,67.6812,67.7715,66.6873,66.9765,44.1977,1696846,0,0
2007-03-23,67.0849,68.5034,67.0849,68.413,45.1457,2278030,0,0
2007-03-26,68.2142,68.3678,67.5728,68.0335,44.8952,1677809,0,0
2007-03-27,67.7173,67.8348,67.4282,67.6179,44.621,1304151,0,0
2007-03-28,67.3108,67.4463,66.8409,66.9765,44.1977,975872,0,0
2007-03-29,67.4553,67.7806,67.1933,67.5818,44.5971,1558273,0,0
2007-03-30,67.8077,68.0787,66.9493,67.0578,44.2514,1664416,0,0
2007-04-02,67.3017,67.7354,67.0758,67.6631,44.6508,1830880,0,0
2007-04-03,68.0607,68.6118,67.88,68.3859,45.1278,1187714,0,0
2007-04-04,68.3407,68.5305,68.0968,68.1691,44.9847,1062092,0,0
2007-04-05,68.2142,68.2142,67.6631,67.8077,44.7462,1019148,0,0
2007-04-09,67.9522,68.7112,67.9522,68.4221,45.1516,1213060,0,0
2007-04-10,68.4672,68.6299,68.2233,68.3046,45.0741,900166,0,0
2007-04-11,68.0516,68.142,66.6693,66.8409,44.1082,1985833,0,0
2007-04-12,66.7686,67.9161,66.6964,67.8348,44.7641,1282789,0,0
2007-04-13,67.7625,67.8077,67.2836,67.5366,44.5673,945877,0,0
2007-04-16,67.5999,67.9251,67.112,67.2656,44.3885,1444604,0,0
2007-04-17,67.4643,67.8529,67.2114,67.8257,44.7581,1204317,0,0
2007-04-18,67.627,68.5576,67.4914,68.4672,45.1814,1158384,0,0
2007-04-19,69.2081,69.2081,67.7715,68.6028,45.2709,1411289,0,0
2007-04-20,69.0184,69.3256,68.7383,68.7563,45.3722,1917432,0,0
2007-04-23,68.6118,69.4791,68.5124,69.2262,45.6822,1357167,0,0
2007-04-24,68.7112,68.7112,66.8951,67.0126,44.2215,2653348,0,0
2007-04-25,67.0126,67.898,66.868,67.4463,44.5077,2121970,0,0
2007-04-26,67.4011,67.5818,66.5789,66.5789,43.9353,2132595,0,0
2007-04-27,66.3621,67.6631,66.344,67.4463,44.5077,1596237,0,0
2007-04-30,67.4463,67.7083,66.5066,66.5337,43.9055,2215938,0,0
2007-05-01,66.7506,66.7506,66.0459,66.091,43.6134,2594023,0,0
2007-05-02,66.091,66.335,65.5309,65.6664,43.3332,4018262,0,0
2007-05-03,65.9103,66.6693,65.7748,66.6602,43.989,3221583,0,0
2007-05-04,66.7506,67.6722,66.5066,66.6964,44.0128,1804317,0,0
2007-05-07,66.85,67.8709,66.85,67.6902,44.6687,1524294,0,0
2007-05-08,67.5818,67.8077,67.1843,67.6631,44.6508,999225,0,0
2007-05-09,67.6722,68.4221,67.1662,68.1962,45.0026,2152629,0,0
2007-05-10,67.9613,68.0697,67.2927,67.2927,44.4064,2043830,0,0
2007-05-11,67.636,67.7083,67.2746,67.645,44.6389,1211179,0,0
2007-05-14,67.4372,68.6118,67.4372,68.4763,45.1874,1817930,0,0
2007-05-15,68.4853,69.0274,68.3859,68.5485,45.2351,1687106,0,0
2007-05-16,68.666,69.4611,68.151,69.4159,45.8075,1450470,0,0
2007-05-17,69.4159,69.7863,69.2713,69.3436,45.7598,1497178,0,0
2007-05-18,69.434,69.7141,69.2442,69.5695,45.9088,1065302,0,0
2007-05-21,69.5695,69.9851,69.3165,69.443,45.8253,1565689,0,0
2007-05-22,69.2533,69.2713,68.4221,68.5124,45.2112,1777532,0,0
2007-05-23,68.5395,68.7473,68.2142,68.3407,45.098,1241948,0,0
2007-05-24,68.0697,68.3769,67.7715,67.8257,44.9781,1692308,0.334295,0
2007-05-25,67.9071,68.0155,67.4824,67.7986,44.9602,1593027,0,0
2007-05-29,67.5818,68.0245,67.4372,67.9522,45.062,1480576,0,0
2007-05-30,67.7264,68.4582,67.5186,68.4492,45.3916,1246929,0,0
2007-05-31,68.5305,68.7383,68.2685,68.3136,45.3017,1331599,0,0
2007-06-01,68.5395,69.0184,68.4943,68.8377,45.6492,1468401,0,0
2007-06-04,68.7563,69.4249,68.666,69.2352,45.9128,1160376,0,0
2007-06-05,69.2352,69.4069,68.7835,69.2262,45.9068,1459103,0,0
2007-06-06,69.2352,69.452,68.7563,68.928,45.7091,1165136,0,0
2007-06-07,68.4943,69.19,67.9703,67.9703,45.074,1334034,0,0
2007-06-08,67.9703,68.7112,67.5005,68.7112,45.5653,1093857,0,0
2007-06-11,68.7021,68.9009,68.404,68.6028,45.4934,909795,0,0
2007-06-12,68.2052,68.8015,68.2052,68.2594,45.2657,1649806,0,0
2007-06-13,68.4763,69.1449,68.4492,69.1449,45.8529,1575097,0,0
2007-06-14,69.1991,69.8406,69.19,69.705,46.2243,1008301,0,0
2007-06-15,69.967,70.1929,69.8948,69.9309,46.3741,2107914,0,0
2007-06-18,69.8044,69.8044,69.1629,69.2442,45.9188,2005423,0,0
2007-06-19,69.2894,70.0664,69.2804,69.6056,46.1585,1024571,0,0
2007-06-20,69.5966,69.9761,69.5243,69.6689,46.2004,1561040,0,0
2007-06-21,69.4791,70.1929,69.1629,69.7592,46.2603,1156281,0,0
2007-06-22,69.5334,69.5334,68.8467,69.2623,45.9308,1807416,0,0
2007-06-25,69.5424,69.9851,69.0093,69.3888,46.0147,1462092,0,0
2007-06-26,69.5695,69.5695,68.5757,69.1268,45.8409,1562258,0,0
2007-06-27,68.8196,70.2471,68.5757,70.1206,46.5,2596348,0,0
2007-06-28,70.0303,70.3646,69.9128,70.0935,46.482,1848035,0,0
2007-06-29,70.2833,70.735,70.0484,70.3555,46.6557,2026342,0,0
2007-07-02,70.6989,71.0964,70.5272,70.8886,47.0092,1450360,0,0
2007-07-03,71.0422,71.2771,70.7079,70.8886,47.0092,839070,0,0
2007-07-05,70.8344,70.988,70.6266,70.7079,46.8894,2000775,0,0
2007-07-06,70.744,71.0603,70.6627,70.8705,46.9973,1397344,0,0
2007-07-09,70.9248,71.1958,70.4098,70.4098,46.6917,1177753,0,0
2007-07-10,70.0393,70.1206,68.6028,68.6841,45.5473,1793913,0,0
2007-07-11,68.6841,69.6327,68.6841,69.3798,46.0087,1069729,0,0
2007-07-12,69.2171,69.696,68.5937,69.696,46.2184,1432761,0,0
2007-07-13,69.4791,69.5695,69.0726,69.1178,45.8349,1474488,0,0
2007-07-16,68.937,69.949,68.9099,69.5695,46.1345,1278251,0,0
2007-07-17,69.5605,70.482,69.3798,70.211,46.5599,1319646,0,0
2007-07-18,70.3104,70.6266,69.8496,69.9941,46.4161,2016159,0,0
2007-07-19,70.2471,70.9519,70.1568,70.5905,46.8115,1116547,0,0
2007-07-20,70.5724,70.9248,70.1839,70.2019,46.5539,1995905,0,0
2007-07-23,70.464,71.6114,70.4549,71.4488,47.3807,1888102,0,0
2007-07-24,70.6989,71.3765,69.6147,69.8406,46.3142,2490094,0,0
2007-07-25,70.5724,71.9276,70.3646,71.2861,47.2729,2854898,0,0
2007-07-26,71.9909,72.3794,70.2742,70.9519,47.0512,3037742,0,0
2007-07-27,70.8886,71.0874,69.7502,69.7502,46.2543,2259214,0,0
2007-07-30,69.5605,69.967,68.9913,69.6779,46.2064,2249696,0,0
2007-07-31,70.4549,70.7892,68.7563,68.7563,45.5953,2719092,0,0
2007-08-01,68.6208,70.0303,68.5757,69.8406,46.3142,2327393,0,0
2007-08-02,69.8225,71.7289,69.4701,71.5843,47.4706,2292861,0,0
2007-08-03,71.6204,72.5962,70.5001,70.5001,46.7516,2412175,0,0
2007-08-06,71.3133,72.0451,70.5001,71.7469,47.5784,2544660,0,0
2007-08-07,71.7469,72.0361,69.8406,70.4098,46.6917,2631433,0,0
2007-08-08,70.3013,70.3013,69.1991,69.9761,46.4041,3123962,0,0
2007-08-09,69.6147,70.464,67.2927,67.4643,44.7385,3358163,0,0
2007-08-10,66.9945,70.4278,66.7144,70.1839,46.5419,3443165,0,0
2007-08-13,71.7469,72.28,70.0755,70.9248,47.0332,2892529,0,0
2007-08-14,71.1958,71.3494,69.4249,70.0212,46.4341,2154842,0,0
2007-08-15,69.5695,70.1387,68.2775,68.3046,45.2957,1964914,0,0
2007-08-16,68.1239,68.9461,66.7506,68.2414,45.2537,3083232,0,0
2007-08-17,68.9822,70.3465,68.7021,70.22,46.5659,2897731,0,0
2007-08-20,70.2019,70.8344,69.452,69.8134,46.2963,1897510,0,0
2007-08-21,69.6237,70.6266,69.2352,69.3346,45.9787,3449696,0,0
2007-08-22,70.0574,70.6989,69.452,69.7141,46.2303,2061981,0,0
2007-08-23,69.8948,70.1658,69.0726,69.0997,46.0437,1898063,0.334295,0
2007-08-24,68.919,71.0964,68.8286,70.9248,47.2599,1628888,0,0
2007-08-27,70.8344,71.5843,70.744,70.979,47.2959,1164250,0,0
2007-08-28,70.6627,70.7169,68.5305,68.6479,45.7427,1907582,0,0
2007-08-29,69.19,69.5876,68.8286,69.5063,46.3146,1816159,0,0
2007-08-30,69.0726,70.5995,68.2233,70.0755,46.6939,1277034,0,0
2007-08-31,70.6808,71.5572,70.482,71.2319,47.4645,2592695,0,0
2007-09-04,70.6537,71.2229,70.2471,70.8525,47.2117,1330382,0,0
2007-09-05,70.3194,70.744,69.7321,69.8948,46.5735,1239956,0,0
2007-09-06,69.1539,70.3736,69.0184,69.958,46.6157,1784505,0,0
2007-09-07,69.2081,70.5724,69.2081,70.2291,46.7963,1745102,0,0
2007-09-10,70.8254,71.2771,70.1387,70.5724,47.025,1663199,0,0
2007-09-11,70.988,71.512,70.482,71.3675,47.5548,1432761,0,0
2007-09-12,71.3765,72.2619,70.8615,71.0061,47.314,2283564,0,0
2007-09-13,71.512,71.9186,71.0783,71.1326,47.3983,1683785,0,0
2007-09-14,70.9248,71.765,70.9248,71.259,47.4826,1549751,0,0
2007-09-17,71.0693,71.4578,70.464,70.7712,47.1575,958495,0,0
2007-09-18,70.979,71.5301,70.0664,71.3584,47.5488,1442391,0,0
2007-09-19,71.5572,72.4246,71.2229,72.1535,48.0786,1650028,0,0
2007-09-20,72.1897,72.4607,71.9005,72.0089,47.9823,1103818,0,0
2007-09-21,71.9999,72.7318,71.8373,71.8734,47.892,1617598,0,0
2007-09-24,71.7379,72.2619,71.0512,71.0964,47.3742,1143885,0,0
2007-09-25,70.8073,72.1806,70.726,71.9367,47.9341,1360819,0,0
2007-09-26,72.2077,72.2077,70.6537,70.7169,47.1214,1642612,0,0
2007-09-27,71.0874,71.0874,69.9399,70.726,47.1274,1322302,0,0
2007-09-28,70.5633,71.3313,70.1116,70.473,46.9588,1224571,0,0
2007-10-01,71.1326,72.0903,70.5995,72.0451,48.0064,1176978,0,0
2007-10-02,72.1625,72.289,70.3284,70.6447,47.0732,1418594,0,0
2007-10-03,70.5633,71.0874,70.2923,70.9699,47.2899,1123741,0,0
2007-10-04,71.2681,71.774,70.7621,71.5662,47.6873,917764,0,0
2007-10-05,71.9638,71.9638,70.8525,70.9248,47.2599,822800,0,0
2007-10-08,71.0332,71.4217,70.9248,71.1868,47.4344,589817,0,0
2007-10-09,71.3765,71.7108,71.0422,71.3494,47.5428,1703265,0,0
2007-10-10,71.3404,71.5301,70.4911,70.979,47.2959,1783066,0,0
2007-10-11,71.4578,72.0089,71.0964,71.5391,47.6692,2311123,0,0
2007-10-12,71.7289,71.8282,71.2139,71.6024,47.7114,1259103,0,0
2007-10-15,71.5391,72.1716,71.3675,71.6927,47.7716,1352739,0,0
2007-10-16,71.6656,72.5872,71.4036,72.551,48.3435,2490094,0,0
2007-10-17,72.7318,73.4184,71.8734,72.6504,48.4097,1854234,0,0
2007-10-18,72.1897,72.9667,72.1897,72.7589,48.482,1277255,0,0
2007-10-19,72.4517,72.8492,71.0332,71.0693,47.3562,1615717,0,0
2007-10-22,70.5724,71.3584,70.211,71.2681,47.4886,1452905,0,0
2007-10-23,71.3133,72.1987,71.1235,71.8554,47.8799,1066962,0,0
2007-10-24,72.3252,74.6472,72.289,74.3129,49.5175,2676591,0,0
2007-10-25,74.8369,75.6229,74.4123,74.7104,49.7824,1997344,0,0
2007-10-26,75.388,75.388,73.7346,74.0328,49.3308,1523409,0,0
2007-10-29,74.3761,74.9453,73.7979,74.5116,49.6499,1896292,0,0
2007-10-30,74.096,75.0899,73.8702,74.6923,49.7703,1358163,0,0
2007-10-31,74.9001,75.5507,74.1502,75.5507,50.3423,1328832,0,0
2007-11-01,75.4423,75.885,74.0147,74.1141,49.385,2144660,0,0
2007-11-02,74.1141,74.4845,73.0118,74.0238,49.3248,2432319,0,0
2007-11-05,74.7917,74.9905,73.9515,74.611,49.7161,1461428,0,0
2007-11-06,74.6743,76.3457,74.2677,76.3277,50.86,2061317,0,0
2007-11-07,76.9872,76.9872,75.7043,75.894,50.571,3590039,0,0
2007-11-08,76.2644,76.9511,75.3158,75.8037,50.5108,3074267,0,0
2007-11-09,75.0989,75.8398,74.1864,74.5116,49.6499,1740232,0,0
2007-11-12,74.2316,75.3248,73.7979,73.8611,49.2165,1782623,0,0
2007-11-13,73.8611,75.7223,73.8611,75.6772,50.4265,2815163,0,0
2007-11-14,76.2464,76.5807,74.8459,75.0628,50.0172,1866851,0,0
2007-11-15,74.9182,75.0086,73.8069,73.8702,49.2225,1712341,0,0
2007-11-16,74.2948,74.4574,72.0632,72.6866,48.4338,3396901,0,0
2007-11-19,72.1806,73.0751,71.503,71.5753,47.6933,3273492,0,0
2007-11-20,71.5753,72.1987,70.2923,71.2048,47.4465,3767460,0,0
2007-11-21,70.473,71.6024,70.3555,70.6718,47.3134,2887991,0.334295,0
2007-11-23,70.997,72.3884,70.7531,72.3432,48.4324,867515,0,0
2007-11-26,72.1987,73.1925,70.7892,70.9609,47.507,3133260,0,0
2007-11-27,71.4759,71.512,70.1748,70.7892,47.392,2785833,0,0
2007-11-28,71.2861,71.4578,70.5272,70.9338,47.4888,2901051,0,0
2007-11-29,70.5633,71.4759,69.434,69.6508,46.6299,3340122,0,0
2007-11-30,70.3465,71.2952,69.8044,71.1868,47.6582,2994909,0,0
2007-12-03,70.5091,73.3823,70.5091,73.2467,49.0373,3412396,0,0
2007-12-04,72.9396,73.7346,72.5059,73.2829,49.0615,2534809,0,0
2007-12-05,73.4003,74.4213,72.786,73.1383,48.9647,2715440,0,0
2007-12-06,73.9334,75.1351,73.1474,74.6652,49.9869,1870393,0,0
2007-12-07,74.6562,75.3429,74.0238,75.0718,50.2592,1626121,0,0
2007-12-10,75.4332,75.4332,73.7708,74.4032,49.8115,1748866,0,0
2007-12-11,74.3671,74.6743,71.3313,71.8644,48.1118,2190371,0,0
2007-12-12,72.6053,73.7437,72.2619,72.9938,48.8679,3220919,0,0
2007-12-13,72.9667,73.5268,72.4246,72.8944,48.8014,1616381,0,0
2007-12-14,72.542,73.1654,72.0541,72.28,48.3901,1570448,0,0
2007-12-17,72.1083,72.551,71.512,72.1716,48.3175,2629109,0,0
2007-12-18,72.551,72.6143,71.2861,71.6024,47.9364,2163143,0,0
2007-12-19,71.8915,71.8915,70.4911,71.0151,47.5432,3009297,0,0
2007-12-20,71.494,72.4155,71.4849,72.1535,48.3054,2003763,0,0
2007-12-21,73.0841,73.7437,72.1897,72.804,48.7409,2171223,0,0
2007-12-24,73.2829,74.0328,73.0028,73.6262,49.2913,379413,0,0
2007-12-26,73.2558,73.5268,72.28,72.9125,48.8135,741782,0,0
2007-12-27,72.804,73.0028,71.774,72.018,48.2147,1098284,0,0
2007-12-28,72.0993,72.6775,71.5482,71.6747,47.9848,874156,0,0
2007-12-31,71.2861,71.9186,71.0512,71.0512,47.5674,795241,0,0
2008-01-02,71.1416,71.4217,70.464,71.0151,47.5432,1473381,0,0
2008-01-03,71.3855,71.7469,71.1145,71.6295,47.9546,2149530,0,0
2008-01-04,71.4036,71.9999,71.0783,71.241,47.6945,1957167,0,0
2008-01-07,71.4759,71.6656,69.8044,70.5543,47.2348,2063973,0,0
2008-01-08,71.0332,71.0332,68.928,69.0364,46.2186,2210736,0,0
2008-01-09,69.2713,72.2077,68.7925,72.1806,48.3235,2739790,0,0
2008-01-10,71.6476,72.5601,71.4036,71.765,48.0453,1973990,0,0
2008-01-11,71.25,73.4546,70.9519,72.1625,48.3114,2425457,0,0
2008-01-14,72.7589,72.7769,71.7198,71.8463,48.0998,1849696,0,0
2008-01-15,71.9186,74.3309,71.9096,73.2738,49.0554,3114887,0,0
2008-01-16,73.2648,73.8431,71.9638,72.2619,48.378,3252463,0,0
2008-01-17,72.1174,72.3613,70.7169,70.9699,47.513,3906364,0,0
2008-01-18,70.9609,72.2439,70.7169,70.979,47.519,2829994,0,0
2008-01-22,68.2414,71.5662,68.2414,70.6537,47.3013,2890426,0,0
2008-01-23,68.675,71.1235,68.675,70.7621,47.3739,3740564,0,0
2008-01-24,70.0032,71.0693,68.9642,69.967,46.8416,3168124,0,0
2008-01-25,70.5001,71.774,69.687,70.5362,47.2227,2809297,0,0
2008-01-28,70.4911,71.1506,70.0935,70.744,47.3618,2009740,0,0
2008-01-29,71.1235,72.3975,71.0151,71.5482,47.9001,2908024,0,0
2008-01-30,71.5211,74.2496,71.1416,73.057,48.9103,2856558,0,0
2008-01-31,71.8282,73.4455,70.5905,71.7018,48.003,3700719,0,0
2008-02-01,70.9338,72.8492,70.9338,72.7137,48.6804,2616934,0,0
2008-02-04,72.3613,73.4636,72.3161,73.1293,48.9587,1558273,0,0
2008-02-05,71.9909,72.3794,71.2139,71.2139,47.6763,1947537,0,0
2008-02-06,71.765,71.765,70.2742,70.4188,47.144,2779745,0,0
2008-02-07,69.9128,71.4759,69.7141,71.4759,47.8517,2640730,0,0
2008-02-08,71.2319,71.8734,70.9067,71.4397,47.8275,2544660,0,0
2008-02-11,71.2771,72.2619,71.2771,71.8373,48.0937,2366906,0,0
2008-02-12,72.1354,72.4155,71.3855,71.774,48.0513,2139126,0,0
2008-02-13,72.1806,72.551,71.9457,72.4155,48.4808,1996126,0,0
2008-02-14,72.5782,72.8944,71.8463,72.0632,48.2449,1704151,0,0
2008-02-15,71.9276,72.5691,71.3765,72.2077,48.3417,1771666,0,0
2008-02-19,72.8944,73.4726,72.4968,72.8221,48.753,1640952,0,0
2008-02-20,72.7679,73.1835,71.9276,73.1835,48.9949,2311787,0,0
2008-02-21,73.4184,73.4184,71.6295,71.7379,48.0271,2119424,0,0
2008-02-22,71.8282,72.1445,70.4278,71.4578,47.8396,2151522,0,0
2008-02-25,71.3584,72.3161,71.3313,72.3161,48.4143,2289762,0,0
2008-02-26,71.8373,72.018,71.1868,71.8463,48.0998,1819480,0,0
2008-02-27,71.5572,74.4303,71.5572,73.0209,48.8861,4121749,0,0
2008-02-28,73.9967,73.9967,71.7018,72.2529,48.5944,2178085,0.334295,0
2008-02-29,71.6114,71.9999,70.8705,71.0241,47.768,2240177,0,0
2008-03-03,74.5026,75.3519,73.3281,74.602,50.1743,5323520,0,0
2008-03-04,74.0599,74.0599,71.7469,72.5059,48.7645,4247150,0,0
2008-03-05,72.28,72.8131,71.8011,72.5782,48.8132,2426231,0,0
2008-03-06,72.2439,72.5059,71.5301,71.9367,48.3817,2097288,0,0
2008-03-07,71.512,72.5149,71.0783,71.3855,48.011,1902158,0,0
2008-03-10,71.5933,71.8644,70.7712,70.8254,47.6343,1971002,0,0
2008-03-11,72.28,72.28,70.744,71.9909,48.4182,1835639,0,0
2008-03-12,72.0089,72.533,71.5662,71.6927,48.2176,1746209,0,0
2008-03-13,71.1416,71.5572,70.4911,71.1958,47.8834,2344106,0,0
2008-03-14,71.5662,71.8192,69.452,70.0664,47.1239,3321859,0,0
2008-03-17,68.675,72.28,68.675,71.6476,48.1873,3503154,0,0
2008-03-18,72.8582,72.8582,71.1145,72.0903,48.485,2517100,0,0
2008-03-19,72.2981,72.8492,70.6898,70.6898,47.5432,2412396,0,0
2008-03-20,71.4307,71.5301,70.473,70.8615,47.6586,2617488,0,0
2008-03-24,71.0151,71.3133,70.482,70.8073,47.6221,1729275,0,0
2008-03-25,70.7712,71.5301,70.2923,71.2681,47.932,1852573,0,0
2008-03-26,70.7621,71.1687,70.5091,70.7983,47.6161,1482346,0,0
2008-03-27,71.1326,71.3765,70.2652,70.3104,47.2879,1610957,0,0
2008-03-28,70.7892,71.1597,70.2471,70.4098,47.3548,1244604,0,0
2008-03-31,70.4459,70.9338,69.5785,70.3013,47.2819,2353182,0,0
2008-04-01,70.3917,71.0332,69.5876,70.6989,47.5492,2107360,0,0
2008-04-02,71.0332,71.8373,70.482,71.3223,47.9685,1763365,0,0
2008-04-03,71.3042,71.5933,70.744,71.4849,48.0779,1784947,0,0
2008-04-04,71.6837,71.8282,70.6266,70.7712,47.5978,1552075,0,0
2008-04-07,71.4217,71.4668,70.3104,70.8796,47.6708,1737465,0,0
2008-04-08,70.1477,70.7079,70.1116,70.5362,47.4399,1088323,0,0
2008-04-09,70.7169,70.8434,70.0845,70.4369,47.373,1370891,0,0
2008-04-10,70.3013,70.744,70.0845,70.5272,47.4338,1261428,0,0
2008-04-11,70.1748,70.3917,69.0003,69.0906,46.4676,1617488,0,0
2008-04-14,69.0816,69.6508,69.0455,69.4249,46.6924,808744,0,0
2008-04-15,69.0726,69.0726,64.4557,64.6635,43.4901,5226010,0,0
2008-04-16,65.0791,65.7477,62.7752,64.2389,43.2045,5706475,0,0
2008-04-17,64.1846,64.6635,64.0672,64.2117,43.1862,2862203,0,0
2008-04-18,65.1604,65.1604,64.1485,64.4738,43.3625,2159602,0,0
2008-04-21,64.4557,64.799,64.1575,64.2208,43.1923,1442501,0,0
2008-04-22,63.6696,64.0672,62.8204,62.8475,42.2687,2426785,0,0
2008-04-23,63.3896,63.5974,61.8355,62.7752,42.2201,3276812,0,0
2008-04-24,62.6397,66.0007,62.5945,65.5489,44.0856,3923852,0,0
2008-04-25,67.3921,68.6208,65.5218,66.85,44.9606,3395241,0,0
2008-04-28,66.5247,67.0487,65.9013,66.2085,44.5292,3105036,0,0
2008-04-29,66.3079,67.2746,66.2356,67.0216,45.076,2717100,0,0
2008-04-30,66.859,67.7264,66.4705,66.4705,44.7054,2589153,0,0
2008-05-01,66.2627,67.636,66.2265,67.5547,45.4346,2459214,0,0
2008-05-02,67.6179,68.2865,67.3198,67.7625,45.5743,1643276,0,0
2008-05-05,67.2927,67.7715,66.85,67.2565,45.2341,1537244,0,0
2008-05-06,66.6783,67.6902,66.5157,67.4914,45.3921,1776757,0,0
2008-05-07,67.6541,67.7535,67.1029,67.1029,45.1308,3477919,0,0
2008-05-08,67.2294,67.6722,66.5337,67.4643,45.3738,1858771,0,0
2008-05-09,65.7838,67.7806,65.7838,67.2023,45.1976,2117322,0,0
2008-05-12,67.5005,67.7625,66.8138,67.6902,45.5257,1349972,0,0
2008-05-13,67.6722,68.4582,67.3288,68.0878,45.7931,1905479,0,0
2008-05-14,68.5214,68.9009,67.8438,67.8529,45.6351,2065744,0,0
2008-05-15,67.7715,68.3136,67.3108,67.88,45.6533,1857222,0,0
2008-05-16,67.7444,68.3678,67.3288,68.2956,45.9329,2225235,0,0
2008-05-19,68.2142,69.9761,68.0697,69.5785,46.7957,2649253,0,0
2008-05-20,69.3798,69.3888,68.4311,68.5034,46.0726,1833868,0,0
2008-05-21,68.5485,68.9551,67.2114,67.3017,45.2644,2280686,0,0
2008-05-22,67.3017,67.9432,67.1752,67.6089,45.471,1552075,0,0
2008-05-23,67.2927,67.5728,66.7958,66.7958,44.9241,1308356,0,0
2008-05-27,66.7054,67.9432,66.6602,67.7896,45.5926,1925512,0,0
2008-05-28,67.8348,67.8348,66.9042,67.5276,45.4163,2075927,0,0
2008-05-29,67.2656,67.8257,66.3892,67.627,45.7279,1342778,0.3614,0
2008-05-30,67.8529,68.4672,67.3017,68.1781,46.1006,1732042,0,0
2008-06-02,68.0516,68.151,66.7596,67.2114,45.4469,1651909,0,0
2008-06-03,67.4101,67.7535,66.3079,66.7325,45.1231,1899723,0,0
2008-06-04,66.7325,66.7325,65.9736,66.3892,44.8909,2629552,0,0
2008-06-05,66.4976,67.4643,65.9555,67.383,45.563,2271942,0,0
2008-06-06,66.9674,67.2385,64.7538,64.781,43.8035,3095407,0,0
2008-06-09,64.7448,65.2688,64.528,65.043,43.9807,1567571,0,0
2008-06-10,64.7087,65.4134,64.4286,64.8532,43.8524,1962590,0,0
2008-06-11,64.8532,65.8471,64.5641,64.5641,43.6569,2186276,0,0
2008-06-12,65.0068,66.0097,64.5099,64.6274,43.6996,1768345,0,0
2008-06-13,65.2869,65.838,64.7177,65.3231,44.1701,1626674,0,0
2008-06-16,65.5038,65.7025,64.7177,65.4134,44.2311,1617488,0,0
2008-06-17,65.567,65.6212,64.1666,64.2298,43.4308,1686552,0,0
2008-06-18,64.0672,65.7387,62.6758,63.254,42.771,5577864,0,0
2008-06-19,62.3505,64.7267,62.3505,64.4647,43.5897,1949751,0,0
2008-06-20,63.9497,64.275,62.8475,62.983,42.5878,3450581,0,0
2008-06-23,63.1275,63.9407,62.8836,63.1998,42.7344,2112230,0,0
2008-06-24,63.0282,63.245,62.5222,62.5674,42.3067,1516325,0,0
2008-06-25,62.8384,64.1214,62.5674,63.5793,42.991,2793913,0,0
2008-06-26,63.1908,63.1908,60.1008,60.1099,40.645,4422579,0,0
2008-06-27,60.3267,65.2779,60.0195,60.661,41.0177,3106143,0,0
2008-06-30,60.661,61.1398,59.8478,60.4441,40.871,1877034,0,0
2008-07-01,59.7936,60.7152,59.5226,60.2725,40.755,1875374,0,0
2008-07-02,60.3086,60.661,59.5768,59.5768,40.2846,2400553,0,0
2008-07-03,59.9563,60.2635,59.369,59.6581,40.3395,1084781,0,0
2008-07-07,59.631,60.2273,58.9986,59.2786,40.0829,1695185,0,0
2008-07-08,59.1341,59.9924,59.0076,59.7846,40.4251,2539900,0,0
2008-07-09,59.6762,59.9924,58.9714,58.9714,39.8752,2026785,0,0
2008-07-10,58.7365,59.4774,58.339,59.36,40.1379,2140011,0,0
2008-07-11,58.601,59.6942,57.9143,58.7998,39.7592,2211732,0,0
2008-07-14,59.3871,59.7304,58.3029,58.863,39.8019,1474709,0,0
2008-07-15,58.5107,59.6942,58.0228,59.2064,40.0341,2270836,0,0
2008-07-16,59.1612,60.3357,58.6914,60.2906,40.7672,2162922,0,0
2008-07-17,60.4893,60.4893,58.1944,58.592,39.6186,2881461,0,0
2008-07-18,58.7094,59.3509,58.2848,59.3148,40.1074,1877698,0,0
2008-07-21,59.6762,59.6762,58.3209,58.8721,39.808,1583841,0,0
2008-07-22,58.7365,60.2906,58.6643,60.2725,40.755,1731378,0,0
2008-07-23,60.4713,61.5735,60.0827,61.5464,41.6164,2012286,0,0
2008-07-24,61.5193,61.6729,60.2273,60.3719,40.8222,1693968,0,0
2008-07-25,60.7784,62.4047,60.5977,62.0072,41.928,3403874,0,0
2008-07-28,62.215,62.6487,61.6458,62.0433,41.9524,3583951,0,0
2008-07-29,62.1066,62.6397,59.7214,61.0224,41.2621,3030437,0,0
2008-07-30,61.2212,62.1156,60.8055,61.6639,41.6958,2362922,0,0
2008-07-31,61.447,62.3867,60.7513,60.8869,41.1704,2478694,0,0
2008-08-01,61.2392,61.3748,60.0827,60.3086,40.7794,1643830,0,0
2008-08-04,60.3809,60.5255,59.8749,60.0105,40.5778,2672164,0,0
2008-08-05,60.1279,61.0134,60.0105,60.8236,41.1276,2825014,0,0
2008-08-06,60.7784,61.7542,60.3538,61.5284,41.6042,3540564,0,0
2008-08-07,61.1669,62.0795,60.7333,61.8175,41.7997,3593138,0,0
2008-08-08,61.6368,63.254,61.5735,62.983,42.5878,2463752,0,0
2008-08-11,63.0191,63.254,62.5132,63.2089,42.7405,2667737,0,0
2008-08-12,63.0282,64.266,62.8926,63.8323,43.162,3943774,0,0
2008-08-13,63.8142,64.2479,63.254,63.516,42.9482,2352518,0,0
2008-08-14,63.245,63.4618,62.5132,63.2992,42.8016,2922745,0,0
2008-08-15,63.3986,64.4015,63.2902,64.266,43.4553,2803874,0,0
2008-08-18,64.528,64.528,63.4257,63.8413,43.1681,2423907,0,0
2008-08-19,63.751,63.769,62.7481,62.9649,42.5755,2007305,0,0
2008-08-20,63.0643,63.0643,62.0524,62.7029,42.3984,2183841,0,0
2008-08-21,62.1879,62.9107,61.944,62.6939,42.638,2179524,0.3614,0
2008-08-22,62.8113,63.3444,62.2602,63.245,43.0128,2521638,0,0
2008-08-25,62.9288,63.2721,62.4318,62.8746,42.7609,2464195,0,0
2008-08-26,62.721,63.0372,62.0343,62.6035,42.5766,2320421,0,0
2008-08-27,62.5041,62.5041,61.5012,61.6458,41.9252,2286884,0,0
2008-08-28,61.8988,62.8746,61.8084,62.6397,42.6011,2110017,0,0
2008-08-29,62.3234,63.0282,62.1066,62.206,42.3062,2115883,0,0
2008-09-02,62.8384,63.5432,62.4047,62.5764,42.5581,2819037,0,0
2008-09-03,62.8023,63.1637,62.468,62.7661,42.6872,2863420,0,0
2008-09-04,62.4499,62.7933,62.0253,62.3144,42.3799,3571002,0,0
2008-09-05,62.0162,63.9407,62.0162,63.2902,43.0435,3908688,0,0
2008-09-08,64.266,65.2237,63.3444,64.7629,44.0451,3690869,0,0
2008-09-09,65.1785,65.1785,63.8503,63.9588,43.4983,2565910,0,0
2008-09-10,64.4105,64.4105,62.8836,63.236,43.0067,3008965,0,0
2008-09-11,63.0191,63.5251,61.962,63.0462,42.8777,3854012,0,0
2008-09-12,62.8475,63.8955,62.6848,63.769,43.3692,3798008,0,0
2008-09-15,63.0101,63.7871,61.9982,62.1066,42.2386,3178085,0,0
2008-09-16,60.2002,61.8536,59.4142,60.5435,41.1756,5025457,0,0
2008-09-17,59.8478,59.8478,57.6162,57.7969,39.3076,3997122,0,0
2008-09-18,58.5829,59.0437,55.8544,58.7185,39.9344,4530271,0,0
2008-09-19,59.6671,60.1189,56.5501,59.1973,40.26,4083343,0,0
2008-09-22,58.845,59.3328,57.833,57.9143,39.3875,2587825,0,0
2008-09-23,57.9053,58.2848,56.7037,56.9024,38.6993,3241395,0,0
2008-09-24,56.7037,57.3723,56.026,56.3784,38.3429,2376425,0,0
2008-09-25,56.6223,57.4536,56.5591,57.0741,38.816,2614831,0,0
2008-09-26,56.532,57.1283,55.6827,56.9205,38.7116,2789485,0,0
2008-09-29,56.3242,57.1825,55.0322,55.6466,37.8451,3721306,0,0
2008-09-30,55.6917,55.8544,53.9932,54.6979,37.2,3071832,0,0
2008-10-01,54.4088,54.6346,51.3007,51.373,34.9387,5025457,0,0
2008-10-02,50.8128,51.2827,48.1927,50.1714,34.1215,6485003,0,0
2008-10-03,50.5147,52.4662,50.343,51.2736,34.8711,3915661,0,0
2008-10-06,50.4605,51.0658,48.7258,49.8732,33.9187,5426231,0,0
2008-10-07,49.8642,50.596,48.8071,48.9878,33.3165,5969784,0,0
2008-10-08,48.2108,49.4215,47.0272,47.0362,31.9893,5663973,0,0
2008-10-09,47.5783,47.5783,43.639,43.639,29.6789,4040620,0,0
2008-10-10,42.2928,42.2928,33.6373,37.7663,25.6848,12396237,0,0
2008-10-13,40.8563,40.8563,38.3987,40.0612,27.2456,4391478,0,0
2008-10-14,41.1544,42.1844,40.0341,40.8472,27.7801,6033647,0,0
2008-10-15,40.2961,40.4136,37.4591,38.218,25.992,5668401,0,0
2008-10-16,38.218,40.6575,37.2603,40.4587,27.5159,5187161,0,0
2008-10-17,39.8895,41.9585,39.2842,40.1696,27.3193,3868622,0,0
2008-10-20,40.4316,42.4735,40.1335,42.2928,28.7633,2771223,0,0
2008-10-21,41.7507,42.7717,40.2238,40.5129,27.5528,2882678,0,0
2008-10-22,40.784,42.9885,39.9528,41.4797,28.2103,5063420,0,0
2008-10-23,41.5429,42.3561,38.3987,40.1154,27.2824,5365136,0,0
2008-10-24,38.3445,40.3865,37.7753,39.1306,26.6126,3398229,0,0
2008-10-27,38.6608,39.6817,37.6398,37.9199,25.7893,3479247,0,0
2008-10-28,38.6066,41.9585,38.1638,41.6062,28.2963,4548755,0,0
2008-10-29,41.3803,42.2838,40.6575,40.7207,27.6941,3247150,0,0
2008-10-30,41.6785,42.1483,40.8292,42.0127,28.5728,3032872,0,0
2008-10-31,41.7869,42.7717,41.4797,42.3651,28.8124,3783509,0,0
2008-11-03,42.6181,42.6181,41.4164,42.1031,28.6343,2776978,0,0
2008-11-04,42.8801,43.6752,42.7717,43.4222,29.5314,2513116,0,0
2008-11-05,42.076,43.9733,42.076,42.1754,28.6834,2129164,0,0
2008-11-06,42.0127,42.8711,39.3113,39.5733,26.9137,2453127,0,0
2008-11-07,39.8715,40.2238,38.8505,39.754,27.0366,2469065,0,0
2008-11-10,40.5852,40.6123,39.1216,39.6456,26.9629,2005977,0,0
2008-11-11,39.1487,39.4649,38.0102,38.4078,26.1211,1903708,0,0
2008-11-12,37.9199,37.9199,36.3749,36.5737,24.8737,2544770,0,0
2008-11-13,36.8176,38.3807,35.0468,38.3084,26.0535,3743331,0,0
2008-11-14,38.724,38.724,36.411,36.4472,24.7877,2724626,0,0
2008-11-17,36.149,37.3326,35.6973,35.8509,24.3821,2687216,0,0
2008-11-18,35.7154,36.6911,34.3059,35.3359,24.0319,3748755,0,0
2008-11-19,35.5437,36.0858,33.1765,33.2488,22.6125,3420144,0,0
2008-11-20,33.2488,34.5047,30.6829,30.8997,21.0148,5571887,0,0
2008-11-21,31.8574,34.5408,31.0985,34.2698,23.3068,5474488,0,0
2008-11-24,34.857,36.131,34.1071,35.3991,24.0749,4098949,0,0
2008-11-25,36.0045,36.5195,34.8932,35.6521,24.2469,3245490,0,0
2008-11-26,34.9926,36.3839,34.1433,36.3839,24.9981,2973879,0.3614,0
2008-11-28,36.3026,37.1067,36.1039,36.9983,25.4202,1022357,0,0
2008-12-01,36.2575,36.6279,34.9474,34.9654,24.0235,3117986,0,0
2008-12-02,35.363,36.1219,34.4505,35.4262,24.3401,2538351,0,0
2008-12-03,34.7396,37.423,34.7396,37.0435,25.4512,3602214,0,0
2008-12-04,36.5014,37.0074,34.857,35.4262,24.3401,2947648,0,0
2008-12-05,35.1461,36.6008,33.818,36.4562,25.0477,3250138,0,0
2008-12-08,37.1519,37.9109,36.4562,37.17,25.5381,3087548,0,0
2008-12-09,37.1429,38.1187,36.7273,37.5856,25.8237,2678362,0,0
2008-12-10,37.6488,38.3807,37.2242,37.7482,25.9354,2357167,0,0
2008-12-11,37.6398,37.9289,36.7544,36.9803,25.4078,2577310,0,0
2008-12-12,36.3568,36.7634,35.7334,36.5918,25.1408,2522634,0,0
2008-12-15,36.908,37.3145,36.0135,36.4382,25.0353,2227892,0,0
2008-12-16,36.7544,38.3536,36.6189,38.3355,26.3389,2796901,0,0
2008-12-17,37.9018,38.1277,37.2423,37.6127,25.8423,3082900,0,0
2008-12-18,37.8205,37.9922,36.3388,36.8176,25.296,3095185,0,0
2008-12-19,37.161,38.733,37.0887,38.3445,26.3451,5351190,0,0
2008-12-22,38.1729,38.986,37.6579,38.986,26.7859,3261317,0,0
2008-12-23,39.2209,39.6637,38.3716,38.5343,26.4755,1890205,0,0
2008-12-24,38.3355,39.0131,38.3355,38.7873,26.6493,546431,0,0
2008-12-26,39.0131,39.1487,38.724,39.0673,26.8417,591146,0,0
2008-12-29,39.0854,39.2932,38.5614,38.9318,26.7486,1328168,0,0
2008-12-30,39.1938,40.3051,39.1938,40.1877,27.6115,1545656,0,0
2008-12-31,40.1786,41.1002,40.1244,40.6936,27.9591,1577421,0,0
2009-01-02,41.299,42.3019,40.531,42.1031,28.9275,1385944,0,0
2009-01-05,42.347,44.7323,42.347,44.5425,30.6036,3595905,0,0
2009-01-06,44.8678,45.0575,43.377,43.8107,30.1007,3004095,0,0
2009-01-07,43.5216,43.5216,42.067,42.6091,29.2751,2210515,0,0
2009-01-08,42.3741,43.6481,42.0579,43.5939,29.9517,2360376,0,0
2009-01-09,43.7384,44.0998,42.5187,42.8078,29.4117,2649253,0,0
2009-01-12,42.6362,43.2144,42.2386,42.9343,29.4986,2405423,0,0
2009-01-13,42.7175,42.9614,41.9224,42.7536,29.3744,2924958,0,0
2009-01-14,42.2296,42.6813,41.8682,42.2025,28.9958,2525844,0,0
2009-01-15,42.2025,42.4013,41.0731,42.2386,29.0206,2366021,0,0
2009-01-16,42.8801,44.2534,42.4735,43.9372,30.1876,4074931,0,0
2009-01-20,43.8469,44.136,42.329,42.4284,29.151,3171666,0,0
2009-01-21,42.7446,43.5126,41.9766,43.3499,29.7841,2302822,0,0
2009-01-22,41.6604,44.0095,40.8111,43.4403,29.8462,3763143,0,0
2009-01-23,42.9162,43.0698,41.7327,42.5639,29.2441,2848921,0,0
2009-01-26,42.4464,44.3257,42.4464,43.6481,29.989,2488545,0,0
2009-01-27,43.9462,44.3709,43.2776,44.1992,30.3677,1875816,0,0
2009-01-28,45.175,45.2563,44.1179,44.922,30.8643,2009408,0,0
2009-01-29,44.5335,44.8949,43.4945,43.7746,30.0759,1997565,0,0
2009-01-30,43.9191,44.2173,42.9976,43.4764,29.871,2452905,0,0
2009-02-02,42.1844,43.0066,41.3351,42.1121,28.9337,2533038,0,0
2009-02-03,42.7536,44.4432,42.076,43.892,30.1566,3703486,0,0
2009-02-04,42.5187,44.0366,42.5187,43.2867,29.7407,2395351,0,0
2009-02-05,43.1692,43.7836,42.844,43.2957,29.7469,3695628,0,0
2009-02-06,43.2867,44.0456,41.4706,41.7236,28.6668,4672496,0,0
2009-02-09,42.347,42.3651,41.3532,41.9224,28.8033,3480354,0,0
2009-02-10,41.3803,41.9224,39.8534,40.2419,27.6487,3131046,0,0
2009-02-11,40.2058,41.2809,40.1606,40.7117,27.9715,2865855,0,0
2009-02-12,40.9918,42.076,39.8715,41.8863,28.7785,3871278,0,0
2009-02-13,41.8501,43.1602,41.8501,42.6362,29.2937,2324073,0,0
2009-02-17,41.561,41.7417,40.26,40.6485,27.9281,3224128,0,0
2009-02-18,40.8201,41.7327,40.6665,41.1002,28.2384,2616934,0,0
2009-02-19,41.3442,41.9134,40.8653,41.0731,28.2198,3084007,0,0
2009-02-20,40.8563,41.3622,39.6456,40.1425,27.5804,3486220,0,0
2009-02-23,40.1606,40.2148,38.1729,38.209,26.252,3302712,0,0
2009-02-24,38.4349,39.5191,37.9831,38.9228,26.7424,4092750,0,0
2009-02-25,38.8144,38.8144,36.7724,37.0345,25.445,5337244,0,0
2009-02-26,37.2965,37.2965,35.5075,35.616,24.7116,3708578,0.3614,0
2009-02-27,34.9564,34.9564,33.7186,33.7548,23.4202,4717654,0,0
2009-03-02,33.0952,33.3843,31.9026,32.0291,22.2229,5417709,0,0
2009-03-03,32.3453,32.4266,31.5683,31.8303,22.0849,4625346,0,0
2009-03-04,32.0652,33.2669,32.0652,32.8242,22.7745,4634090,0,0
2009-03-05,32.255,32.2821,31.3786,31.6135,21.9345,4351854,0,0
2009-03-06,31.8213,32.3363,30.5473,31.2069,21.6524,3527172,0,0
2009-03-09,31.3695,32.1646,30.8184,31.0352,21.5333,3561372,0,0
2009-03-10,31.6044,32.3092,30.9268,32.2007,22.342,4050249,0,0
2009-03-11,32.4718,32.6796,31.2701,31.5502,21.8906,3214388,0,0
2009-03-12,31.5683,33.0229,31.1708,32.9326,22.8497,2857775,0,0
2009-03-13,33.1404,33.3211,32.2007,33.041,22.925,2706032,0,0
2009-03-16,33.1042,35.363,33.1042,34.5589,23.9781,4107803,0,0
2009-03-17,34.7305,34.7305,33.7096,34.6854,24.0659,3486331,0,0
2009-03-18,34.5589,35.5075,33.556,35.0739,24.3354,3382180,0,0
2009-03-19,35.4804,35.4985,34.7034,35.0648,24.3292,2294079,0,0
2009-03-20,34.9383,35.5798,34.4324,34.6221,24.022,4342114,0,0
2009-03-23,35.3359,36.9351,35.0829,36.9351,25.6268,4686995,0,0
2009-03-24,36.6189,38.7873,36.6189,38.1458,26.4668,4977532,0,0
2009-03-25,38.1638,39.4829,38.0464,39.2571,27.2379,6119978,0,0
2009-03-26,39.3294,41.3442,39.1848,41.3171,28.6672,3801217,0,0
2009-03-27,40.8924,41.299,40.5129,40.6756,28.2221,3105811,0,0
2009-03-30,39.8624,40.2329,38.8866,39.2932,27.263,3118318,0,0
2009-03-31,39.6817,40.3684,39.2119,39.4287,27.357,3328058,0,0
2009-04-01,38.8866,40.6214,38.6246,40.3142,27.9713,3327615,0,0
2009-04-02,41.1183,42.0399,40.8021,41.2538,28.6233,3335584,0,0
2009-04-03,41.2177,41.6152,39.3113,39.7359,27.5701,4983730,0,0
2009-04-06,39.4739,43.377,39.3023,43.3138,30.0526,6139679,0,0
2009-04-07,42.7446,43.5758,41.4164,41.4164,28.7361,4700387,0,0
2009-04-08,41.4887,41.7688,40.4136,40.7117,28.2472,4367239,0,0
2009-04-09,41.9314,41.9314,40.3503,40.4226,28.0466,4399336,0,0
2009-04-13,40.5129,41.055,39.7992,40.6665,28.2158,1967349,0,0
2009-04-14,40.4045,40.9286,39.8895,40.6123,28.1782,2045822,0,0
2009-04-15,40.8292,42.7356,40.6575,41.1996,28.5857,1931157,0,0
2009-04-16,41.3442,42.7807,40.9828,42.6362,29.5824,2054898,0,0
2009-04-17,42.7807,43.5939,42.4193,43.1963,29.9711,4074377,0,0
2009-04-20,42.6452,43.3048,42.0037,42.4645,29.4633,2739458,0,0
2009-04-21,42.3561,43.3228,42.2115,43.2596,30.015,3794023,0,0
2009-04-22,43.0066,44.2354,42.6091,43.1692,29.9523,2841837,0,0
2009-04-23,43.3861,44.1992,43.1963,44.154,30.6356,2518982,0,0
2009-04-24,44.2715,44.8136,43.6842,44.145,30.6293,2314887,0,0
2009-04-27,43.8107,44.8949,43.4945,44.0818,30.5854,2866519,0,0
2009-04-28,43.7294,44.5154,43.2325,43.6119,30.2594,2729054,0,0
2009-04-29,43.7836,44.1269,43.621,43.9372,30.4851,3751522,0,0
2009-04-30,44.1992,44.7413,43.2505,43.6842,30.3096,3166796,0,0
2009-05-01,43.6752,44.5787,43.5939,44.5787,30.9302,2075042,0,0
2009-05-04,44.4703,45.175,44.3076,45.1569,31.3314,1895075,0,0
2009-05-05,45.1027,45.3557,44.8046,45.1298,31.3126,1643719,0,0
2009-05-06,45.5364,45.8526,44.9311,45.3647,31.4756,2240841,0,0
2009-05-07,45.4009,45.4009,43.6752,44.1269,30.6168,3293414,0,0
2009-05-08,44.4251,45.6629,44.4161,45.6629,31.6825,2623243,0,0
2009-05-11,45.0485,45.2653,44.2896,44.5335,30.8989,1619480,0,0
2009-05-12,44.6419,44.8588,43.7475,44.6329,30.9678,2348091,0,0
2009-05-13,44.0005,44.0727,43.2686,43.7113,30.3284,2098727,0,0
2009-05-14,43.8649,44.2625,43.7113,44.1179,30.6105,1988268,0,0
2009-05-15,43.9553,44.1631,43.2776,43.4493,30.1466,2197012,0,0
2009-05-18,41.7869,43.2234,41.7778,43.097,29.9021,4305257,0,0
2009-05-19,43.0247,44.0547,42.6,43.63,30.272,3246486,0,0
2009-05-20,44.0547,44.8768,43.9191,44.4251,30.8236,3346431,0,0
2009-05-21,43.9643,44.3438,43.1963,43.4945,30.178,3599225,0,0
2009-05-22,43.7204,43.9824,43.2957,43.3951,30.109,1720089,0,0
2009-05-26,43.0518,44.8497,43.0518,44.2715,30.7171,3035971,0,0
2009-05-27,43.9282,44.2715,43.3409,43.359,30.0839,2345656,0,0
2009-05-28,42.9795,43.6571,42.7084,43.3319,30.3369,3150304,0.388505,0
2009-05-29,43.377,43.377,42.076,43.0247,30.1219,2888655,0,0
2009-06-01,43.368,44.398,42.8078,43.883,30.7228,3262424,0,0
2009-06-02,43.8649,44.0818,43.2686,43.621,30.5394,3994466,0,0
2009-06-03,43.2054,43.5758,42.7175,42.9795,30.0903,2519535,0,0
2009-06-04,43.0879,43.5848,43.0518,43.5306,30.4761,2881904,0,0
2009-06-05,44.0276,44.136,43.3499,43.7113,30.6026,3213060,0,0
2009-06-08,43.6662,44.2715,43.2686,44.0005,30.805,2297288,0,0
2009-06-09,43.9733,44.2083,43.0247,43.6752,30.5773,2163475,0,0
2009-06-10,43.8559,44.154,42.8169,43.2776,30.299,2971776,0,0
2009-06-11,43.5487,44.0727,43.3048,43.5216,30.4698,2513005,0,0
2009-06-12,43.2325,44.2896,43.1873,44.0185,30.8177,2202546,0,0
2009-06-15,43.5216,43.7023,42.6723,43.1331,30.1978,2535030,0,0
2009-06-16,43.1783,43.4855,42.2657,42.329,29.6348,2110459,0,0
2009-06-17,42.2025,42.853,42.0037,42.5639,29.7993,2050028,0,0
2009-06-18,42.6904,43.0066,42.2567,42.7988,29.9637,1892750,0,0
2009-06-19,43.1692,43.1692,42.4464,42.5639,29.7993,2786940,0,0
2009-06-22,42.338,42.4826,41.9585,42.1392,29.502,2087327,0,0
2009-06-23,42.3199,42.3199,40.784,40.8924,28.6291,3527504,0,0
2009-06-24,41.037,41.4526,40.4678,40.5581,28.395,5224350,0,0
2009-06-25,40.8021,42.1754,40.5671,41.9043,29.3375,2985279,0,0
2009-06-26,41.7056,42.067,41.4255,41.5249,29.0719,2729718,0,0
2009-06-29,41.57,42.2296,41.57,42.1392,29.502,2372551,0,0
2009-06-30,41.9676,42.0037,41.1273,41.2719,28.8947,3484339,0,0
2009-07-01,41.2086,41.8682,41.2086,41.6423,29.1541,2736027,0,0
2009-07-02,41.1364,41.2357,40.1515,40.1515,28.1104,2593470,0,0
2009-07-06,39.8715,40.5852,39.754,40.4949,28.3507,2613392,0,0
2009-07-07,40.3322,40.7207,39.0493,39.0583,27.345,2764139,0,0
2009-07-08,39.1125,39.5823,39.0222,39.4016,27.5854,4161151,0,0
2009-07-09,39.5733,39.5733,38.9408,39.1758,27.4272,1805534,0,0
2009-07-10,38.9047,39.3384,38.7511,39.0944,27.3703,2187382,0,0
2009-07-13,39.1125,40.0341,38.8324,39.9889,27.9965,2614056,0,0
2009-07-14,39.9889,41.0008,39.8624,40.8563,28.6038,2899945,0,0
2009-07-15,41.1273,41.7688,40.8563,41.5791,29.1098,2534588,0,0
2009-07-16,41.5429,42.7807,41.5339,42.5549,29.793,2209519,0,0
2009-07-17,42.4103,42.6091,41.9495,42.4103,29.6917,1968345,0,0
2009-07-20,42.4374,43.0427,42.2386,42.9976,30.1029,1595241,0,0
2009-07-21,43.3048,43.3048,41.9947,42.5639,29.7993,2223132,0,0
2009-07-22,41.9495,43.1692,41.7869,42.582,29.8119,2687770,0,0
2009-07-23,42.0037,42.0127,40.8292,41.7959,29.2616,3707028,0,0
2009-07-24,40.4045,40.9286,39.3836,39.6546,27.7625,5076370,0,0
2009-07-27,39.3655,39.6546,38.4078,39.2209,27.4589,3107582,0,0
2009-07-28,38.986,39.754,38.7692,39.6094,27.7309,3194355,0,0
2009-07-29,39.3384,40.6846,39.3384,40.6214,28.4393,3207526,0,0
2009-07-30,41.055,41.6423,40.8111,41.055,28.7429,2600111,0,0
2009-07-31,41.0912,41.5429,40.2329,40.278,28.1989,3093968,0,0
2009-08-03,40.6575,41.7146,40.2058,41.6423,29.1541,3627227,0,0
2009-08-04,41.5971,42.3741,41.3984,42.2477,29.5779,3208080,0,0
2009-08-05,42.1573,42.329,41.6062,42.1844,29.5336,3159270,0,0
2009-08-06,42.2748,43.1331,42.0941,42.4555,29.7234,2398893,0,0
2009-08-07,42.591,43.883,42.3019,43.5126,30.4635,2937576,0,0
2009-08-10,43.4403,43.4403,42.6271,42.9976,30.1029,2240841,0,0
2009-08-11,42.6362,43.1602,42.085,42.1302,29.4957,2680797,0,0
2009-08-12,41.9224,43.7113,41.8501,43.3951,30.3812,2777643,0,0
2009-08-13,43.4312,43.5577,42.862,43.3048,30.318,2689873,0,0
2009-08-14,43.2234,43.639,42.3109,42.7988,29.9637,2385279,0,0
2009-08-17,42.4374,42.4555,41.7056,42.2477,29.5779,2651245,0,0
2009-08-18,42.2838,42.8801,42.0308,42.7265,29.9131,2682789,0,0
2009-08-19,42.4193,43.3499,42.4193,43.2596,30.2863,3400664,0,0
2009-08-20,43.4132,43.5758,42.853,43.097,30.1725,2582070,0,0
2009-08-21,43.6571,45.175,43.1873,45.1389,31.602,3508024,0,0
2009-08-24,45.184,45.2653,44.3257,44.7775,31.349,2719646,0,0
2009-08-25,45.1027,45.1479,44.5425,44.5968,31.2225,2360044,0,0
2009-08-26,44.6961,44.7865,43.883,44.1811,30.9315,3013060,0,0
2009-08-27,44.7413,45.0304,44.0727,44.5697,31.4804,2339790,0.388505,0
2009-08-28,44.8678,44.8678,43.892,44.145,31.1804,1516215,0,0
2009-08-31,43.7836,44.3076,43.5939,44.0998,31.1485,2128722,0,0
2009-09-01,44.0366,44.6419,43.6029,44.0998,31.1485,3419923,0,0
2009-09-02,43.9462,43.9914,42.9614,43.2867,30.5742,2511677,0,0
2009-09-03,43.368,43.6933,42.8891,43.3138,30.5933,2051245,0,0
2009-09-04,43.1963,43.9914,43.097,43.9914,31.0719,2696403,0,0
2009-09-08,44.1992,44.2534,43.7746,43.9914,31.0719,2707582,0,0
2009-09-09,43.892,44.3799,43.7836,43.9191,31.0209,2555617,0,0
2009-09-10,43.7475,44.0998,43.5035,44.0727,31.1294,1894632,0,0
2009-09-11,44.2534,44.4251,43.9101,44.2715,31.2697,1979745,0,0
2009-09-14,44.1269,44.6058,43.9282,44.5245,31.4485,2461096,0,0
2009-09-15,44.2715,44.8678,44.0185,44.7323,31.5952,1952850,0,0
2009-09-16,44.9401,45.1298,44.136,45.0395,31.8122,2547316,0,0
2009-09-17,44.9491,46.0243,44.5787,45.7352,32.3036,4816491,0,0
2009-09-18,45.8255,46.9639,45.6539,46.8194,33.0693,4513558,0,0
2009-09-21,46.4128,46.8013,46.1869,46.3315,32.7248,2398672,0,0
2009-09-22,46.4851,46.5574,45.9791,46.3586,32.7439,2311566,0,0
2009-09-23,46.5303,47.1988,46.3586,46.5754,32.8971,2861317,0,0
2009-09-24,46.5935,46.6206,46.0604,46.1056,32.5652,2229109,0,0
2009-09-25,45.9339,46.3947,45.7713,46.0785,32.5461,1358605,0,0
2009-09-28,46.0966,46.973,46.0966,46.8013,33.0566,1780520,0,0
2009-09-29,46.7923,48.0301,46.7923,47.6596,33.6629,3113448,0,0
2009-09-30,47.8403,47.8403,46.476,46.7561,33.0247,2394245,0,0
2009-10-01,46.5122,46.6838,45.166,45.2473,31.959,3711345,0,0
2009-10-02,45.5093,46.2682,45.1479,45.3376,32.0228,3734920,0,0
2009-10-05,45.5725,45.8346,45.1389,45.5996,32.2079,2543885,0,0
2009-10-06,45.7171,46.0424,45.5996,46.0062,32.495,2121527,0,0
2009-10-07,45.9339,46.0785,45.3828,45.5635,32.1823,2275152,0,0
2009-10-08,45.952,46.4128,45.6177,45.69,32.2717,3836525,0,0
2009-10-09,45.4009,46.3044,45.4009,46.3044,32.7056,1630659,0,0
2009-10-12,46.4399,46.6116,45.961,46.1508,32.5971,1176978,0,0
2009-10-13,46.0062,46.196,45.7081,45.9701,32.4695,2091312,0,0
2009-10-14,46.1869,46.4399,45.8436,46.214,32.6418,2804206,0,0
2009-10-15,46.1869,46.3495,45.7803,46.1237,32.578,2827117,0,0
2009-10-16,45.6539,46.0695,45.3738,45.8978,32.4185,3374875,0,0
2009-10-19,46.1056,46.5845,45.7532,46.2502,32.6673,2861649,0,0
2009-10-20,46.0424,46.0424,44.6781,44.9853,31.7739,4588046,0,0
2009-10-21,46.6296,46.7019,44.7323,44.8046,31.6463,4788046,0,0
2009-10-22,44.66,45.2473,44.5787,45.166,31.9015,2421029,0,0
2009-10-23,45.3286,45.4009,44.5968,44.8678,31.6909,2763918,0,0
2009-10-26,45.0395,46.214,44.922,45.7532,32.3163,4515661,0,0
2009-10-27,45.9159,46.2502,45.681,45.9882,32.4823,4240730,0,0
2009-10-28,45.952,46.2411,45.5003,45.5274,32.1568,3426231,0,0
2009-10-29,45.5274,45.7713,45.0846,45.699,32.278,3073713,0,0
2009-10-30,45.4551,46.1688,45.2382,45.2925,31.9909,3463309,0,0
2009-11-02,45.4009,45.9249,45.184,45.6719,32.2589,2650249,0,0
2009-11-03,45.69,45.69,44.8407,45.2834,31.9845,3494521,0,0
2009-11-04,45.4551,46.2321,45.2202,45.6087,32.2142,3035971,0,0
2009-11-05,45.8978,46.7832,45.8436,46.7561,33.0247,3665191,0,0
2009-11-06,46.7019,47.3615,45.9339,47.3163,33.4203,2778639,0,0
2009-11-09,48.3915,48.9155,48.0843,48.7258,34.4159,3164029,0,0
2009-11-10,48.5089,48.8793,48.4095,48.7529,34.435,2735473,0,0
2009-11-11,48.9968,49.6293,48.8974,49.5299,34.9838,2679469,0,0
2009-11-12,49.5299,49.6293,49.1143,49.3401,34.8498,2306475,0,0
2009-11-13,49.4124,50.1442,49.1143,49.9364,35.271,2507692,0,0
2009-11-16,50.1442,51.0116,49.9545,50.605,35.7432,3043719,0,0
2009-11-17,50.5237,50.7496,50.2888,50.6231,35.756,1508688,0,0
2009-11-18,50.6141,50.7586,49.8822,50.1623,35.4306,2137355,0,0
2009-11-19,50.2165,50.2617,48.9516,49.2407,34.7796,2375872,0,0
2009-11-20,49.2317,49.7648,49.0601,49.6925,35.0987,1947648,0,0
2009-11-23,49.9455,50.7135,49.9455,50.6412,35.7688,1378417,0,0
2009-11-24,50.5418,50.6954,50.072,50.5508,35.7049,1433315,0,0
2009-11-25,50.5689,50.6321,50.1985,50.5057,35.9493,1339790,0.388505,0
2009-11-27,49.6112,49.9364,48.8703,49.6925,35.3705,939015,0,0
2009-11-30,49.7828,49.7828,49.1323,49.5118,35.2419,2206973,0,0
2009-12-01,49.6112,50.1714,49.6112,49.9274,35.5377,3438628,0,0
2009-12-02,49.6654,50.596,49.6654,49.9364,35.5442,2279469,0,0
2009-12-03,50.1442,50.5328,49.5841,49.6112,35.3127,2245379,0,0
2009-12-04,50.2346,51.2104,49.8913,50.4966,35.9429,4654234,0,0
2009-12-07,50.3792,50.9393,50.3792,50.6864,36.078,1716547,0,0
2009-12-08,50.334,50.5237,49.5028,49.7015,35.377,2569784,0,0
2009-12-09,49.6112,49.9184,48.6987,49.1504,34.9847,2370780,0,0
2009-12-10,49.2679,49.7286,49.2498,49.5028,35.2355,1928058,0,0
2009-12-11,49.7557,50.2075,49.7015,49.8371,35.4734,2098284,0,0
2009-12-14,50.1352,51.4814,50.1352,51.1652,36.4188,2598893,0,0
2009-12-15,51.1652,51.1652,50.2617,50.4243,35.8915,1846375,0,0
2009-12-16,50.4966,50.7496,50.1533,50.2617,35.7757,2022690,0,0
2009-12-17,50.1262,50.334,49.8642,50.0629,35.6342,2324294,0,0
2009-12-18,50.4605,50.6773,50.0178,50.343,35.8336,3495517,0,0
2009-12-21,50.587,51.1742,50.587,50.7857,36.1487,1398229,0,0
2009-12-22,51.0658,51.3098,50.596,50.6954,36.0844,1241395,0,0
2009-12-23,50.7044,50.8851,50.334,50.4785,35.93,1344881,0,0
2009-12-24,50.5328,50.858,50.5328,50.6321,36.0394,257997,0,0
2009-12-28,50.5599,51.3459,50.5599,51.3459,36.5474,1589153,0,0
2009-12-29,51.4995,51.7796,51.2827,51.3549,36.5539,1158163,0,0
2009-12-30,51.0839,51.6531,51.0477,51.3459,36.5474,869729,0,0
2009-12-31,51.5447,51.5899,50.4063,50.4605,35.9172,953293,0,0
2010-01-04,50.6864,51.382,50.6864,51.364,36.5603,1616159,0,0
2010-01-05,51.2285,51.9061,51.2285,51.4543,36.6246,1859878,0,0
2010-01-06,51.3188,51.6983,51.1291,51.6531,36.7661,2204981,0,0
2010-01-07,51.4272,52.3669,51.2465,52.1862,37.1455,4750968,0,0
2010-01-08,51.8338,52.4934,51.635,51.897,36.9397,1723741,0,0
2010-01-11,52.1771,52.3578,51.6802,51.9512,36.9783,1523077,0,0
2010-01-12,51.7163,52.0326,51.3188,52.0055,37.0169,1650581,0,0
2010-01-13,52.1771,53.8215,52.1771,53.5685,38.1295,2729718,0,0
2010-01-14,53.5233,54.0564,52.918,53.5775,38.1359,2044383,0,0
2010-01-15,53.3607,53.4962,52.5114,52.9632,37.6986,1846818,0,0
2010-01-19,52.9541,53.8576,52.5566,53.2523,37.9044,2460210,0,0
2010-01-20,52.7915,53.0445,51.9603,52.665,37.4863,1858661,0,0
2010-01-21,52.5385,52.7102,51.12,51.2104,36.451,2682125,0,0
2010-01-22,51.3007,51.373,50.1714,50.2617,35.7757,2182955,0,0
2010-01-25,50.8219,50.8219,50.0178,50.325,35.8207,2499170,0,0
2010-01-26,50.2707,51.0026,49.9636,50.6231,36.0329,2079358,0,0
2010-01-27,50.4605,51.4634,50.2256,51.2646,36.4896,3078915,0,0
2010-01-28,51.3459,51.6802,50.3521,51.1742,36.4252,2672828,0,0
2010-01-29,51.4634,51.5537,50.8761,51.1381,36.3995,2585833,0,0
2010-02-01,51.3911,52.4934,51.3278,52.3307,37.2484,3725844,0,0
2010-02-02,52.2946,52.5837,51.626,52.5656,37.4156,3208412,0,0
2010-02-03,52.2675,53.0806,52.1952,52.8638,37.6278,2173990,0,0
2010-02-04,52.5205,54.5624,51.373,52.3126,37.2355,6825235,0,0
2010-02-05,52.6469,52.8548,51.102,52.0958,37.0812,2839513,0,0
2010-02-08,52.1862,53.0535,51.6531,52.3759,37.2805,2596015,0,0
2010-02-09,52.918,54.1739,52.5656,53.8034,38.2966,3011289,0,0
2010-02-10,53.7311,53.7583,52.7102,52.8909,37.6471,2633204,0,0
2010-02-11,52.8819,53.686,52.403,53.6769,38.2066,2117211,0,0
2010-02-12,53.1529,53.3517,52.6198,53.2071,37.8722,2815385,0,0
2010-02-16,53.6498,53.9028,53.2252,53.8125,38.3031,2635639,0,0
2010-02-17,53.957,54.1648,53.6679,54.1558,38.5475,2161704,0,0
2010-02-18,53.957,55.5743,53.9028,55.5743,39.5571,3644272,0,0
2010-02-19,55.5472,55.8273,55.0593,55.3032,39.3642,3061981,0,0
2010-02-22,55.3123,56.0622,55.2761,55.7188,39.66,1911898,0,0
2010-02-23,55.5472,56.2248,55.3032,55.3303,39.3835,1949530,0,0
2010-02-24,55.5381,56.017,55.2761,55.7369,39.6729,2060985,0,0
2010-02-25,55.2671,55.2852,54.3546,55.2219,39.5822,3060542,0.388505,0
2010-02-26,55.24,55.493,54.5353,55.3484,39.6729,3776536,0,0
2010-03-01,55.3394,57.1283,55.249,56.9295,40.8062,2709685,0,0
2010-03-02,56.8844,57.5258,56.7398,56.8392,40.7415,2349640,0,0
2010-03-03,56.8663,56.9476,55.9718,56.3061,40.3594,2759270,0,0
2010-03-04,56.279,57.1916,56.0893,56.9928,40.8516,3788157,0,0
2010-03-05,57.3,58.1493,57.2638,58.0228,41.5898,1525623,0,0
2010-03-08,57.9686,58.2215,57.5981,57.9686,41.551,1408522,0,0
2010-03-09,57.7879,58.2938,57.5439,57.824,41.4474,2027006,0,0
2010-03-10,57.6975,58.4655,57.6252,58.3209,41.8035,1569673,0,0
2010-03-11,58.3209,58.5468,57.7065,58.5016,41.9331,1440620,0,0
2010-03-12,58.4836,58.7004,57.6885,57.824,41.4474,2072053,0,0
2010-03-15,57.8059,58.1583,57.6433,58.1041,41.6481,1925180,0,0
2010-03-16,58.2125,58.6281,58.086,58.3932,41.8553,1723630,0,0
2010-03-17,58.6191,59.0347,58.33,58.6371,42.0302,1645822,0,0
2010-03-18,58.7546,58.8178,58.4836,58.7727,42.1274,1657333,0,0
2010-03-19,59.2154,59.2786,58.6462,59.2154,42.4447,4805977,0,0
2010-03-22,58.9624,59.0618,58.5468,58.6733,42.0561,2380631,0,0
2010-03-23,58.7727,59.0166,58.5739,58.8992,42.218,2372441,0,0
2010-03-24,58.854,59.0437,58.4836,58.6733,42.0561,1871610,0,0
2010-03-25,59.107,59.2696,58.6733,58.7094,42.082,1736469,0,0
2010-03-26,58.7456,59.3419,58.7456,59.2064,42.4382,1946763,0,0
2010-03-29,59.378,59.6852,59.1973,59.4322,42.6001,2234975,0,0
2010-03-30,59.5858,59.5858,59.0437,59.378,42.5612,1579081,0,0
2010-03-31,59.0799,59.5226,58.8992,59.2425,42.4641,2179856,0,0
2010-04-01,59.6762,60.1821,59.4413,59.8569,42.9045,1750747,0,0
2010-04-05,60.0376,60.2544,59.8027,60.0105,43.0146,1528500,0,0
2010-04-06,59.8117,59.8117,59.2154,59.3871,42.5677,1586608,0,0
2010-04-07,59.125,59.5406,58.854,58.9263,42.2374,2221693,0,0
2010-04-08,58.8901,58.9714,58.4022,58.8178,42.1597,1834975,0,0
2010-04-09,58.7998,59.8027,58.7907,59.7665,42.8397,2007526,0,0
2010-04-12,59.7665,60.2002,59.7214,59.8298,42.8851,1537244,0,0
2010-04-13,59.6762,60.3448,59.2696,60.2092,43.1571,1967128,0,0
2010-04-14,60.3899,60.408,59.4864,60.399,43.2931,1524848,0,0
2010-04-15,60.2092,60.5345,59.9382,60.3719,43.2736,1462203,0,0
2010-04-16,60.3448,60.3809,59.116,59.6039,42.7232,1919424,0,0
2010-04-19,59.3419,60.0827,59.2696,60.0105,43.0146,1492308,0,0
2010-04-20,60.1912,61.0856,60.0556,60.923,43.6687,1793470,0,0
2010-04-21,60.6881,61.7904,60.4803,61.7723,44.2774,1666519,0,0
2010-04-22,61.4019,62.4047,61.2483,62.3325,44.679,2044715,0,0
2010-04-23,62.3776,62.3776,61.5735,62.3325,44.679,1265080,0,0
2010-04-26,62.3776,62.9107,62.206,62.2783,44.6401,1779081,0,0
2010-04-27,62.1337,62.1337,60.6249,60.6971,43.5068,2209519,0,0
2010-04-28,62.7661,63.0643,61.2121,62.0433,44.4717,3689098,0,0
2010-04-29,62.3234,63.0191,61.7994,62.6848,44.9315,1983509,0,0
2010-04-30,62.6216,62.992,61.2302,61.2844,43.9277,2240730,0,0
2010-05-03,61.6368,62.6848,61.5374,62.5583,44.8409,1511345,0,0
2010-05-04,61.8717,61.8717,59.8298,60.2273,43.17,2378307,0,0
2010-05-05,59.8117,60.6339,59.8117,60.4261,43.3125,1734698,0,0
2010-05-06,60.1731,60.2815,54.5172,58.339,41.8165,2825235,0,0
2010-05-07,58.1312,58.4384,56.3242,56.7759,40.6961,3095739,0,0
2010-05-10,58.845,59.116,57.5801,58.6191,42.0172,3146431,0,0
2010-05-11,57.571,59.36,57.3,58.6281,42.0237,2089762,0,0
2010-05-12,58.6281,59.5226,58.5739,59.4051,42.5807,1205645,0,0
2010-05-13,59.1702,59.5768,58.5378,58.7094,42.082,1004206,0,0
2010-05-14,58.2035,58.5378,56.7308,57.1825,40.9876,1608522,0,0
2010-05-17,57.1102,57.9053,56.3603,57.5258,41.2336,1649253,0,0
2010-05-18,57.9776,58.348,56.7759,56.785,40.7026,1952850,0,0
2010-05-19,56.4597,56.8934,55.4568,56.2609,40.327,2178749,0,0
2010-05-20,55.2219,55.5381,53.9118,54.2281,38.8699,2808965,0,0
2010-05-21,53.3336,55.2761,52.909,55.231,39.5887,3357720,0,0
2010-05-24,54.9418,55.5472,54.3726,54.4359,39.0188,2347095,0,0
2010-05-25,53.2071,55.1045,53.0354,54.9328,39.375,4478805,0,0
2010-05-26,55.3936,55.7279,54.2913,54.3726,38.9735,3793802,0,0
2010-05-27,55.1677,55.1677,54.3997,55.1406,39.835,2480576,0.424645,0
2010-05-28,55.2581,55.4478,54.4539,54.6527,39.4826,2328058,0,0
2010-06-01,54.3636,55.2129,53.7583,53.7944,38.8625,2247925,0,0
2010-06-02,54.1197,54.996,53.9028,54.9509,39.698,2937576,0,0
2010-06-03,55.1587,55.9899,54.8153,55.0503,39.7698,2052352,0,0
2010-06-04,53.8757,54.1287,52.4391,52.6198,38.014,2087991,0,0
2010-06-07,52.7283,52.7373,51.5537,51.5808,37.2634,2549640,0,0
2010-06-08,51.2556,51.9151,50.8942,51.8428,37.4526,2293747,0,0
2010-06-09,52.0687,53.0264,51.7886,52.0055,37.5701,2078915,0,0
2010-06-10,52.7734,53.4601,52.6198,53.3517,38.5427,1706032,0,0
2010-06-11,52.7915,53.9751,52.5114,53.9299,38.9604,1794245,0,0
2010-06-14,54.3636,54.8515,53.8667,53.9751,38.9931,2087991,0,0
2010-06-15,54.1377,54.7702,53.9751,54.6618,39.4891,2984394,0,0
2010-06-16,54.5804,55.3574,54.5082,55.1858,39.8677,2452905,0,0
2010-06-17,55.5833,55.9086,54.9418,55.5652,40.1418,1945988,0,0
2010-06-18,55.6195,56.1616,55.511,56.0893,40.5204,2234975,0,0
2010-06-21,56.8753,56.9747,55.1135,55.3303,39.9721,2195462,0,0
2010-06-22,55.1858,55.7188,54.3184,54.4359,39.3259,2060985,0,0
2010-06-23,54.3094,54.6798,53.7131,54.1468,39.1171,1773769,0,0
2010-06-24,53.9661,54.2642,53.0354,53.1981,38.4317,2263088,0,0
2010-06-25,53.3246,53.3607,52.4482,52.9451,38.2489,2784283,0,0
2010-06-28,53.1348,53.6589,52.6379,52.7825,38.1315,2411511,0,0
2010-06-29,52.0416,52.2675,49.8822,50.1623,36.2386,3953957,0,0
2010-06-30,50.072,50.3972,49.1233,49.1865,35.5337,4194466,0,0
2010-07-01,49.0872,49.2407,48.3372,48.9245,35.3444,3832651,0,0
2010-07-02,48.798,49.4124,48.5902,48.8793,35.3117,2573658,0,0
2010-07-06,49.3763,49.4576,48.4005,48.8974,35.3248,2654123,0,0
2010-07-07,49.1685,50.2527,49.0329,50.2256,36.2843,3101051,0,0
2010-07-08,50.9032,50.9213,50.1262,50.7496,36.6629,2209186,0,0
2010-07-09,50.5147,50.5689,49.5208,50.0991,36.1929,1803431,0,0
2010-07-12,49.1775,49.5118,48.9245,49.2859,35.6055,2451577,0,0
2010-07-13,49.7648,50.2256,49.5118,49.9274,36.0689,2503376,0,0
2010-07-14,50.4605,51.9512,50.4605,51.4905,37.1981,3920310,0,0
2010-07-15,52.15,52.15,50.7315,51.1471,36.9501,2350747,0,0
2010-07-16,50.9574,51.0929,49.2769,49.4576,35.7295,2268290,0,0
2010-07-19,49.7738,50.325,49.6925,50.1352,36.219,2388379,0,0
2010-07-20,49.5118,50.9213,49.2227,50.8851,36.7608,2036082,0,0
2010-07-21,51.5356,51.7615,50.2075,50.6231,36.5715,1738351,0,0
2010-07-22,51.2013,52.3849,51.0929,52.3126,37.7921,3335916,0,0
2010-07-23,52.2675,52.8457,52.1862,52.5566,37.9683,3015717,0,0
2010-07-26,52.7915,53.3517,52.403,53.3426,38.5361,2072939,0,0
2010-07-27,53.6679,53.6679,52.4211,52.5295,37.9487,1712341,0,0
2010-07-28,52.5385,53.1077,52.2223,52.7554,38.1119,1829109,0,0
2010-07-29,53.7492,54.21,52.2313,52.8005,38.1445,2725512,0,0
2010-07-30,52.394,53.189,51.6802,52.9812,38.2751,2565468,0,0
2010-08-02,53.7402,53.7402,52.6289,53.4962,38.6471,1829330,0,0
2010-08-03,53.2523,53.6679,52.9361,53.2342,38.4578,1477144,0,0
2010-08-04,53.2161,53.7944,53.1439,53.7763,38.8494,1754178,0,0
2010-08-05,53.4782,53.9118,53.3246,53.7673,38.8429,2218926,0,0
2010-08-06,53.3246,54.3455,53.2794,54.219,39.1693,2632651,0,0
2010-08-09,54.4178,54.4359,53.8215,54.3004,39.228,2237299,0,0
2010-08-10,53.5414,53.9118,52.7734,53.442,38.6079,2411732,0,0
2010-08-11,52.0235,52.4843,51.1652,51.4363,37.1589,2402214,0,0
2010-08-12,50.7044,51.4905,50.6954,51.0749,36.8978,2226453,0,0
2010-08-13,50.9032,51.3549,50.8399,51.111,36.924,2411179,0,0
2010-08-16,50.8038,51.0658,50.2527,50.8038,36.702,2136469,0,0
2010-08-17,51.2827,52.5927,50.9393,51.9693,37.544,2099281,0,0
2010-08-18,51.7254,52.7102,51.7254,52.6108,38.0074,2851799,0,0
2010-08-19,52.3578,52.6289,51.3369,51.5537,37.2438,2593470,0,0
2010-08-20,51.6531,51.9332,51.0206,51.8338,37.4461,2205866,0,0
2010-08-23,52.1229,52.3307,50.9213,51.0297,36.8652,2134698,0,0
2010-08-24,50.4243,50.5418,49.6383,49.9997,36.1211,2214610,0,0
2010-08-25,49.7196,50.1985,48.9426,49.9726,36.1015,2858993,0,0
2010-08-26,49.8642,50.2798,49.2317,49.3492,35.9567,2750747,0.424645,0
2010-08-27,49.7286,50.1894,48.8884,50.1262,36.5228,1937023,0,0
2010-08-30,50.0539,50.2256,49.0149,49.0149,35.7131,2311455,0,0
2010-08-31,48.8161,49.2317,48.3463,48.8974,35.6275,3348976,0,0
2010-09-01,49.6022,51.2465,49.2588,51.111,37.2404,2832429,0,0
2010-09-02,51.3098,52.1139,51.1833,52.1048,37.9645,2582402,0,0
2010-09-03,52.5566,52.8367,51.7796,52.2404,38.0633,2256890,0,0
2010-09-07,51.7163,51.8699,51.0658,51.0839,37.2206,2257665,0,0
2010-09-08,50.9755,51.5266,50.9755,51.364,37.4247,1987936,0,0
2010-09-09,52.0958,52.1048,51.2827,51.5808,37.5827,1984062,0,0
2010-09-10,51.7254,53.2071,51.7073,53.0626,38.6623,2756613,0,0
2010-09-13,53.8576,54.1829,53.0264,53.1348,38.715,2383841,0,0
2010-09-14,53.1348,53.1348,52.5837,52.7102,38.4056,1662424,0,0
2010-09-15,52.5747,52.927,52.2223,52.394,38.1752,2242391,0,0
2010-09-16,52.3126,52.5295,52.0326,52.1952,38.0304,1639292,0,0
2010-09-17,52.6198,53.5504,52.403,53.2252,38.7808,3020476,0,0
2010-09-20,53.3607,54.1558,53.0626,53.9841,39.3338,2148644,0,0
2010-09-21,53.8486,54.2732,53.6589,53.8305,39.2219,1901051,0,0
2010-09-22,53.8486,54.3455,53.3607,53.3697,38.8862,1613614,0,0
2010-09-23,52.9993,54.0383,52.9451,53.3517,38.873,2044936,0,0
2010-09-24,54.0203,54.7611,53.8486,54.5082,39.7156,2458329,0,0
2010-09-27,54.472,54.7611,54.3907,54.4539,39.6761,3070836,0,0
2010-09-28,54.5172,54.7792,53.8215,54.6798,39.8407,2525512,0,0
2010-09-29,54.3636,54.8063,54.1016,54.3907,39.63,2848257,0,0
2010-09-30,54.9238,55.7821,54.2642,54.7792,39.9131,2843940,0,0
2010-10-01,55.3394,55.5652,54.3907,54.5082,39.7156,3124958,0,0
2010-10-04,54.3365,54.8424,54.0654,54.3094,39.5708,2381516,0,0
2010-10-05,54.8967,56.2971,54.8967,56.0622,40.8479,2824128,0,0
2010-10-06,56.1435,56.6314,55.8995,56.0893,40.8677,2775097,0,0
2010-10-07,56.5591,56.6223,55.755,56.1435,40.9072,2696182,0,0
2010-10-08,56.2338,56.785,56.0531,56.279,41.0059,1719314,0,0
2010-10-11,56.2429,56.3784,55.9447,56.026,40.8216,1273824,0,0
2010-10-12,55.9989,56.1254,55.0864,55.8002,40.657,1877587,0,0
2010-10-13,56.1525,56.5049,55.8182,56.1887,40.9401,1886442,0,0
2010-10-14,56.1977,56.532,55.5472,55.8634,40.7031,1810072,0,0
2010-10-15,56.541,56.7759,55.7098,55.8995,40.7294,2041173,0,0
2010-10-18,56.0622,56.0622,55.0503,55.6737,40.5649,2344106,0,0
2010-10-19,54.9238,55.511,54.3094,54.5985,39.7815,2851577,0,0
2010-10-20,54.7882,55.4659,54.7882,55.249,40.2555,1984505,0,0
2010-10-21,55.4568,56.2881,55.3845,55.764,40.6307,1704372,0,0
2010-10-22,55.7911,56.0802,55.493,55.9267,40.7492,1282125,0,0
2010-10-25,56.1435,56.2248,54.978,55.0322,40.0975,2774654,0,0
2010-10-26,54.8605,55.6195,54.5353,55.4297,40.3871,2655562,0,0
2010-10-27,55.4839,55.6466,54.8786,55.4568,40.4068,2734588,0,0
2010-10-28,56.0622,56.5591,55.4568,56.2338,40.973,2440620,0,0
2010-10-29,56.3332,57.1283,56.2067,57.1193,41.6181,1973547,0,0
2010-11-01,57.2458,58.2577,56.9747,57.3813,41.809,1736469,0,0
2010-11-02,57.833,58.4384,57.833,58.3571,42.52,1724073,0,0
2010-11-03,58.2215,58.5016,57.3542,58.077,42.316,1598450,0,0
2010-11-04,58.4836,59.1431,58.1402,58.9714,42.9677,2213614,0,0
2010-11-05,58.9263,59.2606,58.8269,59.0347,43.0137,1043940,0,0
2010-11-08,58.5468,59.2606,57.6885,59.0347,43.0137,1232761,0,0
2010-11-09,59.3057,59.3419,58.4474,58.9805,42.9742,1387936,0,0
2010-11-10,58.7907,59.116,58.4203,58.9263,42.9348,1413392,0,0
2010-11-11,58.4565,58.4926,57.6252,57.8872,42.1777,1624128,0,0
2010-11-12,57.3632,57.4626,56.6043,56.8302,41.4075,1353293,0,0
2010-11-15,56.9205,57.4355,56.532,56.9295,41.4799,1186054,0,0
2010-11-16,56.6585,56.7579,55.5833,55.9267,40.7492,1691976,0,0
2010-11-17,56.2609,56.3061,55.6556,56.0622,40.8479,1273271,0,0
2010-11-18,56.5591,57.2729,56.5591,56.9837,41.5194,1341229,0,0
2010-11-19,57.0651,57.2548,56.4597,57.1554,41.6445,1147316,0,0
2010-11-22,56.794,57.0651,55.6285,56.27,40.9993,1993691,0,0
2010-11-23,55.502,55.7459,54.7973,55.3755,40.3476,2256226,0,0
2010-11-24,55.502,56.3061,55.3213,56.1977,41.2631,1590039,0.424645,0
2010-11-26,55.8092,56.2971,55.7008,55.8002,40.9712,682346,0,0
2010-11-29,55.2581,55.5743,54.5082,55.3123,40.613,2018041,0,0
2010-11-30,54.8967,55.9899,54.8153,55.7279,40.9181,3243830,0,0
2010-12-01,56.6494,57.3632,56.4868,57.2367,42.026,2432540,0,0
2010-12-02,57.3451,57.9957,57.2277,57.8511,42.4771,1918318,0,0
2010-12-03,57.7427,57.8692,56.8302,57.1102,41.9331,3168788,0,0
2010-12-06,57.1193,57.8059,56.9295,57.571,42.2715,1798229,0,0
2010-12-07,57.9415,58.2035,57.7608,58.1673,42.7093,1951522,0,0
2010-12-08,58.1764,58.2848,57.9143,58.1493,42.696,1854787,0,0
2010-12-09,58.3842,58.3842,57.309,57.4716,42.1985,2443608,0,0
2010-12-10,57.7698,58.1222,57.6343,57.9686,42.5633,1694632,0,0
2010-12-13,58.1041,58.1583,57.562,57.824,42.4572,2080686,0,0
2010-12-14,58.0228,58.61,57.8963,58.4655,42.9282,1397233,0,0
2010-12-15,58.2577,58.339,57.4716,57.5981,42.2914,2192142,0,0
2010-12-16,57.6885,58.339,57.4897,58.339,42.8353,1142667,0,0
2010-12-17,58.2938,58.3932,57.8601,57.9324,42.5368,2309131,0,0
2010-12-20,58.1583,58.2125,57.6614,57.8963,42.5103,1334588,0,0
2010-12-21,58.1402,58.5829,57.9776,58.2757,42.7889,2098949,0,0
2010-12-22,58.3842,58.8721,58.1944,58.845,43.2068,1867405,0,0
2010-12-23,58.7998,59.107,58.4836,58.6191,43.041,1621029,0,0
2010-12-27,58.4655,58.5197,58.2577,58.4022,42.8818,1014388,0,0
2010-12-28,58.4745,58.8178,58.2848,58.5558,42.9945,1100387,0,0
2010-12-29,58.7275,58.8811,58.4203,58.6191,43.041,1368456,0,0
2010-12-30,58.5197,58.6914,58.1854,58.2215,42.7491,1249585,0,0
2010-12-31,58.2035,58.6281,57.9866,58.5287,42.9746,1192916,0,0
2011-01-03,58.863,59.125,58.6552,58.863,43.2201,1819590,0,0
2011-01-04,58.854,59.0708,58.4565,59.0528,43.3594,2130603,0,0
2011-01-05,58.863,59.4051,58.5378,59.36,43.585,1900498,0,0
2011-01-06,59.4684,61.1308,59.4232,60.7152,44.5801,2467072,0,0
2011-01-07,61.2663,62.1156,60.914,61.4922,45.1506,2821029,0,0
2011-01-10,61.0856,61.1579,60.3177,60.4713,44.401,1683564,0,0
2011-01-11,60.6971,60.923,59.9924,60.0105,44.0626,1508467,0,0
2011-01-12,60.1641,60.923,60.1641,60.4622,44.3943,1998008,0,0
2011-01-13,60.8959,60.9591,59.8388,60.1008,44.129,1734698,0,0
2011-01-14,60.0556,60.7784,59.893,60.7423,44.6,1722634,0,0
2011-01-18,60.4803,63.1004,60.417,62.6306,45.9865,3841284,0,0
2011-01-19,62.6306,62.8384,61.962,62.2783,45.7277,1477034,0,0
2011-01-20,62.3234,63.245,61.9891,63.2269,46.4243,2301051,0,0
2011-01-21,63.5612,63.5612,62.5945,62.8204,46.1258,1996901,0,0
2011-01-24,62.7842,62.992,61.8626,62.2602,45.7145,2010404,0,0
2011-01-25,62.1969,62.8294,61.9349,62.8023,46.1125,2092861,0,0
2011-01-26,62.9107,62.9197,61.7271,62.1698,45.6481,2078694,0,0
2011-01-27,62.3776,63.1366,62.0343,62.5403,45.9201,1312120,0,0
2011-01-28,62.6216,63.0372,60.8327,61.0585,44.8321,2125180,0,0
2011-01-31,61.447,62.6668,61.3115,62.6125,45.9732,2554953,0,0
2011-02-01,63.0372,63.5341,62.8475,63.4889,46.6167,1640841,0,0
2011-02-02,63.3353,63.5612,62.9468,63.1366,46.358,1196458,0,0
2011-02-03,63.0462,63.245,62.477,63.0553,46.2982,1001660,0,0
2011-02-04,62.9739,63.0191,62.5041,62.8565,46.1523,1004981,0,0
2011-02-07,63.0462,63.8323,62.9468,63.5612,46.6698,1445932,0,0
2011-02-08,63.5522,64.275,63.1908,64.2298,47.1607,1316657,0,0
2011-02-09,64.9707,65.5038,63.7781,64.9345,47.6781,2190481,0,0
2011-02-10,64.4467,64.7629,63.6425,64.2931,47.2071,1684449,0,0
2011-02-11,64.1033,64.2931,63.6064,63.7058,46.7759,1804206,0,0
2011-02-14,63.6154,63.8594,61.944,62.0705,45.5752,3049806,0,0
2011-02-15,61.6458,62.6306,61.5645,62.468,45.8671,1864970,0,0
2011-02-16,62.6216,62.8294,60.8055,61.9259,45.469,2846818,0,0
2011-02-17,61.691,62.8655,61.5103,62.2511,45.7078,1432097,0,0
2011-02-18,62.2511,62.739,62.1337,62.4409,45.8471,1624460,0,0
2011-02-22,61.9169,62.0253,60.661,61.0405,44.8189,1741339,0,0
2011-02-23,61.0043,61.5103,59.9292,60.4622,44.3943,2607194,0,0
2011-02-24,60.0105,61.1218,59.3148,60.5345,44.7618,2689873,0.424645,0
2011-02-25,60.7242,61.0676,59.9201,60.0737,44.421,2034754,0,0
2011-02-28,60.1008,61.0585,59.7033,60.2454,44.548,2418262,0,0
2011-03-01,60.5435,61.1669,59.3238,59.5045,44.0001,1886995,0,0
2011-03-02,59.4774,60.2544,59.4051,60.0285,44.3876,1686774,0,0
2011-03-03,60.417,61.3476,60.3809,60.9953,45.1025,1878473,0,0
2011-03-04,61.0224,61.1669,59.4955,60.2544,44.5546,1400885,0,0
2011-03-07,60.3357,60.7604,59.0889,59.4413,43.9534,1502048,0,0
2011-03-08,59.36,60.6971,59.36,60.4351,44.6883,1881793,0,0
2011-03-09,60.3267,60.923,59.9021,60.8055,44.9622,1133592,0,0
2011-03-10,60.6971,60.9772,59.8749,59.9111,44.3008,2007194,0,0
2011-03-11,60.0195,60.3177,59.378,59.7214,44.1605,1560044,0,0
2011-03-14,59.2967,59.9563,59.0437,59.9201,44.3075,2156945,0,0
2011-03-15,58.4113,60.1731,57.9776,59.7485,44.1805,2893193,0,0
2011-03-16,59.631,59.631,58.3661,58.6733,43.3855,2815385,0,0
2011-03-17,59.7936,60.661,59.5768,60.0466,44.401,4624903,0,0
2011-03-18,60.8598,60.9863,59.622,60.4893,44.7284,3354842,0,0
2011-03-21,61.2844,61.953,61.1489,61.6368,45.5768,2300387,0,0
2011-03-22,61.5103,61.8807,61.2754,61.4199,45.4165,2379856,0,0
2011-03-23,61.0766,61.4109,60.6881,61.2302,45.2762,3234754,0,0
2011-03-24,61.4199,61.6639,60.9501,61.4832,45.4632,1402878,0,0
2011-03-25,61.5284,61.8536,60.8507,61.8175,45.7104,1822025,0,0
2011-03-28,61.953,62.0976,61.3476,61.3567,45.3697,1872939,0,0
2011-03-29,61.3928,61.8175,60.9049,61.6277,45.5702,1755506,0,0
2011-03-30,61.7994,62.0343,61.0495,61.9711,45.824,2970891,0,0
2011-03-31,62.58,63.44,62.23,62.71,46.3704,3848200,0,1.10681
2011-04-01,62.81,63.55,62.67,62.97,46.5627,2113100,0,0
2011-04-04,63.14,63.21,61.54,62.58,46.2743,2196700,0,0
2011-04-05,62.56,62.94,62.06,62.21,46.0007,1506800,0,0
2011-04-06,62.53,62.53,61.65,62.36,46.1116,3526500,0,0
2011-04-07,62.12,62.78,61.97,62.54,46.2447,2629900,0,0
2011-04-08,62.74,62.8,62.19,62.38,46.1264,2125600,0,0
2011-04-11,62.58,63.38,62.5,62.95,46.5479,1728700,0,0
2011-04-12,62.58,63.18,62.48,62.84,46.4665,2020700,0,0
2011-04-13,62.97,63,61.29,61.53,45.4979,3002300,0,0
2011-04-14,61.09,61.33,60.45,61.29,45.3204,2672600,0,0
2011-04-15,61.46,61.86,60.96,61.29,45.3204,1500700,0,0
2011-04-18,60.69,60.77,59.87,60.42,44.6771,2126700,0,0
2011-04-19,60.39,60.81,60.26,60.62,44.825,1530600,0,0
2011-04-20,61.48,62.16,60.97,61.83,45.7197,1831500,0,0
2011-04-21,61.89,61.92,61.2,61.74,45.6531,1060800,0,0
2011-04-25,61.75,61.75,61.13,61.47,45.4535,684500,0,0
2011-04-26,61.81,62.69,61.72,62.49,46.2077,1600000,0,0
2011-04-27,62.9,64,62.27,62.9,46.5109,2271900,0,0
2011-04-28,62.55,63.2,62.5,63.09,46.6514,2160600,0,0
2011-04-29,62.76,63.83,62.55,63.61,47.0359,1665600,0,0
2011-05-02,63.92,64.28,63.38,64.17,47.45,2782500,0,0
2011-05-03,64.66,65.29,64.34,65.05,48.1007,2791600,0,0
2011-05-04,65.18,65.55,64.32,64.47,47.6718,2493600,0,0
2011-05-05,64.2,64.75,63.92,64.15,47.4352,2032300,0,0
2011-05-06,64.67,65.15,64.25,64.45,47.657,2019400,0,0
2011-05-09,64.58,65.26,64.06,64.81,47.9232,1264900,0,0
2011-05-10,65,65.36,64.78,65.02,48.0785,1393000,0,0
2011-05-11,65.02,65.4,64.62,64.99,48.0564,1549900,0,0
2011-05-12,64.91,65.72,64.84,65.36,48.3299,1634200,0,0
2011-05-13,65.35,65.66,64.66,64.86,47.9602,1455200,0,0
2011-05-16,64.68,65.03,64.34,64.78,47.901,1544900,0,0
2011-05-17,64.61,65.17,64.18,64.54,47.7236,1994500,0,0
2011-05-18,64.55,64.97,64.39,64.69,47.8345,1791400,0,0
2011-05-19,64.84,65.39,64.67,65.16,48.182,2225100,0,0
2011-05-20,64.93,65.05,64.39,64.5,47.694,1896800,0,0
2011-05-23,64.04,65.46,63.87,65.14,48.1673,3810400,0,0
2011-05-24,65.2,65.79,64.98,65.6,48.5074,3284400,0,0
2011-05-25,65.2,65.39,64.65,64.92,48.0046,3047900,0,0
2011-05-26,64.07,64.55,63.67,64.36,47.9599,2586000,0.5,0
2011-05-27,64.44,64.95,64.41,64.89,48.3548,1373100,0,0
2011-05-31,65.19,65.49,64.72,65.29,48.6529,2709100,0,0
2011-06-01,65,65.17,63.69,63.75,47.5053,2232600,0,0
2011-06-02,63.69,64.19,63.47,63.8,47.5425,1899900,0,0
2011-06-03,63.16,64.11,62.89,63.5,47.319,1619900,0,0
2011-06-06,63.27,63.86,63.06,63.17,47.0731,2625700,0,0
2011-06-07,63.44,64.05,63.29,63.34,47.1998,1618100,0,0
2011-06-08,63.27,63.51,62.97,63.13,47.0433,1484100,0,0
2011-06-09,63.17,64.05,62.97,63.65,47.4308,1868100,0,0
2011-06-10,63.29,63.47,62.5,62.51,46.5813,2333300,0,0
2011-06-13,62.9,63.74,62.73,63.53,47.3414,1772100,0,0
2011-06-14,64.16,64.65,63.97,64.47,48.0419,2122300,0,0
2011-06-15,63.85,64.54,63.44,63.5,47.319,2206000,0,0
2011-06-16,63.65,64.83,63.4,64.72,48.2281,2673800,0,0
2011-06-17,65.18,65.72,64.57,64.69,48.2058,2707700,0,0
2011-06-20,64.53,65.83,64.53,65.73,48.9808,1655800,0,0
2011-06-21,65.93,66.92,65.84,66.55,49.5918,3084800,0,0
2011-06-22,66.12,67.31,66.12,66.51,49.562,2590200,0,0
2011-06-23,65.76,66.34,65.11,66.17,49.3086,2404700,0,0
2011-06-24,66.3,66.67,65.37,66.35,49.4428,3060400,0,0
2011-06-27,66.42,67.21,66.21,66.97,49.9048,2020600,0,0
2011-06-28,67.09,68.17,66.92,68.11,50.7543,2110500,0,0
2011-06-29,68.21,69.23,68.04,68.81,51.2759,2096200,0,0
2011-06-30,69,69.9,68.81,69.35,51.6783,2855000,0,0
2011-07-01,69.59,70.5,69.4,70.33,52.4086,2103200,0,0
2011-07-05,70.38,70.56,69.41,69.99,52.1552,2092000,0,0
2011-07-06,69.95,70.61,69.68,70,52.1627,1715500,0,0
2011-07-07,68.89,69.74,68.06,68.5,51.0449,5732300,0,0
2011-07-08,67.71,68,67.03,67.96,50.6425,3285200,0,0
2011-07-11,67.48,67.84,67,67.31,50.1581,2703500,0,0
2011-07-12,67.35,67.36,66.63,66.82,49.793,2085500,0,0
2011-07-13,66.93,67.25,66.38,66.5,49.5546,2600800,0,0
2011-07-14,66.8,66.83,65.18,65.52,48.8243,3856400,0,0
2011-07-15,65.72,65.72,63.84,64.62,48.1536,4245200,0,0
2011-07-18,64.51,64.63,63.58,64.37,47.9673,3165700,0,0
2011-07-19,64.54,64.78,64,64.41,47.9971,3135900,0,0
2011-07-20,65.69,65.89,64.76,64.98,48.4219,2256900,0,0
2011-07-21,65.47,65.89,65.26,65.55,48.8466,3040400,0,0
2011-07-22,65.45,65.45,64.55,65.27,48.638,1684100,0,0
2011-07-25,64.85,65.42,64.51,65.12,48.5262,2090800,0,0
2011-07-26,65.41,65.62,64.94,65.4,48.7348,3335500,0,0
2011-07-27,65.04,65.25,62.2,62.68,46.708,4691700,0,0
2011-07-28,62.32,62.38,60.25,60.71,45.24,4332400,0,0
2011-07-29,60.14,61.18,59.58,60.51,45.0909,3941500,0,0
2011-08-01,59.62,60.17,58.4,59.6,44.4128,3960100,0,0
2011-08-02,58.97,59.6,57.53,57.53,42.8703,3716000,0,0
2011-08-03,57.32,57.67,55.85,57.11,42.5573,4197400,0,0
2011-08-04,56.5,56.83,55.19,55.31,41.216,5135500,0,0
2011-08-05,55.73,56.51,54.95,55.49,41.3501,6414500,0,0
2011-08-08,54.48,55.12,51.75,51.75,38.5631,5813100,0,0
2011-08-09,52.23,53.36,50.36,53.24,39.6735,6148600,0,0
2011-08-10,52.29,52.6,50,50.09,37.3261,7614800,0,0
2011-08-11,50.09,52.45,49.9,51.78,38.5855,9151900,0,0
2011-08-12,51.8,52.2,50.78,51.89,38.6675,5973100,0,0
2011-08-15,52.19,53.37,51.57,53.05,39.5318,5311500,0,0
2011-08-16,52.59,54.12,52.35,53.24,39.6735,3871500,0,0
2011-08-17,53.53,53.86,52.44,52.76,39.3158,3160000,0,0
2011-08-18,51.58,51.58,49.71,50.04,37.2889,4232200,0,0
2011-08-19,49.36,50.23,49.2,49.26,36.7076,3735100,0,0
2011-08-22,50.41,50.63,49.85,50.03,37.2814,3892400,0,0
2011-08-23,50.23,51.48,50,51.48,38.3619,3587100,0,0
2011-08-24,51.29,52.83,51.04,52.72,39.2859,2393900,0,0
2011-08-25,52.46,52.75,50.95,51.24,38.5487,2816400,0.5,0
2011-08-26,50.93,52.46,50.1,52.16,39.2408,2048100,0,0
2011-08-29,52.82,53.97,52.68,53.93,40.5724,1353900,0,0
2011-08-30,53.72,54.76,53.14,54.41,40.9335,1939100,0,0
2011-08-31,54.76,55.39,54.29,54.62,41.0915,1792600,0,0
2011-09-01,54.65,55.2,53.39,53.46,40.2188,2191600,0,0
2011-09-02,52.43,52.71,51.72,51.8,38.97,1829300,0,0
2011-09-06,50.35,51.77,49.97,51.66,38.8647,3034200,0,0
2011-09-07,52.48,53.25,52.08,53.11,39.9555,2366600,0,0
2011-09-08,52.88,53.45,52.57,52.78,39.7072,2636900,0,0
2011-09-09,51.98,52.4,51.41,51.81,38.9775,3130200,0,0
2011-09-12,51.36,52.42,51.3,52.42,39.4364,2842300,0,0
2011-09-13,52.23,52.94,51.69,52.39,39.4138,2315100,0,0
2011-09-14,52.75,53.66,51.6,52.91,39.8051,2458700,0,0
2011-09-15,53.48,54.28,53.31,54.17,40.753,1618700,0,0
2011-09-16,54.32,55.34,54.27,54.82,41.242,2520600,0,0
2011-09-19,53.71,54.2,53.37,53.88,40.5348,2942100,0,0
2011-09-20,54.22,54.52,53.71,53.85,40.5122,2594900,0,0
2011-09-21,53.55,53.95,51.88,51.89,39.0377,2378100,0,0
2011-09-22,50.47,51.69,50.32,51.13,38.4659,3541200,0,0
2011-09-23,50.78,52.1,50.64,51.05,38.4058,2872400,0,0
2011-09-26,51.62,52.48,51.33,52.41,39.4289,3232800,0,0
2011-09-27,53.53,54.44,53.1,53.49,40.2414,2287500,0,0
2011-09-28,53.55,54.17,52.06,52.1,39.1957,2825700,0,0
2011-09-29,52.97,53.94,52.29,53.27,40.0759,2413900,0,0
2011-09-30,52.66,53.35,52.16,52.17,39.2483,2677500,0,0
2011-10-03,51.74,52.63,50.86,50.87,38.2703,2645000,0,0
2011-10-04,50.25,51.76,50.13,51.69,38.8872,2800000,0,0
2011-10-05,51.72,52.12,51.34,51.76,38.9399,4096400,0,0
2011-10-06,51.75,52.32,51.14,52.29,39.3386,2548900,0,0
2011-10-07,52.78,53.45,52.15,52.81,39.7298,2888700,0,0
2011-10-10,53.89,54.72,53.78,54.71,41.1592,1493500,0,0
2011-10-11,54.13,55.12,54.13,54.85,41.2645,2029200,0,0
2011-10-12,55.16,55.83,55.06,55.32,41.6181,1901900,0,0
2011-10-13,54.89,54.98,53.65,54.33,40.8734,2406100,0,0
2011-10-14,55.29,55.42,54.11,54.56,41.0464,2220700,0,0
2011-10-17,54.02,54.47,53.72,53.84,40.5047,2306800,0,0
2011-10-18,53.69,54.71,53.49,54.4,40.926,3200300,0,0
2011-10-19,54.31,54.74,54,54.08,40.6853,2479700,0,0
2011-10-20,54.34,54.47,53.53,54.11,40.7078,1914300,0,0
2011-10-21,54.66,55.82,54.63,55.81,41.9868,1920800,0,0
2011-10-24,56,56.78,55.65,56.33,42.378,2100600,0,0
2011-10-25,56.17,57.2,55.88,56.57,42.5585,3393000,0,0
2011-10-26,56.29,56.85,53.88,55.6,41.8288,2986200,0,0
2011-10-27,57.38,57.97,56.2,57.64,43.3635,2397100,0,0
2011-10-28,57.73,58.04,57.28,57.92,43.5742,2393500,0,0
2011-10-31,57.1,58.71,57.04,57.75,43.4463,2681900,0,0
2011-11-01,56.26,56.44,54.58,54.98,41.3623,3093200,0,0
2011-11-02,55.89,56.23,55.46,55.82,41.9943,1812200,0,0
2011-11-03,56.28,57.53,56.15,57.38,43.1679,2076000,0,0
2011-11-04,57.17,57.35,56.42,57.18,43.0175,1314200,0,0
2011-11-07,57.09,58.3,56.87,58.24,43.8149,1621700,0,0
2011-11-08,58.48,58.64,57.53,58.53,44.0331,1651700,0,0
2011-11-09,57.61,57.96,56.92,57.29,43.1002,4294700,0,0
2011-11-10,58.23,58.57,57.81,58.06,43.6795,2117400,0,0
2011-11-11,58.72,59.67,58.68,59.3,44.6123,1550400,0,0
2011-11-14,59.16,59.46,58.79,58.85,44.2738,1822600,0,0
2011-11-15,58.48,59.83,58.47,59.45,44.7252,1443500,0,0
2011-11-16,58.84,59.56,58.34,58.47,43.9879,2164200,0,0
2011-11-17,58.23,58.24,56.32,56.87,42.7842,2481800,0,0
2011-11-18,57.08,57.33,56.36,56.75,42.694,2865800,0,0
2011-11-21,55.71,55.92,54,55.13,41.4752,3186900,0,0
2011-11-22,54.75,54.86,53.9,54.4,40.926,2898000,0,0
2011-11-23,53.41,53.8,52.96,52.97,40.2198,2444800,0.5,0
2011-11-25,52.78,54.22,52.69,53.42,40.5615,1008300,0,0
2011-11-28,54.64,55.43,54.49,54.82,41.6246,2185900,0,0
2011-11-29,54.96,55.52,54.82,55.13,41.86,2141700,0,0
2011-11-30,56.25,57.35,56.13,57.07,43.333,2962000,0,0
2011-12-01,56.86,58,56.69,57.33,43.5304,1932400,0,0
2011-12-02,57.76,57.84,56.97,56.99,43.2722,1773900,0,0
2011-12-05,57.73,58.18,57,57.42,43.5987,2008100,0,0
2011-12-06,57.51,57.9,57.22,57.31,43.5152,2280100,0,0
2011-12-07,56.91,57.08,56.47,56.54,42.9305,2691200,0,0
2011-12-08,56.33,56.81,55.59,55.7,42.2927,2076800,0,0
2011-12-09,55.85,56.69,55.73,56.4,42.8242,1833100,0,0
2011-12-12,56.05,56.44,55.68,55.98,42.5054,1368300,0,0
2011-12-13,56.09,56.68,55.09,55.3,41.989,1718100,0,0
2011-12-14,55.08,55.59,55,55.15,41.8751,2285700,0,0
2011-12-15,55.54,55.83,55.26,55.34,42.0194,1819100,0,0
2011-12-16,55.78,56.23,55.01,55.66,42.2624,3228100,0,0
2011-12-19,56.02,56.36,55.04,55.16,41.8827,1294600,0,0
2011-12-20,55.91,56.95,55.91,56.75,43.09,1539900,0,0
2011-12-21,56.91,57.36,56.56,57.1,43.3558,1898400,0,0
2011-12-22,57.09,58,57.02,57.8,43.8873,1446300,0,0
2011-12-23,58.08,58.5,57.65,58.49,44.4112,1382600,0,0
2011-12-27,58.26,58.97,58.15,58.86,44.6921,1124500,0,0
2011-12-28,58.75,58.87,58.09,58.13,44.1378,1289400,0,0
2011-12-29,58.31,58.96,58.29,58.89,44.7149,887200,0,0
2011-12-30,58.77,59.15,58.46,58.48,44.4036,1049000,0,0
2012-01-03,59.42,59.56,58.66,58.66,44.5403,1802200,0,0
2012-01-04,58.39,58.81,57.95,58.63,44.5175,1389600,0,0
2012-01-05,58.15,58.26,57.31,58.15,44.153,1794700,0,0
2012-01-06,58.09,58.22,57.72,57.9,43.9632,2405600,0,0
2012-01-09,58.04,58.19,57.59,57.91,43.9708,1386000,0,0
2012-01-10,58.41,58.9,58.17,58.62,44.5099,1793400,0,0
2012-01-11,58.33,58.73,58.28,58.51,44.4264,1492600,0,0
2012-01-12,58.56,59.88,58.56,59.75,45.3679,1473900,0,0
2012-01-13,59.4,59.44,58.72,58.84,44.6769,1207600,0,0
2012-01-17,59.33,60.05,59.2,59.63,45.2768,1717000,0,0
2012-01-18,59.55,60.3,59.19,60.17,45.6868,1289000,0,0
2012-01-19,60.34,61.57,60.17,61.31,46.5524,1947000,0,0
2012-01-20,61.31,61.52,61.07,61.39,46.6131,2304600,0,0
2012-01-23,61.56,61.86,60.32,60.49,45.9298,1763800,0,0
2012-01-24,60.16,60.16,59.71,60,45.5577,1439900,0,0
2012-01-25,59.44,59.81,58.86,59.59,45.2464,2735100,0,0
2012-01-26,59.63,59.66,58.96,59.32,45.0414,2732200,0,0
2012-01-27,59.05,59.15,58.52,58.71,44.5782,1431000,0,0
2012-01-30,57.99,58.48,57.92,58.2,44.191,2323100,0,0
2012-01-31,58.09,58.64,57.93,58.05,44.0771,2498500,0,0
2012-02-01,58.33,60.19,58.33,59.25,44.9882,3879500,0,0
2012-02-02,58.24,58.94,57.88,58.3,44.2669,3033200,0,0
2012-02-03,58.88,58.99,58.19,58.31,44.2745,3042900,0,0
2012-02-06,58.03,58.82,58.01,58.8,44.6465,1723800,0,0
2012-02-07,58.82,59.91,58.76,59.84,45.4362,1700600,0,0
2012-02-08,59.88,60.68,59.88,60.5,45.9374,2048700,0,0
2012-02-09,60.57,60.65,60.03,60.21,45.7172,1326900,0,0
2012-02-10,59.85,59.9,59.51,59.81,45.4134,759700,0,0
2012-02-13,59.97,60.39,59.77,60.3,45.7855,1330600,0,0
2012-02-14,60.09,60.21,59.68,60.21,45.7172,889000,0,0
2012-02-15,60.29,60.29,59.55,59.65,45.292,1407500,0,0
2012-02-16,59.83,59.85,59.03,59.68,45.3147,1773200,0,0
2012-02-17,60.05,60.2,59.48,60.08,45.6185,1125300,0,0
2012-02-21,60.11,60.38,59.64,59.86,45.4514,1448800,0,0
2012-02-22,59.72,60.34,59.57,60.05,45.5957,1624300,0,0
2012-02-23,59.35,59.8,59.28,59.62,45.6493,1318800,0.5,0
2012-02-24,59.67,60.78,59.56,59.92,45.879,1462100,0,0
2012-02-27,59.5,60.57,59.5,60.05,45.9785,1401200,0,0
2012-02-28,60.04,60.05,59.56,59.89,45.856,1165100,0,0
2012-02-29,60,60.29,59.64,59.81,45.7947,2057600,0,0
2012-03-01,60.42,60.42,59.67,60.21,46.101,1376800,0,0
2012-03-02,60.07,60.24,59.59,59.76,45.7565,1317200,0,0
2012-03-05,59.72,60.04,59.61,59.93,45.8866,1431400,0,0
2012-03-06,59.5,59.96,59.44,59.67,45.6876,2668400,0,0
2012-03-07,59.83,60.08,59.55,59.96,45.9096,2146700,0,0
2012-03-08,60.07,60.85,60.07,60.37,46.2235,1564700,0,0
2012-03-09,60.46,60.58,59.97,60.18,46.078,1692100,0,0
2012-03-12,60.47,60.77,60.1,60.65,46.4379,1144400,0,0
2012-03-13,60.9,61.66,60.6,61.54,47.1194,1654100,0,0
2012-03-14,61.43,62.11,61.28,62.06,47.5175,2034500,0,0
2012-03-15,62,62.01,61.4,61.97,47.4486,1794800,0,0
2012-03-16,62.05,62.23,61.74,61.99,47.4639,2965500,0,0
2012-03-19,62.1,62.31,61.72,61.87,47.372,1187100,0,0
2012-03-20,61.45,61.6,60.99,61.07,46.7595,1452900,0,0
2012-03-21,61.1,61.31,60.71,60.83,46.5757,1126200,0,0
2012-03-22,60.51,61.12,60.19,60.97,46.6829,1629400,0,0
2012-03-23,61.08,61.22,60.4,60.57,46.3767,1377100,0,0
2012-03-26,60.86,61.62,60.86,61.53,47.1117,1314700,0,0
2012-03-27,61.7,61.75,61.08,61.13,46.8054,1246500,0,0
2012-03-28,61.05,61.28,60.52,60.85,46.591,1593700,0,0
2012-03-29,60.49,60.98,60.04,60.89,46.6217,1352900,0,0
2012-03-30,61.25,61.52,60.79,61.08,46.7671,1493500,0,0
2012-04-02,61.19,62.18,60.96,61.82,47.3337,1684100,0,0
2012-04-03,62.24,62.33,61.04,61.51,47.0964,1588100,0,0
2012-04-04,61.23,61.64,61.04,61.45,47.0504,1456800,0,0
2012-04-05,61.15,61.21,60.77,60.85,46.591,1545800,0,0
2012-04-09,60.3,60.3,59.9,60.03,45.9632,1344400,0,0
2012-04-10,59.95,59.95,59.51,59.73,45.7335,2406500,0,0
2012-04-11,60.19,60.46,60.02,60.19,46.0857,1150000,0,0
2012-04-12,60.1,61.39,60.1,61.29,46.9279,1298000,0,0
2012-04-13,61.21,61.5,60.81,60.81,46.5604,1226800,0,0
2012-04-16,61.08,61.4,60.83,61.04,46.7365,2860300,0,0
2012-04-17,61.3,62,61.01,61.77,47.2955,1080800,0,0
2012-04-18,61.9,62.29,61.61,61.92,47.4103,1251200,0,0
2012-04-19,61.74,61.85,60.88,61.02,46.7212,1178100,0,0
2012-04-20,61.14,61.91,61.14,61.81,47.3261,1468800,0,0
2012-04-23,61.4,61.8,60.96,61.58,47.15,1553800,0,0
2012-04-24,61.57,62.8,61.57,62.73,48.0305,2252100,0,0
2012-04-25,63.54,65.78,62.43,63.01,48.2449,2632500,0,0
2012-04-26,63.06,63.9,62.87,63.44,48.5741,2416300,0,0
2012-04-27,63.76,64.28,63.54,63.75,48.8115,2213300,0,0
2012-04-30,63.43,63.63,63.04,63.28,48.4516,1316800,0,0
2012-05-01,63.37,63.8,62.95,63.46,48.5895,1891900,0,0
2012-05-02,62.97,63.39,62.9,63.35,48.5052,1691900,0,0
2012-05-03,63.26,63.31,62.71,62.84,48.1147,1357900,0,0
2012-05-04,62.61,62.94,61.9,61.9,47.395,1251300,0,0
2012-05-07,61.7,61.93,61.48,61.78,47.3031,1508300,0,0
2012-05-08,61.39,61.46,60.91,61.37,46.9892,1845400,0,0
2012-05-09,60.9,61.3,60.47,60.68,46.4609,1762000,0,0
2012-05-10,61.02,61.24,60.58,60.7,46.4762,909700,0,0
2012-05-11,60.4,60.59,59.72,59.91,45.8713,2389700,0,0
2012-05-14,59.54,60.41,59.25,60.11,46.0244,1847900,0,0
2012-05-15,59.98,60.14,59.72,59.8,45.7871,2039800,0,0
2012-05-16,60.17,60.32,59.57,59.57,45.611,1517300,0,0
2012-05-17,59.55,59.83,58.49,58.5,44.7917,1721500,0,0
2012-05-18,58.75,58.93,57.98,58.08,44.4701,1443700,0,0
2012-05-21,58.28,59.01,58.14,58.99,45.1669,1330300,0,0
2012-05-22,59.07,59.57,58.83,59.1,45.2511,1575900,0,0
2012-05-23,58.46,58.72,57.61,58.64,45.3207,1260100,0.55,0
2012-05-24,59.02,59.07,58.09,58.81,45.4521,1510000,0,0
2012-05-25,58.19,59.21,58.19,58.5,45.2125,1056900,0,0
2012-05-29,58.69,59.22,58.69,58.98,45.5834,1170400,0,0
2012-05-30,58.54,59.31,58.53,58.85,45.483,1370000,0,0
2012-05-31,58.89,59.25,58.64,58.75,45.4057,2075400,0,0
2012-06-01,58.15,58.2,57.42,57.42,44.3778,1496100,0,0
2012-06-04,57.5,57.79,56.9,57.11,44.1382,1706400,0,0
2012-06-05,56.94,57.41,56.59,57.29,44.2773,1281600,0,0
2012-06-06,57.6,58.62,57.32,58.59,45.282,4115500,0,0
2012-06-07,59.2,59.92,59.17,59.35,45.8694,1491900,0,0
2012-06-08,59.13,59.77,59.01,59.77,46.194,1304200,0,0
2012-06-11,60.12,60.33,59.22,59.28,45.8153,1154000,0,0
2012-06-12,59.58,60,59.32,59.93,46.3177,1685600,0,0
2012-06-13,59.75,60.26,59.48,59.75,46.1786,1918400,0,0
2012-06-14,59.89,61.07,59.59,60.53,46.7814,2198400,0,0
2012-06-15,60.93,61.2,60.65,61.18,47.2838,1734200,0,0
2012-06-18,60.9,61.74,60.82,61.52,47.5465,975000,0,0
2012-06-19,61.85,62.57,61.65,62.24,48.103,1385600,0,0
2012-06-20,62.25,62.55,61.83,62.29,48.1416,1934400,0,0
2012-06-21,62.28,62.53,61.78,61.84,47.7938,1668900,0,0
2012-06-22,62.18,62.33,61.67,62.11,48.0025,1539400,0,0
2012-06-25,62.07,62.07,61.27,61.48,47.5156,1573400,0,0
2012-06-26,61.69,61.71,60.79,61.08,47.2065,1550200,0,0
2012-06-27,60.74,62.43,60.74,62.13,48.018,1279000,0,0
2012-06-28,61.67,61.81,61.19,61.73,47.7088,1354300,0,0
2012-06-29,62.36,63.8,62.36,63.79,49.3009,1706800,0,0
2012-07-02,63.85,64.05,63.15,63.54,49.1077,1299800,0,0
2012-07-03,63.6,64.18,63.47,63.94,49.4168,654000,0,0
2012-07-05,63.78,64.13,63.65,63.93,49.4091,923800,0,0
2012-07-06,63.44,63.56,63,63.47,49.0536,902200,0,0
2012-07-09,63.48,63.71,63.13,63.61,49.1618,840400,0,0
2012-07-10,63.82,64.29,62.8,63.08,48.7522,1020100,0,0
2012-07-11,63.21,63.23,62.61,62.82,48.5513,1219100,0,0
2012-07-12,62.49,62.72,61.86,62.16,48.0411,1030300,0,0
2012-07-13,62.52,63.79,62.37,63.79,49.3009,1138300,0,0
2012-07-16,63.53,63.76,63.05,63.49,49.0691,885600,0,0
2012-07-17,63.57,64.3,62.97,64.13,49.5637,989500,0,0
2012-07-18,63.9,65.19,63.9,65.12,50.3288,1031100,0,0
2012-07-19,64.88,65.35,64.5,65.12,50.3288,1141000,0,0
2012-07-20,64.46,65.34,64.42,64.76,50.0506,957800,0,0
2012-07-23,64.04,64.27,63.67,63.76,49.2777,1856700,0,0
2012-07-24,63.48,64.32,62.93,64.18,49.6023,2366300,0,0
2012-07-25,64.3,64.38,63.23,63.91,49.3937,2344900,0,0
2012-07-26,65.16,65.47,64.19,64.8,50.0815,2887800,0,0
2012-07-27,65.09,66.04,64.68,65.8,50.8544,2370200,0,0
2012-07-30,65.65,66.8,65.11,66.76,51.5963,2525800,0,0
2012-07-31,66.49,66.68,66.1,66.2,51.1635,2090700,0,0
2012-08-01,66.39,66.69,65.79,65.84,50.8853,1633600,0,0
2012-08-02,65.63,65.95,64.73,65.61,50.7075,1513800,0,0
2012-08-03,66.76,66.84,66.3,66.37,51.2949,1475900,0,0
2012-08-06,66.69,66.72,66.1,66.31,51.2486,1257400,0,0
2012-08-07,66.67,67.33,66.46,67.2,51.9364,1358300,0,0
2012-08-08,66.99,68.02,66.75,67.85,52.4387,1798600,0,0
2012-08-09,67.6,68.55,67.51,68.4,52.8638,1736800,0,0
2012-08-10,68.18,68.54,67.95,68.5,52.9411,973200,0,0
2012-08-13,68.33,68.76,67.73,68.67,53.0725,1408000,0,0
2012-08-14,69.01,69.02,68.23,68.36,52.8329,849300,0,0
2012-08-15,68.05,68.45,67.85,68.28,52.7711,887900,0,0
2012-08-16,68.28,68.89,68.24,68.79,53.1652,1033000,0,0
2012-08-17,68.92,69.37,68.71,69.32,53.5748,1230800,0,0
2012-08-20,69.38,69.88,69.28,69.75,53.9072,1463100,0,0
2012-08-21,69.86,70.2,69.38,69.52,53.7294,1935600,0,0
2012-08-22,69.31,69.49,68.17,68.34,52.8175,2171800,0,0
2012-08-23,67.42,67.65,66.66,66.92,52.1396,2277100,0.55,0
2012-08-24,66.82,67.5,66.63,67.4,52.5136,1758800,0,0
2012-08-27,67.54,67.77,67.07,67.11,52.2877,1319000,0,0
2012-08-28,66.94,67.04,66.21,66.91,52.1318,2142000,0,0
2012-08-29,67.17,67.49,67,67.25,52.3967,1416300,0,0
2012-08-30,66.95,67.16,66.53,66.56,51.8591,1242700,0,0
2012-08-31,66.95,67.46,66.53,66.89,52.1162,1060800,0,0
2012-09-04,66.89,67.07,66.03,66.75,52.0072,1159700,0,0
2012-09-05,66.71,67.04,66.18,66.52,51.8279,1650900,0,0
2012-09-06,67.07,68.12,66.98,67.69,52.7395,1599300,0,0
2012-09-07,67.7,67.77,67.13,67.37,52.4902,1295400,0,0
2012-09-10,67.4,67.41,66.87,67.05,52.2409,1546200,0,0
2012-09-11,67.16,67.53,66.94,67.42,52.5292,1099500,0,0
2012-09-12,67.77,68.27,67.57,67.93,52.9265,1319700,0,0
2012-09-13,66.77,67.29,65.45,67.01,52.2097,3055300,0,0
2012-09-14,66.91,67.23,65.9,66.33,51.6799,2382600,0,0
2012-09-17,66.15,66.7,66.01,66.48,51.7968,1856900,0,0
2012-09-18,66.39,66.89,66.06,66.89,52.1162,1615000,0,0
2012-09-19,66.89,67.06,66.14,66.9,52.124,1926300,0,0
2012-09-20,66.67,67,66.27,66.94,52.1552,1455100,0,0
2012-09-21,66.9,67.26,66.8,66.89,52.1162,2174500,0,0
2012-09-24,66.5,66.81,65.75,66.56,51.8591,1382900,0,0
2012-09-25,66.74,66.79,65.66,65.79,51.2592,1541900,0,0
2012-09-26,65.84,66.49,65.82,66.19,51.5708,1441300,0,0
2012-09-27,66.56,66.7,65.97,66.47,51.789,942900,0,0
2012-09-28,66.2,66.65,65.58,66.43,51.7578,1107700,0,0
2012-10-01,66.6,67.96,66.4,67.58,52.6538,1987100,0,0
2012-10-02,67.8,67.91,67.06,67.86,52.872,1516700,0,0
2012-10-03,67.95,68.25,67.62,68.08,53.0434,1594400,0,0
2012-10-04,68.3,68.93,68.19,68.79,53.5966,2454100,0,0
2012-10-05,69.23,69.8,68.99,69.41,54.0797,1622700,0,0
2012-10-08,69.24,69.56,68.96,69.09,53.8303,1348300,0,0
2012-10-09,69.11,69.56,68.69,69,53.7602,1268700,0,0
2012-10-10,69.01,69.01,68.06,68.21,53.1447,1378200,0,0
2012-10-11,68.68,69.23,68.57,68.64,53.4797,770700,0,0
2012-10-12,68.72,69.39,68.49,68.82,53.6199,924800,0,0
2012-10-15,68.81,69.54,68.81,69.46,54.1186,883800,0,0
2012-10-16,69.63,70.58,69.61,70.36,54.8198,1101100,0,0
2012-10-17,70.49,70.79,70.1,70.6,55.0068,1028100,0,0
2012-10-18,70.49,71.25,70.32,71.13,55.4198,822800,0,0
2012-10-19,70.65,70.73,69.91,70.27,54.7497,1285500,0,0
2012-10-22,70.26,70.43,69.61,70.2,54.6952,966200,0,0
2012-10-23,69.71,69.99,68.94,69.66,54.2744,1189000,0,0
2012-10-24,70.26,70.99,68.88,69.33,54.0173,1810500,0,0
2012-10-25,70,70.26,68.42,69.04,53.7914,1448800,0,0
2012-10-26,69.05,69.69,67.93,68.02,52.9966,2450500,0,0
2012-10-31,68.32,69.82,67.88,68.69,53.5187,1956200,0,0
2012-11-01,68.83,69.65,68.35,68.92,53.6979,1709100,0,0
2012-11-02,69.32,69.71,68.91,68.98,53.7446,1463400,0,0
2012-11-05,68.58,69.14,68.1,68.96,53.729,1243500,0,0
2012-11-06,69.02,70.84,68.93,69.88,54.4458,2647600,0,0
2012-11-07,68.96,68.96,65.55,66.7,51.9682,3622100,0,0
2012-11-08,66.49,66.83,65.41,65.42,50.9709,2510100,0,0
2012-11-09,65.29,66.18,64.65,65.6,51.1111,2043300,0,0
2012-11-12,65.6,65.96,64.64,65.4,50.9553,1686200,0,0
2012-11-13,65.14,65.93,64.98,65.37,50.9319,1668100,0,0
2012-11-14,65.29,65.69,63.41,63.59,49.5451,1639000,0,0
2012-11-15,63.47,63.71,63.08,63.23,49.2646,2139600,0,0
2012-11-16,63.52,63.88,62.8,63.57,49.5295,2587500,0,0
2012-11-19,64.22,64.73,64.02,64.72,50.4255,1450100,0,0
2012-11-20,64.64,65.16,64.31,65.08,50.706,1507800,0,0
2012-11-21,64.98,65.02,64.48,64.93,51.0203,1510500,0.55,0
2012-11-23,65.11,65.41,64.91,65.36,51.3582,766400,0,0
2012-11-26,65.04,65.35,64.71,64.99,51.0675,1760000,0,0
2012-11-27,65.03,65.93,64.85,65.33,51.3346,1569800,0,0
2012-11-28,65.17,66.13,64.82,66.06,51.9082,1317900,0,0
2012-11-29,66.24,66.82,66.01,66.65,52.3718,1331900,0,0
2012-11-30,67.29,67.29,66.43,66.7,52.4111,1882800,0,0
2012-12-03,66.92,67.03,65.77,65.79,51.6961,1384200,0,0
2012-12-04,65.78,66.78,65.5,66.65,52.3718,1892600,0,0
2012-12-05,66.58,67.15,65.83,66.76,52.4583,1778400,0,0
2012-12-06,66.69,67.27,66.28,67.27,52.859,1976200,0,0
2012-12-07,67.36,67.7,66.87,67.53,53.0633,1063600,0,0
2012-12-10,67.3,68.24,67.04,68.04,53.4641,1185500,0,0
2012-12-11,68.31,68.91,67.89,67.95,53.3933,1590900,0,0
2012-12-12,68.19,68.96,67.98,68.15,53.5505,1223800,0,0
2012-12-13,68.21,68.36,67.31,67.37,52.9376,1457900,0,0
2012-12-14,67.18,67.36,66.39,66.8,52.4897,1545500,0,0
2012-12-17,67.04,67.61,66.74,67.13,52.749,1873200,0,0
2012-12-18,67.13,68.54,67.13,68.51,53.8334,1604200,0,0
2012-12-19,68.43,69.17,68.04,68.7,53.9827,1156900,0,0
2012-12-20,68.5,69.11,68.44,69,54.2184,1355600,0,0
2012-12-21,68.08,68.91,68.08,68.63,53.9277,2574500,0,0
2012-12-24,68.39,68.93,68.15,68.69,53.9748,988400,0,0
2012-12-26,68.7,68.98,67.93,68.02,53.4484,1159500,0,0
2012-12-27,68.09,68.31,67.04,67.74,53.2283,1285700,0,0
2012-12-28,67.19,67.7,66.69,66.76,52.4583,1318600,0,0
2012-12-31,66.51,67.71,65.87,67.58,53.1026,1682200,0,0
2013-01-02,68.79,68.98,67.54,68.17,53.5662,2154000,0,0
2013-01-03,68.33,68.71,67.84,67.94,53.3855,1855400,0,0
2013-01-04,68.23,68.79,67.78,68.76,54.0298,1292700,0,0
2013-01-07,69.09,69.61,68.04,68.67,53.9591,1547000,0,0
2013-01-08,68.02,68.64,66.99,67.34,52.914,1739400,0,0
2013-01-09,67.41,67.8,67.01,67.04,52.6783,1897300,0,0
2013-01-10,67.39,67.64,67.14,67.4,52.9612,1842600,0,0
2013-01-11,67.43,67.6,66.85,67.07,52.7019,2112400,0,0
2013-01-14,67.1,67.62,66.8,67.22,52.8197,1251100,0,0
2013-01-15,66.83,67.65,66.76,67.48,53.024,1756500,0,0
2013-01-16,67.07,67.15,66.6,66.85,52.529,1748700,0,0
2013-01-17,66.95,67.52,66.76,67.14,52.7569,2153500,0,0
2013-01-18,67.39,67.61,66.77,67.49,53.0319,1868200,0,0
2013-01-22,67.46,68.59,67.35,68.35,53.7077,2044700,0,0
2013-01-23,67.43,68.87,67,68.71,53.9905,2218200,0,0
2013-01-24,68.79,68.9,68.09,68.23,53.6134,1862500,0,0
2013-01-25,68.35,68.35,67.6,67.74,53.2283,1736000,0,0
2013-01-28,67.89,67.89,66.26,66.57,52.309,2469000,0,0
2013-01-29,66.68,67.28,66.29,66.77,52.4661,2858700,0,0
2013-01-30,66.53,67.25,66.12,66.34,52.1282,2919900,0,0
2013-01-31,66,66.14,64.95,65.04,51.1067,3073700,0,0
2013-02-01,65.28,65.53,64.8,65.13,51.1775,2726800,0,0
2013-02-04,64.68,65.21,64.35,64.38,50.5881,1820900,0,0
2013-02-05,64.88,65.49,64.5,64.88,50.981,2444900,0,0
2013-02-06,64.77,65.31,64.66,65.2,51.2325,2688100,0,0
2013-02-07,65.27,65.86,65.13,65.69,51.6175,2630400,0,0
2013-02-08,65.62,66.14,65.62,66.09,51.9318,1582800,0,0
2013-02-11,65.96,66.25,65.78,66.12,51.9554,1446700,0,0
2013-02-12,66.34,66.56,65.91,66.34,52.1282,993300,0,0
2013-02-13,66.46,66.75,65.54,65.76,51.6725,1461000,0,0
2013-02-14,65.42,66.24,65.27,65.8,51.7039,1840100,0,0
2013-02-15,65.5,65.74,65.4,65.63,51.5704,1639900,0,0
2013-02-19,65.75,66.29,65.65,66.2,52.0182,1951000,0,0
2013-02-20,66.14,66.95,66.01,66.04,51.8925,1705500,0,0
2013-02-21,65.96,65.96,65.13,65.37,51.3661,1437900,0,0
2013-02-22,65.46,66.32,65.44,65.97,51.8375,1504100,0,0
2013-02-25,66.21,66.67,64.75,64.75,50.8789,1536800,0,0
2013-02-26,65.06,65.2,64.45,65.06,51.1225,1326100,0,0
2013-02-27,64.93,66.31,64.82,65.97,51.8375,1712900,0,0
2013-02-28,65.76,66.17,65.44,65.68,52.0435,2081800,0.55,0
2013-03-01,65.39,65.88,64.67,65.52,51.9167,2170500,0,0
2013-03-04,65.29,65.41,64.2,64.38,51.0134,1998800,0,0
2013-03-05,64.71,65.23,64.5,64.91,51.4334,1965000,0,0
2013-03-06,64.96,65.32,64.64,64.96,51.473,2132000,0,0
2013-03-07,65.13,65.7,65.02,65.27,51.7186,1818700,0,0
2013-03-08,65.5,66.02,65.5,65.96,52.2654,1760900,0,0
2013-03-11,65.95,66.26,65.9,66.12,52.3922,2002000,0,0
2013-03-12,66.16,66.41,65.95,66.23,52.4794,1070100,0,0
2013-03-13,66.29,67.42,66.18,67.18,53.2321,1939600,0,0
2013-03-14,67.35,67.74,67.09,67.54,53.5174,1557800,0,0
2013-03-15,67.32,68.83,67.23,68.8,54.5158,4383000,0,0
2013-03-18,68.22,68.97,68.15,68.43,54.2226,1705700,0,0
2013-03-19,68.65,68.72,67.95,68.44,54.2305,1249400,0,0
2013-03-20,68.75,68.99,68.51,68.64,54.389,1183300,0,0
2013-03-21,68.27,68.75,67.73,68,53.8819,994900,0,0
2013-03-22,68.14,68.44,67.85,68.05,53.9215,825500,0,0
2013-03-25,68.28,68.53,67.77,67.91,53.8105,1321600,0,0
2013-03-26,68.28,69.36,68.28,69.29,54.904,1844800,0,0
2013-03-27,68.94,70,68.54,69.9,55.3874,2038900,0,0
2013-03-28,69.87,70.21,69.46,70.15,55.5855,1694500,0,0
2013-04-01,70.1,70.54,69.59,69.9,55.3874,2066000,0,0
2013-04-02,70.19,70.21,69.13,69.4,54.9912,1287000,0,0
2013-04-03,69.51,70.54,69.41,70.18,55.6092,2386200,0,0
2013-04-04,70.29,71.17,70.13,71.07,56.3145,2528200,0,0
2013-04-05,70.43,71.77,70.33,71.56,56.7027,3383000,0,0
2013-04-08,71.75,71.88,71.18,71.72,56.8295,1583000,0,0
2013-04-09,71.86,71.89,71.27,71.56,56.7027,1404600,0,0
2013-04-10,71.75,72.27,71.65,71.77,56.8691,2016700,0,0
2013-04-11,72.04,72.67,71.9,72.45,57.4079,1641000,0,0
2013-04-12,72.03,72.18,71.49,72.11,57.1385,1038600,0,0
2013-04-15,71.85,71.86,70.54,70.83,56.1243,1658900,0,0
2013-04-16,71.32,71.61,70.74,71.29,56.4888,1216400,0,0
2013-04-17,70.93,71.13,69.54,70.12,55.5617,2427800,0,0
2013-04-18,70.12,70.2,69.23,69.87,55.3636,1559800,0,0
2013-04-19,69.94,71.04,69.92,70.98,56.2431,2180600,0,0
2013-04-22,70.98,71.13,70.3,70.78,56.0847,1032800,0,0
2013-04-23,71.17,71.8,70.66,71.49,56.6472,1085500,0,0
2013-04-24,71.83,73.86,71.08,73.77,58.4539,2780600,0,0
2013-04-25,73.82,74.97,72.86,74.49,59.0244,2153900,0,0
2013-04-26,74.56,74.78,74.19,74.24,58.8263,1283800,0,0
2013-04-29,74.48,74.98,74.04,74.96,59.3968,1178500,0,0
2013-04-30,74.85,75.78,74.85,75.74,60.0149,1759700,0,0
2013-05-01,75.45,76.48,75.32,75.65,59.9436,1853300,0,0
2013-05-02,75.65,76.55,75.46,76.31,60.4665,1549800,0,0
2013-05-03,76.69,77,76.37,76.84,60.8865,1426400,0,0
2013-05-06,77.02,77.79,76.93,77.06,61.0608,1669800,0,0
2013-05-07,77.03,77.31,76.91,77.21,61.1797,1652100,0,0
2013-05-08,77.25,77.82,77.08,77.8,61.6472,1026300,0,0
2013-05-09,77.75,78.16,77.5,77.66,61.5363,1236200,0,0
2013-05-10,77.69,78.07,77.27,77.93,61.7502,852600,0,0
2013-05-13,77.72,78.1,77.35,77.56,61.457,817200,0,0
2013-05-14,77.78,79.02,77.73,78.96,62.5663,944500,0,0
2013-05-15,78.53,79.48,78.07,79.43,62.9388,977800,0,0
2013-05-16,79.4,79.6,78.81,79.02,62.6139,1391400,0,0
2013-05-17,80.24,83.28,80.24,82.19,65.1257,5861300,0,0
2013-05-20,82.22,82.61,81.49,81.61,64.6662,3576600,0,0
2013-05-21,81.58,82.45,81.17,81.46,64.5473,3738300,0,0
2013-05-22,81.5,81.78,80.77,80.86,64.0719,3381300,0,0
2013-05-23,79.78,81,79.59,80.64,64.3832,1271000,0.61,0
2013-05-24,80.3,81.53,80.12,81.26,64.8783,1092600,0,0
2013-05-28,81.65,82.49,81.65,82.1,65.5489,1252500,0,0
2013-05-29,81.54,82.38,81.03,81.87,65.3653,1468400,0,0
2013-05-30,82.69,83.99,82.69,83.49,66.6587,1778700,0,0
2013-05-31,83.18,84.06,82.39,82.39,65.7804,1784200,0,0
2013-06-03,82.48,83.13,81.79,83.04,66.2994,1468700,0,0
2013-06-04,82.86,83.27,82.15,82.42,65.8044,1300800,0,0
2013-06-05,82.13,83.06,81.36,81.45,65.0299,1198800,0,0
2013-06-06,81.48,82.41,80.92,82.25,65.6687,1802200,0,0
2013-06-07,82.55,84,82.55,83.88,66.9701,1417500,0,0
2013-06-10,84.17,84.3,83.48,83.75,66.8663,1498400,0,0
2013-06-11,83.08,83.73,82.85,82.97,66.2435,1340000,0,0
2013-06-12,83.51,83.57,82.5,82.61,65.9561,969200,0,0
2013-06-13,82.67,84.14,82.5,82.86,66.1557,1793400,0,0
2013-06-14,82.73,83.68,82.6,82.88,66.1717,1006000,0,0
2013-06-17,83.28,84.3,83.26,83.67,66.8024,1000500,0,0
2013-06-18,83.79,84.34,83.27,83.93,67.01,1229000,0,0
2013-06-19,83.86,84.32,82.97,82.98,66.2515,1171200,0,0
2013-06-20,82.3,83.16,81.95,81.97,65.4451,1455400,0,0
2013-06-21,82.56,82.77,81.84,81.85,65.3493,2789600,0,0
2013-06-24,81.42,81.8,80.68,81.07,64.7266,1488400,0,0
2013-06-25,81.67,81.73,80.64,80.71,64.4392,1563800,0,0
2013-06-26,81.5,82.12,81.34,81.84,65.3413,1519400,0,0
2013-06-27,82.45,83.45,82.37,83.21,66.4351,951900,0,0
2013-06-28,83,83.57,82.56,82.8,66.1078,1135200,0,0
2013-07-01,82.78,84,82.51,83.35,66.5469,909000,0,0
2013-07-02,83.08,83.24,81.8,82.17,65.6048,1168500,0,0
2013-07-03,81.99,83.2,81.74,82.93,66.2116,711900,0,0
2013-07-05,83.18,83.97,83.03,83.95,67.026,663800,0,0
2013-07-08,84.44,85.2,84.07,85.09,67.9361,1516100,0,0
2013-07-09,85.51,86,85,85.53,68.2874,1056300,0,0
2013-07-10,85.53,87.19,85.5,86.9,69.3812,1710000,0,0
2013-07-11,87.71,87.89,87.37,87.75,70.0599,1336500,0,0
2013-07-12,87.83,88.12,87.13,88.02,70.2755,1741600,0,0
2013-07-15,88.25,88.63,88.01,88.26,70.4671,1051400,0,0
2013-07-16,88.47,88.56,87.17,87.21,69.6288,1293500,0,0
2013-07-17,87.4,87.88,87.26,87.6,69.9402,1164800,0,0
2013-07-18,86.75,88.35,86.75,88.12,70.3553,1528600,0,0
2013-07-19,87.8,88.41,87.8,88.36,70.5469,1400800,0,0
2013-07-22,88.67,88.81,88.29,88.44,70.6108,936400,0,0
2013-07-23,89.01,89.3,88.23,88.76,70.8663,1718200,0,0
2013-07-24,90.86,92.99,89.37,90.3,72.0958,3091400,0,0
2013-07-25,90.31,90.57,89.73,90.41,72.1837,1388800,0,0
2013-07-26,90.04,90.56,89.73,90.56,72.3034,1609500,0,0
2013-07-29,90.22,91.54,90.21,91.39,72.9661,1610300,0,0
2013-07-30,91.77,92.52,90.42,90.94,72.6068,2086800,0,0
2013-07-31,90.9,92.82,90.8,92.06,73.501,2936900,0,0
2013-08-01,92.45,93.49,92.45,93.09,74.3234,2324700,0,0
2013-08-02,94.46,96.26,93.29,94.89,75.7605,5320900,0,0
2013-08-05,94.89,95.62,94.5,95.42,76.1836,1742800,0,0
2013-08-06,95.3,95.85,94.79,94.88,75.7525,1520600,0,0
2013-08-07,94.36,95.88,94.36,95.83,76.511,1380000,0,0
2013-08-08,96.09,96.42,95.55,95.61,76.3353,1539000,0,0
2013-08-09,95.6,95.9,95.04,95.49,76.2395,1509700,0,0
2013-08-12,95.41,95.67,94.89,94.93,75.7925,1148600,0,0
2013-08-13,95.29,95.58,94.43,95.26,76.0559,1685600,0,0
2013-08-14,95.21,95.42,94.69,94.87,75.7445,1333400,0,0
2013-08-15,93.98,94.84,93.45,93.79,74.8822,1595100,0,0
2013-08-16,93.57,94.64,93.45,94.02,75.0659,1587900,0,0
2013-08-19,93.88,94.98,93.72,93.74,74.8423,1476400,0,0
2013-08-20,93.79,94.47,93.69,93.74,74.8423,1668500,0,0
2013-08-21,93.57,94.67,93.52,94,75.0499,1282000,0,0
2013-08-22,94.3,94.86,93.9,94.03,75.0739,1021800,0,0
2013-08-23,94.02,94.69,93.85,94.57,75.505,1608500,0,0
2013-08-26,94.81,95.15,94.26,94.55,75.489,1038100,0,0
2013-08-27,94.4,95.02,92.83,92.93,74.1956,1274800,0,0
2013-08-28,93.07,93.54,92.6,92.95,74.2116,1327900,0,0
2013-08-29,92.47,93.49,91.99,93.06,74.7902,891100,0.61,0
2013-08-30,93.17,93.35,91.97,92.27,74.1553,1011000,0,0
2013-09-03,93.43,93.95,92.89,93.14,74.8545,1229000,0,0
2013-09-04,92.95,94.29,92.95,93.56,75.1921,1307100,0,0
2013-09-05,93.61,93.73,93.26,93.56,75.1921,1111500,0,0
2013-09-06,93.71,93.83,92.32,93.12,74.8385,1033600,0,0
2013-09-09,93.35,93.83,93.35,93.51,75.1519,1009400,0,0
2013-09-10,93.47,94.72,93.24,94.45,75.9073,1378500,0,0
2013-09-11,94.56,95.11,94.5,95.11,76.4378,1425200,0,0
2013-09-12,95.04,96.08,95.04,95.74,76.9441,1059900,0,0
2013-09-13,96.05,96.27,95.25,96.19,77.3057,889200,0,0
2013-09-16,97.04,98,96.62,97.79,78.5916,957800,0,0
2013-09-17,97.72,98.83,97.6,98.75,79.3632,874200,0,0
2013-09-18,98.72,99.05,97.44,98.59,79.2346,1303700,0,0
2013-09-19,98.61,99.1,98.02,98.05,78.8006,910500,0,0
2013-09-20,98.29,98.3,96.09,96.3,77.3941,2412400,0,0
2013-09-23,96.3,96.73,95.4,95.86,77.0406,1470700,0,0
2013-09-24,96.04,96.46,95.76,95.95,77.1129,1249100,0,0
2013-09-25,96.04,96.12,95.47,95.73,76.9361,1052800,0,0
2013-09-26,95.69,96.45,95.56,96.37,77.4504,827300,0,0
2013-09-27,96.11,96.49,95.64,96.25,77.354,770000,0,0
2013-09-30,95.45,95.76,95.15,95.26,76.5583,1159700,0,0
2013-10-01,95.19,96.19,95,96.14,77.2655,890000,0,0
2013-10-02,95.84,95.9,94.38,95.18,76.494,1436700,0,0
2013-10-03,95.09,95.09,92.61,93.08,74.8063,1579200,0,0
2013-10-04,93.09,93.53,92.51,93.32,74.9992,1218700,0,0
2013-10-07,92.92,95.56,92.82,94.98,76.3333,1828200,0,0
2013-10-08,94.8,95,93.69,94.09,75.618,1450300,0,0
2013-10-09,94.1,94.64,93.33,94.1,75.626,1290200,0,0
2013-10-10,94.85,97.11,94.82,97.1,78.0371,1169600,0,0
2013-10-11,97.15,98.41,97.06,98.36,79.0497,963700,0,0
2013-10-14,97.7,99.03,97.16,98.81,79.4114,764500,0,0
2013-10-15,98.83,98.91,97.15,97.35,78.238,1128400,0,0
2013-10-16,98.02,98.72,97.83,98.68,79.3069,1007800,0,0
2013-10-17,98.51,100.73,98.13,100.73,80.9544,1246700,0,0
2013-10-18,100.88,101.6,100.45,101.59,81.6456,1123800,0,0
2013-10-21,101.74,101.8,99.89,100.2,80.5285,1098300,0,0
2013-10-22,100.66,101.9,100.63,101.46,81.5411,1017500,0,0
2013-10-23,102.5,105.71,102.25,105.56,84.8362,1957200,0,0
2013-10-24,105.96,108.01,105.69,107.48,86.3793,1769700,0,0
2013-10-25,107.28,108.78,106.88,108.37,87.0945,1503600,0,0
2013-10-28,108.09,108.33,107.63,107.86,86.6847,1049800,0,0
2013-10-29,107.89,108.4,106.93,108.31,87.0463,1201200,0,0
2013-10-30,108.55,108.86,107.2,107.6,86.4757,1074000,0,0
2013-10-31,107.74,108.69,107.28,107.51,86.4034,1857900,0,0
2013-11-01,107.57,109.41,107.53,108.12,86.8936,1947400,0,0
2013-11-04,108.45,109.25,108.36,108.65,87.3196,1126100,0,0
2013-11-05,108.49,109.65,108.21,109.12,87.6973,788200,0,0
2013-11-06,109.33,109.89,108.61,109.62,88.0991,773000,0,0
2013-11-07,109.68,110.47,108.58,108.67,87.3356,1088800,0,0
2013-11-08,108.73,110.76,108.61,110.73,88.9912,829200,0,0
2013-11-11,110.23,110.29,109.61,110.17,88.5412,895600,0,0
2013-11-12,110,110.01,109,109.35,87.8822,919500,0,0
2013-11-13,109.01,109.32,106.67,109.31,87.85,1581000,0,0
2013-11-14,109.98,110.17,109.14,110.1,88.4849,1028500,0,0
2013-11-15,109.63,109.71,108.34,109.53,88.0268,1085400,0,0
2013-11-18,110.48,111.34,110.08,110.58,88.8707,1334900,0,0
2013-11-19,110.76,111.14,109.86,110.25,88.6055,1078700,0,0
2013-11-20,110.16,110.66,109.48,109.78,88.2277,890000,0,0
2013-11-21,110.35,111.05,110.21,110.77,89.0234,1584500,0,0
2013-11-22,110.39,112.25,110.34,112.01,90.0199,1228100,0,0
2013-11-25,112.12,112.53,110.97,111.65,89.7306,1998400,0,0
2013-11-26,111.65,112.4,111.65,111.97,89.9878,2032900,0,0
2013-11-27,111.86,114.33,111.66,113.95,92.0807,1634400,0.61,0
2013-11-29,113.98,114.48,112.5,112.68,91.0545,724900,0,0
2013-12-02,112.6,113.15,111.61,111.82,90.3595,906700,0,0
2013-12-03,111.97,113.24,111.51,112.52,90.9251,1697600,0,0
2013-12-04,111.99,112.76,109.66,110.49,89.2847,1799800,0,0
2013-12-05,110.08,111.17,109.43,109.54,88.5171,1239500,0,0
2013-12-06,110.07,110.35,109.24,110.26,89.0989,1916900,0,0
2013-12-09,110.18,110.35,109.16,109.94,88.8403,1312100,0,0
2013-12-10,109.85,110.54,109.56,110.13,88.9938,1074800,0,0
2013-12-11,110.29,110.5,107.22,107.52,86.8847,2031100,0,0
2013-12-12,107.65,108.32,107.21,108.03,87.2969,1881600,0,0
2013-12-13,108.16,109.24,107.79,108.92,88.0161,899400,0,0
2013-12-16,108.96,110,108.42,109.66,88.614,1333000,0,0
2013-12-17,109.82,110.14,109.34,109.57,88.5413,1194000,0,0
2013-12-18,109.93,111.52,108.47,111.48,90.0848,2067500,0,0
2013-12-19,111.45,111.85,110.17,110.55,89.3332,1374500,0,0
2013-12-20,110.66,113.05,110.31,112.26,90.7151,3552100,0,0
2013-12-23,113,113.26,112.04,112.53,90.9332,1140500,0,0
2013-12-24,112.56,114.3,112.56,114.22,92.2989,570600,0,0
2013-12-26,114.45,115.88,114.37,115.32,93.1878,981100,0,0
2013-12-27,115.52,116.19,114.12,114.7,92.6868,905300,0,0
2013-12-30,114.72,115.07,113.52,113.93,92.0645,725900,0,0
2013-12-31,114.25,114.78,113.85,114.61,92.614,965800,0,0
2014-01-02,114.18,114.49,112.76,113.23,91.4989,1083600,0,0
2014-01-03,113.23,114.46,113.23,113.58,91.7817,1278900,0,0
2014-01-06,114.01,115.09,113.43,113.8,91.9595,1277200,0,0
2014-01-07,113.81,114.92,113.15,114.51,92.5332,1666600,0,0
2014-01-08,114.23,115.33,113.65,115.19,93.0827,1282400,0,0
2014-01-09,115.5,116.27,115.25,115.63,93.4383,1931200,0,0
2014-01-10,115.99,116.57,115.02,116.37,94.0363,1502400,0,0
2014-01-13,116.44,117.53,115.28,115.63,93.4383,1201700,0,0
2014-01-14,116.31,117.16,115.18,117.11,94.6342,1378700,0,0
2014-01-15,117.14,118.46,117.01,117.88,95.2564,1094700,0,0
2014-01-16,117.93,118.55,117.46,118.29,95.5878,871600,0,0
2014-01-17,118.27,118.66,117.82,118.24,95.5474,889200,0,0
2014-01-21,119.06,120.44,118.51,119.19,96.315,990900,0,0
2014-01-22,119.8,120.43,118.86,120.32,97.2282,1215800,0,0
2014-01-23,119.4,120.68,117.45,117.5,94.9494,1427800,0,0
2014-01-24,116.68,116.71,113.43,113.45,91.6767,2166900,0,0
2014-01-27,113.45,113.92,111.47,112.7,91.0706,1687300,0,0
2014-01-28,113.44,113.59,111.66,112.01,90.513,2168900,0,0
2014-01-29,111.08,112.78,110.5,112.13,90.61,1682000,0,0
2014-01-30,123.65,123.65,112.04,113.25,91.515,2070100,0,0
2014-01-31,112.27,116.55,112.02,115.55,93.3736,2079600,0,0
2014-02-03,116.09,117.21,112.17,113.25,91.515,2657300,0,0
2014-02-04,111.01,111.99,109.17,110.8,89.5353,2732400,0,0
2014-02-05,110.13,112.05,109.7,111.4,90.0201,1657600,0,0
2014-02-06,111.72,112.79,111.46,112.28,90.7312,1150000,0,0
2014-02-07,113.08,115.99,112.94,114.97,92.905,1674500,0,0
2014-02-10,114.72,114.97,113.12,114.32,92.3797,1726200,0,0
2014-02-11,114.34,117.4,114.31,116.9,94.4645,1682700,0,0
2014-02-12,117.06,118.32,116.82,118.07,95.41,1499500,0,0
2014-02-13,117.04,119.3,117,118.86,96.0484,979500,0,0
2014-02-14,118.68,120.79,117.98,120.28,97.1958,1233600,0,0
2014-02-18,120.54,120.86,119.62,120.06,97.0181,1088100,0,0
2014-02-19,119.99,121.37,118.91,119.05,96.2019,1100300,0,0
2014-02-20,120.96,121.19,118.97,120.61,97.4625,992800,0,0
2014-02-21,121.45,121.45,119.14,120.47,97.3494,1027200,0,0
2014-02-24,120.76,123.3,120.76,122.12,98.6827,1343800,0,0
2014-02-25,122,122.68,119.45,119.68,96.711,1588800,0,0
2014-02-26,120.05,120.69,118.67,118.72,95.9352,1574200,0,0
2014-02-27,118.51,120.07,118.1,120.02,97.4867,1374400,0.61,0
2014-02-28,119.68,121.83,119.51,121.03,98.307,1394700,0,0
2014-03-03,119.74,121.79,119.69,121.02,98.2989,1293800,0,0
2014-03-04,123,124.53,122.94,124.25,100.922,1766500,0,0
2014-03-05,124.55,124.71,123.07,123.65,100.435,1118100,0,0
2014-03-06,123.66,124.19,123.14,123.69,100.468,1187100,0,0
2014-03-07,124.22,125.37,123.85,124.3,100.963,1206700,0,0
2014-03-10,123.58,123.85,122.07,122.72,99.6797,1230500,0,0
2014-03-11,122.94,123.1,121.55,121.77,98.9081,915100,0,0
2014-03-12,121.29,122.63,120.44,122.42,99.4361,1051200,0,0
2014-03-13,122.56,124.15,120.75,120.94,98.2339,1462800,0,0
2014-03-14,120.9,122.57,120.7,121.44,98.64,1401600,0,0
2014-03-17,121.78,122.66,121.11,122.51,99.5092,1359800,0,0
2014-03-18,122.97,124.06,122.9,123.99,100.711,928000,0,0
2014-03-19,124.34,125.36,122.12,122.88,99.8097,1674500,0,0
2014-03-20,122.74,123.6,122.12,122.34,99.3711,1162600,0,0
2014-03-21,123.4,123.55,121.45,121.88,98.9975,3311500,0,0
2014-03-24,122.06,122.37,119.92,121.02,98.2989,1173300,0,0
2014-03-25,121.81,122.41,121.31,122.13,99.2005,1053200,0,0
2014-03-26,122.34,123.48,121.64,121.66,98.8187,1089400,0,0
2014-03-27,121.14,121.27,119.68,119.94,97.4217,1456100,0,0
2014-03-28,120.49,122.59,120.42,121.81,98.9406,946300,0,0
2014-03-31,122.61,123.79,122.6,123.38,100.216,1007100,0,0
2014-04-01,123.16,124,122.75,123.95,100.679,1408700,0,0
2014-04-02,123.86,125.53,123.55,124.59,101.199,1417100,0,0
2014-04-03,124.91,125.13,124.2,125.02,101.548,712200,0,0
2014-04-04,125.55,126,120.47,120.69,98.0309,2437000,0,0
2014-04-07,120.57,121.62,119.24,119.29,96.8937,1354800,0,0
2014-04-08,119.2,119.65,117.64,118.87,96.5526,1184500,0,0
2014-04-09,119.4,120.39,118.59,120.32,97.7303,1380600,0,0
2014-04-10,120.38,120.64,117.11,117.16,95.1636,1203200,0,0
2014-04-11,117.07,118.35,116.62,116.67,94.7656,1359900,0,0
2014-04-14,117.77,118.74,116.83,118,95.8459,1075600,0,0
2014-04-15,118.32,119.29,116.11,118.92,96.5932,1234100,0,0
2014-04-16,119.58,120.84,118.88,120.6,97.9578,1216000,0,0
2014-04-17,121.42,122.22,117.3,122,99.0949,881100,0,0
2014-04-21,122.07,122.55,121.55,122.21,99.2655,822800,0,0
2014-04-22,122.66,123.39,119.76,119.79,97.2998,1771700,0,0
2014-04-23,119.26,122.25,117.17,121.66,98.8187,1661400,0,0
2014-04-24,121.75,122,118.35,119.18,96.8043,1951300,0,0
2014-04-25,119.15,119.15,118.14,118.99,96.65,1731900,0,0
2014-04-28,119.49,119.78,117.78,119.11,96.7475,1449500,0,0
2014-04-29,119.53,120.83,119.08,120.46,97.844,1270700,0,0
2014-04-30,120.13,121.83,119.71,121.51,98.6969,1270500,0,0
2014-05-01,121.22,121.55,120.28,120.61,97.9659,1347900,0,0
2014-05-02,120.39,121.32,120,120.73,98.0634,811400,0,0
2014-05-05,120.38,121.44,120.02,120.95,98.2421,1063400,0,0
2014-05-06,120.45,120.81,119.54,119.62,97.1617,715300,0,0
2014-05-07,120.08,121.07,119.35,120.92,98.2177,899600,0,0
2014-05-08,121,121.92,120.68,121.23,98.4695,947200,0,0
2014-05-09,121,121.12,120.15,121.06,98.3314,691700,0,0
2014-05-12,121.41,122.7,121.37,122.44,99.4523,891300,0,0
2014-05-13,122.59,123.48,122.22,123.07,99.964,908500,0,0
2014-05-14,123.16,123.16,121.64,121.74,98.8837,631300,0,0
2014-05-15,121.68,121.78,119.07,119.19,96.8125,1079100,0,0
2014-05-16,119.21,119.47,118.3,118.88,96.5607,1473300,0,0
2014-05-19,119.24,119.79,118.37,119.68,97.2105,1093000,0,0
2014-05-20,119.05,119.58,117.5,117.68,95.586,991900,0,0
2014-05-21,117.89,118.99,117.89,118.26,96.0571,1177800,0,0
2014-05-22,118.27,118.89,118.01,118.5,96.252,768800,0,0
2014-05-23,118.82,120.11,118.47,120.02,97.4867,968400,0,0
2014-05-27,119.95,120.33,119.21,120.17,97.6085,948000,0,0
2014-05-28,120.43,121.6,119.9,120.27,97.6897,1385100,0,0
2014-05-29,119.65,120.31,119.22,120.2,98.2044,1369500,0.7,0
2014-05-30,119.85,121.8,119.69,121.55,99.3074,1163100,0,0
2014-06-02,121.32,122.28,120.62,121.96,99.6423,946800,0,0
2014-06-03,121.15,122.1,120.48,121.49,99.2584,1758500,0,0
2014-06-04,121.5,122.38,120.92,122.26,99.8875,1242300,0,0
2014-06-05,122.2,123.83,122.01,123.68,101.048,1226300,0,0
2014-06-06,123.9,124.56,123.63,124,101.309,995200,0,0
2014-06-09,123.75,124.92,123.28,124.46,101.685,924100,0,0
2014-06-10,124.01,124.03,123.03,123.75,101.105,944700,0,0
2014-06-11,122.97,123.46,122.2,122.24,99.8711,973500,0,0
2014-06-12,121.74,122,119.3,119.53,97.6571,1554700,0,0
2014-06-13,119.96,121.42,119.65,120.8,98.6946,977500,0,0
2014-06-16,120.36,122.14,120.36,121.56,99.3156,1107600,0,0
2014-06-17,121.39,121.84,120.49,121.09,98.9315,747800,0,0
2014-06-18,121.01,121.68,120.16,121.44,99.2175,838100,0,0
2014-06-19,121.55,122.87,121.18,122.33,99.9447,994700,0,0
2014-06-20,123.12,124.11,122.65,123.45,100.86,1621000,0,0
2014-06-23,123.59,123.59,122.19,122.53,100.108,701100,0,0
2014-06-24,121.96,122.56,120.56,120.6,98.5312,792800,0,0
2014-06-25,120.52,120.98,120.16,120.7,98.6129,722600,0,0
2014-06-26,120.81,120.81,119.54,120.4,98.3678,615000,0,0
2014-06-27,120.18,120.74,119.93,120.67,98.5884,892400,0,0
2014-06-30,121.11,121.14,119.39,119.63,97.7387,938900,0,0
2014-07-01,119.33,121.25,118.29,120.43,98.3923,1257200,0,0
2014-07-02,120.01,120.81,119.54,119.74,97.8286,990200,0,0
2014-07-03,120.23,121.5,120.04,121.19,99.0133,542400,0,0
2014-07-07,121,121,119.89,120.11,98.1309,725000,0,0
2014-07-08,119.87,120.43,118.77,119.35,97.51,1078600,0,0
2014-07-09,119.79,120.2,119.17,119.8,97.8776,690700,0,0
2014-07-10,118.23,120.71,118.23,119.92,97.9757,804100,0,0
2014-07-11,120.21,121.9,119.6,121.67,99.4054,725800,0,0
2014-07-14,121.57,122.7,121.41,122.34,99.9528,926900,0,0
2014-07-15,122.69,123.82,122.44,123.15,100.615,1048800,0,0
2014-07-16,123.44,123.64,122.68,123.19,100.647,787600,0,0
2014-07-17,122.42,124,122.35,122.56,100.133,803000,0,0
2014-07-18,123,124.4,122.8,123.87,101.203,703000,0,0
2014-07-21,123.74,125.3,123.38,125.12,102.224,1276700,0,0
2014-07-22,125.52,127.01,125.21,126.53,103.376,1230300,0,0
2014-07-23,124.96,127.97,124.93,126.61,103.441,1088900,0,0
2014-07-24,127.01,128.29,126.01,127.92,104.512,1196100,0,0
2014-07-25,127.41,128.31,127.35,127.56,104.218,952200,0,0
2014-07-28,127.97,128.46,126.6,127.79,104.406,1262000,0,0
2014-07-29,127.56,127.97,126.21,126.37,103.245,1060600,0,0
2014-07-30,127.08,127.23,125.31,125.85,102.821,1027900,0,0
2014-07-31,124.91,125,123.03,123.27,100.713,1445600,0,0
2014-08-01,122.91,124.85,122.85,123.92,101.244,1030600,0,0
2014-08-04,123.53,123.97,122.22,123.36,100.786,1372000,0,0
2014-08-05,123.12,125.23,122.88,123.07,100.549,1230200,0,0
2014-08-06,122,122.2,120.58,120.98,98.8417,1212800,0,0
2014-08-07,121.8,122.36,119.97,120.3,98.2861,1302100,0,0
2014-08-08,120.75,122.96,120.54,122.86,100.378,1258900,0,0
2014-08-11,123.26,124.02,123.18,123.49,100.892,709100,0,0
2014-08-12,123.58,124.39,122.8,123.03,100.517,769700,0,0
2014-08-13,123.5,125.68,123.16,125.16,102.257,759700,0,0
2014-08-14,125.38,125.93,124.94,125.01,102.134,725300,0,0
2014-08-15,125.51,125.98,123.68,124.87,102.02,868100,0,0
2014-08-18,125.62,126.94,125.62,126.73,103.54,727400,0,0
2014-08-19,127.07,127.42,126.45,127.01,103.768,662800,0,0
2014-08-20,127.02,128.39,126.76,128.17,104.716,935200,0,0
2014-08-21,128.56,128.56,127.66,128.03,104.602,730700,0,0
2014-08-22,128.3,128.66,127.45,127.6,104.25,686000,0,0
2014-08-25,128.31,128.44,127.49,128.02,104.593,673000,0,0
2014-08-26,128.04,128.06,127.02,127.27,103.981,776600,0,0
2014-08-27,127.57,127.86,126.94,127.62,104.267,738000,0,0
2014-08-28,126.31,127.19,126.31,126.88,104.234,682600,0.7,0
2014-08-29,126.9,127.68,126.77,127.22,104.513,811800,0,0
2014-09-02,128.41,128.72,127.81,128.57,105.622,1027800,0,0
2014-09-03,129.1,129.1,127.61,127.93,105.096,862500,0,0
2014-09-04,128.41,128.63,127.03,127.22,104.513,1036500,0,0
2014-09-05,127.3,127.61,126.74,127.53,104.768,1002200,0,0
2014-09-08,127.53,128.36,127.5,127.55,104.784,1064100,0,0
2014-09-09,127.91,129.44,127.57,128.48,105.548,1160300,0,0
2014-09-10,128.36,130.32,128.34,129.99,106.789,1143100,0,0
2014-09-11,129.6,129.95,129.26,129.76,106.6,943400,0,0
2014-09-12,129.75,130.31,129.4,129.99,106.789,911400,0,0
2014-09-15,129.77,130.92,129.54,130.57,107.265,745400,0,0
2014-09-16,130.32,132.21,130.08,131.93,108.382,728300,0,0
2014-09-17,132.97,133.31,131.93,132.57,108.908,813600,0,0
2014-09-18,132.7,132.97,132.13,132.44,108.801,944800,0,0
2014-09-19,133.33,134.24,133.2,133.66,109.804,1821000,0,0
2014-09-22,132.99,133.66,131.85,131.9,108.358,1009500,0,0
2014-09-23,131.45,131.45,128.77,128.84,105.844,1175800,0,0
2014-09-24,128.64,130.23,128.41,129.99,106.789,1001200,0,0
2014-09-25,130.64,130.91,128.41,128.9,105.893,1042300,0,0
2014-09-26,130.35,132.35,129.91,131.93,108.382,985900,0,0
2014-09-29,131.24,132.85,130.6,131.98,108.423,1066100,0,0
2014-09-30,132.17,132.94,131.31,131.76,108.243,1390500,0,0
2014-10-01,130.61,130.86,127.76,128.02,105.17,1567200,0,0
2014-10-02,128.22,128.78,126.55,126.9,104.25,1349300,0,0
2014-10-03,127.68,129.07,127.62,128.47,105.54,1096300,0,0
2014-10-06,129.08,129.67,127.2,127.75,104.948,911400,0,0
2014-10-07,127.12,127.19,124.56,124.61,102.369,1028500,0,0
2014-10-08,124.55,126.48,123.43,126.36,103.807,1001200,0,0
2014-10-09,126.1,126.58,123.69,124.02,101.884,771700,0,0
2014-10-10,123.8,125.41,123.05,124.01,101.876,1198100,0,0
2014-10-13,124.2,125.22,121.38,121.47,99.7894,981500,0,0
2014-10-14,122.01,125.62,121.87,124.19,102.024,1155700,0,0
2014-10-15,122.27,123.56,118.24,121.29,99.6415,1965300,0,0
2014-10-16,119.31,122.53,118.57,121.6,99.8962,1163400,0,0
2014-10-17,122.51,124.97,122.51,124.44,102.229,1058300,0,0
2014-10-20,124.1,124.75,123.4,124.67,102.418,973300,0,0
2014-10-21,124.5,126.22,123.34,126.13,103.618,1456300,0,0
2014-10-22,127,128.61,124.58,125.11,102.78,1920100,0,0
2014-10-23,127.1,129.53,125.56,129.2,106.14,1864500,0,0
2014-10-24,129.17,130.89,128.54,130.79,107.446,1036400,0,0
2014-10-27,130.84,130.99,129.3,130.79,107.446,1311600,0,0
2014-10-28,132.1,134.26,131.54,134.2,110.247,1658900,0,0
2014-10-29,134.41,136.08,133.78,135.66,111.447,1750100,0,0
2014-10-30,134.65,137.78,133.75,137.29,112.786,1779500,0,0
2014-10-31,138.8,139.22,137.15,137.96,113.336,1500700,0,0
2014-11-03,137.79,137.89,136.21,136.96,112.515,1254100,0,0
2014-11-04,137.91,139.47,136.82,138.57,113.837,1325400,0,0
2014-11-05,139.26,139.46,137,137.84,113.238,1354300,0,0
2014-11-06,137.89,138.68,136.8,138.11,113.459,1208800,0,0
2014-11-07,138.13,138.15,135.39,136.11,111.816,1826900,0,0
2014-11-10,135.75,136.16,134.83,135.65,111.438,1089100,0,0
2014-11-11,135.88,137.67,135.81,136.85,112.424,615100,0,0
2014-11-12,136.17,136.83,135.37,136.02,111.742,787800,0,0
2014-11-13,136.14,138.06,136.14,137.2,112.712,969900,0,0
2014-11-14,136.3,137.28,135.79,136.07,111.783,1195200,0,0
2014-11-17,136.07,136.63,135.66,135.91,111.652,768800,0,0
2014-11-18,136.2,138.35,135.82,138.08,113.435,1201000,0,0
2014-11-19,137.33,137.83,136.54,137.54,112.991,993700,0,0
2014-11-20,136.81,138.69,136.49,138.45,113.739,763400,0,0
2014-11-21,140,140.59,138.81,139.13,114.297,1068800,0,0
2014-11-24,138.97,140.82,138.81,140.72,115.604,718300,0,0
2014-11-25,140.53,142.31,140.53,141.56,116.294,1176400,0,0
2014-11-26,140.86,141.65,140.66,141.45,116.781,801700,0.7,0
2014-11-28,141.5,142.51,140.72,140.93,116.351,880600,0,0
2014-12-01,140.72,141.14,138.68,138.76,114.56,1387000,0,0
2014-12-02,139.03,140.73,138.88,140.17,115.724,2133000,0,0
2014-12-03,140.56,141.94,140.32,140.97,116.384,1166600,0,0
2014-12-04,140.58,141.42,139.1,139.84,115.452,949000,0,0
2014-12-05,143.25,148.77,143.03,147.69,121.932,2145700,0,0
2014-12-08,147.69,148,145.87,146.57,121.008,2355000,0,0
2014-12-09,145.15,148.06,144.42,147.55,121.817,1307800,0,0
2014-12-10,147.21,147.45,144.19,144.32,119.15,1603300,0,0
2014-12-11,144.88,146.8,144.24,145.72,120.306,1145100,0,0
2014-12-12,144.68,144.68,141.53,141.56,116.872,1224400,0,0
2014-12-15,142.2,143.59,140.52,141.9,117.152,1237900,0,0
2014-12-16,141.25,146.18,141.21,143.79,118.713,1715200,0,0
2014-12-17,144.11,144.8,141.96,143.62,118.572,1526700,0,0
2014-12-18,145.33,148.59,145.3,148.55,122.642,1410600,0,0
2014-12-19,148.71,150.74,148.57,149.9,123.757,2309500,0,0
2014-12-22,150.34,153.01,150.24,152.24,125.689,1196000,0,0
2014-12-23,153.01,153.19,151.15,151.32,124.929,933000,0,0
2014-12-24,151.55,152.75,151.31,151.76,125.293,417600,0,0
2014-12-26,151.93,152.59,151.48,151.55,125.119,549400,0,0
2014-12-29,150.92,151.58,150.16,151.08,124.731,796000,0,0
2014-12-30,150.53,151.14,149.86,150.76,124.467,948400,0,0
2014-12-31,150.75,151.21,147.23,147.39,121.685,1600600,0,0
2015-01-02,148.29,149.16,144.54,146.46,120.917,2042000,0,0
2015-01-05,145.45,146.47,142.45,143.37,118.366,5765000,0,0
2015-01-06,143.46,146,141.58,144.16,119.018,3121100,0,0
2015-01-07,145.05,148.83,144.88,148.72,122.783,2369900,0,0
2015-01-08,149.84,153.14,149.81,152.17,125.631,3466300,0,0
2015-01-09,152.45,153.64,151.8,152.74,126.102,1891200,0,0
2015-01-12,152.79,153.59,150.79,151.97,125.466,1588700,0,0
2015-01-13,153.03,154.98,150.96,152,125.491,1487900,0,0
2015-01-14,150.71,152.47,149.05,152.11,125.582,1401800,0,0
2015-01-15,152.6,153.56,151.12,152.31,125.747,1453800,0,0
2015-01-16,152.21,153.5,151.39,153.33,126.589,1166700,0,0
2015-01-20,154.67,154.99,151.27,153.73,126.919,1095700,0,0
2015-01-21,152.81,155.18,152.43,154.24,127.34,1456000,0,0
2015-01-22,155,157.22,154.01,156.5,129.206,1128700,0,0
2015-01-23,156.4,157.3,155.65,156.19,128.95,995300,0,0
2015-01-26,156.35,156.41,154.4,155.54,128.413,1089300,0,0
2015-01-27,153.8,154.87,152.5,152.94,126.267,1444900,0,0
2015-01-28,154.19,155.5,152.04,152.16,125.623,2019800,0,0
2015-01-29,153.71,158.15,153.71,157.93,130.387,2239500,0,0
2015-01-30,156.31,159.2,155.94,156.95,129.578,2361900,0,0
2015-02-02,157.29,159.61,154.69,159.19,131.427,1464600,0,0
2015-02-03,158.48,161.72,157.7,160.48,132.492,2038100,0,0
2015-02-04,160.19,163.24,160.03,161.84,133.615,1627800,0,0
2015-02-05,163.27,164,161.92,163.03,134.597,1092800,0,0
2015-02-06,164.22,164.22,161.74,162.24,133.945,1053700,0,0
2015-02-09,161.78,164.29,161.06,162.97,134.548,1665500,0,0
2015-02-10,164.79,165.08,163.41,164.89,136.133,1265700,0,0
2015-02-11,164.41,167,164.26,166.29,137.289,1753800,0,0
2015-02-12,167.33,168.01,166.46,167.29,138.114,1245200,0,0
2015-02-13,167.4,167.6,166.11,167.14,137.99,969200,0,0
2015-02-17,166.59,168.11,166.16,167.6,138.37,1055900,0,0
2015-02-18,166,167.69,165.65,167.68,138.436,1179600,0,0
2015-02-19,167.8,170.19,167.5,170.13,140.459,1045300,0,0
2015-02-20,169.62,172.3,169.48,172.2,142.168,1364200,0,0
2015-02-23,171.72,172.26,170.35,170.52,140.781,1197200,0,0
2015-02-24,169.82,170.8,169.01,170.19,140.508,1192400,0,0
2015-02-25,170.31,170.49,167.36,168.65,139.237,1346200,0,0
2015-02-26,167.43,168.44,165.78,166.31,137.877,1284400,0.7,0
2015-02-27,166.06,167.56,165.6,165.71,137.38,1264200,0,0
2015-03-02,165.61,167.73,165.47,167.1,138.532,2353100,0,0
2015-03-03,165.84,166.55,162.74,163.63,135.655,2191200,0,0
2015-03-04,163.29,164.2,162.44,163.93,135.904,1226100,0,0
2015-03-05,163.76,164.64,162.84,163.28,135.365,1074000,0,0
2015-03-06,162.3,162.3,159.61,160.41,132.986,1781600,0,0
2015-03-09,159.87,161.95,159.74,161.27,133.699,1266100,0,0
2015-03-10,160.01,160.53,158.34,158.34,131.27,1362700,0,0
2015-03-11,159.06,159.74,157.96,158.03,131.013,1270600,0,0
2015-03-12,158.26,160.04,158.26,160,132.646,1488600,0,0
2015-03-13,159.39,160.8,156.32,157.56,130.623,1564100,0,0
2015-03-16,158.2,161.48,158.2,161.34,133.757,1326600,0,0
2015-03-17,160.07,161.45,160.07,161.16,133.608,1123100,0,0
2015-03-18,160.63,163.36,159.51,162.84,135.001,1621300,0,0
2015-03-19,162.76,163.81,161.72,162.52,134.735,1218700,0,0
2015-03-20,162.74,164.08,162.08,162.62,134.818,4394000,0,0
2015-03-23,163.01,164,162.59,162.72,134.901,1171600,0,0
2015-03-24,162.06,163.18,161.2,162.09,134.379,953500,0,0
2015-03-25,162.43,162.68,159.18,159.19,131.975,1190000,0,0
2015-03-26,158.06,159.92,157.11,159.31,132.074,1158400,0,0
2015-03-27,159.14,160.87,158.9,160.48,133.044,1436500,0,0
2015-03-30,161.15,163.57,160.79,162.68,134.868,1041700,0,0
2015-03-31,161.94,162.87,160.96,160.96,133.442,1175400,0,0
2015-04-01,160.09,161.29,158.11,160.55,133.102,1448800,0,0
2015-04-02,160.67,162.78,160.28,161.63,133.997,911600,0,0
2015-04-06,160.52,163.34,160.37,162.76,134.934,1261300,0,0
2015-04-07,162.7,164.63,162.61,162.91,135.059,961900,0,0
2015-04-08,162.32,164.88,162.08,164.21,136.136,1021600,0,0
2015-04-09,163.76,165.21,163.08,164.57,136.435,742400,0,0
2015-04-10,164.75,165.95,164.13,165.35,137.081,630600,0,0
2015-04-13,165,165.93,163.56,163.58,135.614,948900,0,0
2015-04-14,163.43,164.37,162.17,163.24,135.332,695500,0,0
2015-04-15,163.84,164.43,162.9,163.24,135.332,642000,0,0
2015-04-16,162.74,164.19,161.85,163.38,135.448,913600,0,0
2015-04-17,162.2,162.29,159.7,160.16,132.779,1126100,0,0
2015-04-20,161.18,163.23,160.89,162.69,134.876,845600,0,0
2015-04-21,163.72,163.84,162.09,162.49,134.71,986200,0,0
2015-04-22,162.37,162.53,160.65,162.08,134.371,771900,0,0
2015-04-23,161.54,163.94,161.15,162.83,134.992,866700,0,0
2015-04-24,162.5,162.7,161.26,161.78,134.122,628600,0,0
2015-04-27,162.05,162.93,160.03,160.13,132.754,1231500,0,0
2015-04-28,160.01,160.95,158.91,160.51,133.069,1132300,0,0
2015-04-29,162.05,163.38,158.35,159.14,131.933,1397300,0,0
2015-04-30,158.18,158.84,152.78,154.04,127.705,2465400,0,0
2015-05-01,154.87,156.06,154.29,156.01,129.338,1136500,0,0
2015-05-04,156.18,157.43,155.53,155.83,129.189,1028800,0,0
2015-05-05,155.68,156.49,152.69,153.28,127.075,1244400,0,0
2015-05-06,154,154.68,152.44,153.3,127.092,1262300,0,0
2015-05-07,153.3,154.14,152.7,153.46,127.224,1075100,0,0
2015-05-08,155,156.55,154.76,156.31,129.587,934200,0,0
2015-05-11,156.25,157.52,156.01,156.35,129.62,746200,0,0
2015-05-12,155.95,156,154.69,155.44,128.866,947700,0,0
2015-05-13,155.38,156.17,155.11,155.22,128.683,822400,0,0
2015-05-14,156.59,157.88,156.05,157.67,130.714,917100,0,0
2015-05-15,157.71,158.87,157.33,158.01,130.996,667600,0,0
2015-05-18,157.91,158.65,157.49,158.02,131.005,704800,0,0
2015-05-19,158,159.44,157.62,158.93,131.759,954800,0,0
2015-05-20,159.43,160.36,158.5,159.62,132.331,1093900,0,0
2015-05-21,160.25,161.79,160.04,161.18,133.624,1079900,0,0
2015-05-22,160.73,161.05,159.58,160,132.646,956700,0,0
2015-05-26,159.92,159.92,158.05,158.47,131.378,861400,0,0
2015-05-27,159.37,159.65,158.09,159.32,132.082,865500,0,0
2015-05-28,158,160.58,157.66,160.48,133.715,1256100,0.8,0
2015-05-29,159.9,160.74,158.27,159.18,132.632,1909200,0,0
2015-06-01,159.09,160.78,158.3,159.94,133.266,1329700,0,0
2015-06-02,159.21,161.25,157.44,160.35,133.607,1258600,0,0
2015-06-03,160.57,161.44,159.83,160.26,133.532,1189100,0,0
2015-06-04,158.87,160.35,157.8,158.12,131.749,947800,0,0
2015-06-05,157.47,157.78,156.51,157.29,131.058,928700,0,0
2015-06-08,157.03,157.65,156.49,156.66,130.533,942700,0,0
2015-06-09,156.94,157.78,156.18,157.22,130.999,938000,0,0
2015-06-10,157.84,159.11,156.44,158.56,132.116,1271400,0,0
2015-06-11,158.82,161.05,158.77,160.77,133.957,923900,0,0
2015-06-12,159.61,161.36,159.1,161.06,134.199,1027400,0,0
2015-06-15,159.67,160.55,159,159.96,133.282,924100,0,0
2015-06-16,159.04,163.5,159.04,161.49,134.557,871700,0,0
2015-06-17,162,163.38,161.12,162.87,135.707,831400,0,0
2015-06-18,163.28,165.92,163.22,165.16,137.615,1150100,0,0
2015-06-19,164.5,165.97,164.5,165.05,137.523,1943500,0,0
2015-06-22,165.79,166.55,165.35,165.47,137.873,960400,0,0
2015-06-23,165.66,166.21,163.73,164.37,136.957,1249800,0,0
2015-06-24,164.24,164.68,162.89,163.21,135.99,869100,0,0
2015-06-25,163.62,164.1,162.01,162.13,135.09,891000,0,0
2015-06-26,162.42,162.84,161.45,161.77,134.79,2037500,0,0
2015-06-29,160.8,161.58,158.64,158.68,132.216,1055400,0,0
2015-06-30,159.99,160.24,158.16,158.63,132.174,900600,0,0
2015-07-01,159.64,160.51,159.04,160.1,133.399,734400,0,0
2015-07-02,160.66,161.23,158.42,159.5,132.899,975900,0,0
2015-07-06,158.35,159.59,158.1,159.25,132.691,967300,0,0
2015-07-07,159.83,161.51,158.13,161.39,134.474,986300,0,0
2015-07-08,160.22,161.75,160.18,160.66,133.865,888500,0,0
2015-07-09,163.01,164,162.55,162.69,135.557,1228800,0,0
2015-07-10,164.3,165.95,163.68,165.37,137.79,1167100,0,0
2015-07-13,167.02,167.62,166,167.3,139.398,942900,0,0
2015-07-14,167.16,168.82,167.04,168.49,140.39,1169800,0,0
2015-07-15,168.21,169.05,167.74,168.59,140.473,991000,0,0
2015-07-16,169.32,170.07,168.47,169.86,141.531,876600,0,0
2015-07-17,169.21,169.97,168.31,168.99,140.806,792100,0,0
2015-07-20,169.54,170.35,168.98,169.83,141.506,877700,0,0
2015-07-21,169.11,169.47,165.98,166.77,138.956,833800,0,0
2015-07-22,166.75,167.24,165.75,166.28,138.548,905400,0,0
2015-07-23,166.61,167.59,165.14,165.5,137.898,1222600,0,0
2015-07-24,165.59,165.98,164.19,164.8,137.315,665500,0,0
2015-07-27,163.92,164.25,162.16,162.56,135.449,970500,0,0
2015-07-28,163.41,164.58,162,163.34,136.099,1584000,0,0
2015-07-29,170.6,176.5,167.18,173.44,144.514,3107200,0,0
2015-07-30,172.86,176.02,172.36,175.41,146.155,1656800,0,0
2015-07-31,175.85,175.85,172.73,173.01,144.156,1742300,0,0
2015-08-03,172.85,173.36,170.67,172.16,143.447,1346300,0,0
2015-08-04,172.6,173.21,171.58,172.12,143.414,1392300,0,0
2015-08-05,173.05,174.52,172.91,173.68,144.714,1120900,0,0
2015-08-06,173.94,174.11,171.7,172.87,144.039,875200,0,0
2015-08-07,172.72,173.32,171.03,172.65,143.856,872300,0,0
2015-08-10,174.14,175.84,173.74,175.25,146.022,828300,0,0
2015-08-11,173.27,173.7,172.17,173.27,144.372,767200,0,0
2015-08-12,171.98,172.3,169.61,171.56,142.948,1152800,0,0
2015-08-13,172.09,173.62,172,172.86,144.031,626000,0,0
2015-08-14,173.03,174.35,172.26,174.18,145.131,718200,0,0
2015-08-17,173.6,174.87,172.35,174.71,145.572,685700,0,0
2015-08-18,174.43,175.78,174.34,175.5,146.23,727100,0,0
2015-08-19,174.95,176.83,173.6,175.62,146.33,1024400,0,0
2015-08-20,173.95,174.55,172.59,172.59,143.806,1118800,0,0
2015-08-21,171.18,171.74,165.21,165.35,137.773,1985300,0,0
2015-08-24,152.31,165.91,152.31,160.02,133.332,2293900,0,0
2015-08-25,163.66,164.33,159.07,159.69,133.057,1760800,0,0
2015-08-26,162.8,164.74,159.14,164.48,137.048,1479700,0,0
2015-08-27,165.26,167.95,163.77,167.08,139.895,1168700,0.8,0
2015-08-28,166.58,167.43,164.49,165.54,138.606,979200,0,0
2015-08-31,165.5,165.83,163.6,163.74,137.099,974800,0,0
2015-09-01,160.75,161.69,158.84,159.37,133.44,1611100,0,0
2015-09-02,160.95,164.63,160.47,164.61,137.827,1081300,0,0
2015-09-03,164.95,166.91,164.33,164.65,137.861,1055200,0,0
2015-09-04,162.93,163.25,161.05,162.3,135.893,1197900,0,0
2015-09-08,164.89,168.3,164.52,168.01,140.674,1721700,0,0
2015-09-09,169.9,170.17,165.91,166.26,139.209,761800,0,0
2015-09-10,165.32,166.84,164.96,165.7,138.74,1045500,0,0
2015-09-11,165.27,168.58,164.84,168.52,141.101,927100,0,0
2015-09-14,168.42,168.83,167.12,167.83,140.523,871700,0,0
2015-09-15,168.23,170.97,167.37,170.33,142.616,1023600,0,0
2015-09-16,171.77,171.9,169.72,170.96,143.144,928900,0,0
2015-09-17,171.74,173.49,170.33,170.72,142.943,1196300,0,0
2015-09-18,168.45,170.8,167.96,168.98,141.486,2347600,0,0
2015-09-21,169.29,171.53,169.17,170.21,142.516,986000,0,0
2015-09-22,167.36,168.43,166.54,167.63,140.356,887100,0,0
2015-09-23,167.92,168.34,166.04,167.42,140.18,844800,0,0
2015-09-24,165.92,167.54,163.7,166.78,139.644,1102600,0,0
2015-09-25,167.81,168.6,164.84,165.57,138.631,952900,0,0
2015-09-28,164.37,165.53,162.5,162.65,136.186,1063900,0,0
2015-09-29,162.65,163.9,161.81,163.55,136.939,784000,0,0
2015-09-30,165.15,167.26,164.48,165.95,138.949,1248500,0,0
2015-10-01,166,166.4,162.68,165.72,138.756,1413700,0,0
2015-10-02,163.97,167.6,163.2,167.53,140.272,1104100,0,0
2015-10-05,169.2,171.26,168.33,170.38,142.658,1218400,0,0
2015-10-06,170.35,171.4,168.26,168.41,141.009,1091700,0,0
2015-10-07,169.57,171.37,168.81,171.2,143.345,1106100,0,0
2015-10-08,170.21,173.8,169.24,173.75,145.48,1139200,0,0
2015-10-09,173.64,176.83,173.17,175.75,147.155,1485400,0,0
2015-10-12,176.66,177.78,175.39,177.19,148.36,1325200,0,0
2015-10-13,176.7,177.92,176.23,177,148.201,1015800,0,0
2015-10-14,176.81,176.93,173.51,173.8,145.522,708900,0,0
2015-10-15,174.52,174.74,172.4,174.06,145.739,1115500,0,0
2015-10-16,174.95,175.44,173.62,174.88,146.426,1156100,0,0
2015-10-19,174.06,174.63,172.87,174.58,146.175,602600,0,0
2015-10-20,173.69,175.34,173.19,174.45,146.066,805000,0,0
2015-10-21,175.69,176.05,173.87,174.13,145.798,762400,0,0
2015-10-22,175.05,180.35,174.23,179.5,150.294,1286400,0,0
2015-10-23,180.12,181,178.62,179.83,150.571,920400,0,0
2015-10-26,180.04,180.99,178.98,180.29,150.956,1290200,0,0
2015-10-27,179.58,181.89,179.58,180.6,151.215,1885800,0,0
2015-10-28,191.02,193.99,188.75,190.5,159.505,4034200,0,0
2015-10-29,188.67,192.25,188.5,190.07,159.145,1926900,0,0
2015-10-30,190.81,190.89,187.75,187.75,157.202,1373800,0,0
2015-11-02,188.48,189.83,188.01,189.54,158.701,1110800,0,0
2015-11-03,189.11,189.32,186.52,186.64,156.273,941400,0,0
2015-11-04,187.29,188.45,185.41,186.17,155.879,1088700,0,0
2015-11-05,186.42,187.5,185.47,186.42,156.088,703300,0,0
2015-11-06,186.02,186.41,183.12,184.01,154.071,1421500,0,0
2015-11-09,183.37,184.2,181.1,181.66,152.103,1105700,0,0
2015-11-10,181.04,182.58,180.02,181.49,151.961,928100,0,0
2015-11-11,181.69,182.89,181.4,181.7,152.136,855900,0,0
2015-11-12,181.29,182.15,179.9,180.31,150.973,929100,0,0
2015-11-13,179.47,181.38,178.6,178.82,149.725,960100,0,0
2015-11-16,179.9,186.73,179.4,186.61,156.248,1780200,0,0
2015-11-17,188,188,185.11,186.14,155.854,1325500,0,0
2015-11-18,186.45,188.48,186.28,188.14,157.529,845100,0,0
2015-11-19,188.92,189.44,187.18,188.26,157.629,1030200,0,0
2015-11-20,189.36,190.15,188.84,189.48,158.651,1243100,0,0
2015-11-23,189.5,190,187.77,187.83,157.269,889200,0,0
2015-11-24,186.8,188.61,186.18,188,157.411,1025800,0,0
2015-11-25,187.76,188.95,186.96,187.77,157.891,886900,0.8,0
2015-11-27,188.07,188.95,186.58,188.41,158.429,456300,0,0
2015-11-30,188.92,188.93,185.95,186.36,156.705,1534300,0,0
2015-12-01,187.09,189.37,186.6,187.31,157.504,1035900,0,0
2015-12-02,186.92,187.82,185.42,185.69,156.142,750100,0,0
2015-12-03,185.97,186.38,182.01,183.06,153.93,1186600,0,0
2015-12-04,183.48,188.2,183.39,187.95,158.042,891900,0,0
2015-12-07,187.97,188.44,186.77,187.99,158.076,707700,0,0
2015-12-08,186.56,188.92,185.96,188,158.084,1213900,0,0
2015-12-09,187.16,188.57,185.08,186.55,156.865,1386000,0,0
2015-12-10,186.73,188.24,186.68,187.46,157.63,1568700,0,0
2015-12-11,185.6,187.11,185.06,186.02,156.419,1594200,0,0
2015-12-14,186.62,188.5,185.24,187.07,157.302,1257600,0,0
2015-12-15,188.03,189.75,187.61,187.84,157.949,1935600,0,0
2015-12-16,189.79,191,187.31,189.75,159.556,1423400,0,0
2015-12-17,189.91,190.5,188.29,188.31,158.345,2444700,0,0
2015-12-18,187.51,187.51,184.41,184.86,155.444,2908000,0,0
2015-12-21,186,189.07,185.5,189.01,158.933,1368100,0,0
2015-12-22,189.92,190.67,187.7,189.37,159.236,876600,0,0
2015-12-23,190.41,190.41,189.36,190,159.766,490400,0,0
2015-12-24,189.4,190.98,189.27,190.11,159.858,230200,0,0
2015-12-28,189.94,190.28,188.64,189.98,159.749,419100,0,0
2015-12-29,190.82,191.82,190.56,191.48,161.01,616000,0,0
2015-12-30,191.4,191.87,189.81,190.08,159.833,470700,0,0
2015-12-31,189.46,190.65,187.55,188.81,158.765,550600,0,0
2016-01-04,185.98,187.6,185.31,187.51,157.672,1476100,0,0
2016-01-05,187.85,192.86,187.85,192.39,161.775,2302200,0,0
2016-01-06,190.16,193.2,190,190.47,160.161,1879700,0,0
2016-01-07,187.9,189.68,186.01,188.11,158.177,2136100,0,0
2016-01-08,188.79,189.74,185.9,186.07,156.461,1503300,0,0
2016-01-11,187.48,188.71,185.51,188.11,158.177,1773800,0,0
2016-01-12,189.06,189.47,187.53,188.92,158.858,1010400,0,0
2016-01-13,189,189.44,184.57,184.86,155.444,1099200,0,0
2016-01-14,184.86,186.51,182.87,185.55,156.024,1062100,0,0
2016-01-15,181,185.1,180.32,184.21,154.897,1532800,0,0
2016-01-19,186.37,187.28,183.56,186.75,157.033,2210300,0,0
2016-01-20,183.84,185.17,178.98,182.56,153.51,1841500,0,0
2016-01-21,183.47,184.13,180.96,181.22,152.383,1031600,0,0
2016-01-22,183.23,184.45,182.01,184.11,154.813,857300,0,0
2016-01-25,184.09,184.6,181.62,181.83,152.896,987900,0,0
2016-01-26,181.47,182.74,178.87,182.5,153.459,1473400,0,0
2016-01-27,181.43,182.49,177.83,178.19,149.835,1613500,0,0
2016-01-28,176.4,181.19,175,180.15,151.483,2078600,0,0
2016-01-29,181.43,185.34,180.03,185.06,155.612,1831700,0,0
2016-02-01,186.38,189.75,184.63,188.64,158.622,1426000,0,0
2016-02-02,186.93,189.18,186.45,187.44,157.613,1139500,0,0
2016-02-03,188.61,190.05,186.86,189.77,159.572,1317200,0,0
2016-02-04,188.8,189.9,185.31,186.35,156.697,1550400,0,0
2016-02-05,186.72,188.59,185.34,186.49,156.814,1811100,0,0
2016-02-08,184.74,187.93,184,185.62,156.083,1693700,0,0
2016-02-09,184.17,188.39,184.01,187.32,157.512,1287900,0,0
2016-02-10,187.74,189.52,187.22,188.33,158.362,1013200,0,0
2016-02-11,185.12,186.57,180.1,183.91,154.645,1491500,0,0
2016-02-12,184.56,185.57,180.46,181.25,152.408,1594800,0,0
2016-02-16,182.4,185.89,180.15,184.22,154.906,2165500,0,0
2016-02-17,185.61,191.13,184.45,190.06,159.816,1226900,0,0
2016-02-18,190.7,193.75,190.01,192.68,162.019,1340100,0,0
2016-02-19,192.16,192.64,190.06,190.68,160.338,1526600,0,0
2016-02-22,190.78,193.41,190.67,192.27,161.675,1088600,0,0
2016-02-23,192.03,193.32,190.75,191.31,160.867,806500,0,0
2016-02-24,190.76,190.92,188.06,190.02,159.783,1020400,0,0
2016-02-25,190.05,192.96,189.42,192.93,162.915,812300,0.8,0
2016-02-26,193,193.68,191.94,192.22,162.316,861900,0,0
2016-02-29,191.99,194.8,191.34,192.22,162.316,1171600,0,0
2016-03-01,193.34,194.68,192.43,193.88,163.718,1214600,0,0
2016-03-02,193.66,194.7,191.83,193.32,163.245,781200,0,0
2016-03-03,192.83,193.53,189.32,192.12,162.231,1137000,0,0
2016-03-04,191.62,192.44,190.05,191.07,161.345,1290100,0,0
2016-03-07,190.09,191.16,186.35,186.68,157.638,1410800,0,0
2016-03-08,185.43,187.67,185.08,186.86,157.79,1676600,0,0
2016-03-09,188.26,188.34,186.49,186.74,157.688,1389800,0,0
2016-03-10,187.09,189,186.41,186.75,157.697,1161600,0,0
2016-03-11,188.9,191.25,188.16,189.89,160.348,1006300,0,0
2016-03-14,189.17,190.15,187.7,188.57,159.234,978900,0,0
2016-03-15,188.04,191.95,187.52,191.67,161.851,911800,0,0
2016-03-16,190.54,192.43,190,191.57,161.767,878200,0,0
2016-03-17,191.6,192.28,190.16,190.91,161.21,1253400,0,0
2016-03-18,191.68,194.42,191.05,193.99,163.811,1350100,0,0
2016-03-21,193.35,195.47,193.21,194.18,163.971,839700,0,0
2016-03-22,194.16,195.17,193.58,194.34,164.106,720100,0,0
2016-03-23,193.96,195.64,193.87,194.96,164.63,986400,0,0
2016-03-24,193.67,194.68,193.25,194.2,163.988,738700,0,0
2016-03-28,194.21,195.44,194.21,194.88,164.562,623300,0,0
2016-03-29,194.25,196.75,194.25,196.68,166.082,551400,0,0
2016-03-30,197.23,198.88,197.1,198.73,167.813,1231000,0,0
2016-03-31,199,199.5,197.31,197.9,167.112,1881900,0,0
2016-04-01,196.59,200.78,195.66,200.31,169.147,1117700,0,0
2016-04-04,200.81,202.05,200.05,201.18,169.882,736700,0,0
2016-04-05,200.75,203.88,200.75,202.27,170.802,873000,0,0
2016-04-06,201.84,202.5,200.76,202.1,170.659,1717700,0,0
2016-04-07,201.52,202,199.66,200.55,169.35,854300,0,0
2016-04-08,201.63,202,200.09,200.57,169.367,798800,0,0
2016-04-11,200.66,201.72,199.49,199.51,168.472,797000,0,0
2016-04-12,200.05,201.03,199.5,200.2,169.054,706000,0,0
2016-04-13,200.68,201.3,199.02,201.13,169.84,670500,0,0
2016-04-14,201.42,201.82,199.88,200.13,168.995,506000,0,0
2016-04-15,199.64,201.92,198.75,201.88,170.473,941500,0,0
2016-04-18,202,202.88,201.33,202.79,171.241,664600,0,0
2016-04-19,203,203.41,201.45,201.59,170.228,798900,0,0
2016-04-20,202.07,202.7,201.45,201.58,170.22,883200,0,0
2016-04-21,200.98,201.65,199.86,200,168.885,835000,0,0
2016-04-22,200.23,201.64,199.26,200.75,169.519,853300,0,0
2016-04-25,200.25,200.93,199.52,200.73,169.502,698600,0,0
2016-04-26,200.88,203.99,200.88,203.57,171.9,1390600,0,0
2016-04-27,207,208.99,200.55,207,174.797,1476800,0,0
2016-04-28,206.5,207.68,205.02,205.61,173.623,995200,0,0
2016-04-29,205.52,206.37,204.52,206.26,174.172,938000,0,0
2016-05-02,206.87,208.63,205.83,208.31,175.903,1039800,0,0
2016-05-03,207.44,209.79,206.75,209.6,176.992,954800,0,0
2016-05-04,208.6,210.74,208.08,210.55,177.794,1282000,0,0
2016-05-05,210.67,212.01,210.43,211.93,178.96,1100700,0,0
2016-05-06,211.73,214.17,211.61,214.1,180.792,821500,0,0
2016-05-09,214.3,215.6,212.97,214.63,181.24,830500,0,0
2016-05-10,215.08,217.64,214.72,217.43,183.604,904900,0,0
2016-05-11,217.45,218.4,214.14,214.32,180.978,874700,0,0
2016-05-12,214.55,218.84,214.55,217.98,184.068,1337500,0,0
2016-05-13,217,217.5,213.48,213.98,180.691,1184100,0,0
2016-05-16,213.98,216.33,213,215.73,182.168,671100,0,0
2016-05-17,215.96,216.67,212.21,213.6,180.37,1063700,0,0
2016-05-18,213.24,215.57,212.71,214.14,180.826,789900,0,0
2016-05-19,212.5,213.01,209.68,211.07,178.233,929400,0,0
2016-05-20,212.29,213.02,211.13,212.72,179.627,729300,0,0
2016-05-23,212.75,213.05,211.79,212.16,179.154,602800,0,0
2016-05-24,212.66,215.6,212.66,214.68,181.282,616800,0,0
2016-05-25,215.75,216.09,214.28,214.33,180.986,613100,0,0
2016-05-26,213.95,214.8,213.33,213.95,180.665,514100,0,0
2016-05-27,213.77,214.65,213.36,214.42,181.062,582400,0,0
2016-05-31,214.42,215.5,211.21,212.67,179.584,1026700,0,0
2016-06-01,211.57,214.41,211.28,214.17,180.851,918900,0,0
2016-06-02,213.39,213.84,212.04,213.38,180.944,681100,0.9,0
2016-06-03,213.01,215.94,211.36,215.18,182.471,868000,0,0
2016-06-06,215.23,216.19,214.82,215.44,182.691,565500,0,0
2016-06-07,215.52,216.69,215.52,215.69,182.903,699900,0,0
2016-06-08,215.7,217.97,215.22,217.66,184.574,596300,0,0
2016-06-09,217.17,218.73,216.69,218.58,185.354,461200,0,0
2016-06-10,217.54,218.51,216.86,217.36,184.319,456000,0,0
2016-06-13,216.67,217.5,214.86,215.05,182.361,490700,0,0
2016-06-14,213.64,217.09,213.64,216.91,183.938,501200,0,0
2016-06-15,217.69,218,216.62,217.19,184.175,542900,0,0
2016-06-16,216.64,217.12,214.33,216.74,183.794,722200,0,0
2016-06-17,217,217,212.23,214.32,181.741,871400,0,0
2016-06-20,216.1,216.79,214.96,215.16,182.454,652600,0,0
2016-06-21,216.17,216.36,214.77,214.85,182.191,425500,0,0
2016-06-22,215.59,216.01,214.78,214.89,182.225,544400,0,0
2016-06-23,216.63,216.63,213.85,214.7,182.064,554700,0,0
2016-06-24,209,214.99,208.29,212.71,180.376,3184600,0,0
2016-06-27,211.89,214.39,210.09,214.15,181.597,1502700,0,0
2016-06-28,215.14,216.18,212.89,216.13,183.276,1065700,0,0
2016-06-29,217.2,217.62,216,217.24,184.218,1120400,0,0
2016-06-30,217.92,223.11,217.33,222.28,188.491,1485900,0,0
2016-07-01,222.5,223.42,221.07,221.8,188.084,755200,0,0
2016-07-05,221.56,222.25,220.61,221.55,187.872,962500,0,0
2016-07-06,221.65,222.07,220.27,221.73,188.025,851500,0,0
2016-07-07,221.4,222.03,219.81,220.5,186.982,755000,0,0
2016-07-08,221.5,222.19,220.3,221.97,188.229,1796100,0,0
2016-07-11,222.3,223.8,221.62,221.96,188.22,1308100,0,0
2016-07-12,222.41,222.66,220.25,220.47,186.957,954500,0,0
2016-07-13,221.13,221.99,220.49,221.78,188.067,1500800,0,0
2016-07-14,223.11,223.2,220.82,221.13,187.516,1216800,0,0
2016-07-15,222,222,220.76,221.46,187.796,1745700,0,0
2016-07-18,222.15,222.16,220.68,220.81,187.245,907500,0,0
2016-07-19,221,224.12,218.13,221.55,187.872,2129700,0,0
2016-07-20,222.25,223.22,221.5,222.55,188.72,1284200,0,0
2016-07-21,222.8,222.82,217.25,218.21,185.04,1042800,0,0
2016-07-22,217.65,219.94,217,219.6,186.219,814200,0,0
2016-07-25,219.44,219.44,217.51,219.13,185.82,917600,0,0
2016-07-26,219.22,219.87,217.95,218.35,185.159,1024400,0,0
2016-07-27,222.06,222.3,216.2,217.81,184.701,1423500,0,0
2016-07-28,217.78,218.88,215.62,217.23,184.209,1219200,0,0
2016-07-29,217.23,217.95,216.61,216.63,183.7,769400,0,0
2016-08-01,215.86,217.69,215.77,216.69,183.751,1199100,0,0
2016-08-02,216.69,219,215.87,218.68,185.439,1062900,0,0
2016-08-03,218.95,219.53,217.8,218.66,185.422,811400,0,0
2016-08-04,219.27,219.96,218.03,218.34,185.15,548400,0,0
2016-08-05,218.64,219.47,218.17,218.95,185.668,602700,0,0
2016-08-08,218.84,218.84,215.57,216.07,183.225,731200,0,0
2016-08-09,216.4,216.84,215.92,216.74,183.794,490700,0,0
2016-08-10,216.91,217.56,216.03,217.18,184.167,641000,0,0
2016-08-11,217.62,218.33,216.5,217.99,184.854,820400,0,0
2016-08-12,217.99,218.45,217,218.21,185.04,559000,0,0
2016-08-15,218.12,220.52,217.84,219.81,186.397,687800,0,0
2016-08-16,218.95,219.46,216.43,217.1,184.099,622900,0,0
2016-08-17,217.36,218.74,216.6,218.55,185.328,1052100,0,0
2016-08-18,218.5,219,217.68,218.14,184.981,477300,0,0
2016-08-19,217.5,218.49,216.76,217.42,184.37,666100,0,0
2016-08-22,217.37,218.84,216.77,218.26,185.083,576600,0,0
2016-08-23,218.84,218.9,214.22,214.5,181.894,1035700,0,0
2016-08-24,213.83,214.59,212.16,214,181.47,958900,0,0
2016-08-25,211.47,214.16,210.62,213.44,181.76,830600,0.9,0
2016-08-26,213.74,214.72,211.12,211.93,180.474,808600,0,0
2016-08-29,211.65,213.69,211.42,213.1,181.47,589100,0,0
2016-08-30,213.32,213.78,211.9,212.62,181.061,712300,0,0
2016-08-31,212.43,212.46,210.98,212.07,180.593,706100,0,0
2016-09-01,212.2,213.03,210.24,211.83,180.389,645700,0,0
2016-09-02,212.36,213.62,212.06,213.24,181.589,591300,0,0
2016-09-06,213.34,214.84,212.87,214.76,182.884,656900,0,0
2016-09-07,214.01,214.03,212.12,212.86,181.266,782900,0,0
2016-09-08,212.02,213.17,211.58,212.73,181.155,595400,0,0
2016-09-09,211.18,211.7,209.19,209.24,178.183,800900,0,0
2016-09-12,208.36,210.91,206.69,210.27,179.06,937600,0,0
2016-09-13,209.02,210.26,208.09,208.36,177.434,829000,0,0
2016-09-14,208.23,209.33,208.09,208.81,177.817,893500,0,0
2016-09-15,208.64,212.19,208.16,211.39,180.014,668800,0,0
2016-09-16,211.07,211.91,210.6,211,179.682,1134400,0,0
2016-09-19,211.25,212.33,210.98,211.16,179.818,729500,0,0
2016-09-20,212.2,212.77,211.35,212.11,180.627,578400,0,0
2016-09-21,212.26,216.08,212.18,215.85,183.812,751700,0,0
2016-09-22,216.94,217.19,215.79,216.49,184.357,879400,0,0
2016-09-23,215.69,217.49,214.84,217.05,184.834,781600,0,0
2016-09-26,216.58,217.62,216.03,217,184.791,611800,0,0
2016-09-27,217.27,218.67,216.57,218.05,185.685,535400,0,0
2016-09-28,218.42,218.42,216.68,217.9,185.558,618700,0,0
2016-09-29,217.23,217.23,212.3,213.61,181.904,985200,0,0
2016-09-30,214.22,215.13,210.6,213.95,182.194,1021700,0,0
2016-10-03,213,215.36,212.87,215.1,183.173,719700,0,0
2016-10-04,215.44,215.6,212.19,212.83,181.24,659200,0,0
2016-10-05,214.62,214.62,212.23,212.48,180.942,566000,0,0
2016-10-06,212.88,215.26,212.02,214.21,182.415,921400,0,0
2016-10-07,213.64,215.89,212.37,215.43,183.454,1058700,0,0
2016-10-10,215.86,216.87,215.59,216.62,184.468,704300,0,0
2016-10-11,216.22,216.46,214.69,215.22,183.275,682500,0,0
2016-10-12,215.02,217.9,214.95,216.85,184.663,933000,0,0
2016-10-13,215.83,218.91,215.08,218.37,185.958,919800,0,0
2016-10-14,219.27,219.75,217.6,218.92,186.426,923400,0,0
2016-10-17,218.85,220.37,218.85,219.14,186.614,678300,0,0
2016-10-18,220.31,220.41,218.79,219.44,186.869,491400,0,0
2016-10-19,219.33,219.49,217.43,218.16,185.779,729000,0,0
2016-10-20,218.26,218.88,216.39,217.36,185.098,627900,0,0
2016-10-21,215.93,216.34,214.59,215.86,183.82,729500,0,0
2016-10-24,217.18,217.95,216.34,216.46,184.331,603100,0,0
2016-10-25,216.89,220.03,216.5,219.53,186.946,1572200,0,0
2016-10-26,226.92,229.45,224,228.05,194.201,2458700,0,0
2016-10-27,227.97,228,224.01,225.35,191.902,1473800,0,0
2016-10-28,225.59,230,225.57,228.38,194.482,1672000,0,0
2016-10-31,229.1,229.74,228.03,229,195.01,1173900,0,0
2016-11-01,229.5,230.42,227.34,228.42,194.516,1179600,0,0
2016-11-02,228.14,230.7,227.47,228.67,194.729,962800,0,0
2016-11-03,229,229.45,224.72,225.54,192.064,1711000,0,0
2016-11-04,225.68,227.14,224.91,225.23,191.8,1176100,0,0
2016-11-07,227.85,230.17,227.48,230.06,195.913,1093200,0,0
2016-11-08,230.17,231.12,229.08,229.87,195.751,987100,0,0
2016-11-09,244.77,249.98,239.15,242.3,206.336,2841200,0,0
2016-11-10,249.1,249.87,242.67,245.17,208.78,2190500,0,0
2016-11-11,245.4,248,243.7,247.5,210.764,1341400,0,0
2016-11-14,248.56,253.09,248.17,251.12,213.847,1747400,0,0
2016-11-15,251.29,251.88,246.11,247.45,210.722,1839000,0,0
2016-11-16,247.74,248.5,244.45,245.39,208.967,1265100,0,0
2016-11-17,245.79,246.43,243.84,244.66,208.346,843900,0,0
2016-11-18,244.5,246.02,244.01,245.46,209.027,971700,0,0
2016-11-21,246.17,247.04,245.07,246.29,209.734,978800,0,0
2016-11-22,247.37,248.57,247.13,248.07,211.25,1021700,0,0
2016-11-23,248.78,249.1,246.31,247.59,210.841,885700,0,0
2016-11-25,247.84,249.08,247.54,248.58,211.684,524200,0,0
2016-11-28,246.87,250.85,245.38,248.96,212.008,893900,0,0
2016-11-29,248.79,253.8,248.56,251.8,214.426,1039700,0,0
2016-11-30,252.17,252.66,249.65,249.65,212.595,1277200,0,0
2016-12-01,248.85,250.22,247.82,249.07,212.869,848300,0.9,0
2016-12-02,249.62,250.9,248.5,250.87,214.407,603700,0,0
2016-12-05,251.88,252.02,247.12,247.49,211.518,1221000,0,0
2016-12-06,246.74,248.13,245.14,247.84,211.817,1322100,0,0
2016-12-07,247.38,247.79,245.54,247.14,211.219,1349100,0,0
2016-12-08,247.14,247.24,236.75,237.72,203.168,2847500,0,0
2016-12-09,237.12,239.95,236.77,238.43,203.775,1680900,0,0
2016-12-12,233.64,233.64,220.72,232.07,198.339,2921800,0,0
2016-12-13,232,234.24,230.47,231.56,197.904,1483100,0,0
2016-12-14,232.01,235.83,231.63,232.1,198.365,1379800,0,0
2016-12-15,233.02,234.8,231.84,231.99,198.271,1043400,0,0
2016-12-16,232.07,234.07,231.03,231.7,198.023,1603000,0,0
2016-12-19,232.71,234.08,230.64,233.54,199.596,1110200,0,0
2016-12-20,233.97,235.34,233.55,235.14,200.963,850300,0,0
2016-12-21,235.55,235.68,233.09,233.15,199.263,918700,0,0
2016-12-22,233.61,234.48,232.51,233.72,199.75,891400,0,0
2016-12-23,231.47,234.37,231.24,232.99,199.126,852100,0,0
2016-12-27,233.97,234.35,232.33,233.24,199.339,479400,0,0
2016-12-28,233.24,233.68,231.56,231.95,198.237,500100,0,0
2016-12-29,232.23,233.82,232.1,232.63,198.818,538500,0,0
2016-12-30,232.88,233.34,231.71,232.58,198.775,740900,0,0
2017-01-03,234.1,235.24,233.14,234.89,200.75,1178900,0,0
2017-01-04,235.24,236.99,234.83,235.25,201.057,664100,0,0
2017-01-05,235.21,237.42,234.35,235.99,201.69,891200,0,0
2017-01-06,235.9,237.5,235.77,236.73,202.322,619200,0,0
2017-01-09,236.84,237.92,235.69,235.81,201.536,703600,0,0
2017-01-10,235.46,235.79,232.7,233.11,199.228,1361200,0,0
2017-01-11,233.8,234.84,230.14,231.55,197.895,1142300,0,0
2017-01-12,231.38,231.79,227.87,229.15,195.844,1159100,0,0
2017-01-13,229,230.99,228.5,230.17,196.716,1007400,0,0
2017-01-17,230.78,230.78,227.43,228.48,195.271,978900,0,0
2017-01-18,228.46,231.08,228,230.24,196.775,863600,0,0
2017-01-19,231.26,233.79,230.1,232.39,198.613,966800,0,0
2017-01-20,233.11,233.16,230.76,232.11,198.374,864500,0,0
2017-01-23,233,233.34,230.13,231.69,198.015,779200,0,0
2017-01-24,229.4,232.95,227.49,232.59,198.784,1034300,0,0
2017-01-25,233.19,233.24,230.01,230.84,197.288,1073000,0,0
2017-01-26,229.21,230.84,223.88,226.96,193.972,2499100,0,0
2017-01-27,227.03,234.58,227.03,229.83,196.425,1948300,0,0
2017-01-30,230.1,231.84,227.84,229.48,196.126,1270700,0,0
2017-01-31,227.89,229.72,226.01,229.08,195.784,1495800,0,0
2017-02-01,228.72,230.15,227.73,228.82,195.562,1148800,0,0
2017-02-02,228.4,230.14,227.93,229.85,196.442,916000,0,0
2017-02-03,230.06,232.93,229.51,231.36,197.733,1297900,0,0
2017-02-06,231.56,233.43,231.41,232.82,198.98,1097600,0,0
2017-02-07,232.33,233.87,232.1,232.98,199.117,817000,0,0
2017-02-08,232.91,233.41,232.26,232.42,198.639,972100,0,0
2017-02-09,232.42,235.38,231.98,234.84,200.707,1094400,0,0
2017-02-10,234.58,236.56,234.07,236.25,201.912,949200,0,0
2017-02-13,237.05,239.85,236.52,239.08,204.331,1029500,0,0
2017-02-14,239.01,240.33,238.43,239.62,204.792,790800,0,0
2017-02-15,239.14,241.99,238.95,241.59,206.476,739700,0,0
2017-02-16,241.6,243.68,240.81,243.53,208.134,951100,0,0
2017-02-17,243.39,243.99,241.89,243.58,208.177,778000,0,0
2017-02-21,242.27,244.83,241.7,244.12,208.638,828900,0,0
2017-02-22,243.35,243.53,242.01,242.98,207.664,949600,0,0
2017-02-23,242.32,243.99,241.6,243.86,208.416,724900,0,0
2017-02-24,243.59,245.29,242.54,245.05,209.433,815100,0,0
2017-02-27,245.59,249.43,245.11,248.6,212.467,1041800,0,0
2017-02-28,247.5,248.3,245.52,247.09,211.176,1564400,0,0
2017-03-01,247.87,248.88,245.88,245.93,210.185,1899100,0,0
2017-03-02,245,245.39,242.59,243.07,208.504,1172500,0.9,0
2017-03-03,243,243.76,242.1,242.93,208.384,866100,0,0
2017-03-06,242.43,243.66,241.97,242.92,208.375,932700,0,0
2017-03-07,242.51,243.92,242.07,243.78,209.113,917200,0,0
2017-03-08,244,245.08,243.06,243.57,208.933,675600,0,0
2017-03-09,244.08,244.74,243.52,244.12,209.404,611200,0,0
2017-03-10,244.56,244.83,242.45,243.59,208.95,688600,0,0
2017-03-13,243.54,244.73,242.76,244.42,209.662,750600,0,0
2017-03-14,243.52,244.37,242.75,243.77,209.104,460700,0,0
2017-03-15,243.8,244.45,243.13,243.84,209.164,756200,0,0
2017-03-16,244,244.13,239.72,240.28,206.11,1081700,0,0
2017-03-17,241.12,244.7,240.69,244.25,209.516,1225000,0,0
2017-03-20,244.77,245.46,242.69,242.99,208.435,527000,0,0
2017-03-21,243.7,243.7,239.35,239.72,205.63,805700,0,0
2017-03-22,239.73,242,239.1,241.14,206.848,677500,0,0
2017-03-23,241,241.38,239.13,239.5,205.441,596500,0,0
2017-03-24,239.25,239.83,236.59,236.88,203.194,753200,0,0
2017-03-27,235.78,236.37,233.2,235.83,202.293,969000,0,0
2017-03-28,235.11,237.98,234.35,237.19,203.46,733000,0,0
2017-03-29,236.66,236.92,235.07,236.52,202.885,612700,0,0
2017-03-30,236.28,239.22,235.55,239.06,205.064,853000,0,0
2017-03-31,238.72,238.93,237.69,237.84,204.017,964700,0,0
2017-04-03,237.58,238.56,236.8,237.81,203.992,671500,0,0
2017-04-04,236.99,238.07,236.43,237.64,203.846,701900,0,0
2017-04-05,238,239.81,235.86,236.1,202.525,958200,0,0
2017-04-06,235.99,237.52,235.16,236.67,203.014,703900,0,0
2017-04-07,239.72,240.12,237.39,238.81,204.85,722700,0,0
2017-04-10,238.64,240.45,237.99,239.34,205.304,712800,0,0
2017-04-11,239.22,241.15,238.22,241.05,206.771,679400,0,0
2017-04-12,240.95,240.95,239.04,239.36,205.321,560000,0,0
2017-04-13,239.04,241.79,239.04,240.2,206.042,739100,0,0
2017-04-17,240.32,243.28,240.26,243.1,208.529,750500,0,0
2017-04-18,242.64,244.78,242.42,243.18,208.598,894300,0,0
2017-04-19,243.55,244.43,242.56,243.74,209.078,694700,0,0
2017-04-20,243.86,245.95,243.51,244.85,210.031,662400,0,0
2017-04-21,245.12,247.43,244.88,246.33,211.3,802200,0,0
2017-04-24,248.98,249.75,247.58,249.14,213.711,1059900,0,0
2017-04-25,248.13,249.62,247.38,248.13,212.844,1539100,0,0
2017-04-26,249.8,250,243.05,248.06,212.784,1753500,0,0
2017-04-27,248.96,249.82,247.41,248.4,213.076,1010300,0,0
2017-04-28,248.9,249.36,245.6,245.96,210.983,856400,0,0
2017-05-01,246.3,246.53,244.32,244.34,209.593,778900,0,0
2017-05-02,244.46,245.68,243.5,245.33,210.442,882600,0,0
2017-05-03,244.91,245.84,243.95,245.51,210.597,614200,0,0
2017-05-04,245.45,246.02,243.63,245.75,210.803,893500,0,0
2017-05-05,246.29,249.04,245.5,248.91,213.513,719400,0,0
2017-05-08,248.7,249.31,248.03,249.14,213.711,619500,0,0
2017-05-09,249.1,249.65,248.65,249.49,214.011,732100,0,0
2017-05-10,249.95,251.01,246.9,248.11,212.827,780100,0,0
2017-05-11,247.09,248.05,246.21,247.52,212.321,628700,0,0
2017-05-12,247.16,248.15,246.5,247.45,212.261,523500,0,0
2017-05-15,247.11,248.49,246.94,248.25,212.947,674300,0,0
2017-05-16,248.11,249.37,246.99,247.38,212.201,549300,0,0
2017-05-17,247.38,248.74,245.54,246.32,211.292,1030500,0,0
2017-05-18,245.92,248.99,243.39,246.88,211.772,1033600,0,0
2017-05-19,248.02,250.38,247.6,249.88,214.345,716900,0,0
2017-05-22,252.92,254,249.41,249.45,213.976,1062600,0,0
2017-05-23,250,251.45,248.58,250.65,215.006,801400,0,0
2017-05-24,251.25,253.58,251,253.38,217.348,775000,0,0
2017-05-25,254.1,256.82,253.5,256.52,220.041,976500,0,0
2017-05-26,256.52,257.93,256.3,256.99,220.444,552700,0,0
2017-05-30,256.9,257.32,254.95,256.21,219.775,584600,0,0
2017-05-31,257.04,259.22,255.63,259.22,222.357,1536300,0,0
2017-06-01,257.73,258.46,256.19,257.61,221.832,840200,1,0
2017-06-02,257.8,259.23,257.22,258.52,222.615,687500,0,0
2017-06-05,258.5,258.55,255.6,255.61,220.11,509300,0,0
2017-06-06,254.87,256.55,253.08,253.19,218.026,676400,0,0
2017-06-07,254.04,255.07,253.1,254.67,219.3,708700,0,0
2017-06-08,254.67,257.14,254.19,256.14,220.566,713000,0,0
2017-06-09,255.85,257.12,255,256.69,221.04,623600,0,0
2017-06-12,256.56,256.56,253.67,255.99,220.437,723100,0,0
2017-06-13,255.78,258.34,254.77,257.59,221.815,570800,0,0
2017-06-14,258.01,262.43,258,259.66,223.597,793000,0,0
2017-06-15,258.08,259.53,256.03,258.64,222.719,719200,0,0
2017-06-16,259.35,259.73,258.28,258.59,222.676,734800,0,0
2017-06-19,260.08,262.09,259.1,261.27,224.983,604900,0,0
2017-06-20,261,262.59,260.11,260.16,224.028,491200,0,0
2017-06-21,260.2,261.4,259,260.29,224.14,576400,0,0
2017-06-22,259.87,260.19,256.85,256.89,221.212,633800,0,0
2017-06-23,256.75,258.55,256.75,257.4,221.651,679000,0,0
2017-06-26,257.83,259.91,255.66,255.95,220.402,840500,0,0
2017-06-27,255.49,257.33,255.17,255.33,219.868,546200,0,0
2017-06-28,256.65,258.31,256.13,257.56,221.789,404700,0,0
2017-06-29,257.84,257.84,252.82,254.88,219.481,643900,0,0
2017-06-30,255.77,257.77,255.57,256.71,221.057,581400,0,0
2017-07-03,257.53,259.4,256.65,257.7,221.909,273000,0,0
2017-07-05,257.8,261.09,257.78,260.28,224.131,442200,0,0
2017-07-06,260.06,261.36,257.63,258.94,222.977,540100,0,0
2017-07-07,259.76,263.74,259.33,261.99,225.603,642700,0,0
2017-07-10,261.61,263.55,260.55,261.78,225.423,507900,0,0
2017-07-11,262.01,263,260.14,262.64,226.163,523800,0,0
2017-07-12,263.62,265.11,263,263.96,227.3,533600,0,0
2017-07-13,264.37,265.29,263.28,263.86,227.214,476300,0,0
2017-07-14,263.95,265.51,263.69,264.83,228.049,576900,0,0
2017-07-17,264.84,266.27,263.26,264.81,228.032,609600,0,0
2017-07-18,265.04,266.74,263.64,264.24,227.541,471500,0,0
2017-07-19,264.42,265.32,264.07,264.92,228.127,388500,0,0
2017-07-20,264.92,265.56,263.42,264.77,227.997,519100,0,0
2017-07-21,263.63,265.3,262.14,265.3,228.454,575700,0,0
2017-07-24,265.51,266.33,265.07,265.27,228.428,530900,0,0
2017-07-25,266.45,266.81,263.66,264.05,227.377,708200,0,0
2017-07-26,264.23,265.36,259.39,263.86,227.214,815900,0,0
2017-07-27,264.24,264.29,259,260.76,224.544,1315600,0,0
2017-07-28,261.13,264.28,260.22,264.1,227.42,587700,0,0
2017-07-31,264.89,266,263.07,263.13,226.585,638700,0,0
2017-08-01,263.32,264.72,263.04,264.64,227.885,673000,0,0
2017-08-02,264.52,266.87,264.14,266.83,229.771,755700,0,0
2017-08-03,267,268.9,265.12,268.78,231.45,980100,0,0
2017-08-04,268.9,269.24,267.46,269.24,231.847,653000,0,0
2017-08-07,269.51,269.73,268.52,269.58,232.139,696700,0,0
2017-08-08,269.34,270.2,269.08,269.82,232.346,616100,0,0
2017-08-09,270.85,273.8,270.17,273.1,235.17,978900,0,0
2017-08-10,274,274.61,270.23,270.55,232.975,865300,0,0
2017-08-11,271.11,272.77,269.1,269.28,231.881,700600,0,0
2017-08-14,270.24,271.89,269.24,271.4,233.707,687400,0,0
2017-08-15,271.25,271.48,270.02,271.14,233.483,456400,0,0
2017-08-16,271.36,271.36,269.08,269.99,232.492,931300,0,0
2017-08-17,270.04,270.81,268,268.13,230.891,581700,0,0
2017-08-18,268.98,269.17,267.17,267.61,230.443,551200,0,0
2017-08-21,267.71,268.04,264.35,267.7,230.52,517600,0,0
2017-08-22,269,273.49,268.57,272.82,234.929,613200,0,0
2017-08-23,271.72,272.6,270.49,270.77,233.164,413900,0,0
2017-08-24,269.88,270.64,268.3,268.54,232.101,393600,1,0
2017-08-25,269.99,270.57,268.55,269.33,232.784,616100,0,0
2017-08-28,270,270.65,267.18,267.9,231.548,492900,0,0
2017-08-29,269.71,271.52,268.61,270.72,233.985,473700,0,0
2017-08-30,270.81,271.21,269.8,271.01,234.236,303900,0,0
2017-08-31,271.73,272.77,270.02,272.21,235.273,689500,0,0
2017-09-01,272.03,272.32,268.83,268.83,232.352,552800,0,0
2017-09-05,270.92,270.92,267.8,268.07,231.695,632800,0,0
2017-09-06,268.95,268.95,265.25,265.27,229.275,543600,0,0
2017-09-07,265.53,266.03,264.36,265.87,229.793,504300,0,0
2017-09-08,265.83,268.15,265,267.45,231.159,861000,0,0
2017-09-11,268.6,269.82,268.04,269.3,232.758,765300,0,0
2017-09-12,268.88,270.38,268.41,268.96,232.464,492400,0,0
2017-09-13,268.26,268.83,266.51,266.7,230.511,516700,0,0
2017-09-14,266.41,266.63,264.69,265.69,229.638,562900,0,0
2017-09-15,265.75,267.2,265.04,267.03,230.796,864500,0,0
2017-09-18,267.03,276.2,264.81,275.97,238.523,1854500,0,0
2017-09-19,276.14,279.9,275.02,278.33,240.562,1412600,0,0
2017-09-20,278.25,281.57,278,280.04,242.04,1068000,0,0
2017-09-21,279.89,281.01,278.7,280.42,242.369,565400,0,0
2017-09-22,281.54,282.93,280.21,281.55,243.346,641300,0,0
2017-09-25,281.5,281.61,278.88,281.37,243.19,716600,0,0
2017-09-26,281.6,284.93,281.47,284.74,246.103,922600,0,0
2017-09-27,285.04,287.27,284.83,286.84,247.918,890100,0,0
2017-09-28,285.73,286.24,283.93,284.62,245.999,671700,0,0
2017-09-29,285.27,287.81,283.77,287.72,248.678,618600,0,0
2017-10-02,288.5,289.95,287.22,289.9,250.563,499300,0,0
2017-10-03,289.8,292.32,289.02,291.08,251.582,576800,0,0
2017-10-04,291,292.61,290.21,292.18,252.533,572200,0,0
2017-10-05,291.89,293.22,290.96,292.68,252.965,540500,0,0
2017-10-06,292.94,293.38,291.85,293.33,253.527,382000,0,0
2017-10-09,293.75,294.98,292.15,293.86,253.985,727800,0,0
2017-10-10,294.71,294.71,292.07,293.33,253.527,638900,0,0
2017-10-11,293.79,295.36,292.94,295.19,255.135,487400,0,0
2017-10-12,295.12,298.88,295,298.68,258.151,705900,0,0
2017-10-13,299.18,299.33,296.22,296.4,256.181,771100,0,0
2017-10-16,297,297.57,294.31,295.78,255.645,525400,0,0
2017-10-17,295.5,295.87,293.74,294.32,254.383,585100,0,0
2017-10-18,294.67,294.67,290.85,292,252.378,863300,0,0
2017-10-19,292,293.1,288.57,292.65,252.939,662500,0,0
2017-10-20,293.75,294.62,292.04,294.6,254.625,606100,0,0
2017-10-23,295.41,297.1,294,294.05,254.149,733000,0,0
2017-10-24,293.2,294.55,292.24,294.03,254.132,969200,0,0
2017-10-25,300.63,306.61,299.74,304.75,263.398,1545100,0,0
2017-10-26,306,306,295.56,297.99,257.555,1057700,0,0
2017-10-27,298,299.02,296.79,297.66,257.27,642900,0,0
2017-10-30,296.87,298.29,295.2,296.37,256.155,469200,0,0
2017-10-31,296.99,297.41,295.39,295.53,255.429,462700,0,0
2017-11-01,295.67,296.49,293.98,294.17,254.253,580800,0,0
2017-11-02,293.88,301.49,293.88,301.36,260.467,711800,0,0
2017-11-03,301.18,303.36,299.15,301.66,260.727,517700,0,0
2017-11-06,300.86,303.49,300.27,301.86,260.9,366700,0,0
2017-11-07,301.99,304.67,301.99,303.31,262.153,510800,0,0
2017-11-08,303.3,304.25,302.5,303.3,262.144,524600,0,0
2017-11-09,302.87,303.58,298.09,299.14,258.549,529800,0,0
2017-11-10,298.5,299.66,297.56,298.13,257.676,391900,0,0
2017-11-13,297.73,298.96,294.44,298.48,257.978,656100,0,0
2017-11-14,297.17,300.53,296.15,300.46,259.69,521600,0,0
2017-11-15,300.77,302.34,299.64,299.94,259.24,804900,0,0
2017-11-16,300.38,301.25,299.53,300.55,259.767,440600,0,0
2017-11-17,299.57,300.09,296.67,296.85,256.569,457200,0,0
2017-11-20,296.96,301.25,296.76,300.94,260.105,703200,0,0
2017-11-21,302.14,304.93,301.09,304.31,263.017,706800,0,0
2017-11-22,303.24,303.62,300.3,302.02,261.038,463700,0,0
2017-11-24,302.82,303.9,302.19,302.72,261.643,273000,0,0
2017-11-27,302.89,304.25,302.08,303.63,262.429,511600,0,0
2017-11-28,305.22,309.24,304.82,307.9,266.12,911000,0,0
2017-11-29,308.14,308.33,306.05,306.69,265.074,786000,0,0
2017-11-30,307,309.76,304.78,307.4,265.688,3033200,0,0
2017-12-01,307,307.81,297,299.63,259.817,1097300,1,0
2017-12-04,301.73,303.1,300.5,300.56,260.624,1180700,0,0
2017-12-05,301.53,301.84,297.52,297.75,258.187,584800,0,0
2017-12-06,297.96,301.29,297.82,300.2,260.312,629600,0,0
2017-12-07,300.26,303.87,300.2,302.68,262.462,655100,0,0
2017-12-08,303.25,305.67,301.01,305.67,265.055,684300,0,0
2017-12-11,306.52,307.17,303.86,304.56,264.092,674700,0,0
2017-12-12,306.22,307.92,305.1,307.28,266.451,977700,0,0
2017-12-13,306.96,311.08,306.96,308.46,267.474,746300,0,0
2017-12-14,309.45,310.08,306.32,306.91,266.13,904500,0,0
2017-12-15,308.53,311.15,307.52,310.47,269.217,1333500,0,0
2017-12-18,311.02,311.13,306.73,308.4,267.422,675200,0,0
2017-12-19,308.72,309.88,307.04,307.12,266.312,612300,0,0
2017-12-20,307.93,308.51,306.38,306.62,265.879,593400,0,0
2017-12-21,307.54,307.74,304.07,304.49,264.032,818100,0,0
2017-12-22,305.77,305.77,303.7,303.78,263.416,567100,0,0
2017-12-26,304.42,306.43,303.73,303.84,263.468,498500,0,0
2017-12-27,304.65,306.33,304.08,306.16,265.48,468200,0,0
2017-12-28,306.82,308.51,305.85,308.29,267.327,376700,0,0
2017-12-29,308.25,309.19,306.91,306.91,266.13,430900,0,0
2018-01-02,307.35,307.72,303.21,305.24,264.682,715000,0,0
2018-01-03,304.74,307.25,304.61,306.65,265.905,722100,0,0
2018-01-04,306.58,308.71,305.61,308.55,267.552,582400,0,0
2018-01-05,309.09,310.24,307.21,308.22,267.266,842800,0,0
2018-01-08,308.95,309.34,307.57,308.26,267.301,660800,0,0
2018-01-09,309.23,312.93,308.71,310.39,269.148,828900,0,0
2018-01-10,309.34,309.48,306.36,307.61,266.737,676100,0,0
2018-01-11,308.88,309.71,308.26,309.55,268.419,493200,0,0
2018-01-12,310,315.71,309.67,315.15,273.275,706100,0,0
2018-01-16,317.42,318.7,312.33,312.54,271.012,756100,0,0
2018-01-17,314.99,317.81,313.32,317.51,275.322,613100,0,0
2018-01-18,317.5,318.7,314,314.3,272.538,598700,0,0
2018-01-19,316.23,317.19,314.69,316.37,274.333,874000,0,0
2018-01-22,316.1,316.58,313.56,315.14,273.267,731300,0,0
2018-01-23,315.23,315.35,312.67,313.48,271.827,653700,0,0
2018-01-24,313.45,316.32,312.68,313.46,271.81,857500,0,0
2018-01-25,316.74,325.99,314.47,325,281.816,1406000,0,0
2018-01-26,326.08,335.57,323.63,335.56,290.973,1297900,0,0
2018-01-29,336,341.26,335.05,338.34,293.384,1389800,0,0
2018-01-30,335.28,341.28,333.52,339.46,294.355,1297400,0,0
2018-01-31,340.63,344.2,339.62,340.53,295.283,1318300,0,0
2018-02-01,340.53,349.18,340.24,342.86,297.303,1455200,0,0
2018-02-02,340.9,344.17,336.72,336.79,292.04,1227000,0,0
2018-02-05,333.75,339.53,316.27,322.37,279.536,1541600,0,0
2018-02-06,314.11,329,313.01,327.5,283.984,1716400,0,0
2018-02-07,326.76,342.14,326.01,337.66,292.794,2099900,0,0
2018-02-08,338.41,341.67,323.46,324.01,280.958,1520900,0,0
2018-02-09,327.91,338,323.46,332.69,288.485,1750000,0,0
2018-02-12,334.6,341.34,330.57,337.44,292.604,1284800,0,0
2018-02-13,335.12,344.38,335.12,343.36,297.737,897900,0,0
2018-02-14,346.15,350.42,342.4,349.62,303.165,1536800,0,0
2018-02-15,352.99,357,352.06,356.91,309.487,1316900,0,0
2018-02-16,355.91,358.84,354.74,356,308.698,957900,0,0
2018-02-20,352.45,355.16,348.58,350.36,303.807,1171800,0,0
2018-02-21,352.31,356.31,350.42,350.82,304.206,1337100,0,0
2018-02-22,351.79,352.56,347.52,348.63,302.307,842400,0,0
2018-02-23,350,351.58,348.17,351.51,304.804,845000,0,0
2018-02-26,353.2,355.84,352.15,355.09,307.908,504700,0,0
2018-02-27,354.65,359.43,353.58,353.66,306.668,876000,0,0
2018-02-28,354.3,357.26,349.77,350.04,303.529,1018900,0,0
2018-03-01,351.12,351.87,337.22,339.54,294.425,1461100,0,0
2018-03-02,336.68,344.69,334.4,343.05,298.435,1147300,1.1,0
2018-03-05,340.95,345.39,337.55,344.79,299.949,1387100,0,0
2018-03-06,345.44,346.21,340.82,341.87,297.408,908300,0,0
2018-03-07,337.99,347.43,336.36,346.82,301.715,869800,0,0
2018-03-08,348.1,348.22,344.27,346.36,301.315,654600,0,0
2018-03-09,347.24,349.87,344.01,349.64,304.168,782500,0,0
2018-03-12,352.83,352.83,342.64,344.72,299.888,938600,0,0
2018-03-13,346.27,348.64,342.85,344.33,299.548,947100,0,0
2018-03-14,346.69,346.75,338.06,340.1,295.869,811200,0,0
2018-03-15,340.9,342.54,338.52,340.82,296.495,1061000,0,0
2018-03-16,340.67,343.2,338.2,338.63,294.59,1268900,0,0
2018-03-19,338.18,345.54,336.9,344.93,300.07,1004200,0,0
2018-03-20,345.3,349.75,344.63,347.58,302.376,634100,0,0
2018-03-21,347.93,350.62,345.9,347.22,302.063,607000,0,0
2018-03-22,344.81,346.05,338.1,338.83,294.764,770400,0,0
2018-03-23,340.71,356.97,340.71,345.77,300.801,1587100,0,0
2018-03-26,350,355.84,349.44,355.23,309.031,1005100,0,0
2018-03-27,356.01,358.5,347.28,349.29,303.863,1137800,0,0
2018-03-28,350.51,350.67,341.72,344.71,299.879,923400,0,0
2018-03-29,345.98,351.33,344.8,349.12,303.716,1077200,0,0
2018-04-02,349.25,350.44,338.73,345.52,300.584,1041600,0,0
2018-04-03,346.34,347.64,340.65,346.04,301.036,1023600,0,0
2018-04-04,340.19,353.56,338.01,353.44,307.474,949100,0,0
2018-04-05,355.01,360.88,352.55,360.03,313.207,1133400,0,0
2018-04-06,356.7,359.6,349.47,351.72,305.977,1079500,0,0
2018-04-09,353.61,355,346.7,347.59,302.385,961700,0,0
2018-04-10,352.32,352.9,343.88,346.74,301.645,1035000,0,0
2018-04-11,345.65,351.29,345.05,346.65,301.567,794700,0,0
2018-04-12,349.03,353.56,348.85,352.05,306.265,696700,0,0
2018-04-13,353.58,353.98,348.72,350.6,305.003,722600,0,0
2018-04-16,353.15,353.99,350.7,351.75,306.003,841400,0,0
2018-04-17,352.86,356.01,349.95,355.04,308.866,1245400,0,0
2018-04-18,357.12,359.45,354.1,357.7,311.18,626200,0,0
2018-04-19,357.79,359.88,356.19,358.02,311.458,676900,0,0
2018-04-20,359.48,359.48,354.63,355.92,309.631,653200,0,0
2018-04-23,356.67,358.87,353.09,356.12,309.805,886300,0,0
2018-04-24,358.13,359.35,332.66,341.52,297.104,1885000,0,0
2018-04-25,337,340.67,318.01,332.62,289.361,2144800,0,0
2018-04-26,335,339.88,327.75,333.96,290.527,1367200,0,0
2018-04-27,333,333.37,320.83,321.85,279.992,1474100,0,0
2018-04-30,323.06,326.51,321.35,322.04,280.158,1100100,0,0
2018-05-01,322.21,322.74,302.35,307.22,267.265,3286300,0,0
2018-05-02,307.22,315.62,305.22,307.16,267.213,2165000,0,0
2018-05-03,305.9,319.62,304.03,315.68,274.625,1988900,0,0
2018-05-04,313.43,315.23,311.54,313.85,273.032,993600,0,0
2018-05-07,315.62,319.37,314.28,317.13,275.886,1173200,0,0
2018-05-08,319.36,330.22,318.27,329.27,286.447,2055500,0,0
2018-05-09,330.19,331.63,326.2,327.59,284.986,1169400,0,0
2018-05-10,329.6,330.49,325.8,326.41,283.959,1230000,0,0
2018-05-11,326.65,326.95,324.38,325.3,282.993,826800,0,0
2018-05-14,325.16,325.6,318.08,318.72,277.269,1192600,0,0
2018-05-15,317.35,323.35,316.37,319.97,278.357,1249500,0,0
2018-05-16,321.82,324.92,320.2,321.16,279.392,982500,0,0
2018-05-17,321.14,325.74,320.66,324.52,282.315,1013500,0,0
2018-05-18,325.15,330.29,325.01,329.02,286.23,1185500,0,0
2018-05-21,330.71,332.93,328.93,331.36,288.265,735000,0,0
2018-05-22,330.15,330.15,323.19,324.5,282.297,1557200,0,0
2018-05-23,323.09,328.36,322.18,328.23,285.542,825300,0,0
2018-05-24,328,333.55,327.09,332.81,289.527,1388500,0,0
2018-05-25,333,333.93,330.17,331.93,288.761,1047100,0,0
2018-05-29,330.14,331.52,323.72,326.48,284.02,1062500,0,0
2018-05-30,328.07,332,325.7,331.57,288.448,733100,0,0
2018-05-31,330.14,331.79,326.6,327.25,284.69,2126400,0,0
2018-06-01,327.64,330.19,327.64,329.99,288.13,883800,1.2,0
2018-06-04,330,333.17,329.29,332.81,290.592,684700,0,0
2018-06-05,333.33,333.43,328.43,329.19,287.431,867900,0,0
2018-06-06,332.41,337.25,332.41,335.22,292.697,1358800,0,0
2018-06-07,336.67,340.14,336.35,338.07,295.185,748600,0,0
2018-06-08,338.97,339.2,336.14,338.63,295.674,848900,0,0
2018-06-11,338.5,339.84,333.82,334.36,291.946,863500,0,0
2018-06-12,335.91,335.91,327.19,329.35,287.571,1223800,0,0
2018-06-13,329.17,331.25,326.66,327.82,286.235,928900,0,0
2018-06-14,328.02,330,321.51,322.56,281.643,1135400,0,0
2018-06-15,322.56,323.92,318.81,321.52,280.734,1540200,0,0
2018-06-18,320.8,323.44,320.06,322.42,281.52,932700,0,0
2018-06-19,318.82,320.72,313.02,313.84,274.029,1118000,0,0
2018-06-20,314.33,315.1,311.56,312.08,272.492,999900,0,0
2018-06-21,310.95,313.89,307.26,313.45,273.688,1650800,0,0
2018-06-22,315,316.47,311.4,312.06,272.474,900800,0,0
2018-06-25,309.39,314.93,309.01,313.72,273.924,1240800,0,0
2018-06-26,314.17,315.14,309.03,309.34,270.1,1127100,0,0
2018-06-27,309.93,313.24,306.48,306.59,267.698,1053400,0,0
2018-06-28,306.73,309.73,303.02,307.72,268.685,879900,0,0
2018-06-29,308.46,312.88,307.44,307.7,268.668,688700,0,0
2018-07-02,306.44,310.98,304.62,308.87,269.689,636700,0,0
2018-07-03,309.91,312.1,307.78,308.84,269.663,336000,0,0
2018-07-05,309.54,310.51,305.55,308.25,269.148,677800,0,0
2018-07-06,307.37,310.09,305.13,307.36,268.371,689600,0,0
2018-07-09,308.49,315.34,308.12,313.7,273.906,864300,0,0
2018-07-10,313.75,315.5,312.57,315.12,275.146,801100,0,0
2018-07-11,313.11,314.58,311.05,311.77,272.221,720900,0,0
2018-07-12,315.68,322.51,314.04,322.13,281.267,1216400,0,0
2018-07-13,319.95,322.31,316.28,321.73,280.918,1417500,0,0
2018-07-16,322.79,324.47,320.08,320.33,279.695,607600,0,0
2018-07-17,320.95,322.53,319.69,321.2,280.455,762800,0,0
2018-07-18,322.17,324.41,320.52,323.71,282.647,921200,0,0
2018-07-19,322.95,324.41,321.02,324.16,283.04,856300,0,0
2018-07-20,322.73,325.28,321.42,323.93,282.839,678000,0,0
2018-07-23,324.68,324.68,316.35,316.67,276.5,787600,0,0
2018-07-24,320.15,323.78,310.55,316.17,276.063,1926500,0,0
2018-07-25,310,312.87,293.27,295.5,258.015,4482900,0,0
2018-07-26,293.5,295.51,287.09,295.31,257.849,3206500,0,0
2018-07-27,295.99,302.57,295.99,301.65,263.385,2140700,0,0
2018-07-30,300.67,301.64,294.16,294.83,257.43,1272800,0,0
2018-07-31,296.7,302.56,294.72,300.49,262.372,1724000,0,0
2018-08-01,300,301.46,297.73,300.9,262.73,1476600,0,0
2018-08-02,297.7,300.12,296.72,298.69,260.801,924300,0,0
2018-08-03,298.43,298.67,295,297.25,259.543,703900,0,0
2018-08-06,296.51,297.04,292.38,295.43,257.954,997000,0,0
2018-08-07,295.69,297.82,293.02,295.26,257.806,1082000,0,0
2018-08-08,295.39,295.8,293.25,294.95,257.535,674900,0,0
2018-08-09,295.7,295.72,289.86,291.43,254.461,1654800,0,0
2018-08-10,290.83,294.7,289.3,291.32,254.365,987700,0,0
2018-08-13,291.23,293.42,290.29,292.02,254.977,894600,0,0
2018-08-14,292.98,296.3,292.03,293.86,256.583,949500,0,0
2018-08-15,292.57,293.19,290,291.51,254.531,1056100,0,0
2018-08-16,292.26,293.73,291.27,291.99,254.95,935000,0,0
2018-08-17,291.24,295.8,290.77,294.39,257.046,1127400,0,0
2018-08-20,295,298.6,294.3,297.5,259.761,1170200,0,0
2018-08-21,296.79,298.74,296.63,298.18,260.355,1653100,0,0
2018-08-22,297.09,299.19,296.7,297.24,259.534,984800,0,0
2018-08-23,296.61,299.66,295.74,297.58,259.831,1409400,0,0
2018-08-24,296.36,299.85,296.36,298.04,261.287,975500,1.2,0
2018-08-27,299.18,300.89,298.15,300.13,263.119,636200,0,0
2018-08-28,300.44,300.76,298.11,300.41,263.364,797600,0,0
2018-08-29,299.31,300.6,296.32,297.11,260.471,1233400,0,0
2018-08-30,297.03,299.5,296.18,298.69,261.857,1012500,0,0
2018-08-31,297.55,299.25,296.93,298.49,261.681,1040800,0,0
2018-09-04,297.68,298.71,296.22,297.65,260.945,1099600,0,0
2018-09-05,296.95,298.15,295.76,296.75,260.156,646600,0,0
2018-09-06,297.04,302.18,297.04,301.69,264.487,1171000,0,0
2018-09-07,301.22,301.35,298.42,300.52,263.461,740700,0,0
2018-09-10,300.88,304.02,298.57,303.94,266.459,1775900,0,0
2018-09-11,302.9,305.43,301.8,302.97,265.609,1253100,0,0
2018-09-12,302.05,304.42,301.46,303.53,266.1,899500,0,0
2018-09-13,303.5,308.04,300.03,303.41,265.994,1192000,0,0
2018-09-14,303.8,307.73,303.01,307.34,269.44,838000,0,0
2018-09-17,307.44,311.5,307.01,311.02,272.666,1115400,0,0
2018-09-18,311.43,318.06,311.43,317.63,278.461,1310200,0,0
2018-09-19,317.66,319.1,310.97,312.26,273.753,1823300,0,0
2018-09-20,311.8,312.85,296.66,301.41,264.241,2468000,0,0
2018-09-21,303,307.93,302.76,306.69,268.87,1692800,0,0
2018-09-24,306.66,307.1,304.1,306.11,268.361,815900,0,0
2018-09-25,306.68,314.74,306.11,314.41,275.638,1167400,0,0
2018-09-26,315.49,316.54,313.06,314.58,275.787,1495700,0,0
2018-09-27,314.28,316.85,312.49,316.77,277.707,1285200,0,0
2018-09-28,316.41,317.63,315.1,317.37,278.233,1015900,0,0
2018-10-01,318.05,319.44,316.1,318.5,279.224,829900,0,0
2018-10-02,319.1,319.66,317.85,318.77,279.46,757400,0,0
2018-10-03,320,321.72,317.5,317.63,278.461,877500,0,0
2018-10-04,317.76,318.39,315.61,318.09,278.864,787600,0,0
2018-10-05,318.58,321.34,316.59,320.34,280.837,1086300,0,0
2018-10-08,318.68,320.9,316.61,319,279.662,776000,0,0
2018-10-09,317.89,318.14,314.07,314.2,275.454,873600,0,0
2018-10-10,313.24,313.79,306.87,309.05,270.939,1451200,0,0
2018-10-11,307.08,308.51,296.21,297.62,260.918,1375600,0,0
2018-10-12,300.87,302.86,294.96,302.37,265.083,1370700,0,0
2018-10-15,303.1,307.89,302.74,305.6,267.914,896700,0,0
2018-10-16,306.45,312.34,305.08,312.09,273.604,1185000,0,0
2018-10-17,311.57,312.62,309.12,309.5,271.333,1098100,0,0
2018-10-18,307.96,310.25,304.23,308.2,270.194,976200,0,0
2018-10-19,307.75,310.24,306.55,307.67,269.729,1398000,0,0
2018-10-22,308.53,308.53,305.34,306.75,268.922,764400,0,0
2018-10-23,302.74,309.72,299.58,304.12,266.617,1336800,0,0
2018-10-24,310.38,311,285.15,285.86,250.609,2415600,0,0
2018-10-25,286.23,286.99,268.51,269.98,236.687,2738500,0,0
2018-10-26,267.11,271.93,263.54,269.84,236.564,1971600,0,0
2018-10-29,273.39,273.9,253.12,256.3,224.694,2520700,0,0
2018-10-30,254.88,261.25,251.66,261.1,228.902,2453000,0,0
2018-10-31,263.74,266.82,261.66,261.95,229.647,1550700,0,0
2018-11-01,263.47,273.65,263.2,273.15,239.466,1808900,0,0
2018-11-02,274.53,277.84,272.22,273.8,240.036,1835100,0,0
2018-11-05,275.37,280.26,274.73,279.44,244.98,1296400,0,0
2018-11-06,278.4,283.2,278.4,282.74,247.873,1926800,0,0
2018-11-07,284,285.97,280.39,285.91,250.652,1527200,0,0
2018-11-08,286.62,288.54,279.52,284.03,249.004,1461900,0,0
2018-11-09,281.84,287.22,280.01,285.73,250.495,786500,0,0
2018-11-12,285.58,285.58,277.33,277.55,243.323,910800,0,0
2018-11-13,277.09,279.17,273.02,273.64,239.896,1467700,0,0
2018-11-14,275.9,277.15,270.38,270.72,237.336,1530000,0,0
2018-11-15,269.28,274.9,267.17,272.35,238.765,959900,0,0
2018-11-16,271.03,275.23,269.89,272.64,239.019,1022400,0,0
2018-11-19,272.99,272.99,266.52,269.26,236.056,1751600,0,0
2018-11-20,262.77,267.98,258.87,266.81,233.908,1493300,0,0
2018-11-21,268.08,270.95,266.47,267.71,234.697,1328400,0,0
2018-11-23,266.08,268.68,265.34,266.59,233.715,413700,0,0
2018-11-26,268.08,270.8,263.77,265.9,233.11,1034100,0,0
2018-11-27,264.24,264.76,256.05,260.34,228.236,1699100,0,0
2018-11-28,261.18,263.98,259.55,263.14,230.69,1218700,0,0
2018-11-29,263.19,263.52,258.4,260.67,228.525,1661300,0,0
2018-11-30,260.59,260.91,254.84,259.88,228.886,4006300,1.2,0
2018-12-03,262.41,265.47,259.07,261.47,230.286,2152000,0,0
2018-12-04,260.22,261.21,248.63,249.84,220.043,2892500,0,0
2018-12-06,246.53,257.01,245.57,257.01,226.358,2693000,0,0
2018-12-07,256.95,261.02,255.36,257.54,226.825,1755900,0,0
2018-12-10,260.61,272,260.61,270.23,238.002,3010000,0,0
2018-12-11,275.05,279.03,264.19,268,236.038,1924300,0,0
2018-12-12,270.17,272.84,269.51,270.11,237.896,1467400,0,0
2018-12-13,269.68,270.56,265.52,267.85,235.906,1737300,0,0
2018-12-14,265,267.23,261.42,262.71,231.379,1105600,0,0
2018-12-17,261.17,263.05,255.83,257.24,226.561,1032900,0,0
2018-12-18,259.21,261.56,254.28,256.94,226.297,1006700,0,0
2018-12-19,256.8,261.85,250.91,253.35,223.135,1312100,0,0
2018-12-20,251.4,253,241.71,243.62,214.565,1523800,0,0
2018-12-21,238.28,242.27,233.86,235.24,207.185,3054400,0,0
2018-12-24,232.6,234.21,226.13,226.23,199.249,814500,0,0
2018-12-26,226.53,233.07,223.63,232.64,204.895,1635700,0,0
2018-12-27,231.05,239.62,228,239.57,210.998,1252900,0,0
2018-12-28,241.37,246.23,239.08,242.25,213.359,1272100,0,0
2018-12-31,243.31,246.92,241.72,244.9,215.693,1111700,0,0
2019-01-02,241.17,246.56,237.08,246.37,216.987,1637900,0,0
2019-01-03,244.77,245.06,238.3,239.92,211.307,1703900,0,0
2019-01-04,243.37,247.95,242.52,247.9,218.335,1127800,0,0
2019-01-07,247.6,251.36,245.01,249.83,220.035,1388500,0,0
2019-01-08,251.4,253.39,248.01,250.96,221.03,1082400,0,0
2019-01-09,250.91,253.2,249.48,252.15,222.078,727700,0,0
2019-01-10,251.08,257.85,250.35,257.66,226.931,1063700,0,0
2019-01-11,255.24,256.21,252.44,256.05,225.513,668200,0,0
2019-01-14,256.5,262.86,254.89,259.96,228.957,982700,0,0
2019-01-15,260.28,261.92,255.38,258.94,228.058,965400,0,0
2019-01-16,259.18,259.18,255.61,255.74,225.24,668700,0,0
2019-01-17,254.88,266.87,254.56,264.08,232.585,1438600,0,0
2019-01-18,266.31,270.5,265.59,267.75,235.817,1507000,0,0
2019-01-22,266.91,268.27,262.77,264.73,233.158,531300,0,0
2019-01-23,266.92,273.38,266,270.23,238.002,1027400,0,0
2019-01-24,270.66,271.7,266.9,269.82,237.641,858400,0,0
2019-01-25,273.28,274.25,271,272.84,240.3,966300,0,0
2019-01-28,269.83,274.5,267.88,274.3,241.586,761900,0,0
2019-01-29,274.23,281.49,273.36,280.13,246.721,1555000,0,0
2019-01-30,280.53,283.17,276.13,280.82,247.329,1346900,0,0
2019-01-31,271.67,284.55,269.5,275.55,242.687,2021800,0,0
2019-02-01,276.91,278.97,272.54,272.96,240.406,1581300,0,0
2019-02-04,272.98,278.91,272.63,278.73,245.488,1316000,0,0
2019-02-05,280,281.2,274.66,278.46,245.25,841400,0,0
2019-02-06,278.4,281.64,278.21,280.41,246.968,888500,0,0
2019-02-07,279.51,281.16,275.77,278.53,245.312,872400,0,0
2019-02-08,277.44,280.71,276.54,280.62,247.153,726500,0,0
2019-02-11,280.91,283.11,280.46,281.47,247.901,1190900,0,0
2019-02-12,282.77,284.93,281.54,284.08,250.2,680000,0,0
2019-02-13,285.95,286.08,282.77,283.3,249.513,1254000,0,0
2019-02-14,281.6,282.03,279.12,280.6,247.135,842800,0,0
2019-02-15,283.41,287.07,282.55,286.98,252.754,929500,0,0
2019-02-19,285.99,287.72,284.58,287.35,253.08,651000,0,0
2019-02-20,287.84,288.43,286.31,288.22,253.846,1025200,0,0
2019-02-21,288.38,288.51,285.6,287.5,253.212,608900,0,0
2019-02-22,288,288.9,286,288.71,255.344,613800,1.2,0
2019-02-25,290,290.17,286.53,287.05,253.875,548300,0,0
2019-02-26,286.73,289.03,285.78,286.55,253.433,530300,0,0
2019-02-27,285.7,287.36,284.38,286.77,253.628,809000,0,0
2019-02-28,286.2,291.55,286,289.96,256.449,1037800,0,0
2019-03-01,291,291.35,285.62,287,253.831,790000,0,0
2019-03-04,287.54,290.33,282.1,283.1,250.382,704800,0,0
2019-03-05,283.78,284.96,282.3,282.87,250.178,667800,0,0
2019-03-06,283.31,284.95,280.38,280.46,248.047,547200,0,0
2019-03-07,280.01,280.01,273.04,276.44,244.492,1307100,0,0
2019-03-08,275.51,276.17,272.41,275.96,244.067,636700,0,0
2019-03-11,273.96,279.37,272.58,279.22,246.95,758700,0,0
2019-03-12,279.41,280,274.41,275.17,243.368,1016300,0,0
2019-03-13,275.02,280.63,274.41,279.16,246.897,896800,0,0
2019-03-14,278.44,280.21,274.32,274.75,242.997,804000,0,0
2019-03-15,274.3,275.51,270.08,271.21,239.866,2701600,0,0
2019-03-18,271.39,275.82,270.62,274.89,243.121,1204000,0,0
2019-03-19,276.05,278.65,270.57,271.01,239.689,1029500,0,0
2019-03-20,271.01,272.77,268.51,270.46,239.203,869100,0,0
2019-03-21,269.33,273.71,269.22,272.48,240.989,612400,0,0
2019-03-22,271.99,271.99,267.2,268.36,237.345,830100,0,0
2019-03-25,269.01,270.02,266.85,268.6,237.558,557300,0,0
2019-03-26,270.6,271.36,263.92,265.85,235.125,1070800,0,0
2019-03-27,265.81,268.5,263.29,263.92,233.419,809700,0,0
2019-03-28,265.14,267.58,263.82,267,236.143,1080300,0,0
2019-03-29,268.84,270.65,268.07,269.6,238.442,935000,0,0
2019-04-01,271.13,275.62,271.13,274.11,242.431,759200,0,0
2019-04-02,274.35,275.54,272.6,273.33,241.741,542700,0,0
2019-04-03,273.88,273.88,264.5,266.76,235.93,1321500,0,0
2019-04-04,267.51,273.1,266.74,271.01,239.689,1129100,0,0
2019-04-05,274.8,276.36,272.22,276.3,244.368,734400,0,0
2019-04-08,275,277.22,273.48,276.9,244.898,607600,0,0
2019-04-09,275.27,276.22,272.7,273.47,241.865,484200,0,0
2019-04-10,272.98,273.87,269.42,270.53,239.265,774500,0,0
2019-04-11,272.05,277.92,271.52,277.39,245.332,661900,0,0
2019-04-12,278.26,283.35,278.26,283.05,250.338,1108700,0,0
2019-04-15,282.92,283.64,280.2,280.22,247.835,474400,0,0
2019-04-16,280.5,282.27,279.66,281.61,249.064,608800,0,0
2019-04-17,283.46,283.8,278.68,278.77,246.552,665800,0,0
2019-04-18,279.27,282.6,278.11,281.16,248.666,545600,0,0
2019-04-22,280.19,283.27,278.76,282.89,250.196,494900,0,0
2019-04-23,287.7,294.92,287.43,292.61,258.793,1678900,0,0
2019-04-24,289.55,290.45,278.25,280,247.64,2439300,0,0
2019-04-25,279.4,281.09,273.7,279.19,246.924,1298400,0,0
2019-04-26,279.86,284.84,277.64,283.13,250.408,953200,0,0
2019-04-29,283.59,287.69,282.49,286,252.947,954400,0,0
2019-04-30,288.47,290.7,286.52,289.91,256.405,931000,0,0
2019-05-01,289.94,292.93,288.96,289.31,255.874,825800,0,0
2019-05-02,288.49,291.12,286.69,289.93,256.422,1028100,0,0
2019-05-03,291.05,292.24,290.33,292.04,258.289,974800,0,0
2019-05-06,287.5,292.37,286.77,291.34,257.67,549000,0,0
2019-05-07,289.53,289.83,284.56,288.38,255.052,731800,0,0
2019-05-08,288.25,291.52,287.71,290.56,256.98,667700,0,0
2019-05-09,287.79,296.25,287.13,295,260.907,1125400,0,0
2019-05-10,294.63,301,293.93,300.8,266.036,1418000,0,0
2019-05-13,295.02,296.73,292.18,295.48,261.331,987000,0,0
2019-05-14,295.82,299.97,294.5,295.64,261.473,1256900,0,0
2019-05-15,293.81,296.79,291.3,294.49,260.455,619700,0,0
2019-05-16,296.25,306.35,295.76,304.71,269.494,1045900,0,0
2019-05-17,302.84,308.73,301.56,306.69,271.246,1172000,0,0
2019-05-20,306.3,315.01,306.01,314.58,278.224,1427500,0,0
2019-05-21,315.13,317.5,309.6,316.24,279.692,1385300,0,0
2019-05-22,315.74,317.06,314.37,316.63,280.037,952100,0,0
2019-05-23,313.7,314.21,308.11,311.09,275.137,1116900,0,0
2019-05-24,312.42,314.8,309.77,312.07,276.004,723700,0,0
2019-05-28,310.88,312.75,307.6,308.23,272.608,1419600,0,0
2019-05-29,306.78,307.72,303.7,306.01,270.644,582000,0,0
2019-05-30,306.98,311.22,306.98,309.81,274.005,1099500,0,0
2019-05-31,304.56,307.83,303.13,303.25,269.351,667700,1.32,0
2019-06-03,303.01,308.38,303.01,306.94,272.628,746500,0,0
2019-06-04,307.87,313.75,307.76,312.27,277.362,796700,0,0
2019-06-05,313.9,316.99,312.54,316.77,281.359,703000,0,0
2019-06-06,316.78,317.32,314.38,314.82,279.627,595000,0,0
2019-06-07,315.89,319.37,314.32,318.29,282.709,1010000,0,0
2019-06-10,323,323.73,310.21,311.31,276.51,1088700,0,0
2019-06-11,311.31,312.81,298.23,300.73,267.112,1603500,0,0
2019-06-12,301.2,305.28,299.96,304.85,270.772,771500,0,0
2019-06-13,306.22,308.25,300.44,307.63,273.241,1327600,0,0
2019-06-14,308.45,310.48,306.59,309.43,274.84,768200,0,0
2019-06-17,310.85,310.85,307.09,309.47,274.875,572500,0,0
2019-06-18,310.62,315.46,309.48,313.19,278.18,679000,0,0
2019-06-19,313.24,315.59,312.06,315.19,279.956,698700,0,0
2019-06-20,317.74,324.35,317.74,323.82,287.621,1195700,0,0
2019-06-21,324.89,324.93,320.73,322.16,286.147,1096600,0,0
2019-06-24,322.82,324.52,321.36,321.48,285.543,359200,0,0
2019-06-25,322.21,323.44,319.5,321.15,285.25,559200,0,0
2019-06-26,321.26,322.74,318.06,318.7,283.074,590500,0,0
2019-06-27,319.13,319.7,316.26,318.28,282.7,640900,0,0
2019-06-28,318.23,323.93,316.45,323.11,286.991,842800,0,0
2019-07-01,325,325,317.88,318.54,282.932,745600,0,0
2019-07-02,319.83,323.99,319.21,323.69,287.506,547500,0,0
2019-07-03,325,325.58,322.72,325.25,288.891,352000,0,0
2019-07-05,324.53,325.26,320.81,325.2,288.847,325600,0,0
2019-07-08,324.03,325.87,322.5,323.99,287.772,377100,0,0
2019-07-09,323.26,325.95,321.1,325.81,289.389,481600,0,0
2019-07-10,326.16,328.8,323.85,324.06,287.834,451800,0,0
2019-07-11,324.57,328.26,324.02,324.93,288.607,718800,0,0
2019-07-12,326.28,329.61,323.26,329.53,292.693,654700,0,0
2019-07-15,330.1,330.26,324.2,325.27,288.909,624600,0,0
2019-07-16,325.59,326.76,323,323.83,287.63,625400,0,0
2019-07-17,323.16,324.14,319.59,322,286.005,567700,0,0
2019-07-18,322,322.03,319.07,321.14,285.241,612100,0,0
2019-07-19,323.46,324.92,321.17,322.16,286.147,881400,0,0
2019-07-22,321.01,324.04,320.35,323.2,287.071,604600,0,0
2019-07-23,326.3,326.48,318.9,323.99,287.772,1587800,0,0
2019-07-24,323.88,344.78,321.61,342.97,304.631,1895300,0,0
2019-07-25,345.97,358.96,344.31,354.72,315.067,1888600,0,0
2019-07-26,353.61,354.47,349.5,352.52,313.113,896500,0,0
2019-07-29,352.54,356.01,350.9,355.43,315.698,698700,0,0
2019-07-30,354.25,355.31,349.27,352.91,313.459,603300,0,0
2019-07-31,351.04,353.99,344.46,345.57,306.94,1105100,0,0
2019-08-01,345.27,350.34,343.93,345.02,306.451,660500,0,0
2019-08-02,345,346.98,338.52,341.16,303.023,621700,0,0
2019-08-05,337.77,346.79,334.96,342.81,304.488,968500,0,0
2019-08-06,349.99,355.43,348.19,354.25,314.65,1007200,0,0
2019-08-07,351.94,363.41,350.35,361.42,321.018,1486300,0,0
2019-08-08,364.55,372.41,363.42,368.96,327.715,1434700,0,0
2019-08-09,368.8,374.68,364.64,370.54,329.119,896900,0,0
2019-08-12,368.15,373.99,367.35,373.21,331.49,933000,0,0
2019-08-13,375.56,377.34,368.91,370.66,329.225,1002400,0,0
2019-08-14,365.56,367.52,360.35,361.42,321.018,871900,0,0
2019-08-15,363,366.04,359.6,365.22,324.393,705900,0,0
2019-08-16,367.82,369.29,364.79,367.91,326.783,841600,0,0
2019-08-19,371.8,372.53,369.7,370.08,328.71,548400,0,0
2019-08-20,370.13,372.88,368.29,369.01,327.76,517200,0,0
2019-08-21,372.13,373.19,366.5,369.14,327.875,655000,0,0
2019-08-22,369.5,373.48,366.58,372.02,330.433,640300,0,0
2019-08-23,369.49,373.14,359.78,361.5,321.089,667800,0,0
2019-08-26,364.12,366.82,361.5,366.65,325.663,446000,0,0
2019-08-27,367.53,367.53,361.6,364.18,323.47,407200,0,0
2019-08-28,363.34,368.4,361.16,363.9,323.221,571300,0,0
2019-08-29,368.01,368.81,364.25,367.93,326.8,625800,0,0
2019-08-30,370.59,371.33,367.22,367.87,326.747,576300,0,0
2019-09-03,364.65,367.19,362.5,366.23,325.29,660200,0,0
2019-09-04,368.64,372.13,366.86,372.06,330.469,625600,0,0
2019-09-05,375,375,366.96,368.43,327.244,698400,0,0
2019-09-06,369.59,371.58,366.94,367.77,327.833,536400,1.32,0
2019-09-09,367.57,368.05,354.99,355.83,317.189,1272600,0,0
2019-09-10,352.6,355.18,341.24,355.09,316.53,1534900,0,0
2019-09-11,355.17,359.66,353.92,358.85,319.881,1150000,0,0
2019-09-12,361.72,365.76,357.76,365.22,325.56,776500,0,0
2019-09-13,366.7,367.5,363.21,363.68,324.187,704400,0,0
2019-09-16,368.5,372.8,365.01,371.43,331.095,988600,0,0
2019-09-17,371.44,376.99,367.83,374.47,333.805,1151800,0,0
2019-09-18,376.4,378.69,371.04,377.42,336.435,1205200,0,0
2019-09-19,376.88,380.46,374.53,375.58,334.795,1029400,0,0
2019-09-20,376.57,377.68,368.11,368.18,328.198,3489400,0,0
2019-09-23,368.17,372.28,365.8,369.13,329.045,979000,0,0
2019-09-24,371.47,374.52,366.55,369.51,329.384,1120700,0,0
2019-09-25,371.03,375.37,369.13,375.01,334.287,1349500,0,0
2019-09-26,376.21,383.89,373.68,382.15,340.651,1255000,0,0
2019-09-27,381.17,382.9,368.81,371.18,330.872,1117300,0,0
2019-09-30,372.38,378.58,372.38,374.79,334.09,877100,0,0
2019-10-01,375.97,377.09,367.66,367.79,327.851,1045700,0,0
2019-10-02,366.35,368.55,359.23,362.5,323.135,1451000,0,0
2019-10-03,362.34,364.99,359.25,364.33,324.766,835600,0,0
2019-10-04,365.29,370.13,363.58,368.98,328.911,953800,0,0
2019-10-07,368.02,371.1,366.96,367.92,327.966,592000,0,0
2019-10-08,366,372.17,363.62,368.44,328.43,736100,0,0
2019-10-09,370.17,371.33,366.02,367.63,327.708,1268900,0,0
2019-10-10,367.53,371.03,366.54,368.75,328.706,967900,0,0
2019-10-11,372.45,372.45,358.73,362.22,322.885,1535100,0,0
2019-10-14,363.05,369.3,362.68,366.42,326.629,658000,0,0
2019-10-15,366.31,368.48,361.13,361.94,322.636,744800,0,0
2019-10-16,361.94,365.16,361.31,364.69,325.087,553600,0,0
2019-10-17,364.53,366.01,355.89,356.27,317.582,1081400,0,0
2019-10-18,357.35,357.51,347.74,349.62,311.654,2198400,0,0
2019-10-21,352.61,354.14,349.82,350.39,312.34,1102700,0,0
2019-10-22,347.5,355.16,347,352.38,314.114,1154800,0,0
2019-10-23,352,353.77,348.34,353.2,314.845,1117000,0,0
2019-10-24,348,360.23,340.2,356.91,318.152,1312100,0,0
2019-10-25,357.58,358.21,344.89,345,307.535,1563500,0,0
2019-10-28,345.74,348.44,344.28,346.53,308.899,1348400,0,0
2019-10-29,346.45,350.16,345.85,347.17,309.47,737000,0,0
2019-10-30,348.05,354.73,347.25,354.08,315.629,840200,0,0
2019-10-31,353.38,355.81,350.35,352.48,314.203,829200,0,0
2019-11-01,353.35,355.96,351.13,352.13,313.891,1167500,0,0
2019-11-04,353.65,353.65,338.46,340.67,303.676,1984800,0,0
2019-11-05,340,343.17,335.94,337.85,301.162,2410700,0,0
2019-11-06,339.18,344.37,338.1,344.02,306.662,1168000,0,0
2019-11-07,344.01,345.32,341.16,343.43,306.136,1154900,0,0
2019-11-08,342.93,350.69,342.93,350.11,312.091,807800,0,0
2019-11-11,348.6,351.73,347.42,350,311.992,547100,0,0
2019-11-12,349.43,352.68,349.39,351.69,313.499,514800,0,0
2019-11-13,352.46,355.75,350.52,353.72,315.309,517200,0,0
2019-11-14,353.16,357.62,353.16,355.69,317.065,610000,0,0
2019-11-15,358.46,359.83,356.21,356.66,317.929,871300,0,0
2019-11-18,355.88,358.18,355.46,356.7,317.965,891400,0,0
2019-11-19,357.73,358.56,352.61,353.54,315.148,790900,0,0
2019-11-20,353.53,356.98,352.43,353,314.667,777600,0,0
2019-11-21,352.77,354.03,348.1,348.22,310.406,785100,0,0
2019-11-22,349.18,350.04,346.79,349.16,311.244,583300,0,0
2019-11-25,350.33,350.97,348.86,349.75,311.77,988300,0,0
2019-11-26,350.28,356.62,349.17,353.85,315.424,1294500,0,0
2019-11-27,352.33,355.15,350.64,352.88,314.56,619700,0,0
2019-11-29,351,351.92,348.91,351.77,314.748,311200,1.32,0
2019-12-02,351.97,352.99,341.61,341.73,305.764,886600,0,0
2019-12-03,340.18,344.12,338.73,343.15,307.035,1320500,0,0
2019-12-04,344.75,347.87,343.15,343.21,307.089,708900,0,0
2019-12-05,344.67,345.11,341.91,344.41,308.162,803900,0,0
2019-12-06,346.1,348.15,344.32,344.76,308.475,931400,0,0
2019-12-09,344.76,345.61,338.63,343.05,306.945,1137200,0,0
2019-12-10,343.06,347.01,343.06,344.48,308.225,1041100,0,0
2019-12-11,345.73,348.87,344.61,348.71,312.01,574500,0,0
2019-12-12,348.77,349.84,344.01,345.9,309.495,737600,0,0
2019-12-13,344.56,347.5,342.79,344.65,308.377,865800,0,0
2019-12-16,344.33,345.69,342.84,344.69,308.413,972900,0,0
2019-12-17,345.4,347.27,343.53,345.84,309.442,753700,0,0
2019-12-18,345.56,346.56,338.4,338.7,303.053,1145400,0,0
2019-12-19,338.79,343.49,338.01,342.21,306.194,1418600,0,0
2019-12-20,343.94,346.22,340.43,345.91,309.504,1534600,0,0
2019-12-23,348.54,350.9,346.5,348.12,311.482,652300,0,0
2019-12-24,348.82,349.08,345.82,347.08,310.551,229400,0,0
2019-12-26,347.63,348.98,346.02,347.96,311.339,432700,0,0
2019-12-27,348.5,349,345.42,346.44,309.979,356900,0,0
2019-12-30,347.7,350.75,346.89,349.07,312.332,575500,0,0
2019-12-31,348.27,348.98,342.73,343.97,307.769,907800,0,0
2020-01-02,344.44,355.7,343.62,355.7,318.264,941900,0,0
2020-01-03,368.15,375.82,366.37,375.01,335.542,2600300,0,0
2020-01-06,379.95,382.26,372.58,375.83,336.275,2130000,0,0
2020-01-07,373.62,376.71,371.09,374.97,335.506,863600,0,0
2020-01-08,376.2,379.27,367.1,370.29,331.319,1312400,0,0
2020-01-09,370.56,373.5,369.17,372.36,333.171,741500,0,0
2020-01-10,372.37,375,369.76,374.39,334.987,1178200,0,0
2020-01-13,375.73,377.76,374.81,376.83,337.17,667400,0,0
2020-01-14,375.8,376.18,373.08,374.67,335.238,740600,0,0
2020-01-15,374.68,381.78,374.68,380.26,340.239,650500,0,0
2020-01-16,381.61,384.61,379.57,383.78,343.389,839100,0,0
2020-01-17,384.68,384.68,378.29,379.97,339.98,1237700,0,0
2020-01-21,379.38,381.19,373.96,378.13,338.333,1420900,0,0
2020-01-22,378.5,380.34,375.26,375.32,335.819,864300,0,0
2020-01-23,375.8,381.64,374.76,381.5,341.349,1099400,0,0
2020-01-24,383.02,384.18,380.2,381.64,341.474,738000,0,0
2020-01-27,378.36,380.99,375.78,379.07,339.175,665200,0,0
2020-01-28,380.5,383.98,374.22,381.84,341.653,674500,0,0
2020-01-29,384.48,384.48,378.14,382.65,342.378,639600,0,0
2020-01-30,373.1,385.01,369.18,384.87,344.364,1397400,0,0
2020-01-31,383.33,384.33,372.08,374.57,335.148,1086400,0,0
2020-02-03,367.33,370,362.76,363.75,325.467,1316200,0,0
2020-02-04,366.63,367.9,360,361.81,323.731,1054400,0,0
2020-02-05,362.58,368.89,358.8,367.8,329.091,815200,0,0
2020-02-06,366.72,366.72,362.5,363.75,325.467,860000,0,0
2020-02-07,363.38,366.17,361.12,361.42,323.382,790300,0,0
2020-02-10,361.05,364.03,357.62,363.29,325.055,716400,0,0
2020-02-11,364.56,371.98,363.81,368.04,329.305,697600,0,0
2020-02-12,367.61,369.23,363.98,367.73,329.028,935400,0,0
2020-02-13,366.7,370.47,365.04,368,329.27,848600,0,0
2020-02-14,368.82,371.64,367.01,370.94,331.9,635100,0,0
2020-02-18,367.7,372.64,365.75,372.42,333.224,810900,0,0
2020-02-19,373.22,374.39,365.96,366.15,327.614,864600,0,0
2020-02-20,365.28,367.62,360.53,363.25,325.019,995200,0,0
2020-02-21,360.66,365.93,358.03,365.01,327.785,880000,1.32,0
2020-02-24,357.99,365.85,357.72,359.39,322.738,997500,0,0
2020-02-25,361.07,361.44,338.78,339.97,305.299,1458800,0,0
2020-02-26,342.5,347.15,334.31,334.32,300.225,934400,0,0
2020-02-27,329.49,337.79,325,331.57,297.756,2054500,0,0
2020-02-28,320,329.82,313.98,328.84,295.304,2919600,0,0
2020-03-02,330.46,336.93,321.86,335.99,301.725,1547000,0,0
2020-03-03,335.99,347.9,329.01,329.38,295.789,1207900,0,0
2020-03-04,335.57,347.99,330.52,346.97,311.585,1193700,0,0
2020-03-05,339.48,342.03,325.86,327.78,294.352,1214100,0,0
2020-03-06,319.32,331.9,315.84,328.96,295.412,1361200,0,0
2020-03-09,306.94,320.74,280,313.28,281.331,1355400,0,0
2020-03-10,324.69,335.14,321.63,334.89,300.737,1826700,0,0
2020-03-11,325.45,330.36,311.87,317.85,285.435,1484400,0,0
2020-03-12,296.99,308.96,289.26,290.5,260.874,2525900,0,0
2020-03-13,303.66,315.65,289.59,314.5,282.427,2307500,0,0
2020-03-16,274.59,300.44,274.59,282.59,253.771,1520200,0,0
2020-03-17,288.36,319.89,287.58,319.33,286.764,2113200,0,0
2020-03-18,301.01,325.85,298.61,323,290.06,1779400,0,0
2020-03-19,321.15,322.99,289.51,296.91,266.63,1711600,0,0
2020-03-20,300.94,301.17,274.77,284.02,255.055,1768500,0,0
2020-03-23,280.85,283.25,263.31,269.86,242.339,1497400,0,0
2020-03-24,280.25,284,272.63,281.28,252.594,1655100,0,0
2020-03-25,281.79,301.98,279,288.36,258.952,1615600,0,0
2020-03-26,290.63,321.92,290.63,321.19,288.434,1425500,0,0
2020-03-27,311.89,318.77,301.6,312.15,280.316,1504800,0,0
2020-03-30,317.41,322.92,308.86,313.72,281.726,1261700,0,0
2020-03-31,309.17,311,300.38,302.55,271.695,1980200,0,0
2020-04-01,293.85,309.99,290.62,306.99,275.682,1226500,0,0
2020-04-02,301.9,314.73,301.69,314.29,282.238,1061900,0,0
2020-04-03,313.9,315.55,310.31,313.61,281.627,834900,0,0
2020-04-06,320,335.27,319.5,332.33,298.438,1047600,0,0
2020-04-07,342.71,343.31,324.96,325.52,292.323,1098500,0,0
2020-04-08,330.31,336.63,327.08,329.67,296.049,919000,0,0
2020-04-09,334.61,339.12,330.65,336.65,302.318,1115800,0,0
2020-04-13,336.71,341.54,334.14,338.85,304.293,639000,0,0
2020-04-14,344.71,352,342,348.79,313.22,639100,0,0
2020-04-15,346.02,346.11,336.51,344.29,309.178,712300,0,0
2020-04-16,343.59,348.35,342.32,346.24,310.93,879700,0,0
2020-04-17,353.61,357.12,347,356.3,319.964,1236800,0,0
2020-04-20,353.66,354.38,343.51,343.91,308.837,695700,0,0
2020-04-21,340.95,346.59,332.29,333.68,299.65,813200,0,0
2020-04-22,339.17,343.55,334.97,342.01,307.131,676200,0,0
2020-04-23,341.97,344,335.6,335.83,301.581,1104400,0,0
2020-04-24,338,340.84,332,339.31,304.706,560400,0,0
2020-04-27,341.96,346.78,340.5,344.81,309.645,764500,0,0
2020-04-28,349.27,351.42,342.64,344.53,309.394,696100,0,0
2020-04-29,332.55,347.16,321.13,331.83,297.989,2044500,0,0
2020-04-30,327.56,331.91,322.98,330.67,296.947,1137400,0,0
2020-05-01,326.96,330.25,324.27,328.06,294.604,849700,0,0
2020-05-04,326.36,327,319.76,322.56,289.665,576400,0,0
2020-05-05,323.49,331.94,322.26,328.74,295.214,595700,0,0
2020-05-06,330.64,331.51,322.52,323.03,290.087,570600,0,0
2020-05-07,326.97,327,322.74,324.14,291.083,593100,0,0
2020-05-08,324.25,329.03,322.73,327.65,294.235,664800,0,0
2020-05-11,326.1,329.56,324.76,327.47,294.074,922300,0,0
2020-05-12,328.88,332.53,325.39,325.51,292.314,1098300,0,0
2020-05-13,324.44,325.81,317.81,320.46,287.779,690600,0,0
2020-05-14,318.26,318.3,307.33,311.93,280.119,1121800,0,0
2020-05-15,311.31,324.1,310.25,321.63,288.829,1672600,0,0
2020-05-18,330.18,333.84,322.57,331.17,297.396,934400,0,0
2020-05-19,330.83,335.19,326.67,327.03,293.679,564000,0,0
2020-05-20,331.95,331.95,319.71,320.4,287.725,899000,0,0
2020-05-21,320.59,329.53,319.75,328.11,294.648,733400,0,0
2020-05-22,328.95,328.95,323.44,325.91,292.673,723900,0,0
2020-05-26,333.21,333.35,323.47,324.19,291.128,1217700,0,0
2020-05-27,328,343.5,326.2,342.98,308.002,934600,0,0
2020-05-28,346.41,348.78,342.31,342.73,307.777,728200,0,0
2020-05-29,339.84,340.74,334.4,335.2,302.294,1118800,1.45,0
2020-06-01,335.63,342.12,330.25,330.67,298.209,1232400,0,0
2020-06-02,332.37,333.82,325.05,327.06,294.953,1451400,0,0
2020-06-03,329.77,336.69,327.58,335.96,302.98,1628800,0,0
2020-06-04,336.55,340.94,334.15,335.74,302.781,689900,0,0
2020-06-05,343.25,346.59,339.69,342.1,308.517,1259700,0,0
2020-06-08,341.58,349.27,341.48,348.79,314.55,661500,0,0
2020-06-09,346.88,346.88,340.99,342.53,308.905,1039200,0,0
2020-06-10,341.24,344.08,338.46,341.25,307.75,606200,0,0
2020-06-11,330,336.73,320.82,320.99,289.479,965900,0,0
2020-06-12,328.7,328.7,313.08,317.68,286.494,817800,0,0
2020-06-15,310.75,316.02,308.55,313.62,282.833,1194300,0,0
2020-06-16,324.47,329.47,317.76,324.74,292.861,1069500,0,0
2020-06-17,323.81,327.26,320.57,322.29,290.652,613200,0,0
2020-06-18,319.65,321.49,316.1,317.83,286.629,741700,0,0
2020-06-19,322,322.57,312.38,312.66,281.967,1242500,0,0
2020-06-22,311.93,315.6,309.58,315.56,284.582,838100,0,0
2020-06-23,316.85,317,306.79,307.1,276.953,979900,0,0
2020-06-24,304.61,305.3,299.25,301.91,272.272,1217000,0,0
2020-06-25,300.37,302.54,294,301.75,272.128,1285600,0,0
2020-06-26,300.68,306.08,298.93,301.86,272.227,1286500,0,0
2020-06-29,304.82,309.02,303.33,309.02,278.684,734000,0,0
2020-06-30,308.67,309.22,304.4,307.44,277.259,772900,0,0
2020-07-01,308.87,311.14,306.5,308.14,277.891,737900,0,0
2020-07-02,311.13,313.24,308.62,309.97,279.541,629700,0,0
2020-07-06,313.05,313.5,308.76,312.4,281.733,739200,0,0
2020-07-07,310.13,312.5,303.65,304.47,274.581,741000,0,0
2020-07-08,304,306.55,298.77,301.1,271.542,908100,0,0
2020-07-09,299.63,300.31,285.49,285.95,257.879,1729500,0,0
2020-07-10,287.17,294.22,286.81,292,263.335,1504700,0,0
2020-07-13,294.42,296.57,290.29,292.35,263.651,1043600,0,0
2020-07-14,291.27,295.85,287.52,295.55,266.537,1180200,0,0
2020-07-15,300.12,303.93,298,300.76,271.235,1196300,0,0
2020-07-16,299.47,305.98,296.5,303.65,273.841,1162900,0,0
2020-07-17,305.85,307.69,303.57,306.84,276.718,1544800,0,0
2020-07-20,306.75,306.76,301.25,301.49,271.894,921800,0,0
2020-07-21,306.33,309.13,302.39,308.19,277.936,1007400,0,0
2020-07-22,306.59,316.39,306.01,316,284.979,942100,0,0
2020-07-23,316,318.72,311.69,313.06,282.328,694200,0,0
2020-07-24,314.78,318.79,310.26,312.69,281.994,686900,0,0
2020-07-27,311.01,311.72,305.88,308.02,277.783,575800,0,0
2020-07-28,307.91,317.94,307.91,312.87,282.156,709300,0,0
2020-07-29,316.14,316.69,310.53,315.26,284.312,1299500,0,0
2020-07-30,314,329.46,313.01,326.01,294.007,1493800,0,0
2020-07-31,326.01,326.58,318.2,325.01,293.105,1161300,0,0
2020-08-03,324.58,326.19,321.83,323.59,291.824,603100,0,0
2020-08-04,324.6,325.29,320.86,325.01,293.105,538100,0,0
2020-08-05,325.92,330.93,325.01,329.71,297.343,566400,0,0
2020-08-06,327.99,329.65,325.45,326.34,294.304,720200,0,0
2020-08-07,326.83,332,325.48,329.27,296.947,1470200,0,0
2020-08-10,330.36,336.27,330.36,335.73,302.772,1016000,0,0
2020-08-11,339.19,345.41,338.46,341.85,308.292,1527100,0,0
2020-08-12,343.18,343.99,337.55,339.4,306.082,636600,0,0
2020-08-13,336.79,340.82,335.46,338.62,305.379,493000,0,0
2020-08-14,337.28,343.84,336.86,342.06,308.481,396200,0,0
2020-08-17,341.77,344,338.52,339.76,306.407,628200,0,0
2020-08-18,339.72,339.92,337.27,337.6,304.459,499000,0,0
2020-08-19,337,340.32,336.2,337.91,304.738,487700,0,0
2020-08-20,337.58,338.44,336.03,336.67,303.62,338500,0,0
2020-08-21,337.3,339.13,336.44,337.86,304.693,440800,0,0
2020-08-24,338.7,344.51,338.41,344.42,310.609,416700,0,0
2020-08-25,345,345.07,341.45,343,309.329,454600,0,0
2020-08-26,341.5,342.88,338.02,341.41,307.895,607200,0,0
2020-08-27,343.46,349.23,342.06,348.99,314.731,669200,0,0
2020-08-28,347.78,348.55,342.27,344.75,312.204,513500,1.45,0
2020-08-31,343.2,344.46,341.57,342.61,310.266,558000,0,0
2020-09-01,340.16,342.87,337.11,340.38,308.247,538800,0,0
2020-09-02,338.82,350.25,338.02,348.36,315.473,660600,0,0
2020-09-03,350.65,352.12,339.92,342.23,309.922,791700,0,0
2020-09-04,343.99,347.06,337.34,339.03,307.024,584400,0,0
2020-09-08,339.89,339.89,334.21,334.56,302.976,661800,0,0
2020-09-09,342.68,342.76,336.66,339.41,307.368,608800,0,0
2020-09-10,339.77,341.04,329.41,330.02,298.865,558100,0,0
2020-09-11,333.06,340.17,331.7,338.88,306.888,489300,0,0
2020-09-14,340.75,341.66,337.66,338.45,306.499,552900,0,0
2020-09-15,337.55,339.95,334.73,338.02,306.109,523500,0,0
2020-09-16,337.25,346.89,335.74,343.47,311.045,750000,0,0
2020-09-17,341.13,345.47,338.08,343.84,311.38,361300,0,0
2020-09-18,341.16,345.89,341.16,341.5,309.261,689900,0,0
2020-09-21,337.93,338.56,324.41,325.89,295.124,714900,0,0
2020-09-22,327.32,333.46,326.91,332.8,301.382,651900,0,0
2020-09-23,334.45,337.33,326.52,328.06,297.09,790800,0,0
2020-09-24,327.48,328.7,321.17,324.72,294.065,574900,0,0
2020-09-25,324.13,329.58,322.94,328,297.035,646300,0,0
2020-09-28,330.54,333.56,328.72,329.52,298.412,566900,0,0
2020-09-29,328.78,330.42,324.43,325.28,294.572,483200,0,0
2020-09-30,326.2,326.73,312.25,315.49,285.706,1183800,0,0
2020-10-01,317.35,321.05,309.36,311.81,282.374,1687900,0,0
2020-10-02,309.11,315.14,307.12,313.95,284.312,1380900,0,0
2020-10-05,315.85,317.23,311.3,312.18,282.709,881700,0,0
2020-10-06,320.33,320.33,308.89,308.97,279.802,1149200,0,0
2020-10-07,310.4,315.57,310.4,313.89,284.257,1019500,0,0
2020-10-08,314.22,319.82,314.22,319.68,289.501,596800,0,0
2020-10-09,320,322.47,313.63,315.28,285.516,1210200,0,0
2020-10-12,314.52,318.81,313.22,316.59,286.703,834600,0,0
2020-10-13,315.1,318.43,311.86,312.6,283.089,636400,0,0
2020-10-14,311.43,317.6,311.4,314.89,285.163,1119900,0,0
2020-10-15,313.53,316.26,312.24,314.82,285.1,854000,0,0
2020-10-16,315.97,319.73,315.56,316.24,286.385,1393700,0,0
2020-10-19,316.04,318.89,310.82,311.33,281.939,775300,0,0
2020-10-20,313.74,313.77,308.28,309.05,279.874,786300,0,0
2020-10-21,308.04,309.84,305.91,308.37,279.258,830000,0,0
2020-10-22,309.26,314.69,302.99,302.99,274.386,1388000,0,0
2020-10-23,305.16,309.56,304,308.43,279.313,1113300,0,0
2020-10-26,305.4,312.35,301.7,309.84,280.59,1312700,0,0
2020-10-27,308.67,309.01,302.07,302.12,273.598,1081500,0,0
2020-10-28,299.58,304.25,293.54,293.66,265.937,1221300,0,0
2020-10-29,292.54,297.69,291.25,292.39,264.787,1260400,0,0
2020-10-30,290.87,293.92,285.13,289.82,262.46,1227100,0,0
2020-11-02,294.48,298.98,292.75,296.63,268.627,852100,0,0
2020-11-03,299.31,307.12,299.31,304.82,276.044,864900,0,0
2020-11-04,310,324.26,309,315.64,285.842,1684000,0,0
2020-11-05,316.5,317.28,306.06,307.4,278.38,1410300,0,0
2020-11-06,305.74,305.94,296.63,301.36,272.91,946700,0,0
2020-11-09,315,317.6,300.07,301.28,272.838,1732000,0,0
2020-11-10,302.73,316.9,301.48,314.51,284.819,948500,0,0
2020-11-11,314.96,314.97,306.02,309.96,280.698,590700,0,0
2020-11-12,308,308.78,302.34,306.23,277.32,737400,0,0
2020-11-13,308.08,313.12,307.11,311.71,282.283,493400,0,0
2020-11-16,315.38,315.58,311.42,312.73,283.207,555100,0,0
2020-11-17,310.33,315.75,309.65,312.63,283.116,744500,0,0
2020-11-18,314.74,316.42,310.3,310.6,281.278,1187100,0,0
2020-11-19,311.22,311.87,306.92,309.48,280.264,708100,0,0
2020-11-20,308.88,310.21,305.2,306.42,277.493,776900,0,0
2020-11-23,309.23,311.21,305.5,306.49,277.556,677000,0,0
2020-11-24,309.51,313.61,308.5,309.98,280.716,918600,0,0
2020-11-25,310.06,314.14,307.85,312.26,282.781,698700,0,0
2020-11-27,311.37,311.63,305.3,306.03,278.432,475100,1.45,0
2020-11-30,305.3,306.4,299.14,302.26,275.002,1154600,0,0
2020-12-01,304.18,309.87,300.54,301.1,273.947,882900,0,0
2020-12-02,301.1,301.69,297.74,298.77,271.827,769500,0,0
2020-12-03,299.17,304.75,298.72,303.43,276.067,992100,0,0
2020-12-04,304.03,307.69,303.12,307.23,279.524,794100,0,0
2020-12-07,306.8,306.94,298.29,301,273.856,907100,0,0
2020-12-08,300.76,308.64,300.4,301.96,274.729,764100,0,0
2020-12-09,302.14,304.71,300.07,303.73,276.34,730500,0,0
2020-12-10,302.1,305.69,297.88,298.43,271.518,1166100,0,0
2020-12-11,298.08,301.21,295.05,300.57,273.465,860300,0,0
2020-12-14,301.98,303.39,298,298,271.126,700300,0,0
2020-12-15,298.34,300.66,297.75,298.51,271.59,885900,0,0
2020-12-16,300.42,304.08,299.31,302.01,274.775,995100,0,0
2020-12-17,302.27,306.99,299.67,300.68,273.565,1295700,0,0
2020-12-18,300.6,304.96,299.21,303.13,275.794,2663200,0,0
2020-12-21,299.03,299.91,292.76,297.61,270.772,1428900,0,0
2020-12-22,297.44,297.82,294.72,296.32,269.598,963200,0,0
2020-12-23,298.29,302.84,297.56,300.66,273.547,787000,0,0
2020-12-24,300.59,301.08,296.93,299.6,272.582,332700,0,0
2020-12-28,300.51,304.71,299.31,303.02,275.694,603900,0,0
2020-12-29,304.81,305.03,299.15,300.99,273.847,524500,0,0
2020-12-30,301.46,305.55,301.32,302.61,275.321,528100,0,0
2020-12-31,302.61,304.95,300.5,304.72,277.24,520500,0,0
2021-01-04,304.07,304.24,292.25,294.76,268.179,1267500,0,0
2021-01-05,295.25,298.49,294,296.59,269.844,939900,0,0
2021-01-06,293.98,302.09,293.21,299.14,272.164,952500,0,0
2021-01-07,296.82,298.94,292.54,292.58,266.195,1331000,0,0
2021-01-08,292.6,293.59,286.6,288.33,262.328,2090300,0,0
2021-01-11,287.76,294.94,287.15,294.74,268.16,1220900,0,0
2021-01-12,294.86,298.55,293.5,297.54,270.708,1073900,0,0
2021-01-13,298,300.01,294.64,299.46,272.455,1541400,0,0
2021-01-14,302.03,308.84,301.97,303.02,275.694,1375600,0,0
2021-01-15,302.7,303.52,298.95,300.75,273.628,1782800,0,0
2021-01-19,303.5,304,297.86,298.02,271.145,1360600,0,0
2021-01-20,300,301.07,297.05,298.78,271.836,985800,0,0
2021-01-21,297.47,299.82,296.4,296.87,270.098,975300,0,0
2021-01-22,296,300.6,294.55,298.16,271.272,989200,0,0
2021-01-25,299.68,305.2,297.89,299.35,272.355,1469900,0,0
2021-01-26,299.8,300.4,292.5,293.11,266.677,985000,0,0
2021-01-27,292.89,296.07,291.16,292.24,265.886,1389300,0,0
2021-01-28,292.12,296.21,291.3,293.03,266.605,1398500,0,0
2021-01-29,289.58,289.59,282.88,286.61,260.764,1659000,0,0
2021-02-01,288.43,294.13,287.6,292.31,265.949,1321400,0,0
2021-02-02,294.81,302.12,294.02,300,272.946,2226000,0,0
2021-02-03,298.52,301.95,297.77,300.74,273.619,970600,0,0
2021-02-04,301.49,303.72,299.72,301.85,274.629,1298700,0,0
2021-02-05,303.36,304.65,298.56,298.79,271.845,1151500,0,0
2021-02-08,301,301.6,298.09,300.13,273.064,1588800,0,0
2021-02-09,299.01,306.65,298.06,303.78,276.385,1296500,0,0
2021-02-10,304.65,304.65,302.39,303.63,276.249,847200,0,0
2021-02-11,302.58,304.2,299.14,299.63,272.609,1018100,0,0
2021-02-12,298.52,301.51,296.11,297.36,270.544,654200,0,0
2021-02-16,296.87,298.13,290.61,290.88,264.648,1012300,0,0
2021-02-17,290.75,297.23,288.08,297.18,270.38,1039800,0,0
2021-02-18,295.8,298.77,295.05,297.86,270.999,718900,0,0
2021-02-19,298.44,298.85,296.29,297.24,270.435,1202800,0,0
2021-02-22,295.1,299.47,294.02,297.94,271.072,1261700,0,0
2021-02-23,300.47,304.56,295.65,298.68,271.745,1253400,0,0
2021-02-24,299.85,304.47,296.91,301.73,274.52,1141800,0,0
2021-02-25,301,306.48,299.82,301.89,274.666,1394100,0,0
2021-02-26,299.72,300.08,291.6,291.66,266.639,1156100,1.45,0
2021-03-01,292.55,297.43,292.55,293.46,268.284,1077300,0,0
2021-03-02,293.5,300.5,293.26,298.78,273.148,1802100,0,0
2021-03-03,298.5,304.98,297.98,299.1,273.441,848300,0,0
2021-03-04,299.47,303.88,295.33,297.51,271.987,1430600,0,0
2021-03-05,298.76,302.48,295.16,300.91,275.095,1007400,0,0
2021-03-08,303.39,310.17,301.56,305.62,279.401,1295900,0,0
2021-03-09,303.83,304.52,297.3,298.3,272.709,1304100,0,0
2021-03-10,299.31,302.12,295.87,300,274.263,985300,0,0
2021-03-11,299.39,301.08,297.28,299.41,273.724,874000,0,0
2021-03-12,302.47,303.3,300.93,301.79,275.9,932000,0,0
2021-03-15,304.01,306.72,303.24,305.74,279.511,835700,0,0
2021-03-16,305.74,307.43,301.3,305.84,279.602,815400,0,0
2021-03-17,306.85,315.25,306.85,310.57,283.927,1104000,0,0
2021-03-18,310.18,315.59,310.18,314.94,287.922,1022300,0,0
2021-03-19,315.58,316.45,308.61,308.65,282.171,2006800,0,0
2021-03-22,308.04,315.7,307.31,314.21,287.254,1187100,0,0
2021-03-23,313.12,317.4,313.12,314.14,287.19,1162900,0,0
2021-03-24,315.14,321.37,315.14,316.03,288.918,1077900,0,0
2021-03-25,317.15,322,316.29,321.19,293.635,1027200,0,0
2021-03-26,321.29,323.19,315.67,319.02,291.652,1052200,0,0
2021-03-29,319.7,326.15,319.7,323.15,295.427,907800,0,0
2021-03-30,323.06,324.7,321.56,322.68,294.998,893000,0,0
2021-03-31,321.62,324.32,320.27,323.64,295.875,1011800,0,0
2021-04-01,323.04,325.08,321.31,322.24,294.595,855200,0,0
2021-04-05,322.9,331,322.9,330.65,302.284,1166100,0,0
2021-04-06,327.98,332.31,327.1,331.16,302.75,796400,0,0
2021-04-07,332.72,334.26,329.87,333.97,305.319,933400,0,0
2021-04-08,332.97,337.35,332.97,336.12,307.285,969100,0,0
2021-04-09,336.73,340.65,336.37,339.95,310.786,1005700,0,0
2021-04-12,340,342.91,337.71,340.69,311.463,732100,0,0
2021-04-13,338.97,340.27,337.99,338.61,309.561,781100,0,0
2021-04-14,339.24,343.39,338.64,341.82,312.496,737100,0,0
2021-04-15,341.85,345.63,340.59,344.59,315.028,850500,0,0
2021-04-16,346.58,347.82,343.67,346.43,316.71,1867300,0,0
2021-04-19,347,347.25,342.8,344.64,315.074,817500,0,0
2021-04-20,344.8,346.61,343.16,345.14,315.531,800300,0,0
2021-04-21,345.12,346.55,343.54,345.52,315.878,748700,0,0
2021-04-22,344.13,345.19,341.78,343.43,313.968,728000,0,0
2021-04-23,342.96,343.8,340.11,342.04,312.697,1012900,0,0
2021-04-26,342.05,342.99,336.56,337.8,308.821,892500,0,0
2021-04-27,337.39,340.87,336.03,339.87,310.713,738200,0,0
2021-04-28,340.27,340.27,336.57,338.37,309.342,763600,0,0
2021-04-29,342,354.17,341.61,352.22,322.004,1320900,0,0
2021-04-30,353.83,356.88,352.23,354.44,324.033,1275200,0,0
2021-05-03,352.04,362.83,352.04,361,330.03,1041700,0,0
2021-05-04,362.64,368.51,361.5,368.12,336.539,1128600,0,0
2021-05-05,368.46,373.24,366.47,372.99,340.992,1455900,0,0
2021-05-06,374.01,375.93,368.3,370.05,338.304,1072700,0,0
2021-05-07,369.18,372.71,366.25,370.63,338.834,959600,0,0
2021-05-10,373.3,378.61,373.3,373.8,341.732,714800,0,0
2021-05-11,372.03,374.08,365.98,368.3,336.704,954500,0,0
2021-05-12,368.62,371.58,363.12,363.15,331.996,999600,0,0
2021-05-13,362.83,372.76,362.54,370.06,338.313,757000,0,0
2021-05-14,371,372.9,370.16,371.61,339.73,757100,0,0
2021-05-17,372.5,374.68,371.36,372.87,340.882,648900,0,0
2021-05-18,371.87,373.71,368.52,368.62,336.997,735900,0,0
2021-05-19,368.28,371,363.52,370.9,339.081,685300,0,0
2021-05-20,371.17,374.3,371.11,371.96,340.05,786800,0,0
2021-05-21,372.54,377.02,369.24,370.46,338.679,682500,0,0
2021-05-24,372.7,373.97,368.56,372.18,340.251,570600,0,0
2021-05-25,372.53,374.38,369.33,369.99,338.249,680300,0,0
2021-05-26,369.33,370.35,365.4,366.72,335.26,697100,0,0
2021-05-27,370.29,371.24,366.02,370.46,338.679,997200,0,0
2021-05-28,369.27,370.46,365.48,365.87,335.906,575700,1.57,0
2021-06-01,369.22,370.05,365.23,365.62,335.676,764200,0,0
2021-06-02,365.62,369.69,364.74,367.21,337.136,495800,0,0
2021-06-03,367.01,367.38,364.49,366.51,336.494,779400,0,0
2021-06-04,373.83,379.03,372.95,377.51,346.593,1319300,0,0
2021-06-07,376.4,378,370.27,371.84,341.387,1125200,0,0
2021-06-08,372.04,372.87,368.13,371.11,340.717,613200,0,0
2021-06-09,371.11,372.97,368.64,372.6,342.085,689600,0,0
2021-06-10,375,375.66,370.9,372.51,342.002,741400,0,0
2021-06-11,373.88,375.55,370.2,375.06,344.343,636200,0,0
2021-06-14,372.45,373.09,369.41,372.23,341.745,865500,0,0
2021-06-15,375.4,377.37,373.77,375,344.288,687000,0,0
2021-06-16,378.18,378.18,371.65,372.21,341.727,883400,0,0
2021-06-17,373.24,373.89,366.2,368.7,338.504,737000,0,0
2021-06-18,365.92,370.24,365.24,367.19,337.118,2387100,0,0
2021-06-21,369.8,374.58,368.4,373.29,342.718,893800,0,0
2021-06-22,374.38,374.38,371.07,372.57,342.057,491600,0,0
2021-06-23,372.59,372.59,368.11,370.28,339.955,709800,0,0
2021-06-24,372.06,372.06,367.54,369.68,339.404,644900,0,0
2021-06-25,369,375.41,368.06,373.31,342.737,2930400,0,0
2021-06-28,373.39,373.39,368.35,370.21,339.891,565000,0,0
2021-06-29,369.81,371.24,360,360.31,330.801,1151300,0,0
2021-06-30,361.3,364.91,361.3,363.43,333.666,613900,0,0
2021-07-01,364.53,367.96,363.39,367.62,337.513,449400,0,0
2021-07-02,367.92,371.06,365.31,369.2,338.963,338000,0,0
2021-07-06,368.03,368.44,362.75,367.65,337.54,603300,0,0
2021-07-07,367.34,372.06,365.8,371.26,340.855,545500,0,0
2021-07-08,368.9,371.99,367.94,369.94,339.643,402700,0,0
2021-07-09,372.48,373.51,369.38,371.82,341.369,357400,0,0
2021-07-12,370.16,372.45,368.29,370.33,340.001,450300,0,0
2021-07-13,370.6,373.98,367.29,367.39,337.302,707400,0,0
2021-07-14,367.36,368.45,363.62,363.94,334.134,1044400,0,0
2021-07-15,362.34,365.72,361.71,364.12,334.299,491000,0,0
2021-07-16,365.42,365.98,361.34,362.81,333.097,778800,0,0
2021-07-19,361.37,362.32,350.64,355,325.926,866700,0,0
2021-07-20,355.64,362.74,355.64,359.97,330.489,911300,0,0
2021-07-21,361.09,363.32,359.89,361.46,331.857,632500,0,0
2021-07-22,360.8,361.05,358.29,359.26,329.837,549500,0,0
2021-07-23,360.61,361.7,358.76,361.31,331.719,478400,0,0
2021-07-26,357.92,359.44,355.3,358.26,328.919,715800,0,0
2021-07-27,358.52,365.06,358.47,362.2,332.537,573100,0,0
2021-07-28,363.47,364.99,359.85,360.11,330.618,564400,0,0
2021-07-29,362.81,369.84,362.81,365.66,335.713,1015700,0,0
2021-07-30,364.63,366.38,362.21,363.02,333.289,645200,0,0
2021-08-02,363.82,367.36,361.71,361.84,332.206,396700,0,0
2021-08-03,361.35,365.62,358.66,364.44,334.593,666200,0,0
2021-08-04,362.85,364,356.51,357.25,327.992,641800,0,0
2021-08-05,358.65,359.41,357,358.72,329.342,351300,0,0
2021-08-06,359.86,362.97,359.86,362.11,332.454,361100,0,0
2021-08-09,361.72,361.72,359.7,360.99,331.426,356500,0,0
2021-08-10,360.22,363.03,358.87,362.68,332.977,642600,0,0
2021-08-11,363.8,367.31,362.25,366.1,336.117,331200,0,0
2021-08-12,367.35,367.35,361,363.86,334.061,570400,0,0
2021-08-13,363.88,365.31,362.73,363.11,333.372,372100,0,0
2021-08-16,362.46,368.82,359.55,368.62,338.431,679900,0,0
2021-08-17,369.03,371.76,365.91,368.63,338.44,924700,0,0
2021-08-18,366.52,367.53,363.03,363.16,333.418,411700,0,0
2021-08-19,362.15,365,359.88,361.09,331.518,468100,0,0
2021-08-20,360.21,364.67,359.26,363,333.271,496000,0,0
2021-08-23,365,365.17,362.66,362.92,333.198,474400,0,0
2021-08-24,364.45,364.45,362.27,362.77,333.06,318800,0,0
2021-08-25,362.95,364.42,361.66,362.66,332.959,416600,0,0
2021-08-26,362.13,367.04,360.78,366.76,336.723,739600,0,0
2021-08-27,367.09,368.46,363.55,364.84,336.4,553700,1.57,0
2021-08-30,364.75,369.3,363.91,367.62,338.964,541100,0,0
2021-08-31,367.37,367.91,364.14,367.7,339.037,782300,0,0
2021-09-01,367.89,367.89,364.6,364.98,336.53,508300,0,0
2021-09-02,365,368.4,365,368.3,339.591,665600,0,0
2021-09-03,367.76,368.27,365.43,365.93,337.405,379400,0,0
2021-09-07,363.54,365.52,358.57,358.88,330.905,869100,0,0
2021-09-08,358.77,362.49,358.39,360.4,332.307,560100,0,0
2021-09-09,360.33,361.79,356.7,356.78,328.969,1259200,0,0
2021-09-10,357.85,358.11,352.86,354.1,326.498,669300,0,0
2021-09-13,355.74,357.55,349.76,353.7,326.129,647800,0,0
2021-09-14,355.06,355.82,349.11,351.73,324.312,848300,0,0
2021-09-15,352.01,357.2,351.43,355.74,328.01,611500,0,0
2021-09-16,356.76,357.11,349.26,349.66,322.404,584300,0,0
2021-09-17,350.88,355.75,347.02,350.24,322.939,1901700,0,0
2021-09-20,346.97,351.65,345.16,348.81,321.62,634800,0,0
2021-09-21,348.83,350.35,344.89,345.14,318.236,535200,0,0
2021-09-22,347.03,350.47,345.82,348.52,321.353,585700,0,0
2021-09-23,351.09,352.8,348.25,350.91,323.556,845100,0,0
2021-09-24,352.16,357.14,351.62,355.7,327.973,608700,0,0
2021-09-27,356.64,361.33,356.64,357.21,329.365,613100,0,0
2021-09-28,356.71,361,356.4,358.3,330.37,767200,0,0
2021-09-29,358.78,366,355.81,362.98,334.685,762300,0,0
2021-09-30,363.59,364.64,359.89,360.15,332.076,981600,0,0
2021-10-01,361.73,362.89,356.48,360.92,332.786,587800,0,0
2021-10-04,361.65,367.29,361.49,365.67,337.166,893800,0,0
2021-10-05,365.38,371.27,363.8,369.88,341.048,569700,0,0
2021-10-06,368.7,377.47,366.57,377.32,347.908,839900,0,0
2021-10-07,378,383.85,378,382.7,352.868,696200,0,0
2021-10-08,383.22,390.94,382.02,389.72,359.341,690300,0,0
2021-10-11,390.04,396.58,387.84,393.16,362.513,790200,0,0
2021-10-12,392.62,394.65,389.09,390.07,359.664,715100,0,0
2021-10-13,389.48,389.92,383.58,388.7,358.401,671100,0,0
2021-10-14,390.3,392.82,388.94,389.94,359.544,514700,0,0
2021-10-15,391.08,396.72,391.08,395.36,364.541,665000,0,0
2021-10-18,393.9,396.82,392.54,393.89,363.186,422500,0,0
2021-10-19,395.57,399.33,392.83,399.3,368.174,445800,0,0
2021-10-20,398.74,402.01,397.51,400.88,369.631,340300,0,0
2021-10-21,400,403.36,396.97,402.77,371.374,398800,0,0
2021-10-22,403.69,406.31,400.37,406.21,374.546,524000,0,0
2021-10-25,405.62,408.03,403.57,406.62,374.924,473900,0,0
2021-10-26,394.61,398.75,392.68,396.57,365.657,1590200,0,0
2021-10-27,395.16,396.04,387.47,388.15,357.893,1009200,0,0
2021-10-28,380.56,381.35,354.15,358.64,330.684,2011200,0,0
2021-10-29,352,359.66,352,357.22,329.374,1351100,0,0
2021-11-01,357,360.8,352.92,354.85,327.189,777800,0,0
2021-11-02,357,358.27,350.34,353.2,325.668,933300,0,0
2021-11-03,350.02,354.75,349.5,354.11,326.507,675300,0,0
2021-11-04,353.27,359.54,353.27,356.66,328.858,988900,0,0
2021-11-05,361,366.54,358.53,364.37,335.967,1105800,0,0
2021-11-08,365,365.46,360.36,363.27,334.953,523900,0,0
2021-11-09,363.7,365.95,360.63,364.52,336.105,550400,0,0
2021-11-10,363.79,366.9,361.37,362.1,333.874,562500,0,0
2021-11-11,361.05,361.6,357,359.94,331.882,475400,0,0
2021-11-12,359.61,360.88,358.38,359.65,331.615,493300,0,0
2021-11-15,360.5,361.59,359.27,360,331.938,961600,0,0
2021-11-16,360.46,361.23,354.57,354.6,326.959,801100,0,0
2021-11-17,355.44,356.78,353.76,353.96,326.368,784800,0,0
2021-11-18,354.36,354.36,345.9,351.42,324.027,1438900,0,0
2021-11-19,351.63,354.5,347.69,353.13,325.603,789000,0,0
2021-11-22,354.44,365.34,353.33,363.15,334.842,943000,0,0
2021-11-23,363.59,368.25,362.01,364.21,335.82,776000,0,0
2021-11-24,364.39,368.3,360.8,361.37,333.201,607000,0,0
2021-11-26,352.79,357.29,351.73,353.98,327.811,524200,1.57,0
2021-11-29,355.32,358.8,352.63,356.39,330.043,532700,0,0
2021-11-30,354.11,354.79,348.33,348.8,323.014,1276200,0,0
2021-12-01,349.62,352.92,345.91,345.98,320.402,712000,0,0
2021-12-02,348.44,355.8,347.87,352.57,326.505,700700,0,0
2021-12-03,352.6,358.16,352.6,357.84,331.386,746400,0,0
2021-12-06,361.22,367.36,360.01,363.96,337.053,1096000,0,0
2021-12-07,363.13,365.07,360.75,362.67,335.859,919200,0,0
2021-12-08,363.54,367.33,362.36,364.09,337.174,467400,0,0
2021-12-09,362.59,368.35,360.89,367.86,340.665,753700,0,0
2021-12-10,368.2,371.86,366,371.06,343.629,480300,0,0
2021-12-13,371.22,378.95,370.9,377.33,349.435,904700,0,0
2021-12-14,376.65,382.32,375.48,376.22,348.407,906700,0,0
2021-12-15,376.74,379.66,374.2,378.82,350.815,672000,0,0
2021-12-16,380.19,383.07,377.52,378.72,350.722,721400,0,0
2021-12-17,379.48,380.54,376.53,377.46,349.555,1139400,0,0
2021-12-20,376.21,377.17,367,369.95,342.6,860800,0,0
2021-12-21,371.43,380.19,370.98,378.49,350.509,798300,0,0
2021-12-22,378.49,381,378.49,379.81,351.732,715200,0,0
2021-12-23,380.52,384.17,380.01,381.17,352.991,610500,0,0
2021-12-27,381.49,384.82,381.19,384.21,355.806,362200,0,0
2021-12-28,382.7,387.95,382.01,385.33,356.843,307800,0,0
2021-12-29,385.33,386.75,384.22,384.99,356.529,365200,0,0
2021-12-30,385.75,387.73,384.2,384.53,356.103,375900,0,0
2021-12-31,384.01,388.21,383.99,387.07,358.455,414100,0,0
2022-01-03,386.95,388.07,382.74,385.53,357.029,662100,0,0
2022-01-04,387.54,397.85,387.54,396.99,367.642,740500,0,0
2022-01-05,391.04,399.57,390.18,394.99,365.789,1072500,0,0
2022-01-06,397.56,399.83,394.4,397.27,367.901,764300,0,0
2022-01-07,398.32,401.15,396.08,400.42,370.818,908600,0,0
2022-01-10,405,406.84,399.24,402.23,372.494,1018100,0,0
2022-01-11,397.7,401.69,395.5,400.6,370.985,605000,0,0
2022-01-12,401.32,402.23,393.65,395.53,366.29,714800,0,0
2022-01-13,395.53,399.87,394.37,397.61,368.216,665300,0,0
2022-01-14,397.28,404,395.88,403.45,373.624,936100,0,0
2022-01-18,403.34,404,395.89,401.63,371.938,774800,0,0
2022-01-19,403.05,408.97,401.48,401.65,371.957,570100,0,0
2022-01-20,401.49,404.4,396.98,397.41,368.031,843900,0,0
2022-01-21,399.76,407.6,397.82,398.81,369.327,928100,0,0
2022-01-24,398,404.75,394.73,403.06,373.263,1303300,0,0
2022-01-25,399.71,405.57,393.01,403.18,373.374,987700,0,0
2022-01-26,402.52,408.75,399.19,403.23,373.42,1111000,0,0
2022-01-27,389.75,391.2,371.36,373.99,346.342,1797900,0,0
2022-01-28,370.45,380.74,369.34,380.2,352.093,921000,0,0
2022-01-31,376.76,378.14,366.88,369.9,342.554,1141900,0,0
2022-02-01,369.89,371.93,364.62,370.58,343.184,898400,0,0
2022-02-02,367.4,371.92,365.25,370.98,343.554,764800,0,0
2022-02-03,372.5,374.8,368,373.81,346.175,676100,0,0
2022-02-04,372.3,374.92,367,369.75,342.415,532400,0,0
2022-02-07,370.54,375.6,368.21,373.16,345.573,539800,0,0
2022-02-08,374.29,380,371.66,379.32,351.278,607500,0,0
2022-02-09,380.11,384.67,379.62,384.36,355.945,702800,0,0
2022-02-10,382.76,386.34,379.93,382.02,353.778,906000,0,0
2022-02-11,382.99,401.22,380.26,399.32,369.799,1772600,0,0
2022-02-14,397,397.34,382.78,390.6,361.724,1709900,0,0
2022-02-15,387.18,388.92,380.3,384.77,356.325,787600,0,0
2022-02-16,384.99,394.26,384.8,393.66,364.558,1086100,0,0
2022-02-17,392.77,401.36,391.41,398.11,368.679,887800,0,0
2022-02-18,397.5,399.47,391.07,391.25,362.326,1472200,0,0
2022-02-22,394.87,396.51,386.88,390.73,361.844,719200,0,0
2022-02-23,392.4,394.6,384.84,386.08,357.538,666100,0,0
2022-02-24,395.62,402.9,389.99,395.49,366.252,1548300,0,0
2022-02-25,393.34,411.08,393.34,409.67,380.896,1260000,1.57,0
2022-02-28,414.31,442.94,413.93,442.14,411.086,2603800,0,0
2022-03-01,444.33,457.09,443.72,456.1,424.065,2236300,0,0
2022-03-02,451.77,457.54,436.06,453.39,421.546,1784400,0,0
2022-03-03,452.4,455.09,441.37,449.69,418.105,1426100,0,0
2022-03-04,454.14,472.94,450.01,468.57,435.659,1675700,0,0
2022-03-07,472.42,490.82,471.95,477.95,444.38,2401800,0,0
2022-03-08,476.16,477.79,448.2,449.21,417.659,2448200,0,0
2022-03-09,441.52,456.84,437.45,449.92,418.319,1730700,0,0
2022-03-10,450.49,463.12,441.84,444.61,413.382,1442900,0,0
2022-03-11,447.68,449.86,435.69,436.3,405.656,1175900,0,0
2022-03-14,439.3,442.65,431.23,441.42,410.416,913600,0,0
2022-03-15,443.54,448.37,436.87,447.82,416.367,827500,0,0
2022-03-16,430.42,443.11,416.23,424.43,394.62,1878000,0,0
2022-03-17,431.04,434.99,424.62,428.8,398.683,978400,0,0
2022-03-18,428.04,433.41,424.35,427.95,397.892,1826100,0,0
2022-03-21,435.24,448.27,432.11,446.6,415.232,1293500,0,0
2022-03-22,447.11,448,438.54,446.3,414.953,741300,0,0
2022-03-23,448,452,442.52,446.92,415.53,587100,0,0
2022-03-24,446.99,455.14,446.08,454.57,422.643,665100,0,0
2022-03-25,453.36,460.43,453.36,458.18,425.999,480000,0,0
2022-03-28,453.86,455.8,444.6,446.8,415.418,661200,0,0
2022-03-29,434.69,450.61,431.38,446.31,414.963,893800,0,0
2022-03-30,449.49,456.49,448.49,453.33,421.49,624000,0,0
2022-03-31,449.97,457.93,446.7,447.22,415.809,648000,0,0
2022-04-01,446.58,454.86,444.06,454.79,422.847,699200,0,0
2022-04-04,455.43,456.55,444.37,452.29,420.523,713300,0,0
2022-04-05,450.49,463.5,450.49,454.01,422.122,576200,0,0
2022-04-06,455,466.42,454.88,461.46,429.049,806400,0,0
2022-04-07,460,472.64,459.03,470.77,437.705,761600,0,0
2022-04-08,472.76,477.26,459.35,463.66,431.094,909500,0,0
2022-04-11,466.38,470.95,461.7,462.14,429.681,869000,0,0
2022-04-12,463.31,466.68,459.32,463.28,430.741,632600,0,0
2022-04-13,468,470.06,460.33,464.52,431.894,563000,0,0
2022-04-14,468.48,470.25,463.34,467.2,434.386,1120300,0,0
2022-04-18,467.2,473.37,462.08,465.58,432.879,569300,0,0
2022-04-19,465.7,473.85,463.48,464.41,431.792,542500,0,0
2022-04-20,465.91,469.13,462.48,463.4,430.853,603500,0,0
2022-04-21,464.65,465.53,443.03,443.45,412.304,947900,0,0
2022-04-22,443.74,456.66,443.67,447.4,415.976,727000,0,0
2022-04-25,443.99,445,434.15,444.02,412.834,608200,0,0
2022-04-26,444.68,452.48,440.41,442.51,411.43,614300,0,0
2022-04-27,444.18,450.69,439.77,439.77,408.882,838400,0,0
2022-04-28,437,449.78,432.39,445.17,413.903,1112400,0,0
2022-04-29,447.61,449.34,438.03,439.4,408.538,945600,0,0
2022-05-02,437.12,444.63,431.92,438.62,407.813,759900,0,0
2022-05-03,444.45,453.23,439.69,451.25,419.556,1076000,0,0
2022-05-04,453.57,464,450.27,462.57,430.081,792100,0,0
2022-05-05,463.24,470.23,457.15,466.66,433.883,1559700,0,0
2022-05-06,464.38,469.46,457.68,468.7,435.78,925400,0,0
2022-05-09,465.96,466.92,452.35,453.98,422.094,880700,0,0
2022-05-10,452.45,456.35,447.14,449.97,418.366,924000,0,0
2022-05-11,449.68,458.37,445.07,446.48,415.121,805100,0,0
2022-05-12,448.12,450.91,442.7,450.78,419.119,942000,0,0
2022-05-13,451.73,454.45,447.34,452.83,421.025,576900,0,0
2022-05-16,453.67,461.32,452.95,458.08,425.906,586600,0,0
2022-05-17,458.58,462.21,453.48,459.28,427.022,580900,0,0
2022-05-18,459.23,462.28,451.26,454.87,422.921,758100,0,0
2022-05-19,449.38,453.39,439.2,448.5,416.999,758600,0,0
2022-05-20,450.18,450.89,437.52,443.33,412.192,636900,0,0
2022-05-23,446.65,458.27,446.3,456.77,424.688,561400,0,0
2022-05-24,455.58,472.44,455.58,471.1,438.012,794100,0,0
2022-05-25,471.14,474.42,467.16,467.62,434.776,594300,0,0
2022-05-26,470.73,476.49,466.63,467.43,434.599,760400,0,0
2022-05-27,466.15,471.05,462.58,470.76,439.321,646000,1.73,0
2022-05-31,465.97,468.69,456.84,467.97,436.718,1762600,0,0
2022-06-01,467.78,471.91,458.76,464.25,433.246,798600,0,0
2022-06-02,466.07,467,449.69,462.87,431.958,1151400,0,0
2022-06-03,462.17,478.6,462.17,478.37,446.423,872400,0,0
2022-06-06,479.27,483.94,477.46,478.86,446.88,586500,0,0
2022-06-07,478.8,492.3,476.69,492.06,459.199,742900,0,0
2022-06-08,487.82,491.54,472.06,472.45,440.899,853000,0,0
2022-06-09,470.26,471.25,462.43,462.92,432.005,843500,0,0
2022-06-10,459.35,465.84,453,463.82,432.845,964400,0,0
2022-06-13,459.77,465.76,457.56,460.68,429.915,1328000,0,0
2022-06-14,459.97,462.96,448.54,454.46,424.11,818500,0,0
2022-06-15,456.26,462.65,447.69,458.45,427.834,874400,0,0
2022-06-16,454.65,458.74,447.57,449.02,419.033,1055200,0,0
2022-06-17,447,451.74,436.07,443.93,414.283,1368400,0,0
2022-06-21,448.64,464.78,448.62,463.77,432.798,780500,0,0
2022-06-22,454.22,464.01,453.01,458.61,427.983,539800,0,0
2022-06-23,458.45,460.65,449.45,456.24,425.771,614400,0,0
2022-06-24,460,464.41,455.6,463.7,432.733,807800,0,0
2022-06-27,461.38,468.88,461.28,466.82,435.645,542600,0,0
2022-06-28,468.13,473.82,464.17,464.67,433.638,583200,0,0
2022-06-29,468,468,459.32,461.81,430.969,586900,0,0
2022-06-30,458.11,480.05,458.11,478.57,446.61,1355000,0,0
2022-07-01,478.57,487.9,473.63,486.37,453.889,607000,0,0
2022-07-05,479.06,480.2,455.46,464.36,433.349,1254400,0,0
2022-07-06,464.89,484.96,463.49,481.87,449.689,899600,0,0
2022-07-07,480,486.86,478.51,479.38,447.366,612700,0,0
2022-07-08,480.64,483.21,478.61,480.43,448.346,380900,0,0
2022-07-11,478.62,481.77,472.6,475.51,443.754,497200,0,0
2022-07-12,476.68,478.41,467.48,468.88,437.567,534800,0,0
2022-07-13,464.97,476.91,464,465.2,434.133,531500,0,0
2022-07-14,458.89,461.75,454.74,458.99,428.337,571400,0,0
2022-07-15,463,463.18,455.01,461.2,430.4,1451900,0,0
2022-07-18,463,464.39,448.2,449.26,419.257,706200,0,0
2022-07-19,444.1,458.26,443.13,457.39,426.844,751300,0,0
2022-07-20,458,460.77,452.14,456.07,425.612,593900,0,0
2022-07-21,454.32,455.14,448.8,453.8,423.494,528500,0,0
2022-07-22,457.37,463.26,450.01,451.85,421.674,864700,0,0
2022-07-25,451.89,459.74,451.11,453.32,423.046,826500,0,0
2022-07-26,453.15,455.11,444.31,444.65,414.955,702500,0,0
2022-07-27,445.58,447.67,441.4,445.81,416.038,744600,0,0
2022-07-28,438.39,455.88,433.87,454.46,424.11,1016600,0,0
2022-07-29,457.72,479.8,456.06,478.9,446.918,1199000,0,0
2022-08-01,481.37,488.17,472.22,475.63,443.866,933400,0,0
2022-08-02,481.84,488.36,472.2,481.05,448.924,687400,0,0
2022-08-03,480,484.11,471.02,481.75,449.577,845000,0,0
2022-08-04,482,486.15,477.52,478.04,446.115,654900,0,0
2022-08-05,475.68,478.38,469.39,477.59,445.695,522300,0,0
2022-08-08,478.95,480.08,465.78,470.05,438.659,614100,0,0
2022-08-09,473.99,482.18,473.01,473.73,442.093,667500,0,0
2022-08-10,474.49,475,469.55,473.14,441.542,711100,0,0
2022-08-11,474,474.26,467.82,470.31,438.901,690400,0,0
2022-08-12,470.52,479.76,469.22,479.58,447.552,701600,0,0
2022-08-15,477.97,489.42,475.09,486.87,454.356,586100,0,0
2022-08-16,485.33,488.6,483.23,485.5,453.077,500800,0,0
2022-08-17,482.72,496.3,482.63,492.51,459.619,852000,0,0
2022-08-18,493.99,497.2,490.43,492.88,459.964,592000,0,0
2022-08-19,492.13,493.24,487.84,490.75,457.976,606600,0,0
2022-08-22,488,493.14,483.74,484.19,451.855,607700,0,0
2022-08-23,482.84,485.62,479.67,482.88,450.632,451500,0,0
2022-08-24,485.2,490.3,484.58,488.89,456.241,612600,0,0
2022-08-25,488.99,494.6,486.78,494.48,461.457,375300,0,0
2022-08-26,493.37,496.75,484.71,485.13,454.321,448500,1.73,0
2022-08-29,480.05,489.17,477.1,485.81,454.958,499500,0,0
2022-08-30,486.6,486.75,478.64,480.93,450.388,573700,0,0
2022-08-31,481.13,482.59,476.97,477.99,447.635,725100,0,0
2022-09-01,475.96,481.44,475,480.32,449.817,564100,0,0
2022-09-02,483.99,485.37,474.74,476.95,446.661,512100,0,0
2022-09-06,476.8,484.19,476.72,479.74,449.274,569300,0,0
2022-09-07,477.8,488.22,475.97,487.78,456.803,512300,0,0
2022-09-08,487.07,489.82,481.3,489.73,458.629,584900,0,0
2022-09-09,489.47,495.38,486.27,491.41,460.203,704600,0,0
2022-09-12,491.05,491.11,481.46,482.3,451.671,918500,0,0
2022-09-13,479.57,487.4,465.25,468.93,439.15,836500,0,0
2022-09-14,472.81,485.2,471.85,484.88,454.087,1157400,0,0
2022-09-15,482.73,487.76,478.54,485.08,454.274,758000,0,0
2022-09-16,483.36,487.85,480.3,485.2,454.387,1115500,0,0
2022-09-19,483.19,492.57,481.05,488.07,457.075,842900,0,0
2022-09-20,488.06,496.08,481.03,494,462.628,875700,0,0
2022-09-21,505.49,515.49,492.61,492.87,461.57,1246600,0,0
2022-09-22,492.77,500.63,482.26,496.46,464.932,1206800,0,0
2022-09-23,491.88,491.88,474.08,478.82,448.412,877700,0,0
2022-09-26,477.38,482.02,472.36,474.37,444.245,657200,0,0
2022-09-27,477.34,479.19,471.24,474.14,444.029,1023800,0,0
2022-09-28,475.53,485.85,464.28,483.69,452.973,948300,0,0
2022-09-29,480.66,482.1,464.51,470.48,440.602,910900,0,0
2022-09-30,466.5,474,466.5,470.32,440.452,1134500,0,0
2022-10-03,476.44,489.93,474,485.71,454.864,910600,0,0
2022-10-04,488.42,497.12,487.01,490.28,459.144,985700,0,0
2022-10-05,487,489.5,480.68,484.45,453.684,620800,0,0
2022-10-06,483.72,486.3,480.99,485.23,454.415,604900,0,0
2022-10-07,485.16,496.52,483.02,496.09,464.585,1097600,0,0
2022-10-10,498.82,509,498,503.83,471.834,1375700,0,0
2022-10-11,504.13,514.56,503.26,507.31,475.093,836500,0,0
2022-10-12,508.14,508.14,492.2,492.38,461.111,972500,0,0
2022-10-13,488.09,503.05,486.38,501.44,469.595,922000,0,0
2022-10-14,495.7,496.98,463.11,464.19,434.711,1642700,0,0
2022-10-17,467.21,478.7,466.26,475.09,444.919,1122600,0,0
2022-10-18,480,509.89,478.98,506.8,474.615,1853200,0,0
2022-10-19,504.84,516.79,501.52,510.91,478.464,1342700,0,0
2022-10-20,511.76,516.49,509.16,512.44,479.897,877900,0,0
2022-10-21,512.56,525.35,509.5,522.66,489.468,1054300,0,0
2022-10-24,527.62,534.64,524.28,525.96,492.558,866600,0,0
2022-10-25,520.37,528,517.45,526.75,493.298,763800,0,0
2022-10-26,529.56,535.21,524.88,530.99,497.269,940900,0,0
2022-10-27,512.58,537.81,508,535.51,501.502,1689500,0,0
2022-10-28,540.08,556.27,531,548.11,513.302,1316600,0,0
2022-10-31,544.8,553.66,543.97,549.01,514.144,1089000,0,0
2022-11-01,549.62,550.11,534.26,535.88,501.848,1303100,0,0
2022-11-02,534.05,539.68,529.83,530.3,496.623,1111900,0,0
2022-11-03,528.04,531.35,525.47,525.51,492.137,1200000,0,0
2022-11-04,526,527.16,510.01,522.77,489.571,1242000,0,0
2022-11-07,523.05,537.58,520.56,534.77,500.809,804500,0,0
2022-11-08,533.34,542.14,532.33,540.93,506.578,652600,0,0
2022-11-09,540.66,543.19,532.81,533.14,499.282,601600,0,0
2022-11-10,540.78,540.78,523.72,531.59,497.831,1220000,0,0
2022-11-11,517.97,518.83,490.2,492.7,461.411,2267400,0,0
2022-11-14,496,500.07,478.46,481.74,451.147,2194500,0,0
2022-11-15,485,510,479.92,500.72,468.921,1902800,0,0
2022-11-16,499,507.68,496.04,505.13,473.051,1066900,0,0
2022-11-17,504.94,519.79,504.82,518.85,485.9,950800,0,0
2022-11-18,518.84,524.79,515.83,520.42,487.37,863500,0,0
2022-11-21,521.71,532.44,520.49,527.87,494.347,861500,0,0
2022-11-22,529.91,533.77,523.43,524.65,491.332,635300,0,0
2022-11-23,524.44,525.77,518.37,522.34,489.168,553600,0,0
2022-11-25,526.87,529.79,522.08,527.83,495.952,254400,1.73,0
2022-11-28,524.72,530.53,522.44,524.88,493.18,490600,0,0
2022-11-29,524.87,529.7,523.2,528.35,496.441,385500,0,0
2022-11-30,527.95,534.89,524.46,533.29,501.083,786500,0,0
2022-12-01,534.62,535.42,521.6,530.3,498.273,568100,0,0
2022-12-02,528.58,549.87,527.39,545.6,512.649,843500,0,0
2022-12-05,539.52,543.19,533.85,541.43,508.731,671100,0,0
2022-12-06,543.8,543.8,528.36,531.81,499.692,576600,0,0
2022-12-07,532.18,540.94,529.9,540.21,507.585,583000,0,0
2022-12-08,545,546.75,539.26,540.55,507.904,378700,0,0
2022-12-09,539,545.73,528.83,528.94,496.995,589600,0,0
2022-12-12,530.5,535.89,525.92,535.18,502.858,540500,0,0
2022-12-13,537.01,537.06,523.34,525.59,493.847,853700,0,0
2022-12-14,528.75,537.67,524.95,531.78,499.664,575900,0,0
2022-12-15,532.73,533.37,522.61,528.49,496.572,483200,0,0
2022-12-16,527.17,532.38,521.61,529.87,497.869,1429000,0,0
2022-12-19,529.58,538,526.46,532.52,500.359,783700,0,0
2022-12-20,533.63,540.81,528.17,529.57,497.587,642000,0,0
2022-12-21,531,540.56,529.78,538.79,506.25,518600,0,0
2022-12-22,539,542.1,526.38,531.37,499.278,434600,0,0
2022-12-23,531.71,536.25,529.88,534.77,502.473,475700,0,0
2022-12-27,538,544.04,537,541.19,508.505,454500,0,0
2022-12-28,543.45,545.37,540.24,540.41,507.772,718100,0,0
2022-12-29,540.22,544.22,538.21,542,509.266,487100,0,0
2022-12-30,542.93,546.87,539.51,545.61,512.658,564700,0,0
2023-01-03,544.92,547.8,537.9,540.33,507.697,615200,0,0
2023-01-04,535.87,540.35,522.37,526.45,494.656,939800,0,0
2023-01-05,526.53,533.71,522.94,528.52,496.601,766600,0,0
2023-01-06,529.81,540.85,505.05,521.42,489.929,1084600,0,0
2023-01-09,518.03,518.03,488.12,495.41,465.49,1853000,0,0
2023-01-10,496.97,502.31,490.95,495.79,465.847,902200,0,0
2023-01-11,496.2,499.36,489.49,492.93,463.16,944000,0,0
2023-01-12,491.71,494,485.89,487.98,458.509,1097800,0,0
2023-01-13,474.4,474.4,454.79,461.43,433.562,2608900,0,0
2023-01-17,463.34,465.23,453.73,455.57,428.056,1934700,0,0
2023-01-18,453.73,454.08,445.51,446.06,419.121,1927400,0,0
2023-01-19,448.15,453.01,442.21,442.31,415.597,1376600,0,0
2023-01-20,445.99,452.3,440.09,450.76,423.537,2130900,0,0
2023-01-23,451.97,454.48,448.33,450.87,423.64,1054900,0,0
2023-01-24,452.21,462.99,448,459.31,431.57,1119100,0,0
2023-01-25,457.79,466,457.67,463.29,435.31,1141700,0,0
2023-01-26,458,473.2,438.99,443.47,416.687,3119200,0,0
2023-01-27,433.18,443.99,430.94,437.65,411.219,2143600,0,0
2023-01-30,445.01,448.65,436.49,439.28,412.75,1531200,0,0
2023-01-31,441.42,448.07,435.63,448.04,420.981,1320500,0,0
2023-02-01,445.45,449.02,442.12,442.59,415.86,901300,0,0
2023-02-02,439.44,444.68,436,440.86,414.235,1236700,0,0
2023-02-03,451,454.46,440.02,440.64,414.028,1388300,0,0
2023-02-06,443.07,453.74,442.97,448.96,421.845,1321300,0,0
2023-02-07,448,454.13,443.49,452.15,424.843,1098500,0,0
2023-02-08,451,456.89,450.35,456.06,428.517,961400,0,0
2023-02-09,455.81,461.92,452.4,453.85,426.44,951700,0,0
2023-02-10,457.12,464.33,456.43,463.86,435.845,967900,0,0
2023-02-13,467.81,470.99,458.99,464.28,436.24,922200,0,0
2023-02-14,467.88,470.92,465.87,467.51,439.275,1252900,0,0
2023-02-15,465.92,468.09,458.93,460.94,433.102,828100,0,0
2023-02-16,458.21,468.53,456.37,465.35,437.246,968200,0,0
2023-02-17,465.44,470.67,462.78,470.63,442.207,830100,0,0
2023-02-21,474.78,479.15,468.57,473.95,445.326,1272800,0,0
2023-02-22,473.96,481.5,473.95,478.73,449.818,1289100,0,0
2023-02-23,477.55,482.34,472.71,476.26,447.497,995300,0,0
2023-02-24,472.65,478,468.55,470.91,444.083,629300,1.73,0
2023-02-27,470.63,474.1,467.37,470.07,443.291,681400,0,0
2023-02-28,470.49,471.74,463.31,464.11,437.67,764400,0,0
2023-03-01,461.97,465.67,459.25,462.55,436.199,588800,0,0
2023-03-02,460.33,468.88,460.33,468.27,441.593,549000,0,0
2023-03-03,470.18,470.7,464.52,467.38,440.754,726800,0,0
2023-03-06,466.62,474.4,465.96,470.22,443.432,761200,0,0
2023-03-07,470.86,475.97,470.68,472.2,445.299,923200,0,0
2023-03-08,472,475.63,460.92,465.25,438.745,1089000,0,0
2023-03-09,469.63,469.63,458.2,459.04,432.889,834900,0,0
2023-03-10,458.53,463.19,457.19,459.78,433.587,772200,0,0
2023-03-13,454.69,462.87,453.72,457.74,431.663,1237200,0,0
2023-03-14,457.9,459.98,449.23,453.66,427.816,1782800,0,0
2023-03-15,448.97,456.38,439.87,448.9,423.327,1513200,0,0
2023-03-16,449.11,455.97,448,450.15,424.506,1074800,0,0
2023-03-17,449.81,450.16,441.31,443.6,418.329,1599300,0,0
2023-03-20,445.27,452.31,445.01,449.26,423.666,662300,0,0
2023-03-21,453.79,454.66,447.07,449.98,424.345,680100,0,0
2023-03-22,450.22,452.4,443.09,443.6,418.329,726100,0,0
2023-03-23,444.01,446.06,440.71,444.44,419.121,1123900,0,0
2023-03-24,445.08,456.2,443,455.25,429.315,1006400,0,0
2023-03-27,459.09,459.8,455.18,458.25,432.144,626800,0,0
2023-03-28,458.31,461.5,457.59,459,432.851,476800,0,0
2023-03-29,459.38,462.58,457.5,461.57,435.275,584200,0,0
2023-03-30,460.46,462.92,458.5,460.98,434.719,541500,0,0
2023-03-31,462.98,463.32,459.45,461.72,435.416,640600,0,0
2023-04-03,463.3,471.55,462.65,469.19,442.461,577600,0,0
2023-04-04,468.73,471.94,465,468.1,441.433,495200,0,0
2023-04-05,467.22,473.6,467.22,470.91,444.083,707000,0,0
2023-04-06,474.68,476.26,468.29,470.39,443.593,575800,0,0
2023-04-10,470.98,478.17,470.98,476.54,449.392,594800,0,0
2023-04-11,476.12,476.12,467.53,468.27,441.593,657000,0,0
2023-04-12,467.43,474.73,466.03,472.77,445.837,574900,0,0
2023-04-13,472,476.07,469.67,474.16,447.148,540000,0,0
2023-04-14,470.55,473.09,468.77,472.57,445.648,501800,0,0
2023-04-17,472.99,477.68,471.38,474.79,447.742,598400,0,0
2023-04-18,475.74,483.4,475.74,479.47,452.155,756100,0,0
2023-04-19,480.46,482.79,476.2,477.07,449.892,482600,0,0
2023-04-20,478.4,478.4,472.07,474.18,447.167,511700,0,0
2023-04-21,475.72,475.72,468.83,471.99,445.101,1519500,0,0
2023-04-24,471.16,472.63,466.5,470.92,444.092,593600,0,0
2023-04-25,470.11,470.11,464.42,465.47,438.953,691400,0,0
2023-04-26,462.69,464.33,449.07,449.09,423.506,1413000,0,0
2023-04-27,452.48,459.68,443,457.68,431.607,1371000,0,0
2023-04-28,460.37,461.57,455.53,461.27,434.992,708600,0,0
2023-05-01,461.95,466.03,459.59,462.72,436.359,630200,0,0
2023-05-02,460.83,460.84,448.58,448.81,423.242,770300,0,0
2023-05-03,447.53,452.28,443.57,443.71,418.432,520200,0,0
2023-05-04,443.28,445.28,435.2,442.23,417.037,645700,0,0
2023-05-05,443.46,448.45,441.93,446.81,421.356,474700,0,0
2023-05-08,448.33,450.95,441.87,442.24,417.046,418200,0,0
2023-05-09,443,445.09,440.87,442.31,417.112,462200,0,0
2023-05-10,443.1,445,438.7,443.03,417.791,559600,0,0
2023-05-11,438.9,440.31,433.18,435.85,411.02,698900,0,0
2023-05-12,437.09,441.81,434.77,438.76,413.765,749400,0,0
2023-05-15,438.75,440.08,436,439.37,414.34,491000,0,0
2023-05-16,439.99,440.34,435.45,435.63,410.813,448800,0,0
2023-05-17,439,448.4,437.58,447.34,421.856,758300,0,0
2023-05-18,446.07,446.92,437.75,443.6,418.329,518500,0,0
2023-05-19,445.36,446.3,440.79,443.31,418.055,463800,0,0
2023-05-22,442.09,445.18,438.44,443.07,417.829,508700,0,0
2023-05-23,441.17,445.87,440.26,443.03,417.791,578300,0,0
2023-05-24,443.03,446.35,441.38,441.44,416.292,664600,0,0
2023-05-25,438.33,439.95,429.1,433.51,408.814,910600,0,0
2023-05-26,432.62,441.51,432.62,438.32,415.14,865000,1.87,0
2023-05-30,434.89,441.12,432.33,438.16,414.989,875900,0,0
2023-05-31,437.81,441.36,434.62,435.49,412.46,1500800,0,0
2023-06-01,436.77,439.23,433.53,438.51,415.32,792500,0,0
2023-06-02,441.92,447.13,438.74,443.83,420.359,1025000,0,0
2023-06-05,446.99,446.99,442.05,445.55,421.988,843900,0,0
2023-06-06,447.5,449.37,444.18,448.1,424.403,696000,0,0
2023-06-07,447.89,454.5,444.25,453.35,429.375,814100,0,0
2023-06-08,453.74,457.84,452.4,455.47,431.383,630300,0,0
2023-06-09,456.45,459.71,454.19,454.26,430.237,640800,0,0
2023-06-12,453.96,453.96,448.24,453.51,429.527,781800,0,0
2023-06-13,450.18,453.83,445.16,451.15,427.292,609800,0,0
2023-06-14,450.89,453.44,446.16,447.9,424.214,510200,0,0
2023-06-15,449.69,454.78,446.76,452.87,428.921,544600,0,0
2023-06-16,453.1,458.91,452.6,458.35,434.111,1179000,0,0
2023-06-20,458.95,460.69,454.09,454.34,430.313,510200,0,0
2023-06-21,454.23,462.63,454.17,462.47,438.013,495300,0,0
2023-06-22,460.95,460.99,455.81,458.06,433.836,454400,0,0
2023-06-23,458.14,460.11,452.63,454.05,430.038,555000,0,0
2023-06-26,449.59,449.93,442.8,448.02,424.327,744200,0,0
2023-06-27,448.24,451.44,445.34,448.44,424.725,535200,0,0
2023-06-28,448.79,450.57,440.67,442.66,419.251,618800,0,0
2023-06-29,442.76,451.44,442.4,451.22,427.358,531200,0,0
2023-06-30,453.15,459.51,449.91,455.8,431.696,767000,0,0
2023-07-03,453.11,458.84,452.22,458.16,433.931,239600,0,0
2023-07-05,457.83,459.63,453.12,459.05,434.774,369300,0,0
2023-07-06,458.45,460.68,454.04,455.98,431.866,673800,0,0
2023-07-07,454.99,455.84,450.77,452.45,428.523,577500,0,0
2023-07-10,452.59,455.55,451.36,452.59,428.656,494600,0,0
2023-07-11,453.91,462,453.17,460.75,436.384,688100,0,0
2023-07-12,461.44,461.5,453.18,453.35,429.375,691000,0,0
2023-07-13,452.29,457.96,450.76,457.03,432.861,552600,0,0
2023-07-14,455.95,456.24,449.75,450.64,426.809,604300,0,0
2023-07-17,451.87,457,449.35,454.24,430.218,861500,0,0
2023-07-18,456.69,460.64,440.5,442.68,419.27,1263100,0,0
2023-07-19,442.42,445.83,438.65,442.28,418.891,933600,0,0
2023-07-20,447.53,455.16,443.19,454.36,430.332,978200,0,0
2023-07-21,454.11,457.06,451.9,453.42,429.442,593300,0,0
2023-07-24,453.91,455.33,451.4,452.21,428.296,551400,0,0
2023-07-25,445.46,457.29,444.05,457.19,433.012,846300,0,0
2023-07-26,457.17,459.82,454.02,457.16,432.984,896200,0,0
2023-07-27,442.72,446.99,431.61,445.31,421.761,1719600,0,0
2023-07-28,445.86,452.4,445.5,449.68,425.9,1127000,0,0
2023-07-31,450.5,450.5,442.5,445,421.467,1031000,0,0
2023-08-01,445.89,449.66,445,448.15,424.45,576700,0,0
2023-08-02,447.89,448.44,444.37,447.47,423.806,830300,0,0
2023-08-03,447.19,447.99,441.61,442.61,419.203,758500,0,0
2023-08-04,444.02,444.77,437.67,438.54,415.349,583900,0,0
2023-08-07,437.87,439.36,433.11,436.66,413.568,1289300,0,0
2023-08-08,436,438.42,432.31,432.9,410.007,664800,0,0
2023-08-09,433,437.57,432.46,435.55,412.517,1547800,0,0
2023-08-10,434.35,434.74,429.64,430.27,407.516,800500,0,0
2023-08-11,430.27,432.66,429.67,431.05,408.255,733800,0,0
2023-08-14,431.23,432.89,429.01,429.45,406.739,516700,0,0
2023-08-15,427.79,428.42,421.73,423.17,400.792,583700,0,0
2023-08-16,422.48,428.55,422.48,427.29,404.694,518200,0,0
2023-08-17,428.17,432.25,428.1,429.17,406.474,576200,0,0
2023-08-18,428.13,437.54,428.12,430.17,407.421,716300,0,0
2023-08-21,429.17,434.72,429.07,433.69,410.755,542400,0,0
2023-08-22,434.5,438.22,434.01,437.73,414.581,597900,0,0
2023-08-23,438.95,440.01,433.37,434.52,411.541,558700,0,0
2023-08-24,434.21,437.69,432.12,432.18,409.325,518300,0,0
2023-08-25,432.46,433.25,428.5,429.56,408.612,436500,1.87,0
2023-08-28,429.34,431.33,428.52,431.15,410.124,505300,0,0
2023-08-29,429.91,431.19,426,430.06,409.087,541100,0,0
2023-08-30,431.22,436,431,434.8,413.596,478700,0,0
2023-08-31,436,437.44,433.06,433.09,411.969,503600,0,0
2023-09-01,435.23,437.11,434.87,435.62,414.376,423900,0,0
2023-09-05,435.01,435.9,431,431.08,410.057,470400,0,0
2023-09-06,431.59,432.03,423.44,423.64,402.98,602500,0,0
2023-09-07,425.64,431.44,425.64,430.99,409.972,718500,0,0
2023-09-08,430.83,430.83,420.95,422.72,402.105,767900,0,0
2023-09-11,423.31,425.11,416.71,425,404.274,843300,0,0
2023-09-12,423.52,426.21,421.78,424.08,403.399,581600,0,0
2023-09-13,426,431.93,424.51,426.31,405.52,472700,0,0
2023-09-14,424.99,432.44,424.18,432.32,411.237,543900,0,0
2023-09-15,432.46,435.74,431.47,433.49,412.35,1034200,0,0
2023-09-18,435.87,442.6,435.03,440.52,419.037,692600,0,0
2023-09-19,440.26,441.66,435.55,435.97,414.709,597100,0,0
2023-09-20,437.43,443.86,435.64,440.18,418.714,432700,0,0
2023-09-21,439.7,441.07,436.76,437.11,415.793,767900,0,0
2023-09-22,434.52,436.03,424.4,424.9,404.179,850400,0,0
2023-09-25,423.32,428.97,420.12,425.57,404.816,676600,0,0
2023-09-26,423.98,426.9,421.62,426.58,405.777,617500,0,0
2023-09-27,427.31,438.04,427.04,437.24,415.917,987000,0,0
2023-09-28,441.39,443.23,438.62,439.5,418.067,997400,0,0
2023-09-29,439.9,442.53,438.15,440.19,418.723,790100,0,0
2023-10-02,440.41,445.75,440.41,442.22,420.654,889300,0,0
2023-10-03,442.21,443.57,433.66,434.31,413.13,844500,0,0
2023-10-04,430.79,431.75,420.12,422.29,401.696,900200,0,0
2023-10-05,422.16,424.26,419.86,420.07,399.584,792100,0,0
2023-10-06,419,425.32,414.56,423.24,402.6,947700,0,0
2023-10-09,450,474.48,448.73,471.61,448.611,2864300,0,0
2023-10-10,473.86,474.98,462.63,465.12,442.437,1383600,0,0
2023-10-11,467.25,474.64,466.31,473.37,450.285,865800,0,0
2023-10-12,474,479.42,471.07,477.31,454.033,1084200,0,0
2023-10-13,482.39,490.99,480.35,490.15,466.247,1464500,0,0
2023-10-16,492.18,495,482.58,489.07,465.219,959900,0,0
2023-10-17,487.81,496.89,483.89,489,465.153,1175500,0,0
2023-10-18,493,495.99,488.29,490.76,466.827,740200,0,0
2023-10-19,488.58,493.43,487.63,489.94,466.047,672000,0,0
2023-10-20,492.13,494.77,485.6,485.7,462.014,920400,0,0
2023-10-23,486.27,487.9,480.44,480.6,457.162,802000,0,0
2023-10-24,484.21,487.14,477.98,478.44,455.108,771700,0,0
2023-10-25,482.41,486.3,480.04,483.26,459.693,1062100,0,0
2023-10-26,486.5,492,474.01,477.78,454.48,1545600,0,0
2023-10-27,474.99,478.52,468.9,473.07,450,805700,0,0
2023-10-30,473.67,475,467.4,468.68,445.824,1032600,0,0
2023-10-31,470.33,471.9,463.84,471.43,448.44,1089700,0,0
2023-11-01,474.75,474.75,467.14,468.26,445.424,841000,0,0
2023-11-02,465.32,476.1,463.69,475.77,452.568,1353400,0,0
2023-11-03,475.8,477,470.13,470.58,447.631,785700,0,0
2023-11-06,472.62,474.37,469.7,471,448.031,636800,0,0
2023-11-07,473.3,473.3,464.77,467.7,444.892,1009700,0,0
2023-11-08,467.67,469.58,459.52,460.48,438.024,952700,0,0
2023-11-09,461.25,462.45,457.16,461.09,438.604,971300,0,0
2023-11-10,461.55,464.24,458.34,463.27,440.678,758500,0,0
2023-11-13,464.03,466.21,462.03,464.38,441.734,1020300,0,0
2023-11-14,463,468.68,460.57,466.83,444.064,1064800,0,0
2023-11-15,466,467.84,462.75,464.99,442.314,649600,0,0
2023-11-16,466.15,467.08,462.85,463.88,441.258,429900,0,0
2023-11-17,464.34,466.27,463.21,464.17,441.534,519800,0,0
2023-11-20,464.52,467.92,462.87,465.82,443.103,594200,0,0
2023-11-21,465.82,472.02,462.51,471.07,448.097,449000,0,0
2023-11-22,468.71,472.94,467.76,471.45,448.459,589900,0,0
2023-11-24,471.5,473.61,470.34,471.52,450.311,191200,1.87,0
2023-11-27,470.81,470.81,465.56,468.39,447.322,482200,0,0
2023-11-28,470.53,473.57,468.81,470.08,448.936,550500,0,0
2023-11-29,470.28,471.41,464.44,467.41,446.386,554500,0,0
2023-11-30,469.22,476.27,468.39,475.16,453.788,701300,0,0
2023-12-01,476.39,480.58,475.11,479.84,458.257,696100,0,0
2023-12-04,478.49,480.56,474.96,480.33,458.725,1079100,0,0
2023-12-05,480.43,480.43,475.28,476.61,455.172,637000,0,0
2023-12-06,475.21,481.14,475.21,480.29,458.687,446300,0,0
2023-12-07,482.22,483.66,476.34,477.48,456.003,530500,0,0
2023-12-08,478.72,479.84,475.36,476.25,454.829,411300,0,0
2023-12-11,476.97,480.93,476.91,478.76,457.226,429300,0,0
2023-12-12,479.55,481.69,477.47,479.25,457.694,379400,0,0
2023-12-13,480.43,486.4,478.98,485.01,463.195,778300,0,0
2023-12-14,479.59,480,461.69,463.66,442.805,1205400,0,0
2023-12-15,460.6,462.48,455,461.05,440.312,1746600,0,0
2023-12-18,462.27,466.76,460.51,465.42,444.486,757900,0,0
2023-12-19,465.04,467.33,462.59,464.16,443.283,600000,0,0
2023-12-20,462.71,463.85,457.14,457.16,436.597,598400,0,0
2023-12-21,458.6,461.89,458.29,459.22,438.565,484000,0,0
2023-12-22,461.45,465.43,461.45,463.13,442.299,362300,0,0
2023-12-26,462.56,465.76,462.4,464.5,443.607,420000,0,0
2023-12-27,462.9,465.85,462.6,464.22,443.34,378400,0,0
2023-12-28,463.4,467.41,463.2,465.68,444.734,387700,0,0
2023-12-29,466.21,468.93,465.02,468.14,447.083,403400,0,0
2024-01-02,469.19,476.36,467.27,470.09,448.946,742500,0,0
2024-01-03,474.44,483.83,470.84,474.88,453.52,773500,0,0
2024-01-04,481.31,483.78,471.65,471.73,450.512,791600,0,0
2024-01-05,472.72,472.72,467.2,469.89,448.755,511500,0,0
2024-01-08,466.03,475.4,465.21,475.26,453.883,658900,0,0
2024-01-09,475.3,477.82,470,472.23,450.99,617500,0,0
2024-01-10,472,477.08,471.11,471.95,450.722,499300,0,0
2024-01-11,472.61,473.05,465.33,467.34,446.319,544600,0,0
2024-01-12,468.77,481.46,468.77,481.08,459.441,701200,0,0
2024-01-16,481.5,482.17,476.03,477.9,456.405,734600,0,0
2024-01-17,477.34,482.9,473.58,473.88,452.565,612100,0,0
2024-01-18,475.14,476.22,468.52,474.63,453.282,875800,0,0
2024-01-19,475.37,475.37,469.36,470.48,449.318,1369200,0,0
2024-01-22,469.42,470.77,466.29,466.62,445.632,871200,0,0
2024-01-23,466.54,470.89,464.82,467.92,446.873,1083800,0,0
2024-01-24,466.62,472.99,462.81,463.92,443.053,1194800,0,0
2024-01-25,446.6,449,426,434.55,415.004,2293200,0,0
2024-01-26,435.74,439.27,431.52,437.96,418.261,1147600,0,0
2024-01-29,440,442.56,435.15,438.31,418.595,857100,0,0
2024-01-30,443,445.06,437.33,443.5,423.552,2324800,0,0
2024-01-31,445.38,449.7,444.54,446.76,426.665,3213800,0,0
2024-02-01,446.77,447.77,442.7,446.22,426.149,2179400,0,0
2024-02-02,445.78,447.74,441.5,446.58,426.493,1616400,0,0
2024-02-05,443.93,445.82,440.24,442.28,422.387,1656000,0,0
2024-02-06,442,449.92,440.94,448.17,428.012,587900,0,0
2024-02-07,448.17,453.93,448.17,453.9,433.484,748100,0,0
2024-02-08,452.86,454.15,449.81,451.22,430.925,527800,0,0
2024-02-09,452.11,455.56,450.52,454.92,434.458,906700,0,0
2024-02-12,455,455.64,451.31,451.47,431.163,723400,0,0
2024-02-13,453.76,455.58,443.15,446.17,426.102,1020200,0,0
2024-02-14,447.5,450,443,446.37,426.293,1002200,0,0
2024-02-15,447.25,451.66,446.45,450,429.759,974700,0,0
2024-02-16,450.37,452.87,448.01,450.96,430.676,1016300,0,0
2024-02-20,453.22,460.54,452.85,453.91,433.494,1367700,0,0
2024-02-21,454.68,461.09,453.76,460,439.31,1284300,0,0
2024-02-22,458.68,459.44,451.51,457.05,436.492,1801300,0,0
2024-02-23,455.82,461.56,455.54,461.1,442.169,574600,1.87,0
2024-02-26,462.27,465.75,458.88,459.34,440.481,618600,0,0
2024-02-27,457.58,459.27,454,458.36,439.542,421100,0,0
2024-02-28,459.61,462.08,457.21,458.95,440.108,535600,0,0
2024-02-29,458.38,461.5,455.41,461.02,442.093,927200,0,0
2024-03-01,461,461,453.82,454.9,436.224,1272600,0,0
2024-03-04,456,461.23,455.45,460.08,441.191,692700,0,0
2024-03-05,463.23,464.58,457.96,458.26,439.446,1450500,0,0
2024-03-06,458.16,463.84,457.88,461.07,442.141,546100,0,0
2024-03-07,459.21,459.59,454.26,456.4,437.662,796300,0,0
2024-03-08,455.01,459.89,453.14,459.5,440.635,475600,0,0
2024-03-11,459.48,462.24,458.35,459.25,440.395,552500,0,0
2024-03-12,456.55,460.9,454.53,458.84,440.002,1213600,0,0
2024-03-13,458.56,462.2,458.03,458.23,439.417,698500,0,0
2024-03-14,458,461.39,457.23,460.86,441.939,669900,0,0
2024-03-15,457.88,464.39,457.88,461.75,442.793,1000000,0,0
2024-03-18,461,463.52,459.05,462.39,443.406,540800,0,0
2024-03-19,465,467.5,462.63,467.48,448.287,726800,0,0
2024-03-20,468.63,471.41,466.62,470.75,451.423,617300,0,0
2024-03-21,471.94,473.56,467.3,467.49,448.297,798000,0,0
2024-03-22,468.97,471.29,467.6,468.75,449.505,615400,0,0
2024-03-25,471.32,472,467.91,469.32,450.052,446900,0,0
2024-03-26,469.5,473.06,468.6,469.91,450.618,503900,0,0
2024-03-27,472.83,477.89,471.96,477.36,457.762,823100,0,0
2024-03-28,479,480.75,478,478.66,459.008,632500,0,0
2024-04-01,478.39,478.82,470.92,471.35,451.999,794700,0,0
2024-04-02,472.09,473.99,465.01,466.36,447.213,801700,0,0
2024-04-03,465.33,467.6,456.81,457.01,438.247,1271600,0,0
2024-04-04,458,464.65,455.6,459.48,440.616,2219400,0,0
2024-04-05,457.51,459.02,452.5,454.5,435.84,1533800,0,0
2024-04-08,456.12,457.96,454.81,456.36,437.624,1509600,0,0
2024-04-09,452.83,455.1,450.43,454.66,435.994,855400,0,0
2024-04-10,452.6,458.76,449.77,457.91,439.11,983100,0,0
2024-04-11,456.59,459.93,454.78,457.83,439.033,692800,0,0
2024-04-12,462.03,468.21,455.82,456.11,437.384,1046000,0,0
2024-04-15,461.96,464.61,446.22,451.29,432.762,2007800,0,0
2024-04-16,453.08,456.15,450.05,450.35,431.861,953200,0,0
2024-04-17,452.92,453.85,448.44,452.05,433.491,818200,0,0
2024-04-18,449.88,456.7,449.88,452.5,433.922,846300,0,0
2024-04-19,455.59,463.5,453.07,462.58,443.588,1213900,0,0
2024-04-22,464.93,472.45,462.07,470.98,451.644,1006300,0,0
2024-04-23,473.58,476.77,470.41,474.68,455.192,1365400,0,0
2024-04-24,475.09,477.12,470.78,474.57,455.086,1124100,0,0
2024-04-25,468.77,490.6,465,488.06,468.022,1365400,0,0
2024-04-26,487.56,488.35,477.71,480.45,460.725,1371900,0,0
2024-04-29,481.5,486.28,480.75,486.22,466.258,714400,0,0
2024-04-30,486.45,488.06,483.53,485.03,465.117,909000,0,0
2024-05-01,485.12,490.27,483.41,486.37,466.402,1157300,0,0
2024-05-02,484.91,488.48,474.33,475,455.499,1373000,0,0
2024-05-03,475.65,477.52,465.23,469.09,449.831,1443400,0,0
2024-05-06,470.34,471.26,467.31,468.86,449.611,862300,0,0
2024-05-07,470.69,474.85,468.96,473.75,454.3,734300,0,0
2024-05-08,474.61,475.76,471.36,471.61,452.248,866600,0,0
2024-05-09,471.54,474.52,471.54,473.43,453.993,868900,0,0
2024-05-10,474.26,476.3,472.42,474.8,455.307,579000,0,0
2024-05-13,475.2,480.73,475.2,476.65,457.081,507000,0,0
2024-05-14,477.75,479.21,473.85,474.07,454.607,505700,0,0
2024-05-15,471.85,473.23,466.33,469.65,450.368,682300,0,0
2024-05-16,470.32,472.42,467.63,470.69,451.366,842400,0,0
2024-05-17,471.87,471.87,468.21,470.22,450.915,966700,0,0
2024-05-20,471.9,472.09,468.09,468.94,449.687,689400,0,0
2024-05-21,470.72,473.96,468.57,471.9,452.526,579600,0,0
2024-05-22,470.97,475.34,470.35,474.69,455.201,556400,0,0
2024-05-23,472.08,475.05,466.24,467.21,448.028,947100,0,0
2024-05-24,465.45,467.52,464.86,466.43,449.261,420800,2.06,0
2024-05-28,465.13,465.13,455.06,455.5,438.734,848400,0,0
2024-05-29,453.6,453.76,446.19,446.39,429.959,1340700,0,0
2024-05-30,448.48,450.16,444.83,446.52,430.084,1257000,0,0
2024-05-31,446.3,451.93,445.32,450.77,434.178,2867200,0,0
2024-06-03,449.2,453.4,448.84,449.33,432.791,1085600,0,0
2024-06-04,449.29,450.25,447.35,448.39,431.885,530700,0,0
2024-06-05,447.66,448.18,441.3,442.37,426.087,993800,0,0
2024-06-06,442.4,446.37,441.5,444.78,428.408,673500,0,0
2024-06-07,443.85,445.85,439.82,440.04,423.843,716600,0,0
2024-06-10,440,441.87,435.07,435.77,419.73,1013900,0,0
2024-06-11,434.25,436,428.97,429.82,413.999,1385000,0,0
2024-06-12,430.23,432.31,424.4,427.15,411.427,1326200,0,0
2024-06-13,426.58,426.81,420.25,423.42,407.834,1393800,0,0
2024-06-14,422.09,424.11,418.6,424.09,408.48,1085600,0,0
2024-06-17,423.04,431.04,422.19,429.78,413.96,1033400,0,0
2024-06-18,430.29,432.89,424.95,425.83,410.156,963100,0,0
2024-06-20,425.56,436.8,425.56,434.48,418.487,863800,0,0
2024-06-21,431.74,433.53,427.02,432.09,416.185,1888800,0,0
2024-06-24,433.9,437.7,428.84,430.67,414.818,1077500,0,0
2024-06-25,430.91,431.56,428.43,428.48,412.708,724000,0,0
2024-06-26,430.33,433.23,427.11,431.49,415.607,779500,0,0
2024-06-27,432.54,437.6,431.99,434.91,418.902,981600,0,0
2024-06-28,436.31,438.1,433.95,435.95,419.903,1103100,0,0
2024-07-01,437.6,440.5,433.23,435,418.988,719100,0,0
2024-07-02,434.72,437.48,433.66,437.37,421.271,504000,0,0
2024-07-03,436.98,438.51,434.85,437.09,421.001,304000,0,0
2024-07-05,437.09,437.09,432.49,434.73,418.728,436700,0,0
2024-07-08,435.15,436.13,429.41,430.25,414.413,727900,0,0
2024-07-09,430,430.39,423.68,423.73,408.133,910300,0,0
2024-07-10,422.69,426.59,422.69,426.24,410.551,717700,0,0
2024-07-11,425.06,433.2,424.66,432.02,416.118,761200,0,0
2024-07-12,435,437.69,431.63,432.24,416.33,692100,0,0
2024-07-15,434.01,436.45,431.07,431.92,416.022,624400,0,0
2024-07-16,431.21,436.05,431.2,435.16,419.142,641300,0,0
2024-07-17,434.71,441.83,433.94,440.17,423.968,1140100,0,0
2024-07-18,437.44,445.86,437.44,439.61,423.428,891200,0,0
2024-07-19,442.55,442.55,434.8,437.94,421.82,720000,0,0
2024-07-22,437.6,438.87,435.11,438.1,421.974,790700,0,0
2024-07-23,439.44,443.64,437,442.3,426.019,681200,0,0
2024-07-24,444.44,445.95,437.02,442.12,425.846,1301000,0,0
2024-07-25,460.93,472.83,458.93,470.57,453.249,2050800,0,0
2024-07-26,477.56,484.45,472.11,480.3,462.621,1164600,0,0
2024-07-29,481.05,482.54,475.24,477.29,459.722,877300,0,0
2024-07-30,476.58,489.06,475.02,486.73,468.814,745000,0,0
2024-07-31,486.54,489.38,482.85,484.32,466.493,1454400,0,0
2024-08-01,485.8,494.65,483.41,493.36,475.2,997800,0,0
2024-08-02,495.98,505,485.7,494.55,476.346,1045600,0,0
2024-08-05,497.48,506.83,486.29,492.63,474.497,967500,0,0
2024-08-06,493.23,495.5,485.96,486.53,468.621,741500,0,0
2024-08-07,483.36,495.05,480.68,489.75,471.723,739800,0,0
2024-08-08,487.67,495.32,484.86,491.32,473.235,544400,0,0
2024-08-09,492.47,495.86,487,494.34,476.144,519100,0,0
2024-08-12,495.49,502.69,492,501.66,483.195,922800,0,0
2024-08-13,501.49,502.51,496.45,502.38,483.888,781000,0,0
2024-08-14,501.47,507.53,500.83,505,486.412,720100,0,0
2024-08-15,504.63,505.24,501.32,503.7,485.159,611800,0,0
2024-08-16,504.42,507.73,502.12,506.66,488.01,580300,0,0
2024-08-19,506.75,508.47,503.52,504.87,486.286,344300,0,0
2024-08-20,504.5,508.06,500.52,508.04,489.34,452900,0,0
2024-08-21,508.91,509.42,504.87,506.86,488.203,527300,0,0
2024-08-22,506.21,511.87,506.21,509.63,490.871,500800,0,0
2024-08-23,510,510.4,505.24,509.34,490.592,554900,0,0
2024-08-26,510.36,512.34,508.81,512,493.154,515000,0,0
2024-08-27,512.05,513.91,508,512.44,493.578,434000,0,0
2024-08-28,515.56,517.48,510.14,513.56,494.656,638700,0,0
2024-08-29,514,521.52,512.2,519.35,500.233,509500,0,0
2024-08-30,516.5,523.62,516.17,523.21,503.951,712700,0,0
2024-09-03,522.65,526.66,520.51,522.69,505.441,810700,2.06,0
2024-09-04,524.01,528.76,520.2,523.68,506.398,580100,0,0
2024-09-05,524.74,525.8,516.33,519.39,502.249,384300,0,0
2024-09-06,519.39,522.89,514.73,515,498.004,535700,0,0
2024-09-09,517,525.1,517,524.21,506.91,642000,0,0
2024-09-10,525.52,527.01,519.32,519.97,502.81,561500,0,0
2024-09-11,517.47,518.45,508.13,515.93,498.904,650200,0,0
2024-09-12,512.59,519.05,512.59,518.54,501.427,447500,0,0
2024-09-13,517.34,521.53,516.09,519.78,502.627,292800,0,0
2024-09-16,524.16,527.5,519.54,521.27,504.067,338500,0,0
2024-09-17,515,521.91,513.22,520.75,503.564,423000,0,0
2024-09-18,520.75,526.72,516.94,521.63,504.415,532600,0,0
2024-09-19,522.73,523.17,517.44,522.26,505.025,468400,0,0
2024-09-20,521.09,526.82,518.23,525.13,507.8,1330400,0,0
2024-09-23,525.24,534.61,523.55,533.14,515.546,524000,0,0
2024-09-24,531.03,533.77,526.52,529.86,512.374,528100,0,0
2024-09-25,532.18,533,525.09,528.11,510.682,437300,0,0
2024-09-26,524.33,530.6,523.21,524.31,507.007,426100,0,0
2024-09-27,523.49,528.93,521.97,526.79,509.405,528800,0,0
2024-09-30,526.72,528.94,521.9,528.07,510.643,957200,0,0
2024-10-01,528.18,555.57,525.78,543.88,525.931,1200800,0,0
2024-10-02,544.49,547.23,538.29,538.87,521.086,690900,0,0
2024-10-03,539.85,543.6,535,537.58,519.839,443700,0,0
2024-10-04,535.82,538.56,534.06,536.74,519.027,393900,0,0
2024-10-07,536.26,539.3,531.46,533.97,516.348,436200,0,0
2024-10-08,536.01,536.62,531.64,532.65,515.072,422500,0,0
2024-10-09,531.55,534.53,528.77,532.23,514.666,428500,0,0
2024-10-10,532.21,532.21,525.88,527.09,509.695,372800,0,0
2024-10-11,529.01,531,526.53,528.7,511.252,325100,0,0
2024-10-14,530.65,535,527.83,534.07,516.445,334000,0,0
2024-10-15,535.27,536.12,525.88,526.93,509.541,710700,0,0
2024-10-16,525.08,531.67,525,531.43,513.892,541200,0,0
2024-10-17,525.17,529.43,522.12,527.97,510.546,909200,0,0
2024-10-18,528.21,530.93,525.6,530.79,513.273,1245900,0,0
2024-10-21,533.73,536.89,525.83,529.65,512.171,579700,0,0
2024-10-22,529.8,529.8,517.82,520.2,503.033,677400,0,0
2024-10-23,522.11,522.9,515.44,516.4,499.358,919500,0,0
2024-10-24,515.91,531,515.74,523.68,506.398,1310300,0,0
2024-10-25,525.83,527.75,518.57,519.35,502.211,516100,0,0
2024-10-28,519.27,519.27,511.45,512.15,495.248,680700,0,0
2024-10-29,512.5,512.66,504.01,504.05,487.416,582000,0,0
2024-10-30,504.05,509.37,501.85,505.34,488.663,799200,0,0
2024-10-31,505.61,511.7,504.06,509.02,492.222,908100,0,0
2024-11-01,513.9,513.9,506.33,506.95,490.22,497900,0,0
2024-11-04,507.79,510.99,502.14,507.44,490.694,455400,0,0
2024-11-05,508.94,513.19,505.48,512.9,495.974,695400,0,0
2024-11-06,529.35,529.35,515.44,523.14,505.876,965700,0,0
2024-11-07,525.92,525.92,517.45,520.58,503.4,671600,0,0
2024-11-08,523.37,531.27,522.23,528.99,511.533,495800,0,0
2024-11-11,532.93,539.76,532.51,533.7,516.087,538400,0,0
2024-11-12,536.15,536.15,529.91,531.39,513.853,649900,0,0
2024-11-13,528.75,529.9,518.84,520.42,503.245,773400,0,0
2024-11-14,521,521,492.13,500.34,483.828,1187600,0,0
2024-11-15,497.56,504.24,490.87,493.99,477.688,1428600,0,0
2024-11-18,494.85,498.32,487.64,488.68,472.553,875900,0,0
2024-11-19,494.12,497.94,489.65,491.02,474.816,795200,0,0
2024-11-20,490.32,492.95,487.44,491.98,475.744,533500,0,0
2024-11-21,493.9,496.9,489.17,496.41,480.028,609800,0,0
2024-11-22,497.98,500,494.31,496.87,480.473,507500,0,0
2024-11-25,493.5,493.99,478.42,485.27,469.255,1805800,0,0
2024-11-26,486.56,491.74,482.57,488.43,472.311,849300,0,0
2024-11-27,488.27,492.42,488,489.08,472.94,583400,0,0
2024-11-29,489.9,490.62,486.6,489.65,473.491,336700,0,0
2024-12-02,487,489.18,481.91,484.75,470.733,479600,2.06,0
2024-12-03,485.68,486.3,483.13,485.21,471.18,683800,0,0
2024-12-04,482.74,487.84,481.06,486.62,472.549,804600,0,0
2024-12-05,485.8,486.59,478.14,479.57,465.703,932500,0,0
2024-12-06,479.61,480.05,470.55,473.65,459.954,915700,0,0
2024-12-09,471.45,482.01,470.6,479.17,465.314,930200,0,0
2024-12-10,477.71,480.68,473.29,480.18,466.295,789600,0,0
2024-12-11,480.3,480.86,474,475.62,461.867,1058100,0,0
2024-12-12,477,486.22,473.77,481.51,467.587,1317400,0,0
2024-12-13,479.99,484.02,477.67,480,466.12,699600,0,0
2024-12-16,478.84,484.65,477.49,482.6,468.645,859200,0,0
2024-12-17,480.95,486.89,478.39,480.29,466.402,747300,0,0
2024-12-18,480.88,483.5,467.12,467.66,454.137,839200,0,0
2024-12-19,466.28,470.97,462.81,467.13,453.622,730200,0,0
2024-12-20,467.49,474.4,464.35,469.54,455.963,1283900,0,0
2024-12-23,469.37,470.26,464.12,467.2,453.69,581900,0,0
2024-12-24,466.69,471.79,465.9,471.09,457.468,235100,0,0
2024-12-26,471.09,474.02,469.67,472.23,458.575,294600,0,0
2024-12-27,469.62,474.65,469.03,471.35,457.72,376000,0,0
2024-12-30,467.82,469.06,465.18,466.52,453.03,440200,0,0
2024-12-31,466.52,470.52,465.31,469.29,455.72,439900,0,0
2025-01-02,471.99,476.09,466.28,468.01,454.477,598300,0,0
2025-01-03,467.56,469.61,466.46,467.82,454.293,624500,0,0
2025-01-06,465.27,466.22,453.96,455.14,441.979,873300,0,0
2025-01-07,454.19,458.55,450.81,452.39,439.309,1100000,0,0
2025-01-08,456.02,464.62,453.96,462.21,448.845,746600,0,0
2025-01-10,461.36,464.38,455.43,458.69,445.426,626400,0,0
2025-01-13,458.69,477.39,458.69,472.38,458.721,964500,0,0
2025-01-14,473.51,475.98,471.58,475.5,461.75,554000,0,0
2025-01-15,476.53,477.7,470.19,472.3,458.643,646400,0,0
2025-01-16,471.33,481.33,470.77,481.19,467.276,706600,0,0
2025-01-17,480.42,483.43,477.36,482.38,468.431,1091500,0,0
2025-01-21,490,507.67,489.54,504.45,489.863,1309900,0,0
2025-01-22,504,505.26,497.17,502.41,487.882,1326500,0,0
2025-01-23,506,507.64,493.23,499.77,485.319,780200,0,0
2025-01-24,497.93,500,496.66,497.02,482.648,556400,0,0
2025-01-27,502.39,507.38,497,503.23,488.679,738100,0,0
2025-01-28,501.11,502.91,485.48,486.64,472.568,1036700,0,0
2025-01-29,486.64,492.76,480.25,481.54,467.616,873500,0,0
2025-01-30,472,485,469.73,483.37,469.393,1468400,0,0
2025-01-31,484,488.1,478.5,487.27,473.18,794400,0,0
2025-02-03,488.41,493.33,481.66,487.75,473.646,763400,0,0
2025-02-04,486.6,487.79,481.42,482.39,468.441,525900,0,0
2025-02-05,484.99,486,470.93,472.34,458.682,1080000,0,0
2025-02-06,470.85,472.75,462.24,466.55,453.059,789800,0,0
2025-02-07,468.36,474.15,465.87,468.58,455.03,820000,0,0
2025-02-10,469.81,477.08,468.53,474.37,460.653,804800,0,0
2025-02-11,475.62,475.83,468.42,473.84,460.138,539000,0,0
2025-02-12,472.24,477.47,469.26,470.86,457.245,807100,0,0
2025-02-13,472.26,474.74,453.62,455.06,441.901,1245400,0,0
2025-02-14,453.74,454,434.15,438.9,426.209,2036200,0,0
2025-02-18,445.35,448.95,439.45,441.36,428.598,1074500,0,0
2025-02-19,443.47,451.08,430,433.45,420.916,1784300,0,0
2025-02-20,429.08,439,426.24,438.11,425.442,1218800,0,0
2025-02-21,437.83,450.09,437.83,447.96,435.007,1677700,0,0
2025-02-24,450.23,456.51,449.21,449.94,436.929,1507500,0,0
2025-02-25,451.85,462.56,450.84,461.01,447.679,1241300,0,0
2025-02-26,458.27,458.91,452.73,454.87,441.717,738900,0,0
2025-02-27,455.97,464,455.88,459.97,446.669,1130800,0,0
2025-02-28,460.75,464.93,455.93,461.74,448.388,901000,0,0
2025-03-03,466.36,473.81,463.16,473.41,461.781,1255700,2.06,0
2025-03-04,471.43,480.88,463.14,463.83,452.436,1335800,0,0
2025-03-05,466.74,479.64,466.59,474.2,462.552,1188400,0,0
2025-03-06,475.65,477.07,465.2,475.2,463.527,941500,0,0
2025-03-07,473.12,491.1,472.23,486.52,474.569,1027200,0,0
2025-03-10,486.44,510.21,483.71,495.45,483.28,1567100,0,0
2025-03-11,494,495.45,484.81,494.11,481.973,1554900,0,0
2025-03-12,489.04,492,474.5,475.1,463.43,1136400,0,0
2025-03-13,474.61,492.6,471.89,490.59,478.539,1330500,0,0
2025-03-14,487.29,497.36,483.07,484.93,473.018,1402900,0,0
2025-03-17,484.48,492.99,484.19,490.5,478.451,748300,0,0
2025-03-18,491,494.2,488.23,489.81,477.778,620000,0,0
2025-03-19,490.58,497.66,486,491.52,479.446,846800,0,0
2025-03-20,490.5,492.84,487.02,489.23,477.212,685600,0,0
2025-03-21,490.21,494.79,483.99,490.72,478.666,2084700,0,0
2025-03-24,491,495.5,489.09,495.08,482.919,626700,0,0
2025-03-25,498,509.42,496,506.62,494.175,991400,0,0
2025-03-26,508.81,510.91,504.77,507.14,494.683,821100,0,0
2025-03-27,514.06,518.69,511.91,513.82,501.198,929000,0,0
2025-03-28,513.64,516.85,507.13,512.19,499.608,730500,0,0
2025-03-31,512,518.89,508.48,512.01,499.433,981900,0,0
2025-04-01,514.54,517.31,509.38,513.1,500.496,710600,0,0
2025-04-02,510.61,514.5,508.04,512.18,499.599,750800,0,0
2025-04-03,512.56,525,512.5,515.17,502.515,1055800,0,0
2025-04-04,513.5,516.78,484.89,485.52,473.594,1692400,0,0
2025-04-07,480.14,495,472.96,481.57,469.741,1967300,0,0
2025-04-08,500,503.01,487.58,491.97,479.885,1226000,0,0
2025-04-09,483.11,519.5,480.9,512.3,499.716,1608200,0,0
2025-04-10,511.47,521.55,503.29,516.09,503.413,1071800,0,0
2025-04-11,516.09,537.75,514.19,533.99,520.873,1178800,0,0
2025-04-14,529.84,538.68,525.71,535.82,522.658,714400,0,0
2025-04-15,534.61,536.55,528,529.36,516.357,926900,0,0
2025-04-16,537.11,544,534.13,537.51,524.306,1381400,0,0
2025-04-17,530.08,544.76,530.08,540.39,527.116,1102300,0,0
2025-04-21,540,540,526.45,531.33,518.278,1342900,0,0
2025-04-22,484.75,494.2,450.13,464.08,452.68,4788400,0,0
2025-04-23,466.67,478.82,460.36,472.65,461.04,1929100,0,0
2025-04-24,469.56,471.25,462.48,463.07,451.695,1805100,0,0
2025-04-25,465.3,473.49,458.35,473.2,461.576,1329300,0,0
2025-04-28,475.55,487,475.55,483.31,471.438,1817300,0,0
2025-04-29,483.79,487.12,480,482.1,470.258,977200,0,0
2025-04-30,484.09,487.82,475.54,486.5,474.549,1312300,0,0
2025-05-01,485.17,488.17,482.09,486.67,474.715,1194000,0,0
2025-05-02,492.72,498.53,478.77,491.42,479.349,1728600,0,0
2025-05-05,493.58,496.21,489.48,493.33,481.212,830400,0,0
2025-05-06,491.48,493.09,484.98,487.48,475.505,655000,0,0
2025-05-07,486.73,488.7,481,486.04,474.101,875400,0,0
2025-05-08,486.68,489.84,483.63,484.37,472.472,920800,0,0
2025-05-09,484.86,485.12,475.88,482.62,470.765,639600,0,0
2025-05-12,479.95,482.79,471.55,479.16,467.39,1292100,0,0
2025-05-13,478.7,479.98,470.63,470.67,459.108,883900,0,0
2025-05-14,461.38,465,453.01,456.3,445.091,1272400,0,0
2025-05-15,461.44,470.89,459.25,469.05,457.528,1116100,0,0
2025-05-16,469.61,473.56,466.38,473.17,461.547,1148300,0,0
2025-05-19,476.12,476.12,469.28,471.12,459.547,959000,0,0
2025-05-20,469.89,477.87,469.89,476.6,464.893,1001400,0,0
2025-05-21,481.11,481.11,472.34,473.9,462.259,902900,0,0
2025-05-22,471.53,475.65,468.98,472.88,461.264,922300,0,0
2025-05-23,472.07,472.97,468.29,471.46,459.879,679200,0,0
2025-05-27,471.62,475.66,470.3,475.47,463.79,868700,0,0
2025-05-28,477.74,478.09,473.7,475.32,463.644,924300,0,0
2025-05-29,471.18,480.25,468.5,479.39,467.614,864000,0,0
2025-05-30,480,485.99,475.06,484.77,472.862,1304500,0,0
2025-06-02,481.13,483.85,478.92,483.38,473.764,765300,2.31,0
2025-06-03,483,488.63,481.75,488.22,478.507,578400,0,0
2025-06-04,490,495.9,488.05,491.29,481.516,766800,0,0
2025-06-05,492.95,492.95,484.53,488.12,478.409,634300,0,0
2025-06-06,488.59,491.43,486.56,489.41,479.674,372400,0,0
2025-06-09,490,492.11,483.76,491.36,481.585,617700,0,0
2025-06-10,491.53,491.53,486.64,488.8,479.076,535800,0,0
2025-06-11,483.57,488.71,472.02,488.46,478.743,895200,0,0
2025-06-12,488.82,497.32,487.95,497.13,487.24,635100,0,0
2025-06-13,504,519.43,503.2,516.72,506.44,1844000,0,0
2025-06-16,510.81,515,495.58,497.52,487.622,1168700,0,0
2025-06-17,502,505.85,498.06,503.97,493.944,764300,0,0
2025-06-18,504.42,506.6,493.58,494.65,484.809,792400,0,0
2025-06-20,496.62,499.86,488,497.7,487.799,916000,0,0
2025-06-23,500.81,508.32,496.44,499.67,489.73,978800,0,0
2025-06-24,494.8,495.12,481.28,484,474.371,930600,0,0
2025-06-25,488,488.46,483.84,486.92,477.233,724600,0,0
2025-06-26,489.19,497.04,487.68,493.66,483.839,876400,0,0
2025-06-27,490.95,494.68,489.26,494,484.172,874400,0,0
2025-06-30,495.31,501.08,493.96,499.98,490.033,644100,0,0
2025-07-01,499.95,504.81,496.38,503.53,493.513,651300,0,0
2025-07-02,493,499.02,489.52,498.9,488.975,817400,0,0
2025-07-03,500.26,505.19,498.61,504.2,494.17,381800,0,0
2025-07-07,506.2,509.6,503.2,507.92,497.816,653400,0,0
2025-07-08,501,506.93,500.84,504.85,494.807,669600,0,0
2025-07-09,505.81,508.41,502.3,507.94,497.835,608900,0,0
2025-07-10,506.55,514.93,504.98,513.87,503.647,624000,0,0
2025-07-11,513.7,515.2,508.02,514.6,504.363,748900,0,0
2025-07-14,517,523.76,513.33,521.11,510.743,790200,0,0
2025-07-15,519.4,523.46,516.15,516.82,506.538,539500,0,0
2025-07-16,516.84,520.78,514.06,519.7,509.361,483500,0,0
2025-07-17,519,525.52,518.64,523.83,513.409,620900,0,0
2025-07-18,523.35,528.27,515.64,519.04,508.714,873900,0,0
2025-07-21,518.31,523.98,514.39,515.29,505.039,832500,0,0
2025-07-22,536.01,567.12,535.52,563.79,552.574,2395100,0,0
2025-07-23,562.35,568.67,551.8,568.5,557.19,1250900,0,0
2025-07-24,568.25,576.86,566.58,568.48,557.171,974800,0,0
2025-07-25,568,570.16,563.3,569.74,558.406,635700,0,0
2025-07-28,569.24,570,563.64,568.62,557.308,679600,0,0
2025-07-29,571.4,573.3,568.19,573.22,561.816,682800,0,0
2025-07-30,572.94,573.81,568.71,572.81,561.415,661500,0,0
2025-07-31,572,577.38,568.89,576.61,565.139,850700,0,0
2025-08-01,577.14,587.88,572.95,586.44,574.773,1006400,0,0
2025-08-04,585.69,592.16,584.13,589.75,578.018,970300,0,0
2025-08-05,590.22,594.68,586.01,589.95,578.214,905700,0,0
2025-08-06,590,593.48,586.7,589.29,577.567,992400,0,0
2025-08-07,583.21,588.23,580,587.38,575.695,626600,0,0
2025-08-08,587.71,591.07,579.15,581.11,569.549,749400,0,0
2025-08-11,579.81,583.78,575.45,580.24,568.697,744700,0,0
2025-08-12,579.21,581.63,577.62,580.8,569.246,643800,0,0
2025-08-13,582.49,586.89,576.22,582.09,570.51,745600,0,0
2025-08-14,583.89,585.29,580.93,583.72,572.108,543300,0,0
2025-08-15,583.41,586.75,580.92,583.96,572.343,667300,0,0
2025-08-18,587.47,592.23,583.54,584.82,573.186,922300,0,0
2025-08-19,584,589.48,582.22,586.23,574.568,470700,0,0
2025-08-20,589.84,595.32,587.77,592.54,580.752,610400,0,0
2025-08-21,593,598.83,591.31,597.21,585.329,610200,0,0
2025-08-22,599.79,600.99,591.37,592.44,580.654,616600,0,0
2025-08-25,592,595.4,586.05,586.74,575.067,478100,0,0
2025-08-26,588.39,595.85,588.12,593.02,581.223,1002100,0,0
2025-08-27,594.55,594.55,585.04,586.61,574.94,679300,0,0
2025-08-28,586.61,587.94,580.9,587.9,576.204,479100,0,0
2025-08-29,587.9,591.57,587.08,590.04,578.302,528600,0,0
2025-09-02,591.88,596.16,585.26,589.32,579.866,635600,2.31,0
2025-09-03,586.53,588,577.69,581.01,571.69,463200,0,0
2025-09-04,581.71,581.94,576,579.76,570.46,505500,0,0
2025-09-05,579.34,581.17,574.82,580.8,571.483,633600,0,0
2025-09-08,574.99,582.13,571.37,581.9,572.565,814100,0,0
2025-09-09,580.46,580.49,571.44,571.63,562.46,482500,0,0
2025-09-10,571.24,580.84,570,579.87,570.568,547300,0,0
2025-09-11,579.31,585.76,578,582.95,573.599,901100,0,0
2025-09-12,582.34,583.13,575.18,575.96,566.721,717900,0,0
2025-09-15,574,576.47,571.12,574.54,565.323,804600,0,0
2025-09-16,578,587.24,575.95,579.36,570.066,1104500,0,0
2025-09-17,579.1,585,576.39,577.08,567.823,790200,0,0
2025-09-18,572,576.98,568.32,573.75,564.546,798900,0,0
2025-09-19,571.91,576.15,565.5,573.03,563.838,1478200,0,0
2025-09-22,573.69,577.65,570.26,576.15,566.908,566700,0,0
2025-09-23,576,580.67,571.08,577.08,567.823,656300,0,0
2025-09-24,580.64,589.6,577,586.27,576.865,784200,0,0
2025-09-25,590,593.75,582.49,585.77,576.373,1073900,0,0
2025-09-26,589.49,594.96,586.85,594.52,584.983,510900,0,0
2025-09-29,598.31,604.13,591.51,593.99,584.461,777100,0,0
2025-09-30,593.1,610.12,593.1,609.32,599.546,802800,0,0
2025-10-01,607.22,610.85,603.01,605.42,595.708,558300,0,0
2025-10-02,603.8,607.26,601.96,605.01,595.305,453900,0,0
2025-10-03,607,610.64,605.3,609.54,599.762,435900,0,0
2025-10-06,609.12,619.71,609,618.52,608.598,540200,0,0
2025-10-07,622.85,627.81,618.4,621.63,611.658,838200,0,0
2025-10-08,630,638.54,625.55,637.95,627.716,938800,0,0
2025-10-09,638,640.9,631.37,635.01,624.823,1007400,0,0
2025-10-10,633.36,635.25,619.41,623.49,613.488,659700,0,0
2025-10-13,619.97,624.05,616.9,618.88,608.952,452600,0,0
2025-10-14,619.48,627.41,618.07,626.93,616.873,437500,0,0
2025-10-15,625.05,627.05,600.08,608.93,599.162,666700,0,0
2025-10-16,611,611.8,597.6,598.98,589.371,781900,0,0
2025-10-17,597,601.65,591.68,594.5,584.963,825200,0,0
2025-10-20,599.66,602.9,596.21,602,592.343,1084100,0,0
2025-10-21,589.96,604.89,571.36,599.35,589.735,1750700,0,0
2025-10-22,597.07,605.96,595.65,596.48,586.911,1122800,0,0
2025-10-23,599.73,609.82,598.01,605.74,596.023,655500,0,0
2025-10-24,606.35,608.5,597.08,605.58,595.865,564700,0,0
2025-10-27,604.87,605.65,595,595.95,586.39,501200,0,0
2025-10-28,594.5,598.95,591.24,595.05,585.504,714700,0,0
2025-10-29,590,594.22,582.51,584.99,575.606,723200,0,0
2025-10-30,585.94,591.73,577.74,578.6,569.318,1102800,0,0
2025-10-31,579.15,586.63,575.82,583.45,574.091,840200,0,0
2025-11-03,580.44,581.19,571.68,575.41,566.179,657800,0,0
2025-11-04,574.49,579.59,568.4,577.14,567.882,494200,0,0
2025-11-05,572.77,579.53,569.74,570.5,561.348,535800,0,0
2025-11-06,570,578.04,569.95,571.96,562.785,610700,0,0
2025-11-07,571.97,571.97,562.44,568.61,559.489,646000,0,0
2025-11-10,564.8,567.06,557.39,562.98,553.949,1075600,0,0
2025-11-11,564.48,570.79,559,566.74,557.649,743300,0,0
2025-11-12,565.18,569.15,558.4,558.57,549.61,669600,0,0
2025-11-13,563.24,563.41,556.84,558,549.049,828400,0,0
2025-11-14,557.75,562.03,553.37,558,549.049,742500,0,0
2025-11-17,559.98,563.08,556.29,563.03,553.998,912800,0,0
2025-11-18,565,573.31,564.18,566.76,557.668,1047000,0,0
2025-11-19,560.39,567.2,557.46,565,555.936,665400,0,0
2025-11-20,570.88,573.26,563.51,567.35,558.249,688100,0,0
2025-11-21,568.28,571.67,563.08,566.7,557.609,943900,0,0
2025-11-24,562.92,566.27,560,565.56,556.487,731700,0,0
2025-11-25,565.7,574.5,565.7,569.42,560.286,919500,0,0
2025-11-26,569.61,582.6,567.08,567.11,558.013,445800,0,0
2025-11-28,567.35,573.68,566.63,572.25,563.07,421800,0,0
2025-12-01,567.73,568.5,543.66,545.51,538.935,794700,2.31,0
2025-12-02,546.68,551.28,545.17,546.97,540.377,779300,0,0
2025-12-03,549.56,554.52,546.49,553.32,546.651,890000,0,0
2025-12-04,552.84,560,551.56,553,546.334,753000,0,0
2025-12-05,551.5,552.28,544.16,548.97,542.353,785500,0,0
2025-12-08,549,553.62,546.51,553.56,546.888,706000,0,0
2025-12-09,554.12,557.74,550.25,550.63,543.993,410900,0,0
2025-12-10,549,558.61,546.52,555.36,548.666,680000,0,0
2025-12-11,557.56,568.66,556.93,560.04,553.289,618200,0,0
2025-12-12,563.19,571.6,560.5,569.76,562.892,784400,0,0
2025-12-15,569.14,575.79,568.57,575.79,568.85,448800,0,0
2025-12-16,573.5,574.2,565.84,568.72,561.865,488200,0,0
2025-12-17,562.79,572.3,557.59,564.19,557.389,761800,0,0
2025-12-18,564,569.93,558.06,559.52,552.776,950200,0,0
2025-12-19,558.47,570.96,557.98,568.46,561.608,1329800,0,0
2025-12-22,568.9,585.28,568.9,584.66,577.613,530100,0,0
2025-12-23,585.28,586,576.7,580.06,573.068,564700,0,0
2025-12-24,581.23,587.29,581.14,582.35,575.331,202600,0,0
2025-12-26,582.71,582.71,575.45,577.37,570.411,230400,0,0
2025-12-29,577.92,580.76,576.88,577.78,570.816,250000,0,0
2025-12-30,578.89,580.12,574.31,574.57,567.644,526200,0,0
2025-12-31,575.21,577,570.02,570.21,563.337,419600,0,0
2026-01-02,569.59,585.85,564.5,585.66,578.601,477400,0,0
2026-01-05,593.96,611.37,591.2,611.32,603.951,941700,0,0
2026-01-06,614.56,619.2,606.82,610.61,603.25,997900,0,0
2026-01-07,616.42,617.99,574.51,577.01,570.055,1674500,0,0
2026-01-08,617.88,638.84,585.95,590.79,583.669,3608000,0,0
2026-01-09,590.68,619.79,590.68,618.82,611.361,1449800,0,0
2026-01-12,623.63,635.76,623.38,629.32,621.734,1262600,0,0
2026-01-13,639.16,639.79,619.68,625.5,617.961,1153800,0,0
2026-01-14,625,654.52,624.86,653.14,645.267,1480900,0,0
2026-01-15,640.37,658.41,632.98,654.61,646.72,965600,0,0
2026-01-16,657.6,669.68,657.26,666.9,658.861,968900,0,0
2026-01-20,665.93,674.75,653.02,657.3,649.377,1000500,0,0
2026-01-21,658.97,669.63,654.66,664.16,656.154,1011100,0,0
2026-01-22,661.18,671.1,660,670.44,662.359,601900,0,0
2026-01-23,674.2,677.3,668.51,672.95,664.839,597600,0,0
2026-01-26,670,671.45,659.11,660.97,653.003,1024600,0,0
2026-01-27,649.65,683.01,636,678.74,670.559,1363400,0,0
2026-01-28,674.46,690.74,664,689.13,680.824,1222400,0,0
2026-01-29,695.45,705.45,686.05,695.35,686.969,1064200,0,0
2026-01-30,688,697.67,681.1,692.26,683.916,953100,0,0
2026-02-02,685,690.47,675.4,685.02,676.763,1180100,0,0
2026-02-03,694.2,707.66,685.5,704.98,696.482,942500,0,0
2026-02-04,705.75,709.39,677.39,689.75,681.436,1732000,0,0
2026-02-05,680.25,704.18,679,696.5,688.105,845300,0,0
2026-02-06,702,711.88,699.53,709.11,700.563,634800,0,0
2026-02-09,712.15,715.61,698,698.02,689.606,693900,0,0
2026-02-10,702.32,702.32,684.37,685,676.743,956100,0,0
2026-02-11,682.34,688.11,674.75,678.83,670.648,865000,0,0
2026-02-12,680.75,696.72,679.92,695.06,686.682,887400,0,0
2026-02-13,696.8,709,696.26,702.57,694.102,676200,0,0
2026-02-17,702.56,708,698.73,701.12,692.669,614500,0,0
2026-02-18,709.97,725.55,702.49,724.83,716.093,1194600,0,0
2026-02-19,727.26,745.55,727.26,736.87,727.988,1008400,0,0
2026-02-20,735,737.75,718.01,723.56,714.839,744100,0,0
2026-02-23,721.26,731.45,719.42,725.39,718.942,567200,2.31,0
2026-02-24,726.56,734.58,710.47,727.73,721.261,735000,0,0
2026-02-25,727.4,728.5,691.03,703.65,697.395,1634900,0,0
2026-02-26,703,713.81,700.17,710.9,704.581,588000,0,0
2026-02-27,720,727.29,714.81,724.38,717.941,896400,0,0
2026-03-02,745,768.22,739.81,768.02,761.193,1474400,0,0
2026-03-03,768.85,774,751.87,759.11,752.362,1304800,0,0
2026-03-04,757.5,758.28,737.75,753.84,747.139,1205100,0,0
2026-03-05,749.64,751.94,734.36,740.01,733.432,918800,0,0
2026-03-06,742.27,758.68,738.01,756.13,749.408,772900,0,0
2026-03-09,763,765.58,744.57,747.34,740.697,910400,0,0
2026-03-10,738,744.97,730.19,734.98,728.446,642000,0,0
2026-03-11,730.74,742.1,728.57,733.18,726.662,622200,0,0
2026-03-12,736.44,746.18,726.58,736.3,729.755,753200,0,0
2026-03-13,739.95,746.89,728.34,733.71,727.188,481900,0,0
2026-03-16,733.53,737.4,726.17,735.96,729.418,604600,0,0
2026-03-17,734.44,736.87,720.8,724.03,717.594,764400,0,0
2026-03-18,729.99,731.18,720,724.84,718.397,545500,0,0
2026-03-19,719.08,728,707.01,714.15,707.802,849700,0,0
2026-03-20,714.72,717.34,701,706.95,700.666,1718000,0,0
2026-03-23,705.85,706.73,678.75,680,673.955,1225900,0,0
2026-03-24,670,689.29,668.2,682.16,676.096,730600,0,0
2026-03-25,685.48,692.79,681.8,691.21,685.066,579500,0,0
2026-03-26,689.65,696.93,687.48,691.99,685.839,543100,0,0
2026-03-27,692.26,693.85,677.96,679,672.964,581800,0,0
2026-03-30,689.04,693.01,663.93,671.59,665.62,927300,0,0
2026-03-31,679.86,685.52,667.28,682.24,676.175,551200,0,0
2026-04-01,689.34,702.18,684.75,697,690.804,551300,0,0
2026-04-02,700.7,708.55,698.19,702.5,696.255,613000,0,0
2026-04-06,701,703.06,687.95,695.79,689.605,792500,0,0
2026-04-07,690.14,696.79,686.39,690.5,684.362,608500,0,0
2026-04-08,677.47,690.79,673.5,687.47,681.359,1300700,0,0
2026-04-09,689.7,698.53,685,690.57,684.431,777200,0,0
2026-04-10,685.34,687,665,673.73,667.741,499800,0,0
2026-04-13,677.72,683.87,677.01,681.31,675.254,515900,0,0
2026-04-14,678.46,681.68,674.55,680.13,674.084,535100,0,0
2026-04-15,680.66,682.88,676,678.59,672.558,547300,0,0
2026-04-16,679.1,680.41,669.9,672.77,666.789,670300,0,0
2026-04-17,671.02,677.75,663.02,665.26,659.346,745100,0,0
2026-04-20,667,673.34,653.36,656.98,651.14,787900,0,0
2026-04-21,640,653,610.39,611.13,605.697,1632000,0,0
2026-04-22,611.1,615,583.5,589.62,584.379,1304900,0,0
2026-04-23,592.57,596.5,583.23,587.66,582.436,1386800,0,0
2026-04-24,582.32,582.78,569,575.11,569.998,1041200,0,0
2026-04-27,577,588.26,569.56,575.28,570.166,932200,0,0
2026-04-28,581.96,582.99,570.66,577.82,572.683,585900,0,0
2026-04-29,578,582.13,567.33,572.41,567.322,683900,0,0
2026-04-30,574.14,580.74,573.25,579.48,574.329,649600,0,0
2026-05-01,578.75,580.86,568.09,568.14,563.09,647100,0,0
2026-05-04,567.31,577.5,565.19,567,561.96,708100,0,0
2026-05-05,570.05,570.5,553.41,558.6,553.634,923300,0,0
2026-05-06,558.97,560.62,551.25,559.6,554.625,772400,0,0
2026-05-07,559.23,561.32,548.3,552.27,547.361,841500,0,0
2026-05-08,554.97,555.03,544.24,549.52,544.635,742700,0,0
2026-05-11,546,554.25,544.12,548.21,543.337,667400,0,0
2026-05-12,550,559.46,546.57,558.3,553.337,684900,0,0
2026-05-13,554.35,554.35,544.1,551.8,546.895,568100,0,0
2026-05-14,553.54,555.97,547.29,548.65,543.773,524600,0,0
2026-05-15,548.72,552.8,539.14,540.69,535.884,648900,0,0
2026-05-18,540,552.75,539,550,545.111,1286200,0,0
2026-05-19,552.95,557.09,550.08,556.34,551.395,829500,0,0
2026-05-20,556.06,556.06,547.57,552.17,547.262,966000,0,0
2026-05-21,553.62,555.96,546.76,551.58,546.677,799100,0,0
2026-05-22,552.54,557.69,550.49,555.58,550.641,652000,0,0
2026-05-26,557.73,558.99,550.34,556.8,551.85,606900,0,0
2026-05-27,552.35,555.49,548.55,551.34,546.439,520700,0,0
2026-05-28,552.26,560.55,551.34,559.29,554.318,1059200,0,0
2026-05-29,561.31,563.93,551.03,563.68,558.669,1975500,0,0
2026-06-01,559.93,559.93,538.62,539.22,536.779,1321700,2.47,0
2026-06-02,535.17,538.43,531.8,536.59,534.161,1333400,0,0
2026-06-03,533.54,538.43,525.73,526.06,523.678,1220500,0,0
2026-06-04,532.5,545.43,531.33,545.17,542.702,1014300,0,0
2026-06-05,550,551.96,540.17,544.4,541.935,1069700,0,0
2026-06-08,542.03,546.86,531.5,540.81,538.362,1033200,0,0
2026-06-09,538.35,548.75,537.44,548.67,546.186,968200,0,0
2026-06-10,552.9,552.92,541,542.14,539.686,751200,0,0
2026-06-11,543.87,559.7,541.38,552.52,550.019,896900,0,0
2026-06-12,553,554.06,546.99,550.33,547.838,800700,0,0
2026-06-15,542.35,546.07,536.74,544.73,542.264,1073300,0,0
2026-06-16,545.9,554.2,544.35,551.21,548.714,741200,0,0
2026-06-17,549,558.8,544.35,550.15,547.659,709400,0,0
2026-06-18,552.14,553.5,515.38,521.5,519.139,2402900,0,0
2026-06-22,515.59,516.07,503.68,507.33,505.033,1123000,0,0
2026-06-23,519.07,519.63,509.48,513.22,510.896,790800,0,0
2026-06-24,515.14,517.13,502.77,503.01,500.733,1222600,0,0
2026-06-25,501,512.44,498.75,499.33,497.069,774800,0,0
2026-06-26,501.75,507.28,498.13,500.03,497.766,1584100,0,0
2026-06-29,502,503.81,493.84,496.02,493.774,1149300,0,0
2026-06-30,499.76,509.57,495.1,509.31,507.004,1293300,0,0
2026-07-01,514.44,525.31,511.08,519.95,517.596,902800,0,0
2026-07-02,527.89,549.01,527.89,549.01,546.524,1741600,0,0
2026-07-06,547,548.51,537.37,547.75,545.27,917800,0,0
2026-07-07,551.04,552.63,544.28,549.04,546.554,702800,0,0
2026-07-08,546.04,548.15,539,545.11,542.642,955400,0,0
2026-07-09,537.55,539.65,528.02,532.23,529.82,938000,0,0
2026-07-10,534.67,541.08,529.94,539.63,537.187,455700,0,0
2026-07-13,540.52,545.54,536.85,541.82,539.367,633600,0,0
2026-07-14,536.88,544.11,527.94,528.67,526.276,773500,0,0
2026-07-15,531.88,535.92,524.87,525.22,522.842,824500,0,0
2026-07-16,525.81,529.44,517.16,518.65,516.302,1270200,0,0
2026-07-17,525.07,538.96,520.66,521.57,519.209,1047500,0,0
2026-07-20,523.48,533.07,522.75,523.96,521.588,1032000,0,0
2026-07-21,490,514.14,479.02,512.29,509.971,2447000,0,0
2026-07-22,523.09,535.64,518.47,525.28,522.902,1056500,0,0
2026-07-23,537.19,546.76,526.36,533.48,531.065,1083600,0,0
2026-07-24,535.5,544.67,534.45,542.24,539.785,654900,0,0
2026-07-27,542.44,552,542.22,547.58,545.101,680100,0,0
2026-07-28,558,565.42,548.58,549.22,546.733,944000,0,0
2026-07-29,554.35,554.93,534.24,535.05,532.628,760300,0,0
2026-07-30,529.07,535.03,519.77,534.85,532.429,774600,0,0
2026-07-31,534.85,545.22,530.08,542.48,540.024,852900,0,0
2026-08-03,546.02,557.61,543.53,548.47,545.987,672800,0,0
2026-08-04,547.77,555,541.09,551.55,549.053,753100,0,0
2026-08-05,555.88,557.57,549.77,557.47,554.946,627900,0,0
2026-08-06,563.81,568.68,559,567.74,565.17,603900,0,0
2026-08-07,566.8,572.75,560.54,571.58,568.992,442900,0,0
2026-08-10,575,581.59,573.11,577.89,575.274,643000,0,0
2026-08-11,575.94,580.75,572.98,575.69,573.084,430400,0,0
2026-08-12,571.07,580.04,569.51,577.32,574.706,626600,0,0
2026-08-13,578.72,579.94,571.92,574.74,572.138,409500,0,0
2026-08-14,579.36,586.36,574.44,585.87,583.218,599200,0,0
2026-08-17,581.85,584.96,569.25,570.2,567.618,659800,0,0
2026-08-18,579.07,594.51,576.2,589.14,586.473,763800,0,0
2026-08-19,583.35,591.55,578.85,582.84,580.201,671700,0,0
2026-08-20,580.74,586,563.43,563.86,561.307,1236100,0,0
2026-08-21,566.14,567.51,550.18,551.03,548.535,926700,0,0
2026-08-24,553,553,546.5,549.28,546.793,440900,0,0
2026-08-25,547.82,549.79,540.04,542.52,540.064,554000,0,0
2026-08-26,543.08,553.61,543.08,549.95,547.46,561200,0,0
2026-08-27,547.06,548.31,542.74,545.13,542.662,814000,0,0
2026-08-28,547.37,547.68,542.79,545.57,543.1,392900,0,0
2026-08-31,539.63,541.3,537,539.7,539.7,764900,2.47,0
2026-09-01,543.1,549.77,530.13,532.91,532.91,499300,0,0
2026-09-02,534.84,535.86,523.72,523.82,523.82,759300,0,0
2026-09-03,529.2,534.7,521.66,528.24,528.24,874100,0,0
2026-09-04,525.56,525.56,512.54,514.98,514.98,912200,0,0
2026-09-08,516,523.67,515.06,518.58,518.58,1207400,0,0
2026-09-09,521.67,526.94,515.51,515.57,515.57,698500,0,0
2026-09-10,517.05,523.38,516,518.95,518.95,934000,0,0
2026-09-11,522,523.01,515.25,518.97,518.97,588100,0,0
2026-09-14,524.37,534.3,521.01,527.39,527.39,887200,0,0
2026-09-15,529.31,536.62,524.36,531.25,531.25,771200,0,0
2026-09-16,530,534.4,527.23,530.78,530.78,538000,0,0
2026-09-17,530.21,534.86,518.34,524,524,1100000,0,0
2026-09-18,523.68,528.27,519.9,527.39,527.39,1257800,0,0
2026-09-21,524.49,527.03,517.47,526.66,526.66,1077400,0,0
2026-09-22,527.15,529,505.75,509.86,509.86,1000900,0,0
2026-09-23,510.46,520.8,510.07,514.42,514.42,851900,0,0
2026-09-24,514.65,518.81,508.43,508.98,508.98,536900,0,0
2026-09-25,509.1,513.23,507.01,510.52,510.52,535400,0,0
2026-09-28,509.05,513.84,503.94,505.8,505.8,557500,0,0
2026-09-29,503.22,508.75,502.1,504.61,504.61,694200,0,0
2026-09-30,483,488.46,479.9,483.48,483.48,1475500,0,0
2026-10-01,483.51,486.82,481.4,482,482,1041600,0,0
2026-10-02,478.94,481.86,470.06,478,478,2683200,0,0
2026-10-05,479.98,480.66,473.95,476.11,476.11,1200500,0,0
2026-10-06,476.39,485.7,474,483.11,483.11,1010600,0,0
2026-10-07,484.58,485.56,472.97,473.46,473.46,716400,0,0
2026-10-08,474.82,486.94,471.36,484.48,484.48,1087300,0,0
2026-10-09,480.04,484.14,478.36,480.72,480.72,613400,0,0
