date,open,high,low,close,adj_close,volume,dividend,split
2023-06-08,25.18,25.18,25.125,25.145,24.826,20800,0,0
2023-06-09,25.16,25.16,25.11,25.132,24.8131,7700,0,0
2023-06-12,25.2,25.34,25.18,25.335,25.0136,40700,0,0
2023-06-13,25.6,25.62,25.58,25.607,25.2821,4400,0,0
2023-06-14,25.68,25.76,25.53,25.603,25.2782,5900,0,0
2023-06-15,25.71,25.955,25.71,25.955,25.6257,30000,0,0
2023-06-16,26.015,26.04,25.86,25.911,25.5822,43200,0,0
2023-06-20,25.785,26.39,25.681,25.753,25.4263,282800,0,0
2023-06-21,25.753,25.88,25.753,25.797,25.4697,133500,0,0
2023-06-22,25.76,25.81,25.73,25.756,25.4292,42700,0,0
2023-06-23,25.655,25.68,25.62,25.625,25.2999,22800,0,0
2023-06-26,25.69,25.75,25.687,25.687,25.3611,15500,0,0
2023-06-27,25.755,25.991,25.75,25.991,25.6612,6500,0,0
2023-06-28,25.97,25.99,25.94,25.981,25.6514,28700,0,0
2023-06-29,26.2,26.284,26.2,26.284,25.9505,400,0,0
2023-06-30,26.5,26.571,26.5,26.571,26.2339,4300,0,0
2023-07-03,26.48,26.5,26.44,26.477,26.1411,90500,0,0
2023-07-05,26.49,26.49,26.24,26.293,25.9594,18400,0,0
2023-07-06,26.116,26.151,26.11,26.151,25.8192,12100,0,0
2023-07-07,26.33,26.33,26.137,26.137,25.8054,9200,0,0
2023-07-10,26.42,26.42,26.34,26.4,26.065,30500,0,0
2023-07-11,26.51,26.606,26.5,26.606,26.2684,6300,0,0
2023-07-12,26.779,26.78,26.617,26.617,26.2793,45400,0,0
2023-07-13,26.7,26.77,26.7,26.735,26.3958,12500,0,0
2023-07-14,26.69,26.72,26.66,26.668,26.3296,6200,0,0
2023-07-17,26.764,26.82,26.76,26.773,26.4333,11000,0,0
2023-07-18,26.88,26.88,26.75,26.853,26.5123,14900,0,0
2023-07-19,26.9,26.9,26.853,26.866,26.5251,3100,0,0
2023-07-20,26.93,26.945,26.899,26.899,26.5577,1000,0,0
2023-07-21,26.94,27.01,26.94,26.961,26.6189,7900,0,0
2023-07-24,27.01,27.01,26.975,26.975,26.6327,34300,0,0
2023-07-25,26.996,27.08,26.996,27.075,26.7315,6800,0,0
2023-07-26,27.05,27.08,27.01,27.052,26.7088,9900,0,0
2023-07-27,27.01,27.04,26.79,26.814,26.4738,39600,0,0
2023-07-28,26.85,26.869,26.824,26.855,26.5143,22200,0,0
2023-07-31,26.91,26.95,26.85,26.889,26.5478,85300,0,0
2023-08-01,26.99,27.02,26.891,26.955,26.613,80100,0,0
2023-08-02,26.79,26.92,26.7,26.735,26.3958,54800,0,0
2023-08-03,26.55,26.68,26.55,26.634,26.2961,10200,0,0
2023-08-04,26.74,26.74,26.476,26.476,26.1401,253900,0,0
2023-08-07,26.7,26.82,26.7,26.734,26.3948,76400,0,0
2023-08-08,26.46,26.64,26.445,26.602,26.2645,55000,0,0
2023-08-09,26.655,26.74,26.605,26.605,26.2674,52400,0,0
2023-08-10,26.85,26.85,26.57,26.598,26.2605,51900,0,0
2023-08-11,26.61,26.645,26.57,26.607,26.2694,29400,0,0
2023-08-14,26.74,26.835,26.663,26.719,26.38,147300,0,0
2023-08-15,26.57,26.57,26.44,26.46,26.1243,66100,0,0
2023-08-16,26.42,26.46,26.297,26.297,25.9633,21500,0,0
2023-08-17,26.245,26.25,26.033,26.033,25.7027,3600,0,0
2023-08-18,26.03,26.06,25.99,26.002,25.6721,13500,0,0
2023-08-21,26.04,26.1,25.92,26.036,25.7057,10100,0,0
2023-08-22,26.129,26.15,25.967,26.023,25.6928,29000,0,0
2023-08-23,26.17,26.3,26.155,26.245,25.912,56000,0,0
2023-08-24,26.32,26.32,26.04,26.053,25.7224,55200,0,0
2023-08-25,26.15,26.26,26.06,26.194,25.8617,17500,0,0
2023-08-28,26.4,26.44,26.345,26.397,26.0621,22900,0,0
2023-08-29,26.45,26.66,26.44,26.635,26.2971,54700,0,0
2023-08-30,26.57,26.78,26.57,26.718,26.379,36900,0,0
2023-08-31,26.66,26.69,26.55,26.55,26.2131,7000,0,0
2023-09-01,26.723,26.723,26.605,26.663,26.3247,3900,0,0
2023-09-05,26.76,26.76,26.25,26.261,25.9278,16600,0,0
2023-09-06,26.15,26.2,26.15,26.184,25.8518,2500,0,0
2023-09-07,26.099,26.17,26.099,26.124,25.7925,2900,0,0
2023-09-08,26.1,26.1,26.02,26.035,25.7047,15500,0,0
2023-09-11,26.05,26.18,26.04,26.15,25.8182,47900,0,0
2023-09-12,26.11,26.17,26.08,26.082,25.7511,40800,0,0
2023-09-13,26.09,26.16,26.04,26.1,25.7689,26500,0,0
2023-09-14,26.3,26.3,26.19,26.249,25.916,15600,0,0
2023-09-15,26.16,26.16,26.05,26.06,25.7294,3800,0,0
2023-09-18,26.23,26.23,26.116,26.116,25.7846,13800,0,0
2023-09-19,26.09,26.1,25.95,26.085,25.754,12800,0,0
2023-09-20,26.13,26.22,25.96,25.99,25.6602,13300,0,0
2023-09-21,25.75,25.76,25.58,25.584,25.2594,6400,0,0
2023-09-22,25.67,25.72,25.57,25.572,25.2475,15300,0,0
2023-09-25,25.7,25.7,25.63,25.675,25.3492,7500,0,0
2023-09-26,25.442,25.442,25.316,25.316,24.9948,1700,0,0
2023-09-27,25.342,25.47,25.26,25.386,25.0639,13900,0,0
2023-09-28,25.54,25.65,25.54,25.56,25.2357,5300,0,0
2023-09-29,25.6,25.6,25.437,25.437,25.1143,7300,0,0
2023-10-02,25.36,25.36,25.222,25.292,24.9711,61000,0,0
2023-10-03,25.05,25.171,25.02,25.08,24.7618,12800,0,0
2023-10-04,25.29,25.37,25.205,25.355,25.0333,155600,0,0
2023-10-05,25.17,25.35,25.17,25.325,25.0037,7200,0,0
2023-10-06,25.519,25.62,25.51,25.51,25.1863,7200,0,0
2023-10-09,25.34,25.74,25.34,25.74,25.4134,1700,0,0
2023-10-10,25.92,25.92,25.853,25.853,25.525,6400,0,0
2023-10-11,25.799,25.901,25.799,25.901,25.5724,10300,0,0
2023-10-12,25.744,25.744,25.532,25.564,25.2396,67200,0,0
2023-10-13,25.53,25.56,25.42,25.533,25.209,37700,0,0
2023-10-16,25.69,25.91,25.69,25.838,25.5102,32000,0,0
2023-10-17,25.88,26.051,25.88,25.917,25.5882,58500,0,0
2023-10-18,25.628,25.63,25.4,25.408,25.0856,74300,0,0
2023-10-19,25.429,25.5,25.12,25.16,24.8408,13900,0,0
2023-10-20,25.056,25.06,24.905,24.905,24.589,9900,0,0
2023-10-23,24.89,24.92,24.71,24.71,24.3965,33400,0,0
2023-10-24,24.944,24.944,24.8,24.85,24.5347,11500,0,0
2023-10-25,24.59,24.761,24.56,24.56,24.2484,8900,0,0
2023-10-26,24.84,24.84,24.656,24.656,24.3432,7800,0,0
2023-10-27,24.51,24.51,24.46,24.468,24.1576,3400,0,0
2023-10-30,24.66,24.75,24.66,24.701,24.3876,18300,0,0
2023-10-31,24.9,25,24.89,24.986,24.669,19400,0,0
2023-11-01,24.98,25.07,24.853,25.06,24.742,14400,0,0
2023-11-02,25.38,25.56,25.38,25.545,25.2209,33400,0,0
2023-11-03,25.85,25.93,25.82,25.82,25.4924,44900,0,0
2023-11-06,26,26,25.76,25.813,25.4855,10100,0,0
2023-11-07,25.75,25.81,25.743,25.748,25.4213,14800,0,0
2023-11-08,25.92,25.92,25.67,25.728,25.4016,25200,0,0
2023-11-09,25.66,25.69,25.5,25.5,25.1765,6200,0,0
2023-11-10,25.58,25.79,25.57,25.765,25.4381,20500,0,0
2023-11-13,25.78,25.87,25.76,25.795,25.4677,24800,0,0
2023-11-14,26.23,26.38,26.23,26.306,25.9722,3500,0,0
2023-11-15,26.52,26.52,26.367,26.367,26.0325,11100,0,0
2023-11-16,26.334,26.37,26.334,26.361,26.0265,1000,0,0
2023-11-17,26.44,26.45,26.39,26.435,26.0996,11300,0,0
2023-11-20,26.417,26.52,26.417,26.467,26.1312,1700,0,0
2023-11-21,26.46,26.58,26.46,26.523,26.1865,5600,0,0
2023-11-22,26.72,26.72,26.62,26.645,26.3069,7800,0,0
2023-11-24,26.73,26.74,26.72,26.733,26.3938,4300,0,0
2023-11-27,26.69,26.73,26.68,26.705,26.3662,3500,0,0
2023-11-28,26.75,26.75,26.521,26.521,26.1845,14700,0,0
2023-11-29,26.74,26.74,26.539,26.539,26.2023,2000,0,0
2023-11-30,26.58,26.81,26.525,26.794,26.454,27100,0,0
2023-12-01,27.02,27.2,26.96,27.186,26.8411,4800,0,0
2023-12-04,27.18,27.234,27.15,27.226,26.8806,2700,0,0
2023-12-05,27.08,27.08,26.96,26.96,26.6179,33400,0,0
2023-12-06,27.22,27.22,27.049,27.049,26.7058,40600,0,0
2023-12-07,27.11,27.13,27.015,27.11,26.766,7000,0,0
2023-12-08,27.22,27.22,27.083,27.12,26.7759,11100,0,0
2023-12-11,27.33,27.37,27.33,27.36,27.0129,12300,0,0
2023-12-12,27.41,27.53,27.41,27.5,27.1511,14600,0,0
2023-12-13,27.65,27.78,27.4,27.77,27.4177,30300,0,0
2023-12-14,27.833,27.865,27.695,27.833,27.4799,19800,0,0
2023-12-15,27.88,27.88,27.6,27.679,27.3278,24300,0,0
2023-12-18,27.61,27.82,27.61,27.77,27.4177,98700,0,0
2023-12-19,27.865,27.865,27.822,27.841,27.4878,10600,0,0
2023-12-20,27.82,27.94,27.528,27.528,27.1787,7100,0,0
2023-12-21,27.77,27.77,27.58,27.753,27.4948,23400,0.094,0
2023-12-22,27.9,27.93,27.825,27.87,27.6107,20200,0,0
2023-12-26,28.03,28.07,27.89,27.99,27.7296,30900,0,0
2023-12-27,28.17,28.17,27.965,28.06,27.7989,28400,0,0
2023-12-28,28.075,28.14,28.066,28.1,27.8385,74400,0,0
2023-12-29,28.1,28.17,27.984,28.08,27.8187,13300,0,0
2024-01-02,28,28.01,27.796,27.88,27.6206,26900,0,0
2024-01-03,27.64,27.64,27.47,27.47,27.2144,37500,0,0
2024-01-04,27.62,27.64,27.53,27.53,27.2738,46100,0,0
2024-01-05,27.57,27.649,27.43,27.53,27.2738,101200,0,0
2024-01-08,27.615,27.86,27.57,27.86,27.6008,48700,0,0
2024-01-09,27.67,27.84,27.67,27.8,27.5413,37700,0,0
2024-01-10,27.85,27.91,27.715,27.89,27.6305,145100,0,0
2024-01-11,27.91,27.91,27.717,27.89,27.6305,48700,0,0
2024-01-12,28.14,28.14,27.84,27.954,27.6939,118200,0,0
2024-01-16,27.751,27.887,27.74,27.87,27.6107,78400,0,0
2024-01-17,27.72,27.84,27.71,27.78,27.5215,48700,0,0
2024-01-18,27.94,28.06,27.76,28.01,27.7494,97800,0,0
2024-01-19,28.045,28.28,28.03,28.18,27.9178,103000,0,0
2024-01-22,29.06,29.06,28.354,28.45,28.1853,68600,0,0
2024-01-23,28.45,28.48,28.32,28.42,28.1556,63900,0,0
2024-01-24,28.499,28.5,28.23,28.24,27.9772,54800,0,0
2024-01-25,28.49,28.49,28.23,28.39,28.1258,66400,0,0
2024-01-26,28.38,28.42,28.307,28.39,28.1258,57200,0,0
2024-01-29,28.43,28.6,28.38,28.6,28.3339,49400,0,0
2024-01-30,28.659,28.73,28.59,28.73,28.4627,19700,0,0
2024-01-31,28.755,28.755,28.44,28.44,28.1754,32900,0,0
2024-02-01,28.451,28.88,28.451,28.88,28.6113,63500,0,0
2024-02-02,28.77,29.14,28.77,29.039,28.7688,46300,0,0
2024-02-05,28.88,28.88,28.661,28.775,28.5073,119800,0,0
2024-02-06,28.806,28.89,28.806,28.879,28.6103,22400,0,0
2024-02-07,29.14,29.17,29.09,29.115,28.8441,31300,0,0
2024-02-08,29.29,29.29,29.077,29.215,28.9432,48800,0,0
2024-02-09,29.42,29.48,29.3,29.467,29.1928,33200,0,0
2024-02-12,29.4,29.5,29.37,29.391,29.1175,79600,0,0
2024-02-13,29.07,29.19,28.927,29.069,28.7985,17400,0,0
2024-02-14,29.39,29.509,29.314,29.485,29.2106,27900,0,0
2024-02-15,29.64,29.76,29.6,29.742,29.4653,8000,0,0
2024-02-16,29.83,30,29.68,29.72,29.4435,23600,0,0
2024-02-20,29.63,29.73,29.59,29.63,29.3543,48500,0,0
2024-02-21,29.59,29.69,29.52,29.688,29.4118,43600,0,0
2024-02-22,30.05,30.17,29.99,30.153,29.8724,21100,0,0
2024-02-23,30.24,30.37,30.24,30.362,30.0795,18900,0,0
2024-02-26,30.377,30.377,30.215,30.26,29.9784,354300,0,0
2024-02-27,30.41,30.41,30.17,30.25,29.9685,21000,0,0
2024-02-28,30.41,30.41,30.258,30.3,30.0181,33500,0,0
2024-02-29,30.34,30.4,30.249,30.37,30.0874,37500,0,0
2024-03-01,30.38,30.46,30.31,30.44,30.1568,60800,0,0
2024-03-04,30.61,30.64,30.48,30.56,30.2756,33700,0,0
2024-03-05,30.49,30.52,30.26,30.354,30.0716,22700,0,0
2024-03-06,30.63,30.63,30.44,30.48,30.1964,71100,0,0
2024-03-07,30.655,30.67,30.561,30.63,30.345,28200,0,0
2024-03-08,30.684,30.75,30.47,30.47,30.1865,37800,0,0
2024-03-11,30.42,30.46,30.27,30.44,30.1568,75800,0,0
2024-03-12,30.66,30.664,30.485,30.61,30.3252,24800,0,0
2024-03-13,30.85,30.85,30.685,30.69,30.4044,17300,0,0
2024-03-14,30.58,30.6,30.4,30.57,30.2856,43300,0,0
2024-03-15,30.53,30.6,30.46,30.46,30.1766,19800,0,0
2024-03-18,30.58,30.63,30.49,30.49,30.2063,45100,0,0
2024-03-19,30.59,30.73,30.55,30.7,30.4143,15200,0,0
2024-03-20,30.74,30.92,30.696,30.89,30.6026,3800,0,0
2024-03-21,30.96,31.1,30.96,31.01,30.7215,231000,0,0
2024-03-22,31.005,31.005,30.81,30.83,30.5431,11800,0,0
2024-03-25,30.79,30.79,30.62,30.62,30.3351,30800,0,0
2024-03-26,30.56,30.81,30.56,30.71,30.4242,33900,0,0
2024-03-27,30.874,31.06,30.874,31.051,30.7621,19500,0,0
2024-03-28,31.12,31.22,31.12,31.173,30.8829,29300,0,0
2024-04-01,31.14,31.14,30.89,30.93,30.6422,50000,0,0
2024-04-02,30.69,30.74,30.487,30.56,30.2756,31400,0,0
2024-04-03,30.64,30.67,30.509,30.532,30.2479,47500,0,0
2024-04-04,30.74,30.74,30.2,30.24,29.9586,26400,0,0
2024-04-05,30.335,30.533,30.335,30.5,30.2162,32800,0,0
2024-04-08,30.58,30.59,30.5,30.51,30.2261,16000,0,0
2024-04-09,30.76,30.76,30.2,30.45,30.1667,29000,0,0
2024-04-10,30.32,30.32,30.013,30.04,29.7605,21300,0,0
2024-04-11,30.029,30.08,29.905,29.957,29.6783,8100,0,0
2024-04-12,29.735,29.735,29.53,29.625,29.3493,53400,0,0
2024-04-15,29.964,29.964,29.38,29.403,29.1294,17400,0,0
2024-04-16,29.389,29.49,29.33,29.38,29.1066,87000,0,0
2024-04-17,29.378,29.378,29.16,29.22,28.9481,13900,0,0
2024-04-18,29.47,29.47,29.2,29.215,28.9432,70000,0,0
2024-04-19,29.364,29.364,29.214,29.278,29.0056,28200,0,0
2024-04-22,29.4,29.65,29.385,29.52,29.2453,7800,0,0
2024-04-23,29.6,29.84,29.6,29.772,29.495,17800,0,0
2024-04-24,29.64,29.9,29.64,29.78,29.5029,26600,0,0
2024-04-25,29.62,29.84,29.62,29.76,29.4831,25900,0,0
2024-04-26,29.94,30,29.89,29.89,29.6119,13200,0,0
2024-04-29,30.02,30.05,29.94,29.97,29.6911,24200,0,0
2024-04-30,30.12,30.12,29.69,29.69,29.4137,75200,0,0
2024-05-01,29.82,29.951,29.55,29.64,29.3642,23900,0,0
2024-05-02,29.63,29.74,29.529,29.72,29.4435,10000,0,0
2024-05-03,29.88,29.96,29.78,29.93,29.6515,26000,0,0
2024-05-06,30.06,30.23,30.06,30.23,29.9487,81000,0,0
2024-05-07,30.28,30.429,30.28,30.37,30.0874,53500,0,0
2024-05-08,30.22,30.34,30.22,30.32,30.0379,53700,0,0
2024-05-09,30.46,30.57,30.3,30.57,30.2856,63700,0,0
2024-05-10,30.6,30.75,30.6,30.71,30.4242,34800,0,0
2024-05-13,30.77,30.77,30.615,30.63,30.345,36700,0,0
2024-05-14,30.74,30.75,30.618,30.742,30.456,42000,0,0
2024-05-15,30.86,31.02,30.86,30.98,30.6917,41600,0,0
2024-05-16,31.009,31.03,30.89,30.902,30.6145,30800,0,0
2024-05-17,30.897,31.01,30.86,30.989,30.7007,38300,0,0
2024-05-20,31.09,31.09,31.003,31.014,30.7254,18800,0,0
2024-05-21,30.99,31.01,30.935,31.008,30.7195,29900,0,0
2024-05-22,31.138,31.2,31.014,31.091,30.8017,28500,0,0
2024-05-23,31.015,31.015,30.75,30.79,30.5035,9800,0,0
2024-05-24,30.929,31.01,30.929,30.946,30.6581,6500,0,0
2024-05-28,30.86,30.86,30.58,30.618,30.3331,36600,0,0
2024-05-29,30.376,30.4,30.24,30.24,29.9586,20900,0,0
2024-05-30,30.24,30.44,30.23,30.374,30.0914,38900,0,0
2024-05-31,30.41,30.71,30.32,30.71,30.4242,8900,0,0
2024-06-03,30.64,30.64,30.2,30.406,30.1231,5200,0,0
2024-06-04,30.36,30.45,30.33,30.402,30.1191,9900,0,0
2024-06-05,30.48,30.64,30.4,30.622,30.3371,16100,0,0
2024-06-06,30.78,30.78,30.525,30.64,30.3549,14400,0,0
2024-06-07,30.71,30.775,30.669,30.669,30.3836,15100,0,0
2024-06-10,30.627,30.747,30.59,30.747,30.4609,5200,0,0
2024-06-11,30.58,30.7,30.58,30.68,30.3945,4100,0,0
2024-06-12,31,31,30.88,30.903,30.6155,6000,0,0
2024-06-13,31,31,30.608,30.799,30.5124,13100,0,0
2024-06-14,30.79,30.79,30.33,30.56,30.2756,69400,0,0
2024-06-17,30.482,30.81,30.482,30.774,30.4877,34100,0,0
2024-06-18,30.83,30.9,30.77,30.88,30.5927,19400,0,0
2024-06-20,30.94,30.97,30.84,30.89,30.6026,22300,0,0
2024-06-21,30.85,30.96,30.825,30.94,30.6521,3700,0,0
2024-06-24,31.03,31.19,31,31.01,30.7215,33100,0,0
2024-06-25,30.99,30.99,30.658,30.723,30.4371,18000,0,0
2024-06-26,30.63,30.63,30.5,30.53,30.2459,32300,0,0
2024-06-27,30.57,30.59,30.48,30.54,30.2558,57100,0,0
2024-06-28,30.8,30.8,30.4,30.526,30.242,42900,0,0
2024-07-01,30.302,30.34,30.23,30.28,29.9982,82200,0,0
2024-07-02,30.13,30.45,30.13,30.41,30.127,22400,0,0
2024-07-03,30.42,30.5,30.42,30.485,30.2013,32500,0,0
2024-07-05,30.45,30.51,30.27,30.455,30.1716,29900,0,0
2024-07-08,31,31,30.44,30.48,30.1964,25200,0,0
2024-07-09,30.435,30.45,30.324,30.324,30.0418,11700,0,0
2024-07-10,30.51,30.6,30.34,30.594,30.3093,14600,0,0
2024-07-11,30.83,30.99,30.63,30.924,30.6363,20100,0,0
2024-07-12,31.15,31.44,31.085,31.276,30.985,53200,0,0
2024-07-15,31.5,31.52,31.22,31.44,31.1475,24300,0,0
2024-07-16,31.57,32.11,31.57,32.11,31.8112,6100,0,0
2024-07-17,32.05,32.139,31.83,31.83,31.5338,9400,0,0
2024-07-18,31.889,31.889,31.53,31.57,31.2762,23300,0,0
2024-07-19,31.38,31.44,31.32,31.33,31.0385,4100,0,0
2024-07-22,31.64,31.75,31.36,31.75,31.4546,12900,0,0
2024-07-23,31.75,31.81,31.65,31.666,31.3714,4900,0,0
2024-07-24,31.397,31.41,31.14,31.14,30.8502,13100,0,0
2024-07-25,31.3,31.58,31.125,31.13,30.8403,52200,0,0
2024-07-26,31.56,31.849,31.56,31.71,31.4149,18000,0,0
2024-07-29,31.69,31.88,31.68,31.81,31.514,13400,0,0
2024-07-30,31.88,31.943,31.78,31.87,31.5735,15000,0,0
2024-07-31,32.2,32.22,31.97,32.023,31.725,10600,0,0
2024-08-01,32,32,31.45,31.616,31.3218,15800,0,0
2024-08-02,31.6,31.6,30.89,31.22,30.9295,23100,0,0
2024-08-05,30.97,30.97,30.394,30.48,30.1964,25100,0,0
2024-08-06,30.76,31.16,30.73,30.776,30.4896,15400,0,0
2024-08-07,31.11,31.18,30.546,30.59,30.3054,27900,0,0
2024-08-08,30.83,31.18,30.83,31.17,30.88,10900,0,0
2024-08-09,31.15,31.26,31.15,31.26,30.9691,6500,0,0
2024-08-12,31.09,31.23,31.007,31.035,30.7462,7700,0,0
2024-08-13,31.39,31.41,31.129,31.376,31.0841,27600,0,0
2024-08-14,31.43,31.46,31.3,31.431,31.1385,36100,0,0
2024-08-15,31.785,31.87,31.705,31.82,31.5239,25000,0,0
2024-08-16,31.77,31.88,31.74,31.86,31.5635,21800,0,0
2024-08-19,31.96,32.05,31.96,32.05,31.7518,26100,0,0
2024-08-20,32.09,32.09,31.96,31.98,31.6824,17500,0,0
2024-08-21,32.12,32.32,32.12,32.32,32.0193,14000,0,0
2024-08-22,32.45,32.45,32.201,32.205,31.9053,21800,0,0
2024-08-23,32.43,32.53,32.355,32.48,32.1778,56900,0,0
2024-08-26,32.5,32.71,32.437,32.47,32.1679,13300,0,0
2024-08-27,32.45,32.54,32.34,32.54,32.2372,9700,0,0
2024-08-28,32.71,32.71,32.38,32.51,32.2075,18000,0,0
2024-08-29,32.64,32.837,32.61,32.62,32.3165,28600,0,0
2024-08-30,32.71,32.87,32.455,32.87,32.5641,10900,0,0
2024-09-03,32.72,32.72,32.27,32.319,32.0183,97600,0,0
2024-09-04,32.345,32.393,32.23,32.37,32.0688,35600,0,0
2024-09-05,32.12,32.12,31.98,32.023,31.725,15600,0,0
2024-09-06,32.21,32.21,31.754,31.78,31.4843,21300,0,0
2024-09-09,32.02,32.21,32.02,32.087,31.7884,55700,0,0
2024-09-10,32.22,32.26,31.99,32.16,31.8608,39300,0,0
2024-09-11,32.3,32.3,31.53,32.21,31.9103,27000,0,0
2024-09-12,32.41,32.53,32.135,32.47,32.1679,122400,0,0
2024-09-13,32.74,32.767,32.575,32.68,32.3759,28600,0,0
2024-09-16,32.95,32.95,32.772,32.87,32.5641,18000,0,0
2024-09-17,33.16,33.16,32.7,32.82,32.5146,21900,0,0
2024-09-18,32.89,33.07,32.715,32.73,32.4255,20700,0,0
2024-09-19,33.19,33.25,33.02,33.24,32.9307,26300,0,0
2024-09-20,33.26,33.26,32.955,33.09,32.7821,13700,0,0
2024-09-23,33.2,33.284,33.17,33.27,32.9604,5200,0,0
2024-09-24,33.39,33.39,33.15,33.23,32.9208,13800,0,0
2024-09-25,33.2,33.22,33.043,33.1,32.792,18200,0,0
2024-09-26,33.33,33.34,33.15,33.27,32.9604,26900,0,0
2024-09-27,33.4,33.54,33.222,33.29,32.9802,10400,0,0
2024-09-30,33.08,33.44,33.08,33.43,33.1189,46600,0,0
2024-10-01,33.2,33.47,33.2,33.36,33.0496,66100,0,0
2024-10-02,33.43,33.43,33.21,33.37,33.0595,15400,0,0
2024-10-03,33.3,33.36,33.165,33.28,32.9703,41300,0,0
2024-10-04,33.54,33.54,33.227,33.46,33.1487,34800,0,0
2024-10-07,33.55,33.55,33.165,33.23,32.9208,32100,0,0
2024-10-08,33.48,33.48,33.318,33.45,33.1388,19700,0,0
2024-10-09,33.57,33.72,33.51,33.71,33.3963,58900,0,0
2024-10-10,33.71,33.71,33.36,33.45,33.1388,42000,0,0
2024-10-11,33.609,33.87,33.609,33.87,33.5548,69200,0,0
2024-10-14,34.1,34.17,33.918,34.15,33.8322,61500,0,0
2024-10-15,34.25,34.32,34.01,34.02,33.7034,113500,0,0
2024-10-16,34.14,34.24,34.06,34.19,33.8719,22700,0,0
2024-10-17,34.21,34.285,34,34.25,33.9313,18700,0,0
2024-10-18,34.24,34.32,34.171,34.28,33.961,66200,0,0
2024-10-21,34.26,34.26,33.965,34.08,33.7629,29700,0,0
2024-10-22,33.845,33.893,33.73,33.83,33.5152,31400,0,0
2024-10-23,33.75,33.77,33.58,33.69,33.3765,19900,0,0
2024-10-24,33.44,33.55,33.368,33.37,33.0595,29200,0,0
2024-10-25,33.67,33.67,33.185,33.26,32.9505,16900,0,0
2024-10-28,33.4,33.55,33.38,33.43,33.1189,29000,0,0
2024-10-29,33.34,33.59,33.34,33.49,33.1784,22900,0,0
2024-10-30,33.57,33.65,33.452,33.49,33.1784,12900,0,0
2024-10-31,33.405,33.47,33.19,33.19,32.8812,37900,0,0
2024-11-01,33.32,33.33,33.145,33.18,32.8713,22400,0,0
2024-11-04,33.208,33.323,33.129,33.26,32.9505,11500,0,0
2024-11-05,33.35,33.7,33.35,33.7,33.3864,25100,0,0
2024-11-06,34.67,34.97,34.65,34.96,34.6347,31200,0,0
2024-11-07,34.94,35.008,34.901,34.91,34.5852,44500,0,0
2024-11-08,35,35.31,35,35.16,34.8328,320500,0,0
2024-11-11,35.47,35.58,35.4,35.43,35.1003,87800,0,0
2024-11-12,35.4,35.4,35.21,35.265,34.9369,31300,0,0
2024-11-13,35.31,35.41,35.18,35.22,34.8923,36500,0,0
2024-11-14,35.17,35.17,34.512,34.57,34.2483,64900,0,0
2024-11-15,34.473,34.473,34.18,34.25,33.9313,29300,0,0
2024-11-18,34.3,34.403,34.24,34.27,33.9511,26100,0,0
2024-11-19,34,34.3,34,34.18,33.862,44400,0,0
2024-11-20,34.37,34.37,34.01,34.28,33.961,120800,0,0
2024-11-21,34.55,34.79,34.36,34.75,34.4267,83300,0,0
2024-11-22,34.83,35.06,34.83,35.03,34.704,16400,0,0
2024-11-25,35.21,35.45,35.21,35.38,35.0508,135900,0,0
2024-11-26,35.36,35.45,35.2,35.4,35.0706,33600,0,0
2024-11-27,35.49,35.5,35.309,35.32,34.9914,37700,0,0
2024-11-29,35.37,35.49,35.37,35.44,35.1102,7700,0,0
2024-12-02,35.48,35.48,35.17,35.25,34.922,20900,0,0
2024-12-03,35.44,35.44,34.95,35.08,34.7536,23700,0,0
2024-12-04,35.24,35.24,35.04,35.17,34.8427,236400,0,0
2024-12-05,35.18,35.18,34.795,34.8,34.4762,20700,0,0
2024-12-06,35.12,35.12,34.665,34.7,34.3771,36300,0,0
2024-12-09,34.9,34.9,34.39,34.42,34.0997,29000,0,0
2024-12-10,34.68,34.68,34.23,34.41,34.0898,25600,0,0
2024-12-11,34.63,34.63,34.305,34.32,34.0007,34000,0,0
2024-12-12,34.32,34.32,34.152,34.18,33.862,19200,0,0
2024-12-13,34.36,34.36,34,34.05,33.7332,36400,0,0
2024-12-16,34.25,34.25,34.008,34.03,33.7134,31700,0,0
2024-12-17,33.98,33.98,33.58,33.69,33.3765,34900,0,0
2024-12-18,33.95,33.95,32.83,32.84,32.5344,36800,0,0
2024-12-19,33.27,33.27,32.94,32.96,32.6533,33500,0,0
2024-12-20,32.96,33.45,32.87,33.22,32.9109,19200,0,0
2024-12-23,32.92,33.05,32.785,32.99,32.8104,48000,0.129,0
2024-12-24,33.2,33.3,33.08,33.274,33.0929,11900,0,0
2024-12-26,33.43,33.43,33.22,33.37,33.1884,52800,0,0
2024-12-27,33.25,33.355,32.96,33.11,32.9298,18800,0,0
2024-12-30,32.81,32.93,32.56,32.78,32.6016,64200,0,0
2024-12-31,33.06,33.06,32.69,32.77,32.5916,38300,0,0
2025-01-02,33.12,33.12,32.508,32.58,32.4027,25700,0,0
2025-01-03,32.68,32.971,32.608,32.92,32.7408,44700,0,0
2025-01-06,33.21,33.21,32.805,32.86,32.6811,27100,0,0
2025-01-07,32.95,33.009,32.65,32.79,32.6115,72300,0,0
2025-01-08,32.88,32.96,32.615,32.96,32.7806,31300,0,0
2025-01-10,32.72,32.87,32.596,32.63,32.4524,160500,0,0
2025-01-13,32.51,32.94,32.5,32.94,32.7607,23700,0,0
2025-01-14,33.06,33.16,32.93,33.14,32.9596,15400,0,0
2025-01-15,33.57,33.64,33.221,33.31,33.1287,44900,0,0
2025-01-16,33.3,33.65,33.3,33.63,33.447,33900,0,0
2025-01-17,33.84,33.86,33.61,33.72,33.5365,247300,0,0
2025-01-21,33.97,34.39,33.97,34.39,34.2028,19600,0,0
2025-01-22,34.38,34.45,34.3,34.37,34.1829,34200,0,0
2025-01-23,34.17,34.43,34.018,34.38,34.1929,51100,0,0
2025-01-24,34.33,34.37,34.245,34.31,34.1233,21800,0,0
2025-01-27,34.238,34.24,34,34.2,34.0139,279800,0,0
2025-01-28,34.11,34.19,33.92,33.99,33.805,25900,0,0
2025-01-29,33.9,34.079,33.799,33.83,33.6459,26300,0,0
2025-01-30,33.89,34.31,33.89,34.24,34.0536,12800,0,0
2025-01-31,34.32,34.33,33.97,34,33.8149,41800,0,0
2025-02-03,33.88,34.15,33.51,33.85,33.6658,77600,0,0
2025-02-04,33.96,33.96,33.71,33.84,33.6558,41900,0,0
2025-02-05,33.84,34.02,33.81,33.94,33.7553,18000,0,0
2025-02-06,34.005,34.06,33.765,33.87,33.6857,34600,0,0
2025-02-07,34.12,34.12,33.748,33.772,33.5882,13200,0,0
2025-02-10,33.69,33.98,33.69,33.87,33.6857,34800,0,0
2025-02-11,33.82,33.82,33.596,33.76,33.5762,22200,0,0
2025-02-12,33.7,33.7,33.32,33.5,33.3177,142300,0,0
2025-02-13,33.76,33.76,33.509,33.69,33.5066,27600,0,0
2025-02-14,33.69,33.8,33.46,33.51,33.3276,15800,0,0
2025-02-18,33.82,33.82,33.579,33.81,33.626,38600,0,0
2025-02-19,34.01,34.01,33.72,33.87,33.6857,18800,0,0
2025-02-20,33.98,33.98,33.41,33.64,33.4569,86800,0,0
2025-02-21,33.55,33.55,32.984,33.06,32.8801,233000,0,0
2025-02-24,33.11,33.19,33.038,33.07,32.89,49600,0,0
2025-02-25,33.03,33.31,33.02,33.24,33.0591,84300,0,0
2025-02-26,33.3,33.448,33.1,33.15,32.9696,28000,0,0
2025-02-27,33.15,33.3,33.01,33.02,32.8403,34400,0,0
2025-02-28,33.01,33.43,32.975,33.42,33.2381,172200,0,0
2025-03-03,33.47,33.59,32.98,33.14,32.9596,49100,0,0
2025-03-04,32.95,33.18,32.675,32.76,32.5817,72400,0,0
2025-03-05,32.72,33.2,32.72,33.15,32.9696,94700,0,0
2025-03-06,32.76,33,32.61,32.79,32.6115,97600,0,0
2025-03-07,32.64,33.11,32.42,33.04,32.8602,75600,0,0
2025-03-10,32.63,33.02,32.384,32.58,32.4027,75800,0,0
2025-03-11,32.56,32.56,31.986,32.13,31.9551,91100,0,0
2025-03-12,32.3,32.3,31.86,32.05,31.8756,26400,0,0
2025-03-13,31.94,32.028,31.51,31.61,31.438,113600,0,0
2025-03-14,31.77,32.16,31.77,32.16,31.985,53800,0,0
2025-03-17,32.18,32.61,32.04,32.52,32.343,32700,0,0
2025-03-18,32.37,32.44,32.2,32.38,32.2038,97100,0,0
2025-03-19,32.33,32.74,32.33,32.59,32.4126,113300,0,0
2025-03-20,32.32,32.656,32.32,32.39,32.2137,21800,0,0
2025-03-21,32.05,32.27,31.89,32.26,32.0844,39500,0,0
2025-03-24,32.51,32.85,32.51,32.85,32.6712,25400,0,0
2025-03-25,32.84,32.99,32.777,32.88,32.701,27600,0,0
2025-03-26,32.82,32.98,32.633,32.72,32.5419,27500,0,0
2025-03-27,32.69,32.88,32.535,32.73,32.5519,97400,0,0
2025-03-28,32.63,32.66,32.15,32.2,32.0247,31400,0,0
2025-03-31,31.9,32.56,31.86,32.43,32.2535,23800,0,0
2025-04-01,32.32,32.535,32.285,32.47,32.2933,18100,0,0
2025-04-02,32.51,32.88,32.466,32.84,32.6613,49000,0,0
2025-04-03,32.34,32.35,31.608,31.65,31.4777,55300,0,0
2025-04-04,31,31,29.85,29.85,29.6875,175100,0,0
2025-04-07,29.64,30.37,28.603,29.666,29.5045,62900,0,0
2025-04-08,30.52,30.56,28.983,29.36,29.2002,70300,0,0
2025-04-09,28.94,31.475,28.87,31.3,31.1296,73900,0,0
2025-04-10,31.19,31.2,29.95,30.75,30.5826,71300,0,0
2025-04-11,30.45,31.23,30.395,31.17,31.0003,49200,0,0
2025-04-14,31.48,31.7,31.28,31.56,31.3882,34500,0,0
2025-04-15,31.635,31.708,31.32,31.35,31.1794,59300,0,0
2025-04-16,31.43,31.45,30.791,30.94,30.7716,48100,0,0
2025-04-17,31.04,31.22,30.79,31,30.8313,70600,0,0
2025-04-21,30.75,30.789,30.058,30.39,30.2246,112100,0,0
2025-04-22,30.815,31.134,30.69,31.076,30.9069,27400,0,0
2025-04-23,31.66,31.8,31.175,31.27,31.0998,11400,0,0
2025-04-24,31.42,32.02,31.18,32.02,31.8457,28600,0,0
2025-04-25,31.75,31.75,31.281,31.53,31.3584,22800,0,0
2025-04-28,31.42,31.67,31.25,31.47,31.2987,70500,0,0
2025-04-29,31.425,31.75,31.373,31.693,31.5205,58600,0,0
2025-04-30,31.571,31.92,31.571,31.86,31.6866,27100,0,0
2025-05-01,31.8,32,31.69,31.69,31.5175,133600,0,0
2025-05-02,32.12,32.35,32.119,32.29,32.1143,53600,0,0
2025-05-05,32.257,32.49,32.22,32.31,32.1341,64900,0,0
2025-05-06,31.99,32.319,31.99,32.13,31.9551,52900,0,0
2025-05-07,32.4,32.4,32.099,32.25,32.0745,51000,0,0
2025-05-08,32.5,32.9,32.5,32.57,32.3927,11300,0,0
2025-05-09,32.8,32.8,32.51,32.59,32.4126,31200,0,0
2025-05-12,33.5,33.5,32.939,33.24,33.0591,65400,0,0
2025-05-13,33.39,33.45,33.2,33.2,33.0193,51200,0,0
2025-05-14,33.29,33.29,32.951,33,32.8204,42400,0,0
2025-05-15,33.075,33.26,33.02,33.26,33.079,17700,0,0
2025-05-16,33.26,33.67,33.26,33.67,33.4867,57000,0,0
2025-05-19,33.24,33.73,33.24,33.65,33.4669,23100,0,0
2025-05-20,33.66,33.69,33.451,33.56,33.3773,28800,0,0
2025-05-21,33.59,33.59,32.97,32.99,32.8104,78500,0,0
2025-05-22,32.97,33.09,32.849,32.985,32.8055,33800,0,0
2025-05-23,32.615,32.88,32.59,32.772,32.5936,28100,0,0
2025-05-27,33.12,33.43,33.12,33.41,33.2282,44200,0,0
2025-05-28,33.38,33.4,33.005,33.023,32.8433,36100,0,0
2025-05-29,33.06,33.17,32.91,33.079,32.899,44800,0,0
2025-05-30,33.041,33.145,32.87,33.127,32.9467,20700,0,0
2025-06-02,33.02,33.02,32.685,32.89,32.711,11800,0,0
2025-06-03,32.74,33.18,32.74,33.152,32.9716,15400,0,0
2025-06-04,33.17,33.32,33.143,33.143,32.9626,21400,0,0
2025-06-05,33.159,33.26,33.034,33.038,32.8582,36100,0,0
2025-06-06,33.48,33.48,33.24,33.4,33.2182,11900,0,0
2025-06-09,33.18,33.4,33.12,33.19,33.0094,19600,0,0
2025-06-10,33.56,33.56,33.18,33.28,33.0989,24700,0,0
2025-06-11,33.06,33.32,33.06,33.18,32.9994,20300,0,0
2025-06-12,32.55,33.32,32.55,33.29,33.1088,69800,0,0
2025-06-13,33.038,33.289,32.885,32.93,32.7508,17600,0,0
2025-06-16,33.33,33.34,33.056,33.22,33.0392,17400,0,0
2025-06-17,33.21,33.21,32.942,32.99,32.8104,93500,0,0
2025-06-18,33.11,33.156,32.841,32.86,32.6811,28200,0,0
2025-06-20,33.04,33.18,32.73,32.85,32.6712,21200,0,0
2025-06-23,32.93,33.21,32.711,33.185,33.0044,19100,0,0
2025-06-24,33.463,33.56,33.263,33.5,33.3177,53700,0,0
2025-06-25,33.445,33.445,33.249,33.27,33.0889,37100,0,0
2025-06-26,33.59,33.59,33.325,33.52,33.3376,66900,0,0
2025-06-27,33.71,33.795,33.5,33.64,33.4569,26700,0,0
2025-06-30,33.645,33.88,33.645,33.838,33.6538,22700,0,0
2025-07-01,33.73,34.223,33.73,34.144,33.9582,31000,0,0
2025-07-02,34.48,34.48,33.957,34.17,33.984,26100,0,0
2025-07-03,34.49,34.49,34.195,34.36,34.173,61800,0,0
2025-07-07,34.37,34.37,34.028,34.17,33.984,20000,0,0
2025-07-08,34.249,34.249,34.1,34.13,33.9442,65500,0,0
2025-07-09,34.49,34.49,33.979,34.21,34.0238,26100,0,0
2025-07-10,34.089,34.413,34.089,34.19,34.0039,40700,0,0
2025-07-11,34.18,34.18,33.945,34,33.8149,25300,0,0
2025-07-14,34.03,34.099,33.95,34.06,33.8746,10700,0,0
2025-07-15,34,34.044,33.64,33.64,33.4569,54100,0,0
2025-07-16,33.837,33.837,33.46,33.75,33.5663,20500,0,0
2025-07-17,33.67,34.14,33.67,34.094,33.9084,131900,0,0
2025-07-18,34.27,34.27,33.911,34.034,33.8488,36400,0,0
2025-07-21,34.09,34.13,33.84,33.876,33.6916,74200,0,0
2025-07-22,33.8,34.393,33.8,34.393,34.2058,11800,0,0
2025-07-23,34.55,34.7,34.47,34.674,34.4853,11300,0,0
2025-07-24,34.833,34.938,34.72,34.765,34.5758,51300,0,0
2025-07-25,35.03,35.12,34.82,35.111,34.9199,30000,0,0
2025-07-28,34.89,35.01,34.791,34.843,34.6534,13200,0,0
2025-07-29,34.82,34.82,34.61,34.717,34.528,13900,0,0
2025-07-30,34.7,34.718,34.307,34.45,34.2625,15800,0,0
2025-07-31,34.38,34.449,33.98,33.999,33.8139,24500,0,0
2025-08-01,34.09,34.09,33.425,33.606,33.4231,46700,0,0
2025-08-04,33.796,33.992,33.796,33.992,33.807,23200,0,0
2025-08-05,33.995,34.09,33.852,33.987,33.802,32800,0,0
2025-08-06,33.98,34.01,33.795,33.911,33.7264,34900,0,0
2025-08-07,34.084,34.084,33.79,33.915,33.7304,21600,0,0
2025-08-08,33.95,34.117,33.891,33.962,33.7772,28800,0,0
2025-08-11,34.045,34.045,33.816,33.871,33.6866,16000,0,0
2025-08-12,33.842,34.3,33.842,34.284,34.0974,13100,0,0
2025-08-13,34.46,34.73,34.29,34.709,34.5201,24600,0,0
2025-08-14,34.47,34.5,34.3,34.424,34.2366,24500,0,0
2025-08-15,34.52,34.52,34.26,34.284,34.0974,20900,0,0
2025-08-18,34.35,34.47,34.251,34.373,34.1859,27100,0,0
2025-08-19,34.372,34.809,34.37,34.62,34.4316,8300,0,0
2025-08-20,34.89,34.89,34.44,34.547,34.359,34400,0,0
2025-08-21,34.47,34.47,34.341,34.351,34.164,21300,0,0
2025-08-22,34.61,35.028,34.535,34.854,34.6643,18800,0,0
2025-08-25,34.92,34.98,34.56,34.564,34.3759,16500,0,0
2025-08-26,34.8,34.8,34.54,34.675,34.4863,31200,0,0
2025-08-27,34.635,34.8,34.635,34.765,34.5758,44200,0,0
2025-08-28,34.75,34.92,34.489,34.617,34.4286,44100,0,0
2025-08-29,34.68,34.697,34.511,34.59,34.4017,13200,0,0
2025-09-02,34.26,34.328,34.06,34.327,34.1402,49600,0,0
2025-09-03,34.465,34.465,34.2,34.323,34.1362,22300,0,0
2025-09-04,34.22,34.63,34.22,34.63,34.4415,9900,0,0
2025-09-05,34.69,34.84,34.431,34.603,34.4147,17700,0,0
2025-09-08,34.54,34.65,34.45,34.613,34.4246,27700,0,0
2025-09-09,34.48,34.48,34.29,34.448,34.2605,27000,0,0
2025-09-10,34.51,34.54,34.15,34.27,34.0835,13800,0,0
2025-09-11,34.347,34.94,34.347,34.909,34.719,44900,0,0
2025-09-12,34.64,34.73,34.543,34.543,34.355,20700,0,0
2025-09-15,34.61,34.76,34.39,34.442,34.2545,23300,0,0
2025-09-16,34.46,34.578,34.238,34.351,34.164,32800,0,0
2025-09-17,34.63,34.725,34.23,34.308,34.1213,52200,0,0
2025-09-18,34.262,34.562,34.2,34.404,34.2167,32100,0,0
2025-09-19,34.42,34.42,34.203,34.294,34.1073,79700,0,0
2025-09-22,34.41,34.41,34.168,34.349,34.162,30400,0,0
2025-09-23,34.33,34.37,34.06,34.131,33.9452,38100,0,0
2025-09-24,34.13,34.23,33.938,33.964,33.7791,57700,0,0
2025-09-25,33.73,33.73,33.55,33.643,33.4599,14400,0,0
2025-09-26,33.99,33.99,33.828,33.925,33.7404,12700,0,0
2025-09-29,34.06,34.06,33.82,34.007,33.8219,75900,0,0
2025-09-30,34.24,34.29,33.943,34.269,34.0825,39400,0,0
2025-10-01,34.35,34.35,34.09,34.285,34.0984,58500,0,0
2025-10-02,34.29,34.43,34.17,34.42,34.2327,35000,0,0
2025-10-03,34.45,34.729,34.44,34.57,34.3818,44000,0,0
2025-10-06,34.88,34.88,34.42,34.54,34.352,33600,0,0
2025-10-07,34.53,34.61,34.269,34.34,34.1531,14600,0,0
2025-10-08,34.4,34.54,34.379,34.52,34.3321,23800,0,0
2025-10-09,34.55,34.68,34.01,34.1,33.9144,30600,0,0
2025-10-10,34.18,34.18,33.52,33.55,33.3674,25800,0,0
2025-10-13,33.75,33.929,33.64,33.76,33.5762,22000,0,0
2025-10-14,33.39,34.17,33.39,34.027,33.8418,23400,0,0
2025-10-15,34.155,34.296,33.75,33.862,33.6777,23500,0,0
2025-10-16,33.95,33.95,33.41,33.478,33.2958,11000,0,0
2025-10-17,33.47,33.73,33.47,33.695,33.5116,19100,0,0
2025-10-20,33.925,34.113,33.925,34.069,33.8836,27400,0,0
2025-10-21,34.21,34.41,34.21,34.302,34.1153,70100,0,0
2025-10-22,34.214,34.215,33.92,33.98,33.7951,55100,0,0
2025-10-23,33.94,34.22,33.94,34.142,33.9562,46300,0,0
2025-10-24,34.25,34.3,34.098,34.132,33.9462,18800,0,0
2025-10-27,34.3,34.3,34.15,34.268,34.0815,30900,0,0
2025-10-28,34.22,34.22,33.95,33.983,33.798,29600,0,0
2025-10-29,33.62,33.71,33.299,33.353,33.1715,21500,0,0
2025-10-30,33.336,33.499,33.02,33.033,32.8532,20600,0,0
2025-10-31,33.19,33.19,32.91,33.081,32.9009,18900,0,0
2025-11-03,33.26,33.26,32.538,32.908,32.7289,24500,0,0
2025-11-04,33.04,33.04,32.68,32.947,32.7677,21200,0,0
2025-11-05,32.9,33.17,32.88,33.001,32.8214,19700,0,0
2025-11-06,32.94,33.025,32.68,32.764,32.5857,25300,0,0
2025-11-07,32.62,33.05,32.62,33.026,32.8462,56000,0,0
2025-11-10,33.15,33.17,32.821,33.127,32.9467,17600,0,0
2025-11-11,33.211,33.38,33.211,33.312,33.1307,22000,0,0
2025-11-12,33.45,33.567,33.408,33.419,33.2371,33500,0,0
2025-11-13,33.27,33.4,33.078,33.078,32.898,37900,0,0
2025-11-14,33.01,33.09,32.885,32.927,32.7478,23800,0,0
2025-11-17,32.87,33.03,32.51,32.531,32.3539,39700,0,0
2025-11-18,32.54,32.709,32.4,32.573,32.3957,26400,0,0
2025-11-19,32.78,32.78,32.39,32.515,32.338,61800,0,0
2025-11-20,32.824,33.012,32.17,32.212,32.0367,51500,0,0
2025-11-21,32.36,33.005,32.36,32.88,32.701,11100,0,0
2025-11-24,32.92,32.92,32.718,32.744,32.5658,33500,0,0
2025-11-25,32.76,33.39,32.76,33.336,33.1546,42400,0,0
2025-11-26,33.36,33.49,33.35,33.39,33.2083,16500,0,0
2025-11-28,33.515,33.515,33.468,33.468,33.2858,2400,0,0
2025-12-01,33.47,33.553,33.2,33.216,33.0352,147900,0,0
2025-12-02,33.71,33.71,33.159,33.263,33.082,18200,0,0
2025-12-03,33.37,33.602,33.36,33.574,33.3913,29200,0,0
2025-12-04,33.55,33.75,33.55,33.72,33.5365,32800,0,0
2025-12-05,33.75,33.823,33.66,33.757,33.5733,33400,0,0
2025-12-08,33.78,33.78,33.395,33.44,33.258,21300,0,0
2025-12-09,33.32,33.52,33.21,33.243,33.0621,27600,0,0
2025-12-10,33.24,33.805,33.24,33.718,33.5345,34500,0,0
2025-12-11,33.77,34.2,33.77,34.071,33.8856,49500,0,0
2025-12-12,34.14,34.2,33.891,33.934,33.7493,124300,0,0
2025-12-15,34.09,34.09,33.855,33.989,33.804,15300,0,0
2025-12-16,34.19,34.19,33.68,33.778,33.5942,23100,0,0
2025-12-17,33.81,34.04,33.65,33.68,33.4967,21700,0,0
2025-12-18,33.83,33.915,33.58,33.67,33.4867,102600,0,0
2025-12-19,33.56,33.8,33.56,33.72,33.5365,40600,0,0
2025-12-22,33.9,34.054,33.767,33.99,33.805,35600,0,0
2025-12-23,33.75,33.883,33.67,33.753,33.753,26500,0.185,0
2025-12-24,33.95,33.95,33.67,33.886,33.886,7300,0,0
2025-12-26,33.825,33.95,33.748,33.867,33.867,19400,0,0
2025-12-29,33.76,33.93,33.72,33.799,33.799,46400,0,0
2025-12-30,34.12,34.12,33.65,33.694,33.694,54000,0,0
2025-12-31,33.68,33.71,33.34,33.34,33.34,38400,0,0
2026-01-02,33.32,33.576,33.28,33.498,33.498,290500,0,0
2026-01-05,33.54,34.27,33.54,34.147,34.147,49900,0,0
2026-01-06,34.14,34.66,34.09,34.575,34.575,50000,0,0
2026-01-07,34.68,34.68,34.21,34.26,34.26,64700,0,0
2026-01-08,34.18,34.69,34.06,34.598,34.598,35300,0,0
2026-01-09,34.66,34.88,34.655,34.739,34.739,64400,0,0
2026-01-12,34.59,34.81,34.53,34.783,34.783,33800,0,0
2026-01-13,34.73,34.86,34.51,34.621,34.621,40900,0,0
2026-01-14,34.62,34.727,34.54,34.727,34.727,42200,0,0
2026-01-15,34.85,34.995,34.82,34.975,34.975,84400,0,0
2026-01-16,34.89,35.088,34.81,35.038,35.038,64100,0,0
2026-01-20,34.56,34.83,34.27,34.311,34.311,58300,0,0
2026-01-21,34.31,35.02,34.31,34.934,34.934,24300,0,0
2026-01-22,35.12,35.19,34.98,35.039,35.039,23500,0,0
2026-01-23,34.897,34.911,34.69,34.828,34.828,42700,0,0
2026-01-26,34.91,34.94,34.721,34.886,34.886,47000,0,0
2026-01-27,34.87,34.87,34.56,34.621,34.621,28400,0,0
2026-01-28,34.435,34.55,34.38,34.436,34.436,44500,0,0
2026-01-29,34.57,34.627,34.09,34.395,34.395,44800,0,0
2026-01-30,34.63,34.9,34.21,34.53,34.53,73000,0,0
2026-02-02,34.48,34.687,34.48,34.687,34.687,159500,0,0
2026-02-03,34.63,34.63,34.1,34.323,34.323,39700,0,0
2026-02-04,34.41,34.869,34.41,34.736,34.736,75800,0,0
2026-02-05,34.61,34.79,34.43,34.46,34.46,96800,0,0
2026-02-06,34.7,35.11,34.7,35.1,35.1,27500,0,0
2026-02-09,35.12,35.12,34.85,34.87,34.87,21100,0,0
2026-02-10,34.76,35,34.71,34.71,34.71,33000,0,0
2026-02-11,34.82,34.82,34.19,34.245,34.245,35000,0,0
2026-02-12,34.12,34.33,33.38,33.544,33.544,64300,0,0
2026-02-13,33.74,33.995,33.73,33.817,33.817,17400,0,0
2026-02-17,33.815,33.889,33.57,33.771,33.771,29300,0,0
2026-02-18,33.99,34.149,33.875,34.108,34.108,90900,0,0
2026-02-19,34.25,34.25,33.87,34.05,34.05,86200,0,0
2026-02-20,34.32,34.399,33.84,34.15,34.15,25400,0,0
2026-02-23,33.985,33.985,33.59,33.646,33.646,14700,0,0
2026-02-24,33.724,33.975,33.724,33.888,33.888,25100,0,0
2026-02-25,33.95,33.97,33.645,33.95,33.95,52000,0,0
2026-02-26,33.99,34.43,33.99,34.43,34.43,32800,0,0
2026-02-27,34.08,34.491,34.07,34.491,34.491,11400,0,0
2026-03-02,34.13,34.69,34.13,34.578,34.578,51100,0,0
2026-03-03,33.97,34.49,33.741,34.353,34.353,24400,0,0
2026-03-04,34.51,34.51,34.19,34.453,34.453,23700,0,0
2026-03-05,34.25,34.492,34.061,34.193,34.193,21400,0,0
2026-03-06,33.61,33.84,33.54,33.803,33.803,23700,0,0
2026-03-09,33.41,33.75,32.981,33.729,33.729,11100,0,0
2026-03-10,33.63,33.86,33.22,33.231,33.231,108000,0,0
2026-03-11,33.16,33.215,32.92,32.992,32.992,29600,0,0
2026-03-12,32.91,32.945,32.321,32.343,32.343,105000,0,0
2026-03-13,32.71,32.71,32.245,32.385,32.385,87000,0,0
2026-03-16,32.84,32.85,32.501,32.652,32.652,26700,0,0
2026-03-17,33.048,33.048,32.75,32.75,32.75,9300,0,0
2026-03-18,32.58,32.66,32.357,32.357,32.357,60200,0,0
2026-03-19,32.09,32.55,32.09,32.437,32.437,21200,0,0
2026-03-20,32.35,32.41,32.15,32.212,32.212,34700,0,0
2026-03-23,32.8,32.845,32.385,32.385,32.385,86600,0,0
2026-03-24,31.88,32.39,31.88,32.237,32.237,28700,0,0
2026-03-25,32.3,32.375,32,32.305,32.305,21800,0,0
2026-03-26,32.166,32.5,31.96,32.003,32.003,67000,0,0
2026-03-27,31.7,31.86,31.45,31.472,31.472,142600,0,0
2026-03-30,31.54,31.81,31.47,31.562,31.562,23500,0,0
2026-03-31,31.935,32.22,31.659,32.21,32.21,34000,0,0
2026-04-01,32.72,32.72,32.285,32.392,32.392,37400,0,0
2026-04-02,32,32.539,32,32.494,32.494,17900,0,0
2026-04-06,32.42,32.632,32.39,32.632,32.632,21300,0,0
2026-04-07,32.5,32.61,32.38,32.505,32.505,17300,0,0
2026-04-08,33.35,33.42,33.155,33.252,33.252,5600,0,0
2026-04-09,33.119,33.27,32.932,33.144,33.144,14600,0,0
2026-04-10,33.01,33.09,32.76,32.815,32.815,24500,0,0
2026-04-13,32.72,33.4,32.72,33.37,33.37,29000,0,0
2026-04-14,33.46,33.54,33.38,33.41,33.41,16900,0,0
2026-04-15,33.33,33.506,33.29,33.427,33.427,43800,0,0
2026-04-16,33.48,33.55,33.36,33.403,33.403,51400,0,0
2026-04-17,33.73,34.08,33.73,33.824,33.824,34100,0,0
2026-04-20,33.82,33.94,33.76,33.841,33.841,14400,0,0
2026-04-21,33.94,34.1,33.545,33.605,33.605,16600,0,0
2026-04-22,34.16,34.16,33.35,33.438,33.438,35900,0,0
2026-04-23,33.315,33.41,33.11,33.375,33.375,52900,0,0
2026-04-24,33.22,33.25,33.09,33.158,33.158,205800,0,0
2026-04-27,33.21,33.26,33.131,33.164,33.164,126400,0,0
2026-04-28,33.275,33.275,32.83,32.972,32.972,54500,0,0
2026-04-29,32.88,32.98,32.74,32.846,32.846,33700,0,0
2026-04-30,32.83,33.19,32.79,33.19,33.19,41600,0,0
2026-05-01,33.19,33.297,32.945,32.975,32.975,23500,0,0
2026-05-04,32.93,33.17,32.66,32.742,32.742,50300,0,0
2026-05-05,32.74,32.94,32.49,32.89,32.89,87600,0,0
2026-05-06,33.07,33.13,32.8,32.962,32.962,27200,0,0
2026-05-07,32.945,33.119,32.804,32.866,32.866,33600,0,0
2026-05-08,32.75,32.79,32.62,32.656,32.656,47100,0,0
2026-05-11,33.09,33.09,32.37,32.426,32.426,23800,0,0
2026-05-12,32.3,32.555,32.3,32.454,32.454,44400,0,0
2026-05-13,32.17,32.17,31.87,32.002,32.002,30100,0,0
2026-05-14,32.18,32.37,32.036,32.27,32.27,84800,0,0
2026-05-15,32.27,32.38,32.07,32.118,32.118,117000,0,0
2026-05-18,32.21,32.659,32.11,32.604,32.604,35200,0,0
2026-05-19,32.56,32.645,32.25,32.337,32.337,115100,0,0
2026-05-20,32.21,32.589,32.21,32.515,32.515,49700,0,0
2026-05-21,32.23,32.428,32.01,32.331,32.331,41600,0,0
2026-05-22,32.26,32.653,32.26,32.625,32.625,54200,0,0
2026-05-26,32.83,32.83,32.53,32.604,32.604,37900,0,0
2026-05-27,32.95,32.95,32.44,32.502,32.502,56600,0,0
2026-05-28,32.49,32.713,32.49,32.589,32.589,169100,0,0
2026-05-29,32.58,32.865,32.58,32.684,32.684,23800,0,0
2026-06-01,32.69,33.11,32.69,33.035,33.035,88400,0,0
2026-06-02,32.76,32.789,32.498,32.632,32.632,29400,0,0
2026-06-03,32.97,32.97,32.28,32.341,32.341,17200,0,0
2026-06-04,32.926,32.926,32.61,32.656,32.656,38800,0,0
2026-06-05,33.18,33.18,32.443,32.565,32.565,33000,0,0
2026-06-08,32.525,32.575,32.35,32.373,32.373,26700,0,0
2026-06-09,32.83,32.86,32.34,32.723,32.723,36900,0,0
2026-06-10,32.665,32.73,32.195,32.221,32.221,31500,0,0
2026-06-11,32.339,32.55,32.11,32.418,32.418,18000,0,0
2026-06-12,32.41,32.66,32.357,32.599,32.599,26400,0,0
2026-06-15,32.87,32.979,32.53,32.533,32.533,52000,0,0
2026-06-16,32.67,32.71,32.566,32.586,32.586,95600,0,0
2026-06-17,32.49,32.71,31.88,31.934,31.934,44300,0,0
2026-06-18,32.15,32.15,31.883,31.946,31.946,22200,0,0
2026-06-22,32.04,32.04,31.67,31.784,31.784,24100,0,0
2026-06-23,31.6,31.95,31.6,31.774,31.774,62900,0,0
2026-06-24,32.05,32.3,32.05,32.112,32.112,23100,0,0
2026-06-25,32.35,32.585,32.021,32.048,32.048,18600,0,0
2026-06-26,31.99,32.5,31.99,32.477,32.477,322000,0,0
2026-06-29,32.55,32.61,32.18,32.278,32.278,48800,0,0
2026-06-30,32.255,32.418,32.19,32.396,32.396,48700,0,0
2026-07-01,32.39,33,32.39,32.702,32.702,140400,0,0
2026-07-02,33,33.3,32.913,33.27,33.27,26600,0,0
2026-07-06,33.33,33.35,33,33.272,33.272,18800,0,0
2026-07-07,33.35,33.39,33.222,33.317,33.317,17300,0,0
2026-07-08,33.05,33.05,32.72,32.816,32.816,27200,0,0
2026-07-09,32.809,33.01,32.8,32.958,32.958,55300,0,0
2026-07-10,32.86,33.14,32.86,33.045,33.045,75400,0,0
2026-07-13,33.36,33.36,33.19,33.304,33.304,48400,0,0
2026-07-14,33.17,33.17,32.89,32.959,32.959,63200,0,0
2026-07-15,33.06,33.194,32.89,32.934,32.934,44000,0,0
2026-07-16,32.93,33.524,32.93,33.524,33.524,44600,0,0
2026-07-17,33.36,33.71,33.17,33.226,33.226,64800,0,0
2026-07-20,33.045,33.205,32.94,33.067,33.067,1676600,0,0
2026-07-21,32.99,32.99,32.74,32.756,32.756,49800,0,0
2026-07-22,32.66,32.692,32.54,32.6,32.6,27000,0,0
2026-07-23,32.77,32.81,32.532,32.67,32.67,26800,0,0
2026-07-24,32.952,33.3,32.91,33.175,33.175,37400,0,0
2026-07-27,33.04,33.74,33.04,33.696,33.696,39600,0,0
2026-07-28,33.35,34.57,33.35,34.53,34.53,41800,0,0
2026-07-29,34.88,34.88,33.01,34.371,34.371,52700,0,0
2026-07-30,34.31,34.31,33.552,33.942,33.942,16600,0,0
2026-07-31,33.83,34.08,33.75,33.986,33.986,30000,0,0
2026-08-03,33.98,34.63,33.98,34.527,34.527,41100,0,0
2026-08-04,34.53,35.155,34.53,35.135,35.135,49500,0,0
2026-08-05,35.73,35.73,34.81,34.932,34.932,58800,0,0
2026-08-06,34.59,35.08,34.59,35.027,35.027,73600,0,0
2026-08-07,35.22,35.43,35.07,35.322,35.322,22600,0,0
2026-08-10,35.22,35.48,35.22,35.46,35.46,24000,0,0
2026-08-11,35.49,35.618,35.45,35.473,35.473,54200,0,0
2026-08-12,35.42,35.43,35.111,35.363,35.363,26300,0,0
2026-08-13,35.52,35.57,35.131,35.529,35.529,13400,0,0
2026-08-14,35.444,35.487,35.35,35.388,35.388,22900,0,0
2026-08-17,35.15,35.15,34.89,34.89,34.89,42100,0,0
2026-08-18,34.89,35.21,34.882,34.882,34.882,56000,0,0
2026-08-19,34.89,35.526,34.89,35.306,35.306,46500,0,0
2026-08-20,35.029,35.37,35.029,35.045,35.045,53800,0,0
2026-08-21,35.06,35.35,35.06,35.295,35.295,38200,0,0
2026-08-24,35.37,35.45,35.255,35.36,35.36,76500,0,0
2026-08-25,35.37,35.43,35.037,35.045,35.045,214300,0,0
2026-08-26,35.13,35.26,35.11,35.151,35.151,43900,0,0
2026-08-27,34.76,35.22,34.76,35.046,35.046,44700,0,0
2026-08-28,35.22,35.253,35.065,35.19,35.19,32100,0,0
2026-08-31,35.052,35.052,34.922,34.947,34.947,37600,0,0
2026-09-01,34.77,34.795,34.43,34.465,34.465,33500,0,0
2026-09-02,34.5,34.66,34.42,34.484,34.484,22500,0,0
2026-09-03,34.8,35.04,34.52,34.819,34.819,21400,0,0
2026-09-04,34.56,34.75,34.4,34.589,34.589,52800,0,0
2026-09-08,34.49,34.49,33.869,33.869,33.869,32100,0,0
2026-09-09,33.61,33.61,33.355,33.377,33.377,49500,0,0
2026-09-10,33.21,33.39,33.17,33.223,33.223,39900,0,0
2026-09-11,33.89,33.89,33.343,33.525,33.525,17400,0,0
2026-09-14,33.63,33.95,33.63,33.932,33.932,31300,0,0
2026-09-15,33.84,33.84,33.604,33.612,33.612,29400,0,0
2026-09-16,33.574,33.67,33.16,33.33,33.33,36000,0,0
2026-09-17,33.73,33.73,33.27,33.335,33.335,23600,0,0
2026-09-18,33.2,33.29,33.075,33.152,33.152,23100,0,0
2026-09-21,33.32,33.364,33.12,33.28,33.28,14100,0,0
2026-09-22,33.73,33.73,33.05,33.17,33.17,177400,0,0
2026-09-23,33.144,33.297,33.088,33.088,33.088,21000,0,0
2026-09-24,33.05,33.165,32.782,32.782,32.782,13900,0,0
2026-09-25,32.795,33.01,32.71,32.815,32.815,84500,0,0
2026-09-28,32.61,32.708,32.45,32.65,32.65,33000,0,0
2026-09-29,32.565,32.708,32.38,32.524,32.524,130000,0,0
2026-09-30,32.62,32.7,32.45,32.5,32.5,26700,0,0
2026-10-01,32.81,32.895,32.617,32.831,32.831,25400,0,0
2026-10-02,32.805,32.88,32.64,32.684,32.684,70800,0,0
2026-10-05,32.555,33.059,32.555,32.982,32.982,56000,0,0
2026-10-06,32.98,33.25,32.98,33.0453,33.0453,120091,0,0
