date,open,high,low,close,adj_close,volume,dividend,split
2013-04-04,50.09,50.09,50.06,50.08,24.0596,148300,0,0
2013-04-05,50.06,50.06,50.02,50.03,24.0356,39200,0,0
2013-04-08,50.08,50.08,50.03,50.05,24.0452,243200,0,0
2013-04-09,50.07,50.07,50.06,50.07,24.0548,17100,0,0
2013-04-10,50.07,50.07,50.06,50.07,24.0548,15900,0,0
2013-04-11,50.08,50.08,50.06,50.08,24.0596,86400,0,0
2013-04-12,50.11,50.11,50.08,50.1,24.0692,67300,0,0
2013-04-15,50.12,50.12,50.09,50.09,24.0644,34000,0,0
2013-04-16,50.1,50.13,50.1,50.12,24.0788,21900,0,0
2013-04-17,50.12,50.12,50.1,50.11,24.074,166900,0,0
2013-04-18,50.1,50.11,50.1,50.11,24.074,22200,0,0
2013-04-19,50.13,50.13,50.13,50.13,24.0836,15700,0,0
2013-04-22,50.12,50.12,50.1,50.12,24.0788,63200,0,0
2013-04-23,50.13,50.13,50.12,50.13,24.0836,233000,0,0
2013-04-24,50.12,50.12,50.11,50.12,24.0788,47200,0,0
2013-04-25,50.14,50.14,50.13,50.14,24.0884,68700,0,0
2013-04-26,50.15,50.15,50.11,50.14,24.0884,68300,0,0
2013-04-29,50.14,50.17,50.14,50.16,24.098,161400,0,0
2013-04-30,50.18,50.18,50.17,50.18,24.1077,132200,0,0
2013-05-01,50.2,50.2,50.16,50.18,24.1091,70300,0.003,0
2013-05-02,50.18,50.21,50.18,50.21,24.1235,69000,0,0
2013-05-03,50.22,50.23,50.2,50.23,24.1331,90800,0,0
2013-05-06,50.26,50.26,50.23,50.25,24.1427,41400,0,0
2013-05-07,50.28,50.29,50.26,50.29,24.1619,218900,0,0
2013-05-08,50.34,50.34,50.3,50.33,24.1812,90500,0,0
2013-05-09,50.35,50.36,50.32,50.34,24.186,338800,0,0
2013-05-10,50.35,50.35,50.31,50.31,24.1715,268000,0,0
2013-05-13,50.33,50.33,50.3,50.31,24.1715,105200,0,0
2013-05-14,50.3,50.31,50.28,50.3,24.1667,248200,0,0
2013-05-15,50.31,50.32,50.3,50.32,24.1764,119900,0,0
2013-05-16,50.32,50.32,50.29,50.31,24.1715,487900,0,0
2013-05-17,50.3,50.3,50.28,50.29,24.1619,205400,0,0
2013-05-20,50.24,50.3,50.24,50.3,24.1667,131400,0,0
2013-05-21,50.29,50.31,50.29,50.31,24.1715,205700,0,0
2013-05-22,50.29,50.3,50.28,50.3,24.1667,225300,0,0
2013-05-23,50.29,50.3,50.25,50.3,24.1667,322900,0,0
2013-05-24,50.27,50.28,50.25,50.27,24.1523,92000,0,0
2013-05-28,50.25,50.26,50.24,50.25,24.1427,224800,0,0
2013-05-29,50.24,50.25,50.2,50.22,24.1283,129500,0,0
2013-05-30,50.2,50.2,50.15,50.16,24.0995,209500,0,0
2013-05-31,50.15,50.15,50.07,50.11,24.0755,166400,0,0
2013-06-03,50.05,50.05,50.01,50.03,24.086,116300,0.102,0
2013-06-04,50,50.02,49.95,49.98,24.062,152900,0,0
2013-06-05,49.99,50,49.96,49.98,24.062,228600,0,0
2013-06-06,49.92,49.94,49.89,49.92,24.0331,191500,0,0
2013-06-07,49.9,49.91,49.88,49.91,24.0283,151100,0,0
2013-06-10,49.89,49.93,49.87,49.87,24.009,79400,0,0
2013-06-11,49.87,49.94,49.87,49.92,24.0331,397800,0,0
2013-06-12,49.9,49.91,49.85,49.86,24.0042,123100,0,0
2013-06-13,49.89,49.92,49.88,49.92,24.0331,100200,0,0
2013-06-14,49.86,49.9,49.86,49.89,24.0187,64200,0,0
2013-06-17,49.9,49.92,49.89,49.92,24.0331,85500,0,0
2013-06-18,49.93,49.95,49.93,49.95,24.0475,236200,0,0
2013-06-19,49.96,49.97,49.94,49.94,24.0427,131700,0,0
2013-06-20,49.92,49.97,49.71,49.84,23.9946,246000,0,0
2013-06-21,49.89,49.9,49.75,49.87,24.009,254200,0,0
2013-06-24,49.9,49.9,49.76,49.78,23.9657,232500,0,0
2013-06-25,49.76,49.77,49.52,49.75,23.9513,201600,0,0
2013-06-26,49.77,49.78,49.7,49.77,23.9609,231100,0,0
2013-06-27,49.69,49.76,49.66,49.76,23.9561,643100,0,0
2013-06-28,49.75,49.75,49.7,49.72,23.9368,153000,0,0
2013-07-01,49.67,49.68,49.56,49.67,23.9556,77400,0.089,0
2013-07-02,49.69,49.69,49.65,49.66,23.9508,89400,0,0
2013-07-03,49.68,49.69,49.46,49.55,23.8977,131900,0,0
2013-07-05,49.65,49.7,49.62,49.68,23.9604,87200,0,0
2013-07-08,49.69,49.7,49.69,49.7,23.9701,38200,0,0
2013-07-09,49.7,49.73,49.65,49.72,23.9797,137400,0,0
2013-07-10,49.72,49.78,49.72,49.76,23.999,1081300,0,0
2013-07-11,49.78,49.92,49.78,49.91,24.0714,322600,0,0
2013-07-12,49.92,49.95,49.86,49.93,24.081,211600,0,0
2013-07-15,49.95,49.95,49.9,49.95,24.0907,367900,0,0
2013-07-16,49.96,49.96,49.92,49.95,24.0907,107800,0,0
2013-07-17,50,50.03,49.99,50,24.1148,411500,0,0
2013-07-18,50.04,50.04,49.99,50.04,24.1341,95900,0,0
2013-07-19,50.03,50.12,50.03,50.12,24.1727,79600,0,0
2013-07-22,50.14,50.14,50.07,50.11,24.1678,49300,0,0
2013-07-23,50.14,50.15,50.11,50.15,24.1871,96400,0,0
2013-07-24,50.14,50.16,50.08,50.16,24.192,108200,0,0
2013-07-25,50.16,50.16,50.1,50.12,24.1727,118500,0,0
2013-07-26,50.05,50.12,50.05,50.09,24.1582,94400,0,0
2013-07-29,50.12,50.14,50.08,50.11,24.1678,80500,0,0
2013-07-30,50.13,50.13,50.08,50.12,24.1727,36000,0,0
2013-07-31,50.13,50.13,50.11,50.12,24.1727,102600,0,0
2013-08-01,50.03,50.03,50,50.03,24.191,242300,0.128,0
2013-08-02,50.02,50.02,49.98,50.01,24.1814,84800,0,0
2013-08-05,50.02,50.02,49.97,50,24.1765,207200,0,0
2013-08-06,50.02,50.02,49.95,49.98,24.1669,140400,0,0
2013-08-07,50,50,49.92,49.98,24.1669,115100,0,0
2013-08-08,49.98,49.98,49.95,49.97,24.162,148900,0,0
2013-08-09,50,50,49.95,49.99,24.1717,149400,0,0
2013-08-12,49.98,50,49.96,50,24.1765,559900,0,0
2013-08-13,50,50,49.98,49.99,24.1717,189200,0,0
2013-08-14,50,50,49.98,49.98,24.1669,260300,0,0
2013-08-15,50.01,50.01,49.93,49.97,24.162,291500,0,0
2013-08-16,49.94,49.98,49.94,49.98,24.1669,111600,0,0
2013-08-19,49.96,49.97,49.91,49.95,24.1524,56800,0,0
2013-08-20,49.95,49.96,49.92,49.93,24.1427,284300,0,0
2013-08-21,49.94,49.94,49.88,49.91,24.133,129700,0,0
2013-08-22,49.9,49.91,49.87,49.87,24.1137,130900,0,0
2013-08-23,49.92,49.92,49.85,49.88,24.1185,55800,0,0
2013-08-26,49.9,49.91,49.85,49.88,24.1185,51400,0,0
2013-08-27,49.92,49.93,49.8,49.89,24.1233,110700,0,0
2013-08-28,49.91,49.94,49.89,49.94,24.1475,141800,0,0
2013-08-29,49.91,49.92,49.83,49.83,24.0943,114300,0,0
2013-08-30,49.91,49.91,49.86,49.91,24.133,168500,0,0
2013-09-03,49.85,49.85,49.79,49.82,24.1422,133600,0.109,0
2013-09-04,49.83,49.84,49.81,49.84,24.1519,147400,0,0
2013-09-05,49.82,49.84,49.8,49.8,24.1325,123600,0,0
2013-09-06,49.87,49.87,49.77,49.86,24.1616,79000,0,0
2013-09-09,49.85,49.85,49.75,49.84,24.1519,165400,0,0
2013-09-10,49.85,49.85,49.78,49.82,24.1422,77800,0,0
2013-09-11,49.84,49.85,49.8,49.81,24.1374,65800,0,0
2013-09-12,49.88,49.91,49.81,49.91,24.1858,98700,0,0
2013-09-13,49.93,49.93,49.86,49.9,24.181,40700,0,0
2013-09-16,49.85,49.92,49.81,49.84,24.1519,198400,0,0
2013-09-17,49.85,49.93,49.35,49.82,24.1422,302900,0,0
2013-09-18,49.83,49.85,49.73,49.75,24.1083,127100,0,0
2013-09-19,49.8,49.93,49.8,49.89,24.1761,97100,0,0
2013-09-20,49.97,49.98,49.86,49.98,24.2197,66400,0,0
2013-09-23,50,50,49.91,49.96,24.2101,33000,0,0
2013-09-24,49.99,50,49.91,49.94,24.2004,273800,0,0
2013-09-25,49.98,49.98,49.87,49.93,24.1955,154500,0,0
2013-09-26,49.95,49.95,49.84,49.9,24.181,81800,0,0
2013-09-27,49.93,49.93,49.82,49.88,24.1713,72300,0,0
2013-09-30,49.91,49.91,49.77,49.82,24.1422,129700,0,0
2013-10-01,49.76,49.76,49.62,49.66,24.1242,130900,0.123,0
2013-10-02,49.75,49.75,49.62,49.74,24.1631,139700,0,0
2013-10-03,49.79,49.79,49.7,49.75,24.168,27400,0,0
2013-10-04,49.72,49.81,49.68,49.81,24.1971,69900,0,0
2013-10-07,49.75,49.86,49.71,49.79,24.1874,91200,0,0
2013-10-08,49.75,49.85,49.75,49.83,24.2068,54300,0,0
2013-10-09,49.9,49.9,49.78,49.82,24.202,73900,0,0
2013-10-10,49.8,49.89,49.77,49.89,24.236,114100,0,0
2013-10-11,49.81,49.87,49.8,49.87,24.2263,143500,0,0
2013-10-14,49.83,49.87,49.71,49.84,24.2117,49800,0,0
2013-10-15,49.89,49.93,49.83,49.93,24.2554,123600,0,0
2013-10-16,49.91,49.93,49.89,49.93,24.2554,102600,0,0
2013-10-17,49.93,49.93,49.87,49.93,24.2554,125600,0,0
2013-10-18,49.95,49.95,49.92,49.94,24.2603,266600,0,0
2013-10-21,49.94,49.95,49.87,49.9,24.2408,327500,0,0
2013-10-22,49.94,49.96,49.91,49.96,24.27,169700,0,0
2013-10-23,49.97,49.98,49.91,49.98,24.2797,285400,0,0
2013-10-24,49.99,49.99,49.89,49.94,24.2603,111900,0,0
2013-10-25,49.89,50.07,49.89,50.07,24.3234,210100,0,0
2013-10-28,50.08,50.08,49.98,50.04,24.3088,86900,0,0
2013-10-29,50.1,50.12,50.05,50.09,24.3331,391500,0,0
2013-10-30,50.14,50.14,50.05,50.13,24.3525,80000,0,0
2013-10-31,50.17,50.17,50.1,50.15,24.3623,81900,0,0
2013-11-01,50.07,50.07,49.94,49.97,24.3442,409200,0.143,0
2013-11-04,50.03,50.04,49.86,50.01,24.3637,76700,0,0
2013-11-05,50,50.04,49.94,50.04,24.3784,179500,0,0
2013-11-06,50.12,50.12,49.93,50.04,24.3784,46200,0,0
2013-11-07,50.06,50.07,50,50.06,24.3881,81300,0,0
2013-11-08,50.07,50.07,50.03,50.06,24.3881,67500,0,0
2013-11-11,50.02,50.09,50,50.05,24.3832,60700,0,0
2013-11-12,49.98,50.08,49.98,50.06,24.3881,121700,0,0
2013-11-13,50.08,50.08,50.01,50.07,24.393,29500,0,0
2013-11-14,50.08,50.08,50.03,50.07,24.393,58900,0,0
2013-11-15,50.06,50.07,50.03,50.07,24.393,68000,0,0
2013-11-18,50.07,50.07,50.01,50.05,24.3832,93800,0,0
2013-11-19,50.07,50.07,50.02,50.07,24.393,43700,0,0
2013-11-20,50.08,50.08,49.96,50.07,24.393,108300,0,0
2013-11-21,50.02,50.08,49.97,50.08,24.3978,43700,0,0
2013-11-22,50.07,50.09,50.05,50.09,24.4027,43600,0,0
2013-11-25,50.08,50.11,50.05,50.09,24.4027,75400,0,0
2013-11-26,50.09,50.11,50.05,50.11,24.4124,88400,0,0
2013-11-27,50.1,50.11,49.97,49.97,24.3442,291800,0,0
2013-11-29,50.12,50.13,49.99,50.05,24.3832,28400,0,0
2013-12-02,49.98,49.99,49.91,49.98,24.4081,168200,0.121,0
2013-12-03,49.99,49.99,49.94,49.98,24.4081,68300,0,0
2013-12-04,49.99,49.99,49.92,49.95,24.3935,55100,0,0
2013-12-05,49.99,49.99,49.92,49.96,24.3984,53900,0,0
2013-12-06,49.99,49.99,49.93,49.96,24.3984,50700,0,0
2013-12-09,49.98,49.99,49.96,49.99,24.413,68200,0,0
2013-12-10,49.95,50.02,49.94,50,24.4179,168500,0,0
2013-12-11,49.95,50,49.93,49.93,24.3837,218400,0,0
2013-12-12,50,50.01,49.95,49.99,24.413,86600,0,0
2013-12-13,50,50.02,49.95,49.96,24.3984,38800,0,0
2013-12-16,49.96,50.04,49.96,49.98,24.4081,111800,0,0
2013-12-17,50.03,50.03,49.91,50.03,24.4325,136000,0,0
2013-12-18,50.04,50.06,50,50.04,24.4374,97700,0,0
2013-12-19,49.96,50.09,49.96,50.07,24.4521,80600,0,0
2013-12-20,50.07,50.08,49.96,50.08,24.457,137000,0,0
2013-12-23,50.08,50.1,50.05,50.1,24.4667,119400,0,0
2013-12-24,50.11,50.24,50.02,50.11,24.4716,39100,0,0
2013-12-26,50.12,50.13,50.1,50.12,24.4765,218900,0,0
2013-12-27,50.07,50.09,49.95,50.01,24.4888,71100,0.135,0
2013-12-30,50.01,50.02,49.92,50.01,24.4888,70800,0,0
2013-12-31,50.02,50.03,50,50.02,24.4936,103700,0,0
2014-01-02,50,50.04,49.99,50.03,24.4985,33500,0,0
2014-01-03,49.98,50.05,49.98,50.05,24.5083,74400,0,0
2014-01-06,50.09,50.1,50.02,50.09,24.5279,73700,0,0
2014-01-07,50.12,50.12,50.03,50.07,24.5181,165700,0,0
2014-01-08,50.04,50.09,50.03,50.07,24.5181,86600,0,0
2014-01-09,50.13,50.15,50.07,50.15,24.5573,146700,0,0
2014-01-10,50.14,50.16,50.13,50.16,24.5622,156600,0,0
2014-01-13,50.17,50.17,50.1,50.15,24.5573,193100,0,0
2014-01-14,50.18,50.19,50.09,50.17,24.5671,97900,0,0
2014-01-15,50.18,50.18,50.13,50.17,24.5671,86000,0,0
2014-01-16,50.17,50.2,50.1,50.2,24.5818,137200,0,0
2014-01-17,50.17,50.21,50.14,50.2,24.5818,84300,0,0
2014-01-21,50.23,50.23,50.2,50.22,24.5916,159200,0,0
2014-01-22,50.25,50.25,50.21,50.25,24.6063,257900,0,0
2014-01-23,50.26,50.26,50.21,50.26,24.6112,50500,0,0
2014-01-24,50.27,50.27,50.22,50.25,24.6063,52400,0,0
2014-01-27,50.25,50.26,50.19,50.2,24.5818,89000,0,0
2014-01-28,50.2,50.23,50.17,50.19,24.5769,303900,0,0
2014-01-29,50.25,50.25,50.14,50.2,24.5818,55000,0,0
2014-01-30,50.2,50.24,50.15,50.18,24.572,59500,0,0
2014-01-31,50.21,50.23,50.17,50.21,24.5867,31400,0,0
2014-02-03,50.08,50.13,50.05,50.09,24.5847,83600,0.116,0
2014-02-04,50.06,50.12,50.02,50.09,24.5847,41100,0,0
2014-02-05,50.08,50.12,50.03,50.09,24.5847,143100,0,0
2014-02-06,50.09,50.09,50.05,50.09,24.5847,74500,0,0
2014-02-07,50.06,50.12,50.06,50.07,24.5749,100900,0,0
2014-02-10,50.09,50.1,50.01,50.02,24.5504,305000,0,0
2014-02-11,50.03,50.09,50.01,50.02,24.5504,207500,0,0
2014-02-12,50.01,50.04,50,50,24.5405,81600,0,0
2014-02-13,50.04,50.07,50,50.04,24.5602,51900,0,0
2014-02-14,50.01,50.04,50,50.04,24.5602,53000,0,0
2014-02-18,50.08,50.08,50.04,50.05,24.5651,50200,0,0
2014-02-19,50.04,50.06,50.04,50.04,24.5602,77000,0,0
2014-02-20,50.04,50.06,50.04,50.05,24.5651,51400,0,0
2014-02-21,50.04,50.05,50.03,50.05,24.5651,82100,0,0
2014-02-24,50.06,50.06,50.02,50.02,24.5504,93300,0,0
2014-02-25,50.03,50.06,50.02,50.04,24.5602,61700,0,0
2014-02-26,50.03,50.06,50.01,50.05,24.5651,112900,0,0
2014-02-27,50.02,50.03,50.01,50.03,24.5553,65300,0,0
2014-02-28,50.02,50.08,50.01,50.04,24.5602,61000,0,0
2014-03-03,49.97,49.97,49.9,49.93,24.5602,96700,0.11,0
2014-03-04,49.95,49.95,49.9,49.94,24.5651,87400,0,0
2014-03-05,49.95,49.95,49.9,49.94,24.5651,129000,0,0
2014-03-06,49.96,49.97,49.93,49.95,24.57,99700,0,0
2014-03-07,49.96,49.97,49.92,49.97,24.5798,119700,0,0
2014-03-10,49.96,49.99,49.95,49.97,24.5798,95400,0,0
2014-03-11,49.95,49.99,49.94,49.98,24.5848,32100,0,0
2014-03-12,49.96,49.99,49.93,49.93,24.5602,141000,0,0
2014-03-13,49.97,49.98,49.94,49.96,24.5749,96800,0,0
2014-03-14,49.98,49.99,49.93,49.94,24.5651,133000,0,0
2014-03-17,50.02,50.02,49.93,49.93,24.5602,209700,0,0
2014-03-18,49.94,49.98,49.93,49.95,24.57,88200,0,0
2014-03-19,49.97,49.97,49.93,49.96,24.5749,57500,0,0
2014-03-20,49.96,49.98,49.93,49.98,24.5848,170800,0,0
2014-03-21,49.99,50.01,49.95,49.98,24.5848,62200,0,0
2014-03-24,49.99,50.01,49.97,50,24.5946,101600,0,0
2014-03-25,50,50.03,49.98,50.01,24.5995,39700,0,0
2014-03-26,50,50.02,49.96,50.01,24.5995,67000,0,0
2014-03-27,50.03,50.03,49.98,50.03,24.6094,131000,0,0
2014-03-28,50,50.02,49.96,50.01,24.5995,28900,0,0
2014-03-31,50,50.05,49.96,50.02,24.6044,51100,0,0
2014-04-01,49.99,49.99,49.85,49.85,24.5832,478900,0.127,0
2014-04-02,49.98,49.98,49.81,49.91,24.6128,45000,0,0
2014-04-03,49.87,49.97,49.83,49.85,24.5832,212100,0,0
2014-04-04,49.88,49.98,49.88,49.96,24.6375,37800,0,0
2014-04-07,49.88,49.98,49.88,49.95,24.6325,40900,0,0
2014-04-08,49.95,49.95,49.88,49.89,24.603,91100,0,0
2014-04-09,49.88,49.95,49.85,49.94,24.6276,183300,0,0
2014-04-10,49.94,49.94,49.84,49.84,24.5783,91500,0,0
2014-04-11,49.91,49.91,49.84,49.84,24.5783,28900,0,0
2014-04-14,49.82,49.9,49.82,49.89,24.603,65400,0,0
2014-04-15,49.86,49.92,49.81,49.84,24.5783,95800,0,0
2014-04-16,49.85,49.92,49.83,49.9,24.6079,99000,0,0
2014-04-17,49.85,49.91,49.84,49.9,24.6079,67100,0,0
2014-04-21,49.91,49.92,49.87,49.92,24.6177,79500,0,0
2014-04-22,49.91,49.92,49.87,49.92,24.6177,82400,0,0
2014-04-23,49.86,49.91,49.86,49.89,24.603,45200,0,0
2014-04-24,49.87,49.88,49.84,49.87,24.5931,117800,0,0
2014-04-25,49.82,49.87,49.62,49.74,24.529,368000,0,0
2014-04-28,49.87,49.87,49.76,49.78,24.5487,91100,0,0
2014-04-29,49.79,49.85,49.77,49.77,24.5438,117900,0,0
2014-04-30,49.8,49.83,49.77,49.83,24.5734,99800,0,0
2014-05-01,49.76,49.76,49.7,49.71,24.5823,270500,0.138,0
2014-05-02,49.79,49.79,49.74,49.74,24.5971,34600,0,0
2014-05-05,49.75,49.79,49.71,49.79,24.6218,44100,0,0
2014-05-06,49.84,49.85,49.78,49.8,24.6268,39200,0,0
2014-05-07,49.85,49.85,49.79,49.82,24.6367,47800,0,0
2014-05-08,49.81,49.85,49.8,49.83,24.6416,36400,0,0
2014-05-09,49.85,49.87,49.82,49.86,24.6565,44300,0,0
2014-05-12,49.87,49.87,49.82,49.83,24.6416,42300,0,0
2014-05-13,49.82,49.91,49.82,49.84,24.6465,97800,0,0
2014-05-14,49.95,49.96,49.88,49.88,24.6664,81900,0,0
2014-05-15,49.95,49.98,49.9,49.97,24.7108,102900,0,0
2014-05-16,49.95,49.97,49.89,49.97,24.7108,41000,0,0
2014-05-19,49.96,49.98,49.86,49.88,24.6664,162500,0,0
2014-05-20,49.95,49.95,49.86,49.86,24.6565,145700,0,0
2014-05-21,49.92,49.93,49.85,49.87,24.6614,69100,0,0
2014-05-22,49.85,49.87,49.81,49.81,24.6317,54400,0,0
2014-05-23,49.83,49.86,49.8,49.81,24.6317,61700,0,0
2014-05-27,49.85,49.86,49.8,49.84,24.6465,48000,0,0
2014-05-28,49.78,49.86,49.78,49.79,24.6218,39400,0,0
2014-05-29,49.77,49.8,49.77,49.79,24.6218,63200,0,0
2014-05-30,49.79,49.84,49.79,49.8,24.6268,75100,0,0
2014-06-02,49.61,49.73,49.61,49.66,24.6273,45400,0.141,0
2014-06-03,49.74,49.79,49.69,49.74,24.667,78900,0,0
2014-06-04,49.68,49.8,49.68,49.74,24.667,47400,0,0
2014-06-05,49.78,49.84,49.76,49.82,24.7066,141500,0,0
2014-06-06,49.79,49.83,49.78,49.79,24.6918,35700,0,0
2014-06-09,49.81,49.89,49.78,49.82,24.7066,41000,0,0
2014-06-10,49.88,49.92,49.82,49.85,24.7215,92800,0,0
2014-06-11,49.91,49.91,49.85,49.88,24.7364,182000,0,0
2014-06-12,49.9,49.91,49.83,49.88,24.7364,49900,0,0
2014-06-13,49.83,49.88,49.83,49.88,24.7364,49700,0,0
2014-06-16,49.85,49.91,49.84,49.91,24.7512,36400,0,0
2014-06-17,49.9,49.94,49.86,49.94,24.7661,32600,0,0
2014-06-18,49.98,49.98,49.88,49.97,24.781,58900,0,0
2014-06-19,49.99,50,49.92,49.98,24.786,115300,0,0
2014-06-20,49.99,49.99,49.92,49.94,24.7661,52800,0,0
2014-06-23,49.94,49.98,49.92,49.96,24.776,63600,0,0
2014-06-24,49.97,50.03,49.94,49.99,24.7909,86600,0,0
2014-06-25,49.97,50,49.94,49.99,24.7909,59200,0,0
2014-06-26,49.96,50,49.95,49.99,24.7909,125500,0,0
2014-06-27,50,50.02,49.97,49.99,24.7909,48500,0,0
2014-06-30,50.01,50.03,50,50,24.7959,57600,0,0
2014-07-01,49.77,49.82,49.71,49.82,24.78,116800,0.148,0
2014-07-02,49.9,49.9,49.87,49.89,24.8148,41900,0,0
2014-07-03,49.83,49.9,49.81,49.9,24.8198,63200,0,0
2014-07-07,49.93,49.93,49.86,49.9,24.8198,98300,0,0
2014-07-08,49.91,49.99,49.86,49.91,24.8247,41800,0,0
2014-07-09,49.96,49.98,49.88,49.96,24.8496,29500,0,0
2014-07-10,49.93,49.96,49.85,49.93,24.8347,66400,0,0
2014-07-11,49.95,49.95,49.86,49.86,24.7999,32000,0,0
2014-07-14,49.91,49.97,49.87,49.94,24.8397,50800,0,0
2014-07-15,49.93,49.96,49.9,49.92,24.8297,34800,0,0
2014-07-16,49.91,49.95,49.88,49.88,24.8098,97800,0,0
2014-07-17,49.97,49.97,49.85,49.86,24.7999,61900,0,0
2014-07-18,49.9,49.97,49.82,49.83,24.7849,215500,0,0
2014-07-21,49.91,49.92,49.81,49.85,24.7949,65900,0,0
2014-07-22,49.86,49.93,49.82,49.85,24.7949,182600,0,0
2014-07-23,49.9,49.94,49.81,49.86,24.7999,111500,0,0
2014-07-24,49.87,49.95,49.84,49.93,24.8347,79900,0,0
2014-07-25,49.9,49.94,49.86,49.87,24.8048,37500,0,0
2014-07-28,49.93,49.94,49.89,49.93,24.8347,40600,0,0
2014-07-29,49.95,49.95,49.86,49.9,24.8198,39700,0,0
2014-07-30,49.88,49.91,49.77,49.86,24.7999,116300,0,0
2014-07-31,49.78,49.87,49.75,49.84,24.7899,44900,0,0
2014-08-01,49.72,49.72,49.42,49.45,24.6702,180600,0.15,0
2014-08-04,49.43,49.58,49.33,49.41,24.6502,122400,0,0
2014-08-05,49.5,49.57,49.41,49.57,24.7301,81000,0,0
2014-08-06,49.55,49.6,49.43,49.43,24.6602,183100,0,0
2014-08-07,49.54,49.54,49.43,49.48,24.6852,65100,0,0
2014-08-08,49.48,49.51,49.4,49.5,24.6951,20000,0,0
2014-08-11,49.53,49.53,49.42,49.5,24.6951,102700,0,0
2014-08-12,49.49,49.52,49.46,49.52,24.7051,67800,0,0
2014-08-13,49.44,49.51,49.41,49.45,24.6702,54600,0,0
2014-08-14,49.44,49.52,49.44,49.48,24.6852,143900,0,0
2014-08-15,49.51,49.57,49.47,49.49,24.6901,32800,0,0
2014-08-18,49.51,49.56,49.49,49.51,24.7001,38400,0,0
2014-08-19,49.5,49.61,49.5,49.53,24.7101,31000,0,0
2014-08-20,49.54,49.61,49.54,49.54,24.7151,94600,0,0
2014-08-21,49.51,49.63,49.51,49.58,24.735,56900,0,0
2014-08-22,49.61,49.68,49.61,49.67,24.7799,52500,0,0
2014-08-25,49.67,49.71,49.65,49.71,24.7999,42400,0,0
2014-08-26,49.65,49.75,49.65,49.71,24.7999,40800,0,0
2014-08-27,49.74,49.75,49.67,49.69,24.7899,49600,0,0
2014-08-28,49.69,49.75,49.65,49.65,24.77,49200,0,0
2014-08-29,49.75,49.75,49.6,49.6,24.745,34600,0,0
2014-09-02,49.71,49.71,49.45,49.56,24.8096,108800,0.169,0
2014-09-03,49.65,49.71,49.62,49.63,24.8446,62000,0,0
2014-09-04,49.63,49.66,49.61,49.65,24.8546,33700,0,0
2014-09-05,49.63,49.69,49.6,49.69,24.8747,281600,0,0
2014-09-08,49.68,49.68,49.61,49.64,24.8496,39600,0,0
2014-09-09,49.65,49.68,49.56,49.56,24.8096,73300,0,0
2014-09-10,49.62,49.63,49.57,49.62,24.8396,57600,0,0
2014-09-11,49.6,49.6,49.43,49.53,24.7946,83200,0,0
2014-09-12,49.51,49.53,49.41,49.5,24.7796,33600,0,0
2014-09-15,49.53,49.54,49.44,49.46,24.7595,66000,0,0
2014-09-16,49.5,49.53,49.44,49.44,24.7495,96300,0,0
2014-09-17,49.48,49.62,49.43,49.45,24.7545,52600,0,0
2014-09-18,49.51,49.56,49.44,49.54,24.7996,101700,0,0
2014-09-19,49.53,49.58,49.5,49.56,24.8096,62800,0,0
2014-09-22,49.51,49.61,49.48,49.49,24.7745,174500,0,0
2014-09-23,49.49,49.58,49.46,49.46,24.7595,169600,0,0
2014-09-24,49.51,49.51,49.44,49.51,24.7846,87000,0,0
2014-09-25,49.52,49.52,49.36,49.4,24.7295,47500,0,0
2014-09-26,49.3,49.36,49.24,49.28,24.6694,75600,0,0
2014-09-29,49.19,49.28,49.19,49.23,24.6444,45800,0,0
2014-09-30,49.17,49.23,49.08,49.14,24.5994,63100,0,0
2014-10-01,49.04,49.08,48.94,49.01,24.6194,179200,0.17,0
2014-10-02,49.05,49.09,48.99,49,24.6144,138000,0,0
2014-10-03,49.08,49.15,49,49.12,24.6747,84100,0,0
2014-10-06,49.11,49.15,49.04,49.06,24.6446,59700,0,0
2014-10-07,49.11,49.22,49.1,49.1,24.6646,105400,0,0
2014-10-08,49.18,49.2,49.11,49.12,24.6747,56100,0,0
2014-10-09,49.16,49.18,49.09,49.1,24.6646,90000,0,0
2014-10-10,49.14,49.18,49.03,49.03,24.6295,80600,0,0
2014-10-13,49.02,49.08,48.94,49.04,24.6345,34200,0,0
2014-10-14,48.94,49.1,48.94,48.95,24.5893,46900,0,0
2014-10-15,48.85,48.98,47.85,48.78,24.5039,156600,0,0
2014-10-16,48.66,48.79,48.51,48.62,24.4235,121700,0,0
2014-10-17,48.65,48.9,48.03,48.59,24.4084,69800,0,0
2014-10-20,48.81,48.95,48.76,48.86,24.5441,78800,0,0
2014-10-21,48.95,49.04,48.83,49.04,24.6345,426700,0,0
2014-10-22,49.05,49.17,48.96,48.96,24.5943,57800,0,0
2014-10-23,49.2,49.2,49,49.05,24.6395,71100,0,0
2014-10-24,49.09,49.24,49.03,49.09,24.6596,46600,0,0
2014-10-27,49.07,49.14,49.07,49.14,24.6847,62400,0,0
2014-10-28,49.17,49.23,49.1,49.23,24.73,43900,0,0
2014-10-29,49.23,49.24,49.13,49.2,24.7149,38400,0,0
2014-10-30,49.19,49.25,49.15,49.2,24.7149,40100,0,0
2014-10-31,49.25,49.32,49.2,49.31,24.7701,122300,0,0
2014-11-03,49.1,49.24,49.1,49.11,24.7535,47300,0.167,0
2014-11-04,49.21,49.26,49.13,49.22,24.809,52700,0,0
2014-11-05,49.22,49.25,49.12,49.25,24.8241,47600,0,0
2014-11-06,49.22,49.28,49.12,49.12,24.7585,38800,0,0
2014-11-07,49.13,49.22,49.1,49.14,24.7686,64500,0,0
2014-11-10,49.13,49.15,49.11,49.13,24.7636,48500,0,0
2014-11-11,49.16,49.18,49.03,49.12,24.7585,135500,0,0
2014-11-12,49.07,49.19,49.07,49.17,24.7837,22500,0,0
2014-11-13,49.18,49.22,49.18,49.21,24.8039,30100,0,0
2014-11-14,49.2,49.21,49.14,49.14,24.7686,91200,0,0
2014-11-17,49.19,49.23,49.14,49.18,24.7888,117400,0,0
2014-11-18,49.26,49.28,49.18,49.26,24.8291,244100,0,0
2014-11-19,49.18,49.25,49.16,49.25,24.8241,54700,0,0
2014-11-20,49.28,49.29,49.23,49.24,24.819,29600,0,0
2014-11-21,49.28,49.3,49.21,49.21,24.8039,46800,0,0
2014-11-24,49.25,49.35,49.24,49.35,24.8745,50000,0,0
2014-11-25,49.33,49.37,49.28,49.36,24.8795,73500,0,0
2014-11-26,49.35,49.35,49.29,49.29,24.8442,69100,0,0
2014-11-28,49.39,49.44,49.25,49.44,24.9198,28700,0,0
2014-12-01,49.26,49.28,49.11,49.27,24.9118,38600,0.154,0
2014-12-02,49.14,49.24,49.07,49.07,24.8106,52200,0,0
2014-12-03,49.1,49.19,49,49.13,24.841,84000,0,0
2014-12-04,49.03,49.14,48.95,48.95,24.75,108900,0,0
2014-12-05,48.95,49.03,48.91,48.91,24.7297,64900,0,0
2014-12-08,48.93,48.96,48.82,48.95,24.75,605500,0,0
2014-12-09,48.91,48.97,48.83,48.88,24.7146,123700,0,0
2014-12-10,48.76,48.78,48.6,48.61,24.5781,148100,0,0
2014-12-11,48.63,48.69,48.5,48.5,24.5224,229900,0,0
2014-12-12,48.4,48.45,48.23,48.45,24.4972,142400,0,0
2014-12-15,48.22,48.41,47.97,48.14,24.3404,270600,0,0
2014-12-16,47.94,48.1,47.83,48.06,24.3,147200,0,0
2014-12-17,47.88,48.24,47.8,47.95,24.2443,179600,0,0
2014-12-18,47.97,48.28,47.96,48.04,24.2898,145500,0,0
2014-12-19,48.32,48.82,48.25,48.38,24.4617,277600,0,0
2014-12-22,48.63,48.69,48.43,48.65,24.5983,166300,0,0
2014-12-23,48.56,48.88,48.42,48.42,24.482,175900,0,0
2014-12-24,48.66,48.77,48.49,48.59,24.5679,25800,0,0
2014-12-26,48.93,48.98,48.61,48.64,24.5932,130600,0,0
2014-12-29,48.8,48.8,48.48,48.48,24.6095,68000,0.192,0
2014-12-30,48.76,48.81,48.29,48.68,24.711,165400,0,0
2014-12-31,48.78,48.78,48.48,48.75,24.7465,90100,0,0
2015-01-02,48.58,48.75,48.57,48.68,24.711,46400,0,0
2015-01-05,48.53,48.7,48.44,48.61,24.6754,52500,0,0
2015-01-06,48.38,48.64,48.38,48.52,24.6298,86000,0,0
2015-01-07,48.59,48.59,48.35,48.45,24.5942,81400,0,0
2015-01-08,48.59,48.6,48.27,48.37,24.5536,62600,0,0
2015-01-09,48.47,48.6,48.44,48.45,24.5942,128000,0,0
2015-01-12,48.6,48.6,48.48,48.59,24.6653,27800,0,0
2015-01-13,48.62,48.67,48.48,48.48,24.6095,30100,0,0
2015-01-14,48.55,48.68,48.52,48.58,24.6602,48800,0,0
2015-01-15,48.43,48.66,48.43,48.46,24.5993,38000,0,0
2015-01-16,48.43,48.72,48.43,48.71,24.7262,80300,0,0
2015-01-20,48.57,48.7,48.45,48.64,24.6907,151800,0,0
2015-01-21,48.61,48.64,48.42,48.49,24.6145,35000,0,0
2015-01-22,48.64,48.64,48.32,48.54,24.6399,108700,0,0
2015-01-23,48.55,48.62,48.5,48.54,24.6399,76400,0,0
2015-01-26,48.57,48.58,48.45,48.51,24.6247,64300,0,0
2015-01-27,48.42,48.51,48.35,48.42,24.579,255200,0,0
2015-01-28,48.49,48.59,48.43,48.46,24.5993,87900,0,0
2015-01-29,48.56,48.56,48.45,48.45,24.5942,64200,0,0
2015-01-30,48.41,48.64,48.41,48.43,24.5841,159200,0,0
2015-02-02,48.44,48.57,48.25,48.4,24.6493,100100,0.158,0
2015-02-03,48.65,48.65,48.34,48.37,24.634,228100,0,0
2015-02-04,48.7,48.7,48.36,48.4,24.6493,284300,0,0
2015-02-05,48.66,48.74,48.48,48.6,24.7511,42100,0,0
2015-02-06,48.62,48.77,48.6,48.71,24.8071,61800,0,0
2015-02-09,48.71,48.89,48.62,48.78,24.8428,39100,0,0
2015-02-10,48.94,48.94,48.69,48.92,24.9141,59500,0,0
2015-02-11,48.8,48.95,48.76,48.85,24.8784,49000,0,0
2015-02-12,48.94,49.07,48.86,49.01,24.9599,374700,0,0
2015-02-13,48.98,49.1,48.9,49.1,25.0058,65600,0,0
2015-02-17,49.12,49.18,48.91,49.13,25.021,67300,0,0
2015-02-18,49.25,49.25,48.99,49,24.9548,57900,0,0
2015-02-19,49.17,49.25,49.09,49.25,25.0822,35000,0,0
2015-02-20,49.22,49.26,49.11,49.26,25.0872,56900,0,0
2015-02-23,49.11,49.36,49.11,49.21,25.0618,41200,0,0
2015-02-24,49.22,49.35,49.14,49.26,25.0872,74700,0,0
2015-02-25,49.32,49.34,49.27,49.32,25.1178,57500,0,0
2015-02-26,49.45,49.45,49.26,49.3,25.1076,135000,0,0
2015-02-27,49.4,49.46,49.32,49.44,25.1789,53400,0,0
2015-03-02,49.35,49.35,49.22,49.3,25.1871,71100,0.156,0
2015-03-03,49.24,49.37,49.23,49.36,25.2177,132000,0,0
2015-03-04,49.35,49.36,49.12,49.12,25.0951,44600,0,0
2015-03-05,49.32,49.39,49.31,49.34,25.2075,48600,0,0
2015-03-06,49.38,49.42,49.34,49.42,25.2484,64600,0,0
2015-03-09,49.42,49.42,49.3,49.41,25.2433,40800,0,0
2015-03-10,49.38,49.42,49.27,49.39,25.2331,76000,0,0
2015-03-11,49.37,49.39,49.19,49.33,25.2024,185700,0,0
2015-03-12,49.39,49.41,49.32,49.33,25.2024,514800,0,0
2015-03-13,49.35,49.36,49.21,49.36,25.2177,57100,0,0
2015-03-16,49.34,49.4,49.24,49.4,25.2382,41500,0,0
2015-03-17,49.19,49.34,49.19,49.21,25.1411,102700,0,0
2015-03-18,49.23,49.27,49.13,49.17,25.1207,69000,0,0
2015-03-19,49.15,49.33,49.15,49.28,25.1769,68900,0,0
2015-03-20,49.4,49.4,49.2,49.24,25.1564,32500,0,0
2015-03-23,49.23,49.33,49.22,49.25,25.1615,30800,0,0
2015-03-24,49.36,49.38,49.27,49.28,25.1769,35400,0,0
2015-03-25,49.38,49.38,49.15,49.21,25.1411,57000,0,0
2015-03-26,49.39,49.39,49.28,49.3,25.1871,50800,0,0
2015-03-27,49.33,49.41,49.28,49.41,25.2433,699900,0,0
2015-03-30,49.43,49.45,49.38,49.43,25.2535,44700,0,0
2015-03-31,49.34,49.46,49.27,49.27,25.1718,119600,0,0
2015-04-01,49.46,49.46,49.14,49.22,25.2343,70700,0.172,0
2015-04-02,49.25,49.25,49.17,49.18,25.2138,133400,0,0
2015-04-06,49.28,49.37,49.13,49.2,25.2241,79100,0,0
2015-04-07,49.28,49.31,49.17,49.25,25.2497,218500,0,0
2015-04-08,49.31,49.36,49.27,49.36,25.3061,168100,0,0
2015-04-09,49.37,49.4,49.32,49.34,25.2958,59500,0,0
2015-04-10,49.44,49.44,49.35,49.35,25.301,52000,0,0
2015-04-13,49.38,49.48,49.38,49.41,25.3317,38400,0,0
2015-04-14,49.49,49.5,49.4,49.4,25.3266,60000,0,0
2015-04-15,49.47,49.5,49.44,49.44,25.3471,120600,0,0
2015-04-16,49.49,49.55,49.49,49.54,25.3984,43000,0,0
2015-04-17,49.55,49.57,49.45,49.52,25.3881,739600,0,0
2015-04-20,49.56,49.59,49.52,49.52,25.3881,43300,0,0
2015-04-21,49.57,49.6,49.52,49.54,25.3984,38100,0,0
2015-04-22,49.59,49.61,49.53,49.55,25.4035,69700,0,0
2015-04-23,49.59,49.61,49.56,49.56,25.4086,52900,0,0
2015-04-24,49.61,49.63,49.55,49.62,25.4394,45100,0,0
2015-04-27,49.63,49.65,49.58,49.59,25.424,98100,0,0
2015-04-28,49.57,49.66,49.57,49.65,25.4548,63600,0,0
2015-04-29,49.67,49.69,49.62,49.67,25.465,39500,0,0
2015-04-30,49.7,49.7,49.59,49.59,25.424,72400,0,0
2015-05-01,49.52,49.58,49.48,49.55,25.4842,35700,0.157,0
2015-05-04,49.53,49.58,49.45,49.47,25.443,36800,0,0
2015-05-05,49.46,49.59,49.3,49.3,25.3556,499100,0,0
2015-05-06,49.47,49.48,49.31,49.33,25.371,86500,0,0
2015-05-07,49.4,49.48,49.33,49.4,25.407,33000,0,0
2015-05-08,49.47,49.51,49.35,49.51,25.4636,132300,0,0
2015-05-11,49.51,49.63,49.35,49.35,25.3813,112700,0,0
2015-05-12,49.5,49.53,49.34,49.5,25.4585,245300,0,0
2015-05-13,49.46,49.54,49.31,49.31,25.3607,90800,0,0
2015-05-14,49.37,49.52,49.32,49.32,25.3659,146700,0,0
2015-05-15,49.49,49.51,49.38,49.51,25.4636,59900,0,0
2015-05-18,49.49,49.55,49.42,49.49,25.4533,226900,0,0
2015-05-19,49.45,49.53,49.38,49.5,25.4585,115600,0,0
2015-05-20,49.53,49.55,49.42,49.47,25.443,44900,0,0
2015-05-21,49.54,49.54,49.43,49.46,25.4379,57600,0,0
2015-05-22,49.46,49.53,49.39,49.47,25.443,41500,0,0
2015-05-26,49.56,49.58,49.39,49.4,25.407,56300,0,0
2015-05-27,49.55,49.6,49.43,49.56,25.4893,130400,0,0
2015-05-28,49.57,49.61,49.4,49.4,25.407,84600,0,0
2015-05-29,49.54,49.54,49.4,49.47,25.443,130500,0,0
2015-06-01,49.41,49.51,49.22,49.29,25.4368,83100,0.168,0
2015-06-02,49.39,49.39,49.23,49.25,25.4162,96900,0,0
2015-06-03,49.31,49.35,49.19,49.19,25.3852,122600,0,0
2015-06-04,49.25,49.3,49.17,49.26,25.4214,154000,0,0
2015-06-05,49.27,49.33,49.25,49.26,25.4214,35600,0,0
2015-06-08,49.29,49.31,49.18,49.18,25.3801,68700,0,0
2015-06-09,49.27,49.34,49.17,49.3,25.442,89400,0,0
2015-06-10,49.25,49.3,49.18,49.26,25.4214,67600,0,0
2015-06-11,49.3,49.39,49.11,49.25,25.4162,70600,0,0
2015-06-12,49.21,49.3,49.2,49.23,25.4059,53500,0,0
2015-06-15,49.26,49.35,49.12,49.27,25.4265,46000,0,0
2015-06-16,49.27,49.29,49.14,49.22,25.4007,67800,0,0
2015-06-17,49.23,49.32,49.02,49.02,25.2975,105600,0,0
2015-06-18,49.21,49.23,49.06,49.1,25.3388,45100,0,0
2015-06-19,49.15,49.2,49.07,49.18,25.3801,82000,0,0
2015-06-22,49.23,49.32,49.16,49.3,25.442,29700,0,0
2015-06-23,49.25,49.34,49.17,49.25,25.4162,65600,0,0
2015-06-24,49.24,49.31,49.18,49.24,25.411,52800,0,0
2015-06-25,49.21,49.31,49.17,49.23,25.4059,145700,0,0
2015-06-26,49.29,49.29,49.21,49.24,25.411,75000,0,0
2015-06-29,49.16,49.31,49.15,49.19,25.3852,162100,0,0
2015-06-30,49.23,49.24,49.12,49.24,25.411,96400,0,0
2015-07-01,49.06,49.09,48.91,49.05,25.4152,85800,0.198,0
2015-07-02,49.14,49.14,49,49,25.3893,157900,0,0
2015-07-06,49.04,49.14,49.03,49.03,25.4048,40900,0,0
2015-07-07,49.09,49.11,49.05,49.1,25.4411,774600,0,0
2015-07-08,49.04,49.1,49.01,49.02,25.3996,61200,0,0
2015-07-09,49.08,49.14,49.01,49.06,25.4204,61400,0,0
2015-07-10,49.09,49.15,49.04,49.08,25.4307,51400,0,0
2015-07-13,49.12,49.15,49.09,49.15,25.467,41800,0,0
2015-07-14,49.14,49.17,49.08,49.16,25.4722,68500,0,0
2015-07-15,49.15,49.22,49.15,49.19,25.4877,189600,0,0
2015-07-16,49.2,49.26,49.19,49.24,25.5136,275000,0,0
2015-07-17,49.21,49.26,49.17,49.18,25.4825,101900,0,0
2015-07-20,49.21,49.25,49.2,49.24,25.5136,57000,0,0
2015-07-21,49.23,49.24,49.2,49.21,25.4981,96500,0,0
2015-07-22,49.2,49.22,49.08,49.2,25.4929,55800,0,0
2015-07-23,49.17,49.2,49.07,49.07,25.4255,136800,0,0
2015-07-24,49.06,49.11,48.99,49.08,25.4307,111700,0,0
2015-07-27,49.03,49.05,48.95,49.01,25.3945,60300,0,0
2015-07-28,48.92,49.05,48.92,49.01,25.3945,168900,0,0
2015-07-29,49,49.07,48.95,49.01,25.3945,107700,0,0
2015-07-30,49,49.05,48.98,49.03,25.4048,83000,0,0
2015-07-31,49.06,49.07,48.98,49,25.3893,44800,0,0
2015-08-03,49.03,49.03,48.81,48.87,25.4137,41100,0.177,0
2015-08-04,48.82,48.85,48.72,48.73,25.3409,115700,0,0
2015-08-05,48.79,48.83,48.72,48.8,25.3773,466800,0,0
2015-08-06,48.75,48.78,48.67,48.67,25.3097,73300,0,0
2015-08-07,48.54,48.71,48.51,48.58,25.2629,236800,0,0
2015-08-10,48.64,48.64,48.55,48.55,25.2473,71000,0,0
2015-08-11,48.53,48.63,48.53,48.54,25.2421,70000,0,0
2015-08-12,48.46,48.53,48.42,48.5,25.2213,36700,0,0
2015-08-13,48.39,48.49,48.33,48.33,25.1329,111400,0,0
2015-08-14,48.42,48.52,48.37,48.39,25.1641,242600,0,0
2015-08-17,48.41,48.52,48.39,48.49,25.2161,135800,0,0
2015-08-18,48.49,48.51,48.4,48.5,25.2213,34900,0,0
2015-08-19,48.41,48.48,48.36,48.4,25.1693,303400,0,0
2015-08-20,48.38,48.43,48.32,48.33,25.1329,95300,0,0
2015-08-21,48.33,48.38,48.26,48.31,25.1225,97400,0,0
2015-08-24,46.4,48.02,45,47.73,24.8209,296600,0,0
2015-08-25,48.05,48.3,46.46,47.94,24.9301,87500,0,0
2015-08-26,48.01,48.24,47.95,48.24,25.0861,62400,0,0
2015-08-27,48.06,48.3,48.06,48.09,25.0081,88200,0,0
2015-08-28,48.22,48.3,48.12,48.3,25.1173,287500,0,0
2015-08-31,48.3,48.36,48.25,48.36,25.1485,93900,0,0
2015-09-01,48.15,48.2,48.02,48.03,25.0749,104600,0.189,0
2015-09-02,48.17,48.25,48.07,48.24,25.1845,113300,0,0
2015-09-03,48.3,48.35,48.2,48.22,25.1741,626800,0,0
2015-09-04,48.25,48.31,48.23,48.31,25.2211,126200,0,0
2015-09-08,48.31,48.35,48.24,48.34,25.2367,68600,0,0
2015-09-09,48.37,48.37,48.29,48.32,25.2263,30800,0,0
2015-09-10,48.34,48.4,48.16,48.33,25.2315,81400,0,0
2015-09-11,48.33,48.4,48.31,48.35,25.242,67600,0,0
2015-09-14,48.36,48.43,48.28,48.3,25.2158,42200,0,0
2015-09-15,48.32,48.38,48.31,48.34,25.2367,51800,0,0
2015-09-16,48.3,48.37,48.3,48.37,25.2524,39000,0,0
2015-09-17,48.32,48.36,48.2,48.32,25.2263,35100,0,0
2015-09-18,48.26,48.26,48.05,48.22,25.1741,61000,0,0
2015-09-21,48.14,48.21,48.12,48.13,25.1271,46800,0,0
2015-09-22,48.04,48.19,47.96,48.08,25.101,73400,0,0
2015-09-23,48.05,48.15,47.93,47.96,25.0384,130300,0,0
2015-09-24,47.97,48.09,47.92,47.92,25.0175,232800,0,0
2015-09-25,47.94,48.06,47.87,48.03,25.0749,46200,0,0
2015-09-28,47.89,47.97,47.75,47.76,24.9339,40700,0,0
2015-09-29,47.74,47.86,47.66,47.77,24.9392,69000,0,0
2015-09-30,47.65,47.76,47.65,47.76,24.9339,93200,0,0
2015-10-01,47.6,47.6,47.38,47.51,24.8957,100600,0.177,0
2015-10-02,47.38,47.51,47.35,47.49,24.8852,84800,0,0
2015-10-05,47.43,47.71,47.35,47.36,24.8171,404900,0,0
2015-10-06,47.39,47.45,47.39,47.41,24.8433,77000,0,0
2015-10-07,47.42,47.49,47.41,47.43,24.8538,34300,0,0
2015-10-08,47.47,47.57,47.29,47.55,24.9166,43900,0,0
2015-10-09,47.56,47.57,47.4,47.56,24.9219,43800,0,0
2015-10-12,47.56,47.7,47.56,47.63,24.9586,29000,0,0
2015-10-13,47.56,47.64,47.54,47.63,24.9586,113000,0,0
2015-10-14,47.56,47.65,47.56,47.57,24.9271,39000,0,0
2015-10-15,47.61,47.62,47.54,47.6,24.9428,128600,0,0
2015-10-16,47.63,47.76,47.51,47.62,24.9533,109200,0,0
2015-10-19,47.51,47.58,47.5,47.57,24.9271,295400,0,0
2015-10-20,47.56,47.6,47.5,47.5,24.8904,75600,0,0
2015-10-21,47.55,47.6,47.51,47.51,24.8957,52900,0,0
2015-10-22,47.52,47.61,47.5,47.59,24.9376,846200,0,0
2015-10-23,47.62,47.62,47.51,47.54,24.9114,202200,0,0
2015-10-26,47.63,47.7,47.58,47.69,24.99,95900,0,0
2015-10-27,47.63,47.71,47.56,47.6,24.9428,85700,0,0
2015-10-28,47.7,47.7,47.61,47.69,24.99,198400,0,0
2015-10-29,47.65,47.7,47.65,47.66,24.9743,139000,0,0
2015-10-30,47.61,47.68,47.59,47.64,24.9638,313700,0,0
2015-11-02,47.36,47.46,47.36,47.42,24.9386,63700,0.172,0
2015-11-03,47.36,47.46,47.36,47.43,24.9438,130400,0,0
2015-11-04,47.44,47.44,47.36,47.4,24.928,84600,0,0
2015-11-05,47.38,47.44,47.37,47.43,24.9438,154700,0,0
2015-11-06,47.37,47.4,47.3,47.33,24.8912,66100,0,0
2015-11-09,47.33,47.35,47.21,47.22,24.8334,73100,0,0
2015-11-10,47.28,47.31,47.23,47.26,24.8544,54800,0,0
2015-11-11,47.45,47.45,47.02,47.24,24.8439,60700,0,0
2015-11-12,47.19,47.24,47.13,47.16,24.8018,124400,0,0
2015-11-13,47.15,47.18,47.1,47.12,24.7808,39100,0,0
2015-11-16,47.08,47.17,47.07,47.15,24.7966,78600,0,0
2015-11-17,47.09,47.14,47,47.11,24.7755,236600,0,0
2015-11-18,47.02,47.09,46.98,47.08,24.7597,76700,0,0
2015-11-19,47.07,47.07,46.94,46.99,24.7124,42100,0,0
2015-11-20,46.97,47,46.91,46.97,24.7019,87900,0,0
2015-11-23,46.94,46.98,46.86,46.92,24.6756,111000,0,0
2015-11-24,46.95,46.96,46.81,46.96,24.6966,365300,0,0
2015-11-25,46.8,46.89,46.77,46.88,24.6546,302800,0,0
2015-11-27,47,47,46.77,46.79,24.6072,390500,0,0
2015-11-30,46.81,46.9,46.79,46.9,24.6651,57400,0,0
2015-12-01,46.79,46.8,46.69,46.76,24.6772,50100,0.163,0
2015-12-02,46.76,46.8,46.67,46.68,24.635,75100,0,0
2015-12-03,46.77,46.81,46.61,46.72,24.6561,421700,0,0
2015-12-04,46.79,46.9,46.64,46.9,24.7511,434200,0,0
2015-12-07,46.85,46.85,46.77,46.82,24.7089,435600,0,0
2015-12-08,46.62,46.78,46.45,46.55,24.5664,434800,0,0
2015-12-09,46.57,46.73,46.47,46.68,24.635,211100,0,0
2015-12-10,46.69,46.69,46.49,46.57,24.5769,208600,0,0
2015-12-11,46.38,46.56,46.15,46.26,24.4133,460600,0,0
2015-12-14,46.13,46.33,46.04,46.12,24.3395,209300,0,0
2015-12-15,46.35,46.37,46.04,46.19,24.3764,134900,0,0
2015-12-16,46.29,46.3,46.04,46.1,24.3289,173000,0,0
2015-12-17,46.34,46.34,46.16,46.21,24.387,183500,0,0
2015-12-18,46.17,46.36,45.95,46.28,24.4239,320300,0,0
2015-12-21,46.44,46.44,46.19,46.23,24.3975,250200,0,0
2015-12-22,46.2,46.25,46.1,46.23,24.3975,297400,0,0
2015-12-23,46.27,46.4,46.16,46.4,24.4872,334800,0,0
2015-12-24,46.25,46.38,46.23,46.34,24.4556,106100,0,0
2015-12-28,46.28,46.37,46.1,46.1,24.3289,319800,0,0
2015-12-29,46.31,46.31,46.01,46.22,24.4745,182800,0.155,0
2015-12-30,46.03,46.26,46.03,46.26,24.4957,230700,0,0
2015-12-31,46.03,46.27,46.03,46.13,24.4269,232100,0,0
2016-01-04,45.95,46.22,45.85,46.13,24.4269,86200,0,0
2016-01-05,46.19,46.24,46.06,46.15,24.4375,104900,0,0
2016-01-06,46.11,46.19,46.04,46.16,24.4428,143600,0,0
2016-01-07,46.11,46.11,46.05,46.09,24.4057,50900,0,0
2016-01-08,46.13,46.2,46.06,46.16,24.4428,78400,0,0
2016-01-11,46.17,46.24,46.13,46.15,24.4375,72100,0,0
2016-01-12,46.22,46.25,46.15,46.25,24.4904,111800,0,0
2016-01-13,46.22,46.3,46.15,46.15,24.4375,72500,0,0
2016-01-14,46.17,46.25,46.09,46.09,24.4057,194800,0,0
2016-01-15,45.99,46.1,45.95,46.05,24.3845,189100,0,0
2016-01-19,46.04,46.08,45.87,45.87,24.2892,122400,0,0
2016-01-20,45.91,45.94,45.69,45.75,24.2257,418800,0,0
2016-01-21,45.85,46.06,45.73,45.78,24.2416,230600,0,0
2016-01-22,45.84,46,45.73,45.88,24.2945,138200,0,0
2016-01-25,45.93,46,45.79,45.86,24.2839,81300,0,0
2016-01-26,45.92,46.03,45.86,45.94,24.3263,143400,0,0
2016-01-27,45.92,45.99,45.83,45.99,24.3528,80500,0,0
2016-01-28,45.86,45.94,45.85,45.88,24.2945,102600,0,0
2016-01-29,45.89,46,45.89,45.94,24.3263,156100,0,0
2016-02-01,45.8,45.84,45.71,45.73,24.2933,102100,0.148,0
2016-02-02,45.75,45.8,45.7,45.73,24.2933,58500,0,0
2016-02-03,45.79,45.79,45.65,45.66,24.2561,104900,0,0
2016-02-04,45.75,45.8,45.65,45.65,24.2508,86800,0,0
2016-02-05,45.65,45.76,45.61,45.64,24.2455,263400,0,0
2016-02-08,45.64,45.75,45.6,45.75,24.304,63700,0,0
2016-02-09,45.62,45.73,45.44,45.56,24.203,115500,0,0
2016-02-10,45.5,45.72,45.47,45.47,24.1552,56600,0,0
2016-02-11,45.46,45.51,45.36,45.49,24.1658,60500,0,0
2016-02-12,45.47,45.49,45.31,45.35,24.0914,48300,0,0
2016-02-16,45.38,45.44,45.32,45.44,24.1393,77600,0,0
2016-02-17,45.47,45.51,45.36,45.36,24.0968,127000,0,0
2016-02-18,45.39,45.5,45.36,45.41,24.1233,240500,0,0
2016-02-19,45.5,45.51,45.4,45.48,24.1605,79500,0,0
2016-02-22,45.5,45.53,45.47,45.48,24.1605,97700,0,0
2016-02-23,45.51,45.59,45.46,45.54,24.1924,53200,0,0
2016-02-24,45.47,45.58,45.4,45.58,24.2137,144000,0,0
2016-02-25,45.56,45.58,45.47,45.53,24.1871,69900,0,0
2016-02-26,45.55,45.66,45.55,45.66,24.2561,233000,0,0
2016-02-29,45.71,45.8,45.65,45.8,24.3305,160100,0,0
2016-03-01,45.7,45.75,45.58,45.75,24.3945,116200,0.17,0
2016-03-02,45.73,45.76,45.7,45.75,24.3945,57300,0,0
2016-03-03,45.74,45.86,45.74,45.85,24.4478,367000,0,0
2016-03-04,45.88,45.95,45.83,45.94,24.4958,78900,0,0
2016-03-07,45.95,45.99,45.91,45.99,24.5225,57900,0,0
2016-03-08,45.97,46.03,45.84,45.94,24.4958,91600,0,0
2016-03-09,45.98,46.06,45.92,46.06,24.5598,91400,0,0
2016-03-10,46.08,46.12,46.02,46.12,24.5918,140500,0,0
2016-03-11,46.16,46.28,46.13,46.23,24.6504,88700,0,0
2016-03-14,46.21,46.25,46.17,46.23,24.6504,105000,0,0
2016-03-15,46.24,46.27,46.2,46.27,24.6718,95100,0,0
2016-03-16,46.29,46.39,46.23,46.38,24.7304,33400,0,0
2016-03-17,46.42,46.49,46.38,46.45,24.7678,84800,0,0
2016-03-18,46.41,46.45,46.35,46.44,24.7624,52100,0,0
2016-03-21,46.37,46.48,46.35,46.44,24.7624,138600,0,0
2016-03-22,46.45,46.46,46.38,46.42,24.7518,50000,0,0
2016-03-23,46.4,46.46,46.36,46.37,24.7251,139000,0,0
2016-03-24,46.46,46.46,46.29,46.3,24.6878,283500,0,0
2016-03-28,46.41,46.5,46.34,46.39,24.7358,47400,0,0
2016-03-29,46.38,46.5,46.32,46.43,24.7571,281000,0,0
2016-03-30,46.42,46.51,46.42,46.5,24.7944,30400,0,0
2016-03-31,46.4,46.53,46.4,46.48,24.7837,81100,0,0
2016-04-01,46.36,46.46,46.27,46.3,24.7607,55300,0.137,0
2016-04-04,46.32,46.43,46.2,46.2,24.7073,88800,0,0
2016-04-05,46.32,46.34,46.19,46.2,24.7073,1345000,0,0
2016-04-06,46.31,46.38,46.26,46.35,24.7875,274200,0,0
2016-04-07,46.36,46.45,46.3,46.39,24.8089,108300,0,0
2016-04-08,46.47,46.51,46.4,46.46,24.8463,41700,0,0
2016-04-11,46.45,46.6,46.44,46.48,24.857,54200,0,0
2016-04-12,46.52,46.56,46.45,46.49,24.8624,90900,0,0
2016-04-13,46.49,46.65,46.48,46.64,24.9426,146900,0,0
2016-04-14,46.58,46.65,46.5,46.57,24.9051,52600,0,0
2016-04-15,46.55,46.66,46.51,46.64,24.9426,142000,0,0
2016-04-18,46.63,46.81,46.6,46.7,24.9747,64500,0,0
2016-04-19,46.65,46.75,46.64,46.72,24.9854,92100,0,0
2016-04-20,46.76,46.86,46.65,46.76,25.0068,70200,0,0
2016-04-21,46.76,46.79,46.72,46.76,25.0068,35700,0,0
2016-04-22,46.81,46.88,46.78,46.79,25.0228,91900,0,0
2016-04-25,46.83,46.9,46.76,46.84,25.0496,79000,0,0
2016-04-26,46.81,46.86,46.78,46.85,25.0549,47100,0,0
2016-04-27,46.83,46.9,46.82,46.9,25.0816,59100,0,0
2016-04-28,46.83,46.93,46.83,46.85,25.0549,65500,0,0
2016-04-29,46.86,46.92,46.82,46.82,25.0388,85000,0,0
2016-05-02,46.74,46.75,46.67,46.71,25.0581,141200,0.146,0
2016-05-03,46.69,46.71,46.62,46.68,25.1206,98800,0.146,0
2016-05-04,46.68,46.74,46.57,46.68,25.1206,130500,0,0
2016-05-05,46.72,46.74,46.61,46.64,25.099,67200,0,0
2016-05-06,46.61,46.73,46.58,46.67,25.1152,43200,0,0
2016-05-09,46.67,46.74,46.62,46.72,25.1421,72200,0,0
2016-05-10,46.7,46.78,46.65,46.75,25.1582,71400,0,0
2016-05-11,46.74,46.76,46.67,46.68,25.1206,57000,0,0
2016-05-12,46.74,46.78,46.68,46.77,25.169,79600,0,0
2016-05-13,46.7,46.8,46.7,46.74,25.1529,90200,0,0
2016-05-16,46.74,46.8,46.7,46.8,25.1851,54000,0,0
2016-05-17,46.75,46.84,46.75,46.77,25.169,69600,0,0
2016-05-18,46.77,46.84,46.71,46.76,25.1636,110700,0,0
2016-05-19,46.8,46.85,46.72,46.81,25.1905,63400,0,0
2016-05-20,46.81,46.85,46.76,46.85,25.2121,110500,0,0
2016-05-23,46.86,46.88,46.82,46.84,25.2067,48900,0,0
2016-05-24,46.87,46.92,46.84,46.88,25.2282,44300,0,0
2016-05-25,46.89,47,46.87,46.97,25.2766,120000,0,0
2016-05-26,47,47,46.92,46.94,25.2605,75800,0,0
2016-05-27,46.92,46.99,46.91,46.97,25.2766,50800,0,0
2016-05-31,47.01,47.05,46.96,47.01,25.2982,52600,0,0
2016-06-01,46.84,46.87,46.79,46.82,25.283,57100,0.162,0
2016-06-02,46.82,46.89,46.76,46.89,25.3209,86500,0,0
2016-06-03,46.89,46.94,46.82,46.9,25.3263,163200,0,0
2016-06-06,46.88,46.93,46.83,46.91,25.3316,69200,0,0
2016-06-07,46.91,46.95,46.9,46.94,25.3479,174200,0,0
2016-06-08,46.91,46.95,46.88,46.95,25.3533,33200,0,0
2016-06-09,46.93,46.96,46.88,46.93,25.3425,63800,0,0
2016-06-10,46.91,46.95,46.84,46.86,25.3046,132100,0,0
2016-06-13,46.88,46.92,46.84,46.89,25.3209,51900,0,0
2016-06-14,46.86,46.86,46.79,46.8,25.2722,67900,0,0
2016-06-15,46.81,46.84,46.79,46.8,25.2722,47100,0,0
2016-06-16,46.77,46.84,46.67,46.79,25.2669,115800,0,0
2016-06-17,46.76,46.79,46.72,46.74,25.2399,105900,0,0
2016-06-20,46.79,46.86,46.71,46.72,25.229,46000,0,0
2016-06-21,46.78,46.82,46.73,46.81,25.2777,72900,0,0
2016-06-22,46.8,46.84,46.76,46.83,25.2884,102300,0,0
2016-06-23,46.84,46.93,46.79,46.86,25.3046,166900,0,0
2016-06-24,46.71,46.84,46.61,46.71,25.2236,266700,0,0
2016-06-27,46.53,46.59,46.47,46.47,25.094,116200,0,0
2016-06-28,46.47,46.69,46.47,46.58,25.1534,53400,0,0
2016-06-29,46.52,46.68,46.52,46.68,25.2074,59500,0,0
2016-06-30,46.67,46.74,46.59,46.74,25.2399,85000,0,0
2016-07-01,46.53,46.81,46.52,46.61,25.2594,97500,0.166,0
2016-07-05,46.76,46.76,46.52,46.55,25.2268,56600,0,0
2016-07-06,46.54,46.6,46.52,46.56,25.2323,84200,0,0
2016-07-07,46.6,46.65,46.54,46.64,25.2756,59100,0,0
2016-07-08,46.67,46.85,46.65,46.75,25.3352,51900,0,0
2016-07-11,46.82,46.89,46.73,46.8,25.3623,166700,0,0
2016-07-12,46.82,46.93,46.79,46.86,25.3948,85700,0,0
2016-07-13,46.95,46.95,46.83,46.86,25.3948,66100,0,0
2016-07-14,46.92,47.01,46.91,46.95,25.4436,47600,0,0
2016-07-15,46.98,46.99,46.88,46.94,25.4382,218900,0,0
2016-07-18,46.97,47.04,46.92,46.99,25.4653,169000,0,0
2016-07-19,47,47.05,47,47.04,25.4924,105800,0,0
2016-07-20,47.05,47.09,47,47.08,25.5141,49300,0,0
2016-07-21,47.1,47.16,47,47.12,25.5357,99900,0,0
2016-07-22,47.09,47.15,47,47.11,25.5303,78500,0,0
2016-07-25,47.13,47.17,47.08,47.08,25.5141,102900,0,0
2016-07-26,47.16,47.16,47.07,47.13,25.5412,84300,0,0
2016-07-27,47.12,47.23,47.07,47.16,25.5574,85900,0,0
2016-07-28,47.15,47.15,47.05,47.09,25.5195,84700,0,0
2016-07-29,47.11,47.13,47.06,47.08,25.5141,87700,0,0
2016-08-01,46.89,47,46.86,46.88,25.4847,117400,0.146,0
2016-08-02,46.89,46.96,46.89,46.95,25.5228,132700,0,0
2016-08-03,46.96,47,46.92,46.93,25.5119,209000,0,0
2016-08-04,46.94,47.02,46.94,47.02,25.5608,191800,0,0
2016-08-05,47.04,47.1,46.92,47.02,25.5608,52600,0,0
2016-08-08,47.02,47.08,46.97,47.05,25.5771,79100,0,0
2016-08-09,47.02,47.06,47.01,47.06,25.5826,77100,0,0
2016-08-10,47.24,47.24,47.02,47.1,25.6043,120400,0,0
2016-08-11,47.07,47.11,47.03,47.09,25.5989,247600,0,0
2016-08-12,47.08,47.14,47.04,47.11,25.6097,75000,0,0
2016-08-15,47.15,47.15,47.08,47.14,25.626,91800,0,0
2016-08-16,47.14,47.14,47.1,47.1,25.6043,59600,0,0
2016-08-17,47.09,47.16,47.05,47.1,25.6043,116000,0,0
2016-08-18,47.15,47.17,47.08,47.17,25.6424,77600,0,0
2016-08-19,47.14,47.16,47.08,47.14,25.626,45700,0,0
2016-08-22,47.14,47.15,47.09,47.13,25.6206,58300,0,0
2016-08-23,47.16,47.17,47.08,47.1,25.6043,39800,0,0
2016-08-24,47.1,47.21,47.1,47.15,25.6315,109600,0,0
2016-08-25,47.16,47.2,47.12,47.17,25.6424,55800,0,0
2016-08-26,47.17,47.23,47.11,47.16,25.6369,60100,0,0
2016-08-29,47.2,47.23,47.17,47.21,25.6641,49200,0,0
2016-08-30,47.23,47.23,47.13,47.23,25.675,69600,0,0
2016-08-31,47.23,47.25,47.19,47.2,25.6587,119200,0,0
2016-09-01,47.03,47.1,47.02,47.03,25.6603,93000,0.173,0
2016-09-02,47.08,47.14,47.04,47.1,25.6985,139800,0,0
2016-09-06,47.07,47.15,47.07,47.14,25.7203,157700,0,0
2016-09-07,47.13,47.16,47.07,47.12,25.7094,76400,0,0
2016-09-08,47.11,47.15,47.09,47.11,25.704,94100,0,0
2016-09-09,47.1,47.13,47.02,47.05,25.6712,124500,0,0
2016-09-12,47.09,47.14,47.05,47.08,25.6876,193500,0,0
2016-09-13,47.1,47.13,47.02,47.02,25.6548,79900,0,0
2016-09-14,47.06,47.13,47.06,47.07,25.6821,45300,0,0
2016-09-15,47.09,47.15,47.05,47.14,25.7203,79700,0,0
2016-09-16,47.1,47.12,47.02,47.1,25.6985,32100,0,0
2016-09-19,47.14,47.15,47.09,47.11,25.704,56200,0,0
2016-09-20,47.15,47.19,47.1,47.16,25.7312,55000,0,0
2016-09-21,47.16,47.2,47.12,47.18,25.7422,153200,0,0
2016-09-22,47.16,47.23,47.13,47.18,25.7422,77900,0,0
2016-09-23,47.17,47.25,47.17,47.23,25.7694,72700,0,0
2016-09-26,47.24,47.26,47.21,47.22,25.764,446900,0,0
2016-09-27,47.27,47.29,47.2,47.27,25.7913,86600,0,0
2016-09-28,47.26,47.31,47.22,47.31,25.8131,214500,0,0
2016-09-29,47.26,47.29,47.25,47.26,25.7858,104700,0,0
2016-09-30,47.29,47.33,47.28,47.28,25.7967,217100,0,0
2016-10-03,47.12,47.17,47.1,47.13,25.8016,68600,0.159,0
2016-10-04,47.16,47.2,47.12,47.13,25.8016,84800,0,0
2016-10-05,47.15,47.19,47.12,47.13,25.8016,595100,0,0
2016-10-06,47.11,47.2,47.11,47.19,25.8345,252100,0,0
2016-10-07,47.19,47.23,47.15,47.19,25.8345,90500,0,0
2016-10-10,47.19,47.25,47.15,47.23,25.8564,110100,0,0
2016-10-11,47.21,47.24,47.18,47.22,25.8509,143500,0,0
2016-10-12,47.21,47.25,47.18,47.22,25.8509,82800,0,0
2016-10-13,47.19,47.25,47.18,47.2,25.84,66100,0,0
2016-10-14,47.19,47.24,47.19,47.21,25.8454,165800,0,0
2016-10-17,47.2,47.3,47.2,47.25,25.8673,247100,0,0
2016-10-18,47.34,47.34,47.23,47.23,25.8564,380900,0,0
2016-10-19,47.21,47.28,47.21,47.25,25.8673,94900,0,0
2016-10-20,47.24,47.33,47.24,47.28,25.8837,171400,0,0
2016-10-21,47.28,47.33,47.27,47.31,25.9002,87700,0,0
2016-10-24,47.36,47.36,47.28,47.3,25.8947,63300,0,0
2016-10-25,47.33,47.38,47.31,47.35,25.9221,165000,0,0
2016-10-26,47.32,47.38,47.3,47.31,25.9002,93900,0,0
2016-10-27,47.37,47.37,47.28,47.29,25.8892,120400,0,0
2016-10-28,47.33,47.36,47.27,47.29,25.8892,237600,0,0
2016-10-31,47.35,47.38,47.31,47.31,25.9002,139400,0,0
2016-11-01,47.23,47.23,47.12,47.17,25.9062,115100,0.151,0
2016-11-02,47.16,47.21,47.1,47.1,25.8678,118700,0,0
2016-11-03,47.12,47.13,47.04,47.06,25.8458,137500,0,0
2016-11-04,47.1,47.15,47.04,47.06,25.8458,299800,0,0
2016-11-07,47.1,47.14,47.05,47.12,25.8788,218400,0,0
2016-11-08,47.07,47.12,47.03,47.08,25.8568,200800,0,0
2016-11-09,47.05,47.13,47,47.06,25.8458,214800,0,0
2016-11-10,47.04,47.09,46.95,46.97,25.7964,246400,0,0
2016-11-11,47.02,47.07,46.97,46.98,25.8019,189200,0,0
2016-11-14,47.03,47.11,46.99,47.05,25.8403,455000,0,0
2016-11-15,47.08,47.15,47.06,47.15,25.8952,123700,0,0
2016-11-16,47.06,47.14,47.06,47.08,25.8568,225500,0,0
2016-11-17,47.11,47.15,47.08,47.08,25.8568,125300,0,0
2016-11-18,47.14,47.21,47.08,47.1,25.8678,186700,0,0
2016-11-21,47.15,47.2,47.11,47.16,25.9007,110000,0,0
2016-11-22,47.19,47.24,47.11,47.23,25.9392,129900,0,0
2016-11-23,47.15,47.26,47.15,47.21,25.9282,135800,0,0
2016-11-25,47.2,47.26,47.17,47.17,25.9062,97500,0,0
2016-11-28,47.22,47.28,47.18,47.22,25.9337,239400,0,0
2016-11-29,47.26,47.28,47.24,47.24,25.9447,152100,0,0
2016-11-30,47.28,47.37,47.23,47.24,25.9447,161600,0,0
2016-12-01,47.12,47.21,47.12,47.19,25.9998,221100,0.15,0
2016-12-02,47.2,47.24,47.17,47.23,26.0218,195500,0,0
2016-12-05,47.25,47.28,47.2,47.23,26.0218,234000,0,0
2016-12-06,47.32,47.33,47.26,47.33,26.0769,162700,0,0
2016-12-07,47.35,47.39,47.33,47.39,26.11,346500,0,0
2016-12-08,47.35,47.4,47.33,47.39,26.11,97100,0,0
2016-12-09,47.38,47.43,47.36,47.43,26.132,153400,0,0
2016-12-12,47.42,47.48,47.41,47.45,26.143,188500,0,0
2016-12-13,47.47,47.5,47.42,47.47,26.154,428000,0,0
2016-12-14,47.45,47.52,47.44,47.49,26.1651,188400,0,0
2016-12-15,47.42,47.51,47.42,47.51,26.1761,186700,0,0
2016-12-16,47.48,47.52,47.47,47.5,26.1706,267800,0,0
2016-12-19,47.57,47.58,47.49,47.55,26.1981,168500,0,0
2016-12-20,47.53,47.57,47.53,47.55,26.1981,242500,0,0
2016-12-21,47.55,47.57,47.55,47.57,26.2091,173800,0,0
2016-12-22,47.57,47.62,47.56,47.6,26.2257,167700,0,0
2016-12-23,47.57,47.6,47.57,47.6,26.2257,136200,0,0
2016-12-27,47.65,47.65,47.61,47.63,26.2422,168400,0,0
2016-12-28,47.49,47.51,47.45,47.47,26.2438,185100,0.163,0
2016-12-29,47.42,47.5,47.42,47.45,26.2328,203500,0,0
2016-12-30,47.51,47.51,47.45,47.49,26.2549,95100,0,0
2017-01-03,47.53,47.53,47.43,47.5,26.2604,1238300,0,0
2017-01-04,47.55,47.57,47.35,47.53,26.277,1517500,0,0
2017-01-05,47.53,47.57,47.53,47.56,26.2936,314500,0,0
2017-01-06,47.56,47.57,47.48,47.55,26.2881,199900,0,0
2017-01-09,47.56,47.6,47.54,47.57,26.2991,129400,0,0
2017-01-10,47.57,47.58,47.53,47.55,26.2881,333600,0,0
2017-01-11,47.54,47.58,47.54,47.56,26.2936,113500,0,0
2017-01-12,47.54,47.59,47.51,47.54,26.2825,157300,0,0
2017-01-13,47.55,47.59,47.51,47.56,26.2936,129100,0,0
2017-01-17,47.55,47.58,47.54,47.56,26.2936,286900,0,0
2017-01-18,47.57,47.58,47.53,47.55,26.2881,263700,0,0
2017-01-19,47.56,47.57,47.52,47.54,26.2825,196100,0,0
2017-01-20,47.55,47.57,47.52,47.54,26.2825,191700,0,0
2017-01-23,47.56,47.58,47.53,47.58,26.3047,168600,0,0
2017-01-24,47.57,47.57,47.52,47.56,26.2936,294900,0,0
2017-01-25,47.56,47.57,47.53,47.54,26.2825,264900,0,0
2017-01-26,47.61,47.61,47.53,47.56,26.2936,185800,0,0
2017-01-27,47.58,47.59,47.54,47.58,26.3047,210300,0,0
2017-01-30,47.58,47.59,47.53,47.58,26.3047,200800,0,0
2017-01-31,47.58,47.58,47.47,47.51,26.2659,311200,0,0
2017-02-01,47.36,47.38,47.3,47.34,26.2576,172300,0.155,0
2017-02-02,47.36,47.36,47.3,47.33,26.2521,204000,0,0
2017-02-03,47.33,47.35,47.31,47.35,26.2632,423300,0,0
2017-02-06,47.36,47.37,47.31,47.37,26.2743,284400,0,0
2017-02-07,47.34,47.36,47.31,47.32,26.2465,392200,0,0
2017-02-08,47.36,47.36,47.31,47.33,26.2521,153700,0,0
2017-02-09,47.35,47.36,47.31,47.36,26.2687,140100,0,0
2017-02-10,47.36,47.38,47.35,47.37,26.2743,334100,0,0
2017-02-13,47.38,47.4,47.35,47.37,26.2743,476200,0,0
2017-02-14,47.38,47.4,47.36,47.4,26.2909,490000,0,0
2017-02-15,47.39,47.42,47.38,47.42,26.302,356100,0,0
2017-02-16,47.43,47.44,47.42,47.43,26.3076,363500,0,0
2017-02-17,47.42,47.44,47.42,47.44,26.3131,375900,0,0
2017-02-21,47.45,47.48,47.43,47.47,26.3297,169200,0,0
2017-02-22,47.48,47.5,47.46,47.5,26.3464,229400,0,0
2017-02-23,47.51,47.52,47.5,47.52,26.3575,131000,0,0
2017-02-24,47.55,47.55,47.53,47.54,26.3686,159600,0,0
2017-02-27,47.6,47.6,47.54,47.59,26.3963,118600,0,0
2017-02-28,47.6,47.61,47.58,47.61,26.4074,147600,0,0
2017-03-01,47.46,47.5,47.46,47.5,26.4324,274400,0.155,0
2017-03-02,47.5,47.52,47.5,47.52,26.4436,110100,0,0
2017-03-03,47.56,47.56,47.52,47.54,26.4547,508800,0,0
2017-03-06,47.54,47.57,47.54,47.55,26.4603,164800,0,0
2017-03-07,47.53,47.57,47.49,47.49,26.4269,124700,0,0
2017-03-08,47.55,47.55,47.49,47.53,26.4491,397200,0,0
2017-03-09,47.53,47.55,47.5,47.51,26.438,292600,0,0
2017-03-10,47.51,47.54,47.45,47.48,26.4213,533900,0,0
2017-03-13,47.5,47.53,47.46,47.5,26.4324,269000,0,0
2017-03-14,47.52,47.52,47.45,47.52,26.4436,306100,0,0
2017-03-15,47.51,47.58,47.48,47.48,26.4213,241700,0,0
2017-03-16,47.51,47.54,47.45,47.45,26.4046,520300,0,0
2017-03-17,47.46,47.56,47.46,47.49,26.4269,327500,0,0
2017-03-20,47.5,47.57,47.5,47.53,26.4491,120800,0,0
2017-03-21,47.54,47.64,47.42,47.46,26.4102,147800,0,0
2017-03-22,47.45,47.46,47.41,47.45,26.4046,127000,0,0
2017-03-23,47.47,47.47,47.41,47.41,26.3823,185200,0,0
2017-03-24,47.4,47.43,47.4,47.4,26.3768,132200,0,0
2017-03-27,47.43,47.45,47.39,47.4,26.3768,174700,0,0
2017-03-28,47.41,47.43,47.38,47.41,26.3823,138400,0,0
2017-03-29,47.44,47.48,47.37,47.37,26.3601,1351900,0,0
2017-03-30,47.46,47.51,47.44,47.51,26.438,174800,0,0
2017-03-31,47.52,47.54,47.46,47.54,26.4547,146400,0,0
2017-04-03,47.38,47.41,47.34,47.38,26.4519,254800,0.155,0
2017-04-04,47.39,47.39,47.36,47.39,26.4575,475900,0,0
2017-04-05,47.39,47.43,47.39,47.41,26.4686,940100,0,0
2017-04-06,47.43,47.44,47.41,47.43,26.4798,223000,0,0
2017-04-07,47.44,47.47,47.43,47.43,26.4798,245200,0,0
2017-04-10,47.48,47.48,47.43,47.46,26.4966,236600,0,0
2017-04-11,47.47,47.47,47.44,47.46,26.4966,284400,0,0
2017-04-12,47.47,47.48,47.45,47.45,26.491,156600,0,0
2017-04-13,47.47,47.48,47.41,47.44,26.4854,207700,0,0
2017-04-17,47.47,47.5,47.45,47.49,26.5133,214000,0,0
2017-04-18,47.48,47.6,47.47,47.47,26.5021,119100,0,0
2017-04-19,47.49,47.51,47.45,47.45,26.491,204600,0,0
2017-04-20,47.45,47.49,47.45,47.49,26.5133,155900,0,0
2017-04-21,47.48,47.5,47.44,47.49,26.5133,128800,0,0
2017-04-24,47.51,47.52,47.45,47.52,26.5301,313900,0,0
2017-04-25,47.52,47.53,47.49,47.53,26.5356,120300,0,0
2017-04-26,47.51,47.54,47.5,47.52,26.5301,158400,0,0
2017-04-27,47.52,47.54,47.52,47.53,26.5356,126200,0,0
2017-04-28,47.54,47.55,47.52,47.53,26.5356,131600,0,0
2017-05-01,47.39,47.42,47.37,47.38,26.5384,183500,0.155,0
2017-05-02,47.38,47.41,47.37,47.37,26.5328,204600,0,0
2017-05-03,47.4,47.44,47.35,47.36,26.5272,561000,0,0
2017-05-04,47.42,47.46,47.38,47.4,26.5497,217100,0,0
2017-05-05,47.41,47.43,47.39,47.41,26.5553,139600,0,0
2017-05-08,47.44,47.44,47.4,47.43,26.5664,215600,0,0
2017-05-09,47.44,47.45,47.4,47.41,26.5553,267400,0,0
2017-05-10,47.44,47.46,47.41,47.45,26.5777,261300,0,0
2017-05-11,47.45,47.48,47.44,47.47,26.5889,1365500,0,0
2017-05-12,47.5,47.5,47.45,47.48,26.5944,665200,0,0
2017-05-15,47.52,47.52,47.48,47.5,26.6057,274500,0,0
2017-05-16,47.51,47.51,47.48,47.5,26.6057,411200,0,0
2017-05-17,47.51,47.51,47.48,47.5,26.6057,179500,0,0
2017-05-18,47.5,47.51,47.47,47.5,26.6057,182900,0,0
2017-05-19,47.51,47.51,47.47,47.49,26.6001,435100,0,0
2017-05-22,47.51,47.54,47.51,47.52,26.6169,159200,0,0
2017-05-23,47.53,47.54,47.52,47.54,26.6281,214900,0,0
2017-05-24,47.54,47.55,47.52,47.54,26.6281,826800,0,0
2017-05-25,47.55,47.56,47.53,47.53,26.6225,195800,0,0
2017-05-26,47.56,47.57,47.54,47.57,26.6449,241200,0,0
2017-05-30,47.56,47.59,47.55,47.59,26.6561,228300,0,0
2017-05-31,47.59,47.6,47.57,47.59,26.6561,183300,0,0
2017-06-01,47.45,47.45,47.42,47.44,26.6589,170800,0.155,0
2017-06-02,47.45,47.46,47.44,47.46,26.6701,252400,0,0
2017-06-05,47.47,47.47,47.44,47.44,26.6589,122800,0,0
2017-06-06,47.45,47.5,47.44,47.46,26.6701,623200,0,0
2017-06-07,47.47,47.47,47.44,47.45,26.6645,1066500,0,0
2017-06-08,47.45,47.47,47.44,47.46,26.6701,687600,0,0
2017-06-09,47.47,47.49,47.44,47.47,26.6757,359400,0,0
2017-06-12,47.47,47.51,47.45,47.48,26.6814,146000,0,0
2017-06-13,47.47,47.48,47.45,47.48,26.6814,169100,0,0
2017-06-14,47.48,47.49,47.45,47.49,26.687,100700,0,0
2017-06-15,47.45,47.49,47.43,47.43,26.6533,163200,0,0
2017-06-16,47.48,47.49,47.42,47.45,26.6645,1277100,0,0
2017-06-19,47.46,47.47,47.43,47.46,26.6701,336800,0,0
2017-06-20,47.45,47.45,47.39,47.41,26.642,171700,0,0
2017-06-21,47.4,47.4,47.32,47.32,26.5914,234600,0,0
2017-06-22,47.38,47.39,47.34,47.37,26.6196,175100,0,0
2017-06-23,47.41,47.41,47.37,47.39,26.6308,133800,0,0
2017-06-26,47.39,47.44,47.39,47.41,26.642,109600,0,0
2017-06-27,47.43,47.43,47.41,47.43,26.6533,147300,0,0
2017-06-28,47.44,47.45,47.42,47.45,26.6645,116800,0,0
2017-06-29,47.45,47.45,47.34,47.34,26.6027,286100,0,0
2017-06-30,47.36,47.45,47.36,47.43,26.6533,174100,0,0
2017-07-03,47.34,47.34,47.26,47.3,26.6673,114700,0.155,0
2017-07-05,47.28,47.32,47.26,47.26,26.6448,249500,0,0
2017-07-06,47.3,47.33,47.27,47.32,26.6786,358000,0,0
2017-07-07,47.32,47.34,47.3,47.32,26.6786,102300,0,0
2017-07-10,47.32,47.35,47.31,47.31,26.673,83500,0,0
2017-07-11,47.34,47.38,47.32,47.38,26.7125,202400,0,0
2017-07-12,47.38,47.38,47.33,47.33,26.6843,1045900,0,0
2017-07-13,47.35,47.39,47.35,47.37,26.7068,415000,0,0
2017-07-14,47.38,47.38,47.36,47.38,26.7125,160000,0,0
2017-07-17,47.39,47.44,47.37,47.37,26.7068,263900,0,0
2017-07-18,47.4,47.45,47.4,47.4,26.7237,239900,0,0
2017-07-19,47.42,47.48,47.42,47.43,26.7406,324300,0,0
2017-07-20,47.44,47.5,47.44,47.49,26.7745,118800,0,0
2017-07-21,47.49,47.59,47.47,47.54,26.8027,519600,0,0
2017-07-24,47.53,47.57,47.52,47.57,26.8196,180600,0,0
2017-07-25,47.55,47.59,47.54,47.58,26.8252,158200,0,0
2017-07-26,47.55,47.59,47.55,47.58,26.8252,293100,0,0
2017-07-27,47.59,47.63,47.57,47.61,26.8421,113700,0,0
2017-07-28,47.6,47.6,47.57,47.6,26.8365,63800,0,0
2017-07-31,47.58,47.62,47.57,47.59,26.8309,176500,0,0
2017-08-01,47.45,47.54,47.39,47.44,26.8365,187100,0.16,0
2017-08-02,47.47,47.51,47.44,47.47,26.8535,146700,0,0
2017-08-03,47.47,47.49,47.44,47.49,26.8648,379400,0,0
2017-08-04,47.46,47.5,47.45,47.45,26.8422,93700,0,0
2017-08-07,47.45,47.5,47.45,47.48,26.8591,89600,0,0
2017-08-08,47.47,47.48,47.45,47.45,26.8422,198000,0,0
2017-08-09,47.46,47.48,47.44,47.45,26.8422,370200,0,0
2017-08-10,47.43,47.44,47.37,47.37,26.7969,333800,0,0
2017-08-11,47.39,47.39,47.35,47.38,26.8026,968800,0,0
2017-08-14,47.42,47.42,47.37,47.39,26.8082,413300,0,0
2017-08-15,47.36,47.4,47.31,47.32,26.7686,831900,0,0
2017-08-16,47.32,47.38,47.32,47.35,26.7856,154400,0,0
2017-08-17,47.35,47.39,47.31,47.31,26.763,113700,0,0
2017-08-18,47.34,47.34,47.27,47.34,26.7799,160800,0,0
2017-08-21,47.34,47.34,47.26,47.3,26.7573,99700,0,0
2017-08-22,47.3,47.32,47.28,47.32,26.7686,95600,0,0
2017-08-23,47.32,47.32,47.26,47.28,26.746,671200,0,0
2017-08-24,47.29,47.31,47.28,47.3,26.7573,313100,0,0
2017-08-25,47.3,47.36,47.3,47.32,26.7686,112000,0,0
2017-08-28,47.33,47.34,47.31,47.33,26.7743,202600,0,0
2017-08-29,47.33,47.35,47.32,47.34,26.7799,238800,0,0
2017-08-30,47.35,47.38,47.33,47.36,26.7913,232000,0,0
2017-08-31,47.4,47.4,47.33,47.4,26.8139,388500,0,0
2017-09-01,47.21,47.26,47.17,47.2,26.7912,231400,0.16,0
2017-09-05,47.22,47.25,47.2,47.23,26.8082,115800,0,0
2017-09-06,47.26,47.3,47.2,47.22,26.8025,203600,0,0
2017-09-07,47.25,47.28,47.19,47.22,26.8025,868300,0,0
2017-09-08,47.21,47.23,47.19,47.22,26.8025,1629100,0,0
2017-09-11,47.22,47.25,47.22,47.24,26.8139,1974800,0,0
2017-09-12,47.25,47.27,47.21,47.27,26.8309,279500,0,0
2017-09-13,47.27,47.27,47.24,47.26,26.8252,118900,0,0
2017-09-14,47.29,47.29,47.23,47.25,26.8196,271500,0,0
2017-09-15,47.26,47.3,47.26,47.29,26.8423,75400,0,0
2017-09-18,47.29,47.32,47.29,47.32,26.8593,140000,0,0
2017-09-19,47.33,47.33,47.29,47.32,26.8593,333600,0,0
2017-09-20,47.31,47.34,47.27,47.33,26.865,119500,0,0
2017-09-21,47.33,47.33,47.28,47.31,26.8536,181100,0,0
2017-09-22,47.3,47.34,47.29,47.34,26.8706,170000,0,0
2017-09-25,47.35,47.37,47.32,47.32,26.8593,165800,0,0
2017-09-26,47.35,47.39,47.35,47.39,26.899,151200,0,0
2017-09-27,47.44,47.44,47.35,47.39,26.899,170900,0,0
2017-09-28,47.4,47.4,47.39,47.39,26.899,223100,0,0
2017-09-29,47.38,47.43,47.38,47.42,26.9161,135800,0,0
2017-10-02,47.26,47.29,47.23,47.27,26.9217,1455400,0.16,0
2017-10-03,47.27,47.28,47.25,47.27,26.9217,170300,0,0
2017-10-04,47.28,47.3,47.26,47.29,26.9331,521300,0,0
2017-10-05,47.29,47.34,47.29,47.33,26.9559,144700,0,0
2017-10-06,47.32,47.36,47.32,47.35,26.9673,102100,0,0
2017-10-09,47.36,47.38,47.36,47.37,26.9787,103400,0,0
2017-10-10,47.38,47.4,47.35,47.35,26.9673,1019900,0,0
2017-10-11,47.39,47.39,47.36,47.39,26.9901,2123800,0,0
2017-10-12,47.39,47.4,47.38,47.39,26.9901,259400,0,0
2017-10-13,47.41,47.42,47.39,47.42,27.0072,125400,0,0
2017-10-16,47.42,47.44,47.41,47.42,27.0072,132400,0,0
2017-10-17,47.43,47.45,47.42,47.43,27.0129,767700,0,0
2017-10-18,47.46,47.48,47.44,47.48,27.0413,414400,0,0
2017-10-19,47.48,47.49,47.44,47.48,27.0413,231700,0,0
2017-10-20,47.51,47.52,47.49,47.51,27.0584,782200,0,0
2017-10-23,47.51,47.54,47.49,47.49,27.047,500300,0,0
2017-10-24,47.5,47.54,47.48,47.54,27.0755,262100,0,0
2017-10-25,47.53,47.54,47.52,47.54,27.0755,288900,0,0
2017-10-26,47.52,47.54,47.52,47.53,27.0698,583700,0,0
2017-10-27,47.54,47.54,47.51,47.53,27.0698,377300,0,0
2017-10-30,47.54,47.54,47.51,47.53,27.0698,235000,0,0
2017-10-31,47.53,47.55,47.49,47.53,27.0698,1276500,0,0
2017-11-01,47.38,47.56,47.35,47.37,27.0698,568000,0.16,0
2017-11-02,47.41,47.41,47.32,47.35,27.0584,340800,0,0
2017-11-03,47.36,47.36,47.33,47.36,27.0641,259700,0,0
2017-11-06,47.35,47.36,47.33,47.36,27.0641,378900,0,0
2017-11-07,47.35,47.36,47.33,47.35,27.0584,266200,0,0
2017-11-08,47.33,47.34,47.3,47.31,27.0355,183600,0,0
2017-11-09,47.3,47.31,47.25,47.28,27.0184,624200,0,0
2017-11-10,47.24,47.27,47.2,47.2,26.9727,199000,0,0
2017-11-13,47.23,47.28,47.23,47.27,27.0127,115200,0,0
2017-11-14,47.27,47.3,47.2,47.23,26.9898,125400,0,0
2017-11-15,47.2,47.23,47.17,47.18,26.9612,146400,0,0
2017-11-16,47.21,47.23,47.18,47.23,26.9898,106800,0,0
2017-11-17,47.24,47.25,47.21,47.25,27.0013,131500,0,0
2017-11-20,47.27,47.28,47.25,47.28,27.0184,122700,0,0
2017-11-21,47.26,47.29,47.25,47.25,27.0013,128500,0,0
2017-11-22,47.26,47.31,47.26,47.31,27.0355,118200,0,0
2017-11-24,47.33,47.35,47.33,47.34,27.0527,71800,0,0
2017-11-27,47.35,47.36,47.33,47.35,27.0584,340800,0,0
2017-11-28,47.3,47.36,47.3,47.35,27.0584,134000,0,0
2017-11-29,47.32,47.36,47.32,47.36,27.0641,158900,0,0
2017-11-30,47.37,47.39,47.33,47.36,27.0641,179200,0,0
2017-12-01,47.22,47.25,47.19,47.21,27.0698,377700,0.16,0
2017-12-04,47.26,47.28,47.22,47.25,27.0928,128500,0,0
2017-12-05,47.23,47.28,47.21,47.21,27.0698,239700,0,0
2017-12-06,47.27,47.29,47.26,47.27,27.1043,140000,0,0
2017-12-07,47.29,47.3,47.25,47.29,27.1157,148900,0,0
2017-12-08,47.28,47.31,47.28,47.3,27.1214,219800,0,0
2017-12-11,47.3,47.33,47.22,47.24,27.087,459100,0,0
2017-12-12,47.27,47.31,47.26,47.28,27.11,160500,0,0
2017-12-13,47.25,47.28,47.21,47.22,27.0756,654400,0,0
2017-12-14,47.21,47.29,47.2,47.2,27.0641,293300,0,0
2017-12-15,47.24,47.27,47.17,47.24,27.087,260500,0,0
2017-12-18,47.27,47.29,47.25,47.26,27.0985,235000,0,0
2017-12-19,47.13,47.14,47.08,47.1,27.0985,474800,0.16,0
2017-12-20,47.1,47.16,47.1,47.16,27.133,551300,0,0
2017-12-21,47.14,47.16,47.1,47.14,27.1215,284200,0,0
2017-12-22,47.15,47.17,47.12,47.17,27.1388,213700,0,0
2017-12-26,47.13,47.19,47.13,47.19,27.1503,151500,0,0
2017-12-27,47.18,47.19,47.14,47.17,27.1388,186900,0,0
2017-12-28,47.18,47.18,47.14,47.15,27.1273,233400,0,0
2017-12-29,47.2,47.22,47.16,47.18,27.1445,204100,0,0
2018-01-02,47.19,47.26,47.19,47.26,27.1906,139500,0,0
2018-01-03,47.27,47.3,47.25,47.3,27.2136,673100,0,0
2018-01-04,47.31,47.32,47.28,47.3,27.2136,371500,0,0
2018-01-05,47.34,47.36,47.28,47.35,27.2423,194500,0,0
2018-01-08,47.38,47.39,47.35,47.38,27.2596,238300,0,0
2018-01-09,47.4,47.4,47.3,47.31,27.2193,1904600,0,0
2018-01-10,47.34,47.35,47.29,47.35,27.2423,442500,0,0
2018-01-11,47.36,47.36,47.3,47.31,27.2193,1042600,0,0
2018-01-12,47.28,47.36,47.28,47.34,27.2366,524400,0,0
2018-01-16,47.33,47.37,47.31,47.36,27.2481,519400,0,0
2018-01-17,47.36,47.44,47.31,47.4,27.2711,1257000,0,0
2018-01-18,47.43,47.44,47.38,47.44,27.2941,327300,0,0
2018-01-19,47.44,47.49,47.41,47.48,27.3171,435400,0,0
2018-01-22,47.43,47.52,47.37,47.5,27.3286,313800,0,0
2018-01-23,47.5,47.54,47.49,47.54,27.3517,481100,0,0
2018-01-24,47.5,47.56,47.5,47.55,27.3574,378600,0,0
2018-01-25,47.56,47.58,47.53,47.58,27.3747,288700,0,0
2018-01-26,47.55,47.59,47.55,47.59,27.3804,298900,0,0
2018-01-29,47.59,47.62,47.57,47.61,27.392,299500,0,0
2018-01-30,47.61,47.62,47.59,47.62,27.3977,461500,0,0
2018-01-31,47.65,47.69,47.62,47.65,27.415,281900,0,0
2018-02-01,47.48,47.51,47.41,47.5,27.4236,695900,0.165,0
2018-02-02,47.5,47.5,47.42,47.48,27.4121,250000,0,0
2018-02-05,47.48,47.52,47.41,47.52,27.4352,1895400,0,0
2018-02-06,47.41,47.51,47.35,47.51,27.4294,956100,0,0
2018-02-07,47.46,47.5,47.38,47.43,27.3832,549400,0,0
2018-02-08,47.47,47.47,47.35,47.36,27.3428,617400,0,0
2018-02-09,47.45,47.45,47.32,47.42,27.3774,494100,0,0
2018-02-12,47.35,47.42,47.32,47.37,27.3486,379600,0,0
2018-02-13,47.37,47.45,47.35,47.4,27.3659,291900,0,0
2018-02-14,47.32,47.4,47.23,47.39,27.3601,373100,0,0
2018-02-15,47.43,47.44,47.37,47.37,27.3486,312900,0,0
2018-02-16,47.39,47.45,47.39,47.45,27.3948,206600,0,0
2018-02-20,47.38,47.45,47.36,47.43,27.3832,2393400,0,0
2018-02-21,47.42,47.45,47.39,47.4,27.3659,664600,0,0
2018-02-22,47.43,47.46,47.42,47.44,27.389,464400,0,0
2018-02-23,47.43,47.45,47.42,47.45,27.3948,4265700,0,0
2018-02-26,47.51,47.51,47.44,47.46,27.4005,237900,0,0
2018-02-27,47.49,47.49,47.4,47.49,27.4178,1438000,0,0
2018-02-28,47.51,47.51,47.44,47.47,27.4063,262900,0,0
2018-03-01,47.34,47.37,47.25,47.31,27.4092,1330500,0.165,0
2018-03-02,47.31,47.31,47.24,47.31,27.4092,373400,0,0
2018-03-05,47.3,47.3,47.23,47.26,27.3802,1707800,0,0
2018-03-06,47.25,47.27,47.22,47.23,27.3628,462300,0,0
2018-03-07,47.25,47.26,47.22,47.23,27.3628,261000,0,0
2018-03-08,47.25,47.3,47.23,47.25,27.3744,440200,0,0
2018-03-09,47.28,47.32,47.27,47.29,27.3976,248400,0,0
2018-03-12,47.32,47.35,47.29,47.34,27.4266,1358200,0,0
2018-03-13,47.37,47.38,47.33,47.35,27.4324,677600,0,0
2018-03-14,47.37,47.44,47.33,47.35,27.4324,403300,0,0
2018-03-15,47.39,47.39,47.35,47.37,27.4439,586500,0,0
2018-03-16,47.38,47.44,47.36,47.4,27.4613,586600,0,0
2018-03-19,47.42,47.42,47.38,47.4,27.4613,334300,0,0
2018-03-20,47.4,47.4,47.37,47.37,27.4439,189100,0,0
2018-03-21,47.37,47.44,47.36,47.42,27.4729,492200,0,0
2018-03-22,47.41,47.44,47.38,47.38,27.4497,608700,0,0
2018-03-23,47.41,47.41,47.35,47.37,27.4439,979300,0,0
2018-03-26,47.4,47.42,47.36,47.38,27.4497,539900,0,0
2018-03-27,47.4,47.42,47.37,47.39,27.4555,233600,0,0
2018-03-28,47.4,47.4,47.37,47.4,27.4613,381600,0,0
2018-03-29,47.41,47.45,47.36,47.42,27.4729,719800,0,0
2018-04-02,47.29,47.3,47.24,47.27,27.4816,1759000,0.165,0
2018-04-03,47.3,47.32,47.26,47.3,27.4991,1688700,0,0
2018-04-04,47.25,47.3,47.25,47.29,27.4933,227000,0,0
2018-04-05,47.3,47.31,47.26,47.3,27.4991,200000,0,0
2018-04-06,47.29,47.3,47.25,47.28,27.4875,284100,0,0
2018-04-09,47.29,47.33,47.26,47.32,27.5107,268500,0,0
2018-04-10,47.32,47.34,47.28,47.3,27.4991,343000,0,0
2018-04-11,47.3,47.35,47.28,47.29,27.4933,325500,0,0
2018-04-12,47.33,47.4,47.29,47.32,27.5107,411700,0,0
2018-04-13,47.35,47.38,47.34,47.34,27.5223,2487300,0,0
2018-04-16,47.34,47.39,47.34,47.35,27.5281,340000,0,0
2018-04-17,47.38,47.43,47.35,47.42,27.5689,512200,0,0
2018-04-18,47.4,47.44,47.4,47.41,27.563,575000,0,0
2018-04-19,47.4,47.43,47.38,47.4,27.5572,181400,0,0
2018-04-20,47.39,47.42,47.38,47.41,27.563,185200,0,0
2018-04-23,47.43,47.44,47.4,47.44,27.5805,636600,0,0
2018-04-24,47.45,47.45,47.41,47.43,27.5747,296100,0,0
2018-04-25,47.4,47.42,47.39,47.42,27.5689,274200,0,0
2018-04-26,47.42,47.43,47.41,47.41,27.563,633000,0,0
2018-04-27,47.42,47.43,47.41,47.42,27.5689,212700,0,0
2018-04-30,47.44,47.45,47.43,47.44,27.5805,234800,0,0
2018-05-01,47.27,47.28,47.25,47.26,27.5776,1235400,0.175,0
2018-05-02,47.27,47.29,47.25,47.27,27.5834,933500,0,0
2018-05-03,47.26,47.26,47.24,47.26,27.5776,939400,0,0
2018-05-04,47.23,47.24,47.21,47.23,27.5601,1946800,0,0
2018-05-07,47.24,47.25,47.22,47.24,27.5659,371200,0,0
2018-05-08,47.24,47.24,47.22,47.24,27.5659,253900,0,0
2018-05-09,47.24,47.25,47.22,47.24,27.5659,761900,0,0
2018-05-10,47.22,47.26,47.22,47.24,27.5659,360300,0,0
2018-05-11,47.26,47.27,47.25,47.27,27.5834,225500,0,0
2018-05-14,47.28,47.29,47.26,47.28,27.5892,702300,0,0
2018-05-15,47.27,47.27,47.24,47.25,27.5717,626600,0,0
2018-05-16,47.26,47.28,47.24,47.27,27.5834,370100,0,0
2018-05-17,47.23,47.29,47.23,47.26,27.5776,703800,0,0
2018-05-18,47.29,47.29,47.26,47.29,27.5951,286400,0,0
2018-05-21,47.34,47.34,47.29,47.31,27.6067,308900,0,0
2018-05-22,47.31,47.31,47.29,47.31,27.6067,214100,0,0
2018-05-23,47.29,47.29,47.27,47.29,27.5951,831000,0,0
2018-05-24,47.3,47.3,47.26,47.27,27.5834,437400,0,0
2018-05-25,47.28,47.28,47.26,47.26,27.5776,273600,0,0
2018-05-29,47.25,47.28,47.25,47.28,27.5892,327600,0,0
2018-05-30,47.26,47.29,47.25,47.29,27.5951,179400,0,0
2018-05-31,47.27,47.28,47.24,47.27,27.5834,409300,0,0
2018-06-01,47.11,47.13,47.08,47.11,27.598,433400,0.185,0
2018-06-04,47.13,47.13,47.12,47.13,27.6098,229900,0,0
2018-06-05,47.14,47.16,47.13,47.16,27.6273,254100,0,0
2018-06-06,47.16,47.17,47.13,47.17,27.6332,996000,0,0
2018-06-07,47.18,47.19,47.16,47.19,27.6449,898500,0,0
2018-06-08,47.19,47.21,47.18,47.19,27.6449,1484400,0,0
2018-06-11,47.2,47.22,47.19,47.21,27.6566,784500,0,0
2018-06-12,47.22,47.27,47.19,47.21,27.6566,1080100,0,0
2018-06-13,47.22,47.22,47.19,47.2,27.6508,391900,0,0
2018-06-14,47.21,47.22,47.19,47.22,27.6625,905500,0,0
2018-06-15,47.18,47.21,47.18,47.2,27.6508,205000,0,0
2018-06-18,47.2,47.2,47.18,47.19,27.6449,530600,0,0
2018-06-19,47.2,47.2,47.15,47.17,27.6332,664100,0,0
2018-06-20,47.19,47.19,47.14,47.15,27.6215,564600,0,0
2018-06-21,47.17,47.17,47.14,47.16,27.6273,264600,0,0
2018-06-22,47.17,47.18,47.15,47.16,27.6273,350800,0,0
2018-06-25,47.19,47.19,47.14,47.14,27.6156,1547500,0,0
2018-06-26,47.16,47.17,47.15,47.17,27.6332,223900,0,0
2018-06-27,47.16,47.16,47.12,47.14,27.6156,395100,0,0
2018-06-28,47.12,47.12,47.06,47.09,27.5863,338500,0,0
2018-06-29,47.08,47.08,46.97,46.97,27.516,2894400,0,0
2018-07-02,46.84,46.84,46.74,46.79,27.5219,877700,0.19,0
2018-07-03,46.83,46.85,46.8,46.8,27.5278,295000,0,0
2018-07-05,46.85,46.89,46.81,46.89,27.5807,1018800,0,0
2018-07-06,46.91,46.96,46.9,46.96,27.6219,269400,0,0
2018-07-09,46.98,47,46.96,47,27.6454,361900,0,0
2018-07-10,47,47.03,46.99,47.02,27.6572,536000,0,0
2018-07-11,47.03,47.05,47.01,47.05,27.6748,308900,0,0
2018-07-12,47.07,47.07,47.03,47.07,27.6866,132900,0,0
2018-07-13,47.04,47.09,47.03,47.08,27.6925,502300,0,0
2018-07-16,47.08,47.09,47.06,47.09,27.6984,586100,0,0
2018-07-17,47.09,47.1,47.06,47.09,27.6984,526400,0,0
2018-07-18,47.09,47.1,47.06,47.09,27.6984,336400,0,0
2018-07-19,47.07,47.12,47.07,47.1,27.7042,403400,0,0
2018-07-20,47.11,47.14,47.11,47.14,27.7278,283000,0,0
2018-07-23,47.1,47.14,47.1,47.13,27.7219,164500,0,0
2018-07-24,47.12,47.15,47.12,47.15,27.7337,195700,0,0
2018-07-25,47.15,47.17,47.12,47.17,27.7454,451400,0,0
2018-07-26,47.17,47.18,47.16,47.18,27.7513,220000,0,0
2018-07-27,47.19,47.19,47.16,47.16,27.7395,282600,0,0
2018-07-30,47.18,47.21,47.17,47.21,27.7689,239000,0,0
2018-07-31,47.24,47.25,47.21,47.25,27.7925,208800,0,0
2018-08-01,47.04,47.07,47.03,47.06,27.7925,1300500,0.19,0
2018-08-02,47.03,47.06,47.02,47.03,27.7748,630900,0,0
2018-08-03,47.06,47.07,47.03,47.07,27.7984,548200,0,0
2018-08-06,47.04,47.1,47.04,47.07,27.7984,284100,0,0
2018-08-07,47.08,47.09,47.03,47.05,27.7866,476300,0,0
2018-08-08,47.08,47.09,47.06,47.09,27.8102,252200,0,0
2018-08-09,47.1,47.11,47.05,47.05,27.7866,301900,0,0
2018-08-10,47.08,47.1,47.07,47.1,27.8161,122100,0,0
2018-08-13,47.11,47.13,47.09,47.13,27.8338,325000,0,0
2018-08-14,47.14,47.17,47.1,47.16,27.8515,172800,0,0
2018-08-15,47.12,47.16,47.12,47.15,27.8456,134900,0,0
2018-08-16,47.16,47.18,47.13,47.16,27.8515,908800,0,0
2018-08-17,47.13,47.17,47.13,47.17,27.8575,159100,0,0
2018-08-20,47.18,47.19,47.14,47.19,27.8693,329000,0,0
2018-08-21,47.17,47.2,47.16,47.18,27.8634,185300,0,0
2018-08-22,47.18,47.19,47.18,47.19,27.8693,162800,0,0
2018-08-23,47.17,47.2,47.17,47.17,27.8575,412300,0,0
2018-08-24,47.2,47.22,47.18,47.21,27.8811,160300,0,0
2018-08-27,47.21,47.24,47.21,47.24,27.8988,189800,0,0
2018-08-28,47.24,47.25,47.21,47.24,27.8988,215100,0,0
2018-08-29,47.25,47.26,47.23,47.24,27.8988,317700,0,0
2018-08-30,47.25,47.28,47.25,47.25,27.9047,227000,0,0
2018-08-31,47.25,47.27,47.23,47.26,27.9106,234700,0,0
2018-09-04,47.06,47.07,47.04,47.07,27.9106,446700,0.19,0
2018-09-05,47.11,47.11,47.07,47.09,27.9224,355300,0,0
2018-09-06,47.1,47.11,47.07,47.08,27.9165,476500,0,0
2018-09-07,47.1,47.1,47.07,47.07,27.9106,259100,0,0
2018-09-10,47.15,47.15,47.09,47.11,27.9343,322400,0,0
2018-09-11,47.14,47.17,47.12,47.17,27.9699,705800,0,0
2018-09-12,47.16,47.17,47.14,47.17,27.9699,562300,0,0
2018-09-13,47.18,47.2,47.15,47.17,27.9699,341700,0,0
2018-09-14,47.19,47.2,47.16,47.18,27.9758,1051800,0,0
2018-09-17,47.2,47.22,47.19,47.22,27.9995,1093700,0,0
2018-09-18,47.22,47.25,47.21,47.23,28.0055,406300,0,0
2018-09-19,47.24,47.25,47.22,47.22,27.9995,547500,0,0
2018-09-20,47.25,47.27,47.24,47.27,28.0292,359900,0,0
2018-09-21,47.28,47.29,47.25,47.28,28.0351,837200,0,0
2018-09-24,47.26,47.3,47.26,47.3,28.047,347300,0,0
2018-09-25,47.3,47.32,47.29,47.32,28.0588,257500,0,0
2018-09-26,47.33,47.35,47.32,47.35,28.0766,344400,0,0
2018-09-27,47.36,47.37,47.34,47.36,28.0826,147200,0,0
2018-09-28,47.34,47.39,47.34,47.35,28.0766,884900,0,0
2018-10-01,47.2,47.22,47.19,47.21,28.1064,999600,0.19,0
2018-10-02,47.19,47.21,47.18,47.21,28.1064,897200,0,0
2018-10-03,47.21,47.22,47.19,47.2,28.1004,503700,0,0
2018-10-04,47.2,47.2,47.17,47.17,28.0826,694700,0,0
2018-10-05,47.21,47.22,47.18,47.21,28.1064,713400,0,0
2018-10-08,47.21,47.22,47.18,47.22,28.1123,574400,0,0
2018-10-09,47.21,47.21,47.17,47.19,28.0945,227100,0,0
2018-10-10,47.23,47.23,47.21,47.22,28.1123,436200,0,0
2018-10-11,47.24,47.24,47,47.19,28.0945,1152100,0,0
2018-10-12,47.24,47.24,47.17,47.2,28.1004,411800,0,0
2018-10-15,47.2,47.22,47.19,47.22,28.1123,590300,0,0
2018-10-16,47.23,47.24,47.19,47.23,28.1183,644600,0,0
2018-10-17,47.22,47.24,47.19,47.21,28.1064,343600,0,0
2018-10-18,47.2,47.24,47.18,47.18,28.0885,353700,0,0
2018-10-19,47.23,47.25,47.17,47.17,28.0826,2204300,0,0
2018-10-22,47.23,47.24,47.19,47.19,28.0945,427100,0,0
2018-10-23,47.18,47.21,47.18,47.18,28.0885,566700,0,0
2018-10-24,47.18,47.19,47.12,47.12,28.0528,1196000,0,0
2018-10-25,47.15,47.15,47.08,47.09,28.0349,2271000,0,0
2018-10-26,47.1,47.1,47.03,47.04,28.0052,1084200,0,0
2018-10-29,47.06,47.09,47.03,47.04,28.0052,1658100,0,0
2018-10-30,47.04,47.05,47.01,47.04,28.0052,763000,0,0
2018-10-31,47.02,47.04,47,47.02,27.9933,433300,0,0
2018-11-01,46.83,46.86,46.8,46.86,28.0172,2467700,0.2,0
2018-11-02,46.85,46.88,46.84,46.85,28.0112,695900,0,0
2018-11-05,46.88,46.94,46.87,46.94,28.065,879900,0,0
2018-11-06,46.91,46.92,46.9,46.91,28.0471,487000,0,0
2018-11-07,46.92,46.97,46.92,46.97,28.083,566600,0,0
2018-11-08,46.92,46.95,46.92,46.93,28.059,636700,0,0
2018-11-09,46.92,46.95,46.91,46.92,28.0531,364300,0,0
2018-11-12,46.93,46.95,46.91,46.92,28.0531,221400,0,0
2018-11-13,46.9,46.91,46.88,46.9,28.0411,689100,0,0
2018-11-14,46.91,46.92,46.86,46.88,28.0291,546400,0,0
2018-11-15,46.89,46.89,46.78,46.81,27.9873,867000,0,0
2018-11-16,46.77,46.78,46.67,46.7,27.9215,1339300,0,0
2018-11-19,46.6,46.68,46.58,46.59,27.8558,2196600,0,0
2018-11-20,46.57,46.59,46.53,46.55,27.8318,945100,0,0
2018-11-21,46.53,46.56,46.42,46.45,27.7721,1589400,0,0
2018-11-23,46.45,46.55,46.44,46.55,27.8318,649500,0,0
2018-11-26,46.47,46.54,46.47,46.54,27.8258,1035300,0,0
2018-11-27,46.51,46.51,46.43,46.45,27.7721,331200,0,0
2018-11-28,46.45,46.48,46.35,46.45,27.7721,1342900,0,0
2018-11-29,46.4,46.43,46.34,46.41,27.7481,1024800,0,0
2018-11-30,46.39,46.45,46.38,46.44,27.7661,1149500,0,0
2018-12-03,46.24,46.3,46.19,46.3,27.8021,1169000,0.2,0
2018-12-04,46.28,46.37,46.2,46.24,27.7661,1441800,0,0
2018-12-06,46.16,46.2,45.99,46.19,27.7361,3111700,0,0
2018-12-07,46.15,46.15,45.88,45.9,27.5619,3089900,0,0
2018-12-10,45.88,45.95,45.81,45.87,27.5439,987400,0,0
2018-12-11,45.81,45.81,45.7,45.73,27.4598,924700,0,0
2018-12-12,45.68,45.72,45.59,45.63,27.3998,1657900,0,0
2018-12-13,45.61,45.65,45.57,45.65,27.4118,751800,0,0
2018-12-14,45.66,45.66,45.54,45.57,27.3638,1445700,0,0
2018-12-17,45.6,45.64,45.46,45.47,27.3037,1445000,0,0
2018-12-18,45.45,45.47,45.34,45.38,27.2497,1084700,0,0
2018-12-19,45.17,45.21,44.85,44.94,27.1109,966400,0.21,0
2018-12-20,45,45.01,44.71,44.75,26.9963,4247900,0,0
2018-12-21,44.72,44.93,44.37,44.56,26.8817,5028100,0,0
2018-12-24,44.56,44.63,44.4,44.46,26.8213,2863800,0,0
2018-12-26,44.45,45.92,44.45,44.8,27.0264,5154300,0,0
2018-12-27,44.72,44.82,44.62,44.78,27.0144,807200,0,0
2018-12-28,44.78,44.92,44.67,44.75,26.9963,915700,0,0
2018-12-31,44.73,44.74,44.59,44.7,26.9661,1270600,0,0
2019-01-02,44.62,44.75,44.56,44.73,26.9842,1094400,0,0
2019-01-03,44.69,45.01,44.69,44.95,27.1169,1138700,0,0
2019-01-04,44.88,45.9,44.88,45.4,27.3884,5663500,0,0
2019-01-07,45.51,45.76,45.45,45.74,27.5935,766800,0,0
2019-01-08,45.91,46.15,45.91,46.05,27.7805,607700,0,0
2019-01-09,46.14,46.17,45.99,46.03,27.7685,1126500,0,0
2019-01-10,46.04,46.04,45.82,45.84,27.6539,1570600,0,0
2019-01-11,45.83,45.9,45.69,45.89,27.684,622100,0,0
2019-01-14,45.93,45.93,45.75,45.8,27.6297,408900,0,0
2019-01-15,45.78,45.82,45.67,45.71,27.5754,682700,0,0
2019-01-16,45.64,45.76,45.61,45.63,27.5272,812500,0,0
2019-01-17,45.68,45.78,45.68,45.75,27.5996,520000,0,0
2019-01-18,45.76,45.86,45.71,45.85,27.6599,795300,0,0
2019-01-22,45.85,45.91,45.77,45.78,27.6177,768600,0,0
2019-01-23,45.85,45.88,45.77,45.83,27.6478,298300,0,0
2019-01-24,45.81,45.89,45.81,45.84,27.6539,820000,0,0
2019-01-25,45.89,45.89,45.84,45.87,27.6719,319000,0,0
2019-01-28,45.89,45.89,45.81,45.81,27.6358,554200,0,0
2019-01-29,45.87,45.89,45.79,45.79,27.6237,169200,0,0
2019-01-30,45.86,45.94,45.82,45.94,27.7142,274800,0,0
2019-01-31,45.9,45.94,45.79,45.81,27.6358,802300,0,0
2019-02-01,45.62,45.66,45.52,45.62,27.6539,294000,0.22,0
2019-02-04,45.6,45.69,45.6,45.68,27.6903,464300,0,0
2019-02-05,45.65,45.78,45.65,45.74,27.7267,354900,0,0
2019-02-06,45.74,45.85,45.72,45.85,27.7934,1678100,0,0
2019-02-07,45.8,45.88,45.74,45.76,27.7388,816800,0,0
2019-02-08,45.85,45.86,45.79,45.8,27.7631,514500,0,0
2019-02-11,45.8,45.86,45.75,45.76,27.7388,316600,0,0
2019-02-12,45.83,45.9,45.72,45.81,27.7691,2267900,0,0
2019-02-13,45.85,45.89,45.79,45.79,27.757,854600,0,0
2019-02-14,45.84,45.86,45.79,45.81,27.7691,1114300,0,0
2019-02-15,45.87,46,45.86,45.97,27.8661,1440200,0,0
2019-02-19,46.03,46.1,45.97,46.08,27.9328,423400,0,0
2019-02-20,46.11,46.17,46.1,46.14,27.9691,344200,0,0
2019-02-21,46.19,46.2,46.15,46.18,27.9934,830000,0,0
2019-02-22,46.27,46.41,46.22,46.37,28.1086,1709400,0,0
2019-02-25,46.44,46.47,46.41,46.46,28.1631,1235000,0,0
2019-02-26,46.48,46.57,46.47,46.55,28.2177,478900,0,0
2019-02-27,46.56,46.63,46.51,46.62,28.2601,412800,0,0
2019-02-28,46.6,46.64,46.57,46.59,28.2419,317000,0,0
2019-03-01,46.42,46.43,46.36,46.4,28.2602,668800,0.22,0
2019-03-04,46.39,46.39,46.34,46.37,28.2419,1065000,0,0
2019-03-05,46.36,46.38,46.33,46.35,28.2298,373900,0,0
2019-03-06,46.36,46.36,46.25,46.27,28.181,297800,0,0
2019-03-07,46.29,46.29,46.17,46.18,28.1262,1167300,0,0
2019-03-08,46.14,46.14,45.98,46.05,28.047,1004600,0,0
2019-03-11,46.06,46.08,46.03,46.06,28.0531,732200,0,0
2019-03-12,46.05,46.12,46.05,46.11,28.0836,338000,0,0
2019-03-13,46.11,46.25,46.06,46.22,28.1506,1033900,0,0
2019-03-14,46.24,46.24,46.16,46.2,28.1384,166600,0,0
2019-03-15,46.19,46.24,46.16,46.18,28.1262,494100,0,0
2019-03-18,46.2,46.23,46.19,46.19,28.1323,307200,0,0
2019-03-19,46.23,46.25,46.19,46.19,28.1323,322300,0,0
2019-03-20,46.19,46.23,46.18,46.22,28.1506,338000,0,0
2019-03-21,46.25,46.25,46.12,46.14,28.1018,997800,0,0
2019-03-22,46.1,46.19,45.95,45.96,27.9922,1200700,0,0
2019-03-25,45.91,46,45.88,45.98,28.0044,615800,0,0
2019-03-26,45.94,45.95,45.87,45.91,27.9618,1800000,0,0
2019-03-27,45.94,46,45.88,45.9,27.9557,1829800,0,0
2019-03-28,45.89,45.93,45.87,45.87,27.9374,1903200,0,0
2019-03-29,45.93,46.07,45.89,46.05,28.047,1249200,0,0
2019-04-01,45.9,46.01,45.76,45.99,28.145,523500,0.22,0
2019-04-02,46.02,46.07,46,46.03,28.1694,327500,0,0
2019-04-03,46.09,46.13,46.04,46.06,28.1878,494100,0,0
2019-04-04,46.11,46.18,46.11,46.17,28.2551,231300,0,0
2019-04-05,46.23,46.27,46.19,46.25,28.3041,315900,0,0
2019-04-08,46.29,46.34,46.29,46.31,28.3408,220800,0,0
2019-04-09,46.32,46.37,46.3,46.31,28.3408,125200,0,0
2019-04-10,46.34,46.4,46.32,46.4,28.3959,325800,0,0
2019-04-11,46.38,46.43,46.38,46.43,28.4142,446200,0,0
2019-04-12,46.44,46.48,46.43,46.47,28.4387,454400,0,0
2019-04-15,46.48,46.53,46.46,46.52,28.4693,495500,0,0
2019-04-16,46.51,46.55,46.49,46.49,28.4509,522600,0,0
2019-04-17,46.54,46.57,46.49,46.56,28.4938,514900,0,0
2019-04-18,46.54,46.61,46.54,46.6,28.5183,311100,0,0
2019-04-22,46.6,46.65,46.59,46.64,28.5428,588000,0,0
2019-04-23,46.65,46.7,46.63,46.7,28.5795,717500,0,0
2019-04-24,46.72,46.74,46.65,46.66,28.555,602200,0,0
2019-04-25,46.65,46.71,46.65,46.7,28.5795,176100,0,0
2019-04-26,46.76,46.76,46.7,46.75,28.6101,214400,0,0
2019-04-29,46.72,46.81,46.72,46.72,28.5917,651000,0,0
2019-04-30,46.8,46.86,46.79,46.85,28.6713,455600,0,0
2019-05-01,46.64,46.67,46.62,46.66,28.6897,900100,0.22,0
2019-05-02,46.67,46.67,46.61,46.66,28.6897,781500,0,0
2019-05-03,46.68,46.7,46.66,46.7,28.7143,1192800,0,0
2019-05-06,46.66,46.69,46.64,46.65,28.6835,560500,0,0
2019-05-07,46.65,46.66,46.51,46.56,28.6282,444300,0,0
2019-05-08,46.59,46.59,46.51,46.52,28.6036,583000,0,0
2019-05-09,46.5,46.5,46.35,46.42,28.5421,483200,0,0
2019-05-10,46.37,46.51,46.31,46.48,28.579,286200,0,0
2019-05-13,46.35,46.37,46.22,46.31,28.4745,622100,0,0
2019-05-14,46.26,46.36,46.26,46.33,28.4868,303300,0,0
2019-05-15,46.31,46.49,46.28,46.47,28.5729,364800,0,0
2019-05-16,46.42,46.53,46.42,46.52,28.6036,450100,0,0
2019-05-17,46.51,46.53,46.41,46.52,28.6036,238900,0,0
2019-05-20,46.5,46.51,46.4,46.46,28.5667,598400,0,0
2019-05-21,46.42,46.57,46.42,46.57,28.6344,221600,0,0
2019-05-22,46.54,46.56,46.48,46.54,28.6159,418600,0,0
2019-05-23,46.48,46.48,46.39,46.46,28.5667,263500,0,0
2019-05-24,46.43,46.44,46.4,46.42,28.5421,281700,0,0
2019-05-28,46.42,46.5,46.4,46.43,28.5483,680000,0,0
2019-05-29,46.37,46.4,46.31,46.35,28.4991,1577700,0,0
2019-05-30,46.34,46.34,46.26,46.32,28.4806,162700,0,0
2019-05-31,46.23,46.31,46.16,46.16,28.3823,1925100,0,0
2019-06-03,45.98,45.99,45.91,45.95,28.3884,376600,0.22,0
2019-06-04,46,46.06,45.91,46.06,28.4564,188400,0,0
2019-06-05,46.05,46.09,45.95,45.99,28.4132,719000,0,0
2019-06-06,46.05,46.05,46,46.03,28.4379,166600,0,0
2019-06-07,46.06,46.14,46.05,46.11,28.4873,442200,0,0
2019-06-10,46.14,46.14,46.03,46.11,28.4873,277500,0,0
2019-06-11,46.13,46.18,46.13,46.16,28.5182,835100,0,0
2019-06-12,46.17,46.22,46.14,46.15,28.512,213600,0,0
2019-06-13,46.19,46.23,46.16,46.2,28.5429,464700,0,0
2019-06-14,46.17,46.18,46.14,46.18,28.5305,129000,0,0
2019-06-17,46.19,46.21,46.14,46.14,28.5058,108100,0,0
2019-06-18,46.2,46.28,46.12,46.15,28.512,1034500,0,0
2019-06-19,46.14,46.2,46.13,46.18,28.5305,545300,0,0
2019-06-20,46.16,46.21,46.16,46.2,28.5429,197500,0,0
2019-06-21,46.18,46.21,46.16,46.17,28.5244,898600,0,0
2019-06-24,46.24,46.24,46.18,46.19,28.5367,468800,0,0
2019-06-25,46.22,46.22,46.12,46.15,28.512,254500,0,0
2019-06-26,46.18,46.18,46.08,46.17,28.5244,644600,0,0
2019-06-27,46.21,46.26,46.18,46.26,28.58,405600,0,0
2019-06-28,46.21,46.27,46.2,46.22,28.5553,729700,0,0
2019-07-01,46.26,46.26,46.08,46.12,28.6298,720300,0.22,0
2019-07-02,46.13,46.13,46.05,46.11,28.6235,363600,0,0
2019-07-03,46.13,46.13,46.08,46.1,28.6173,242700,0,0
2019-07-05,46.11,46.12,46.09,46.11,28.6235,213800,0,0
2019-07-08,46.08,46.13,46.08,46.13,28.6359,116700,0,0
2019-07-09,46.11,46.16,46.07,46.08,28.6049,282300,0,0
2019-07-10,46.14,46.18,46.06,46.12,28.6298,256400,0,0
2019-07-11,46.08,46.16,46.08,46.16,28.6546,216900,0,0
2019-07-12,46.13,46.16,46.11,46.16,28.6546,450600,0,0
2019-07-15,46.19,46.23,46.17,46.23,28.698,173600,0,0
2019-07-16,46.26,46.26,46.17,46.18,28.667,513300,0,0
2019-07-17,46.22,46.29,46.22,46.29,28.7353,330600,0,0
2019-07-18,46.25,46.29,46.25,46.28,28.7291,226000,0,0
2019-07-19,46.26,46.29,46.21,46.23,28.698,172000,0,0
2019-07-22,46.22,46.27,46.22,46.25,28.7105,186500,0,0
2019-07-23,46.29,46.29,46.22,46.23,28.698,334200,0,0
2019-07-24,46.25,46.27,46.24,46.24,28.7042,535300,0,0
2019-07-25,46.24,46.28,46.24,46.25,28.7105,288400,0,0
2019-07-26,46.28,46.36,46.28,46.36,28.7787,421800,0,0
2019-07-29,46.38,46.46,46.36,46.46,28.8408,347900,0,0
2019-07-30,46.42,46.49,46.42,46.49,28.8594,617600,0,0
2019-07-31,46.5,46.51,46.43,46.47,28.847,189300,0,0
2019-08-01,46.25,46.32,46.24,46.31,28.8844,704600,0.22,0
2019-08-02,46.31,46.31,46.11,46.2,28.8158,8374600,0,0
2019-08-05,46.15,46.16,45.99,46.06,28.7285,550800,0,0
2019-08-06,46.03,46.11,46.01,46.03,28.7098,479200,0,0
2019-08-07,46.02,46.09,45.97,45.99,28.6848,837200,0,0
2019-08-08,45.97,46.02,45.96,46.02,28.7036,293000,0,0
2019-08-09,45.98,46,45.9,45.92,28.6412,765300,0,0
2019-08-12,45.9,45.91,45.85,45.85,28.5975,494700,0,0
2019-08-13,45.88,45.89,45.84,45.87,28.61,658900,0,0
2019-08-14,45.87,45.87,45.8,45.81,28.5726,352800,0,0
2019-08-15,45.78,45.78,45.74,45.75,28.5352,220700,0,0
2019-08-16,45.76,45.8,45.71,45.76,28.5414,191200,0,0
2019-08-19,45.82,45.88,45.79,45.84,28.5913,267200,0,0
2019-08-20,45.86,45.89,45.84,45.85,28.5975,909700,0,0
2019-08-21,45.86,45.93,45.86,45.91,28.6349,435800,0,0
2019-08-22,45.92,45.95,45.9,45.93,28.6474,286500,0,0
2019-08-23,45.95,45.96,45.81,45.84,28.5913,605800,0,0
2019-08-26,45.9,45.95,45.85,45.95,28.6599,279600,0,0
2019-08-27,45.97,45.97,45.91,45.97,28.6724,388700,0,0
2019-08-28,45.99,46,45.95,45.97,28.6724,206900,0,0
2019-08-29,45.96,46.03,45.96,46.02,28.7036,471500,0,0
2019-08-30,46.05,46.05,45.96,45.97,28.6724,140500,0,0
2019-09-03,45.82,45.82,45.6,45.71,28.6473,527300,0.22,0
2019-09-04,45.8,45.91,45.76,45.83,28.7225,132200,0,0
2019-09-05,45.84,45.92,45.83,45.89,28.7601,451900,0,0
2019-09-06,45.93,45.96,45.89,45.94,28.7915,150100,0,0
2019-09-09,45.98,46.08,45.97,46.05,28.8604,278400,0,0
2019-09-10,46.09,46.13,46.07,46.13,28.9105,180900,0,0
2019-09-11,46.17,46.23,46.13,46.22,28.9669,1082800,0,0
2019-09-12,46.19,46.32,46.16,46.28,29.0045,293700,0,0
2019-09-13,46.3,46.35,46.26,46.3,29.0171,766200,0,0
2019-09-16,46.31,46.34,46.26,46.31,29.0233,757700,0,0
2019-09-17,46.32,46.36,46.32,46.35,29.0484,136500,0,0
2019-09-18,46.32,46.37,46.26,46.35,29.0484,249500,0,0
2019-09-19,46.32,46.35,46.31,46.32,29.0296,387500,0,0
2019-09-20,46.31,46.37,46.28,46.37,29.0609,224800,0,0
2019-09-23,46.37,46.39,46.3,46.36,29.0547,429900,0,0
2019-09-24,46.38,46.38,46.32,46.33,29.0359,130000,0,0
2019-09-25,46.34,46.36,46.31,46.35,29.0484,105700,0,0
2019-09-26,46.34,46.38,46.27,46.33,29.0359,195800,0,0
2019-09-27,46.31,46.35,46.25,46.31,29.0233,173400,0,0
2019-09-30,46.31,46.32,46.29,46.32,29.0296,140600,0,0
2019-10-01,46.12,46.13,46.06,46.06,29.0044,357300,0.22,0
2019-10-02,45.98,46.05,45.9,45.94,28.9289,482400,0,0
2019-10-03,45.9,45.92,45.86,45.92,28.9163,399900,0,0
2019-10-04,45.89,45.95,45.87,45.92,28.9163,419600,0,0
2019-10-07,45.85,45.88,45.8,45.86,28.8785,347900,0,0
2019-10-08,45.83,45.84,45.75,45.81,28.847,268800,0,0
2019-10-09,45.78,45.83,45.73,45.73,28.7966,140700,0,0
2019-10-10,45.71,45.72,45.6,45.64,28.7399,666800,0,0
2019-10-11,45.66,45.73,45.62,45.72,28.7903,1661700,0,0
2019-10-14,45.7,45.76,45.68,45.72,28.7903,292100,0,0
2019-10-15,45.72,45.79,45.72,45.78,28.8281,234900,0,0
2019-10-16,45.8,45.82,45.64,45.69,28.7714,477400,0,0
2019-10-17,45.76,45.84,45.72,45.8,28.8407,264600,0,0
2019-10-18,45.82,45.89,45.81,45.85,28.8722,347600,0,0
2019-10-21,45.91,45.95,45.9,45.92,28.9163,210900,0,0
2019-10-22,45.97,45.98,45.94,45.97,28.9477,279300,0,0
2019-10-23,45.97,45.98,45.94,45.95,28.9352,230200,0,0
2019-10-24,45.97,46.02,45.96,45.96,28.9414,201800,0,0
2019-10-25,45.95,46,45.95,46,28.9666,169100,0,0
2019-10-28,46.02,46.03,45.96,45.97,28.9477,163600,0,0
2019-10-29,45.97,46.02,45.93,45.95,28.9352,273100,0,0
2019-10-30,45.95,45.95,45.85,45.95,28.9352,302500,0,0
2019-10-31,45.92,45.96,45.82,45.87,28.8848,243200,0,0
2019-11-01,45.72,45.83,45.72,45.82,28.9733,1102400,0.19,0
2019-11-04,45.81,45.88,45.81,45.82,28.9733,440100,0,0
2019-11-05,45.86,45.87,45.81,45.84,28.9859,533700,0,0
2019-11-06,45.85,45.85,45.79,45.79,28.9543,764800,0,0
2019-11-07,45.82,45.85,45.79,45.84,28.9859,2722700,0,0
2019-11-08,45.85,45.93,45.81,45.9,29.0239,337600,0,0
2019-11-11,45.93,45.95,45.88,45.89,29.0176,508400,0,0
2019-11-12,45.9,45.94,45.89,45.93,29.0429,256600,0,0
2019-11-13,45.95,45.96,45.91,45.95,29.0555,847400,0,0
2019-11-14,45.95,45.96,45.93,45.95,29.0555,364100,0,0
2019-11-15,45.98,45.99,45.95,45.98,29.0745,277900,0,0
2019-11-18,45.95,46,45.95,45.99,29.0808,227000,0,0
2019-11-19,46,46,45.96,45.98,29.0745,223000,0,0
2019-11-20,46,46,45.94,45.97,29.0681,216900,0,0
2019-11-21,45.99,45.99,45.93,45.99,29.0808,145200,0,0
2019-11-22,45.95,46.09,45.94,46.08,29.1377,299000,0,0
2019-11-25,46.05,46.13,46.02,46.13,29.1693,165700,0,0
2019-11-26,46.14,46.16,46.12,46.16,29.1883,563800,0,0
2019-11-27,46.15,46.2,46.14,46.18,29.2009,623200,0,0
2019-11-29,46.18,46.23,46.17,46.23,29.2326,323700,0,0
2019-12-02,46.04,46.04,45.98,46.01,29.2008,530600,0.17,0
2019-12-03,46,46,45.89,45.97,29.1754,764200,0,0
2019-12-04,46,46.09,46,46.09,29.2516,539500,0,0
2019-12-05,46.12,46.18,46.09,46.17,29.3024,432800,0,0
2019-12-06,46.2,46.32,46.17,46.29,29.3785,702200,0,0
2019-12-09,46.21,46.31,46.21,46.28,29.3722,361000,0,0
2019-12-10,46.29,46.32,46.25,46.32,29.3976,506100,0,0
2019-12-11,46.36,46.37,46.33,46.34,29.4103,264100,0,0
2019-12-12,46.34,46.44,46.34,46.43,29.4674,1133100,0,0
2019-12-13,46.45,46.5,46.44,46.5,29.5118,304000,0,0
2019-12-16,46.51,46.56,46.48,46.54,29.5372,203000,0,0
2019-12-17,46.59,46.59,46.54,46.55,29.5435,275400,0,0
2019-12-18,46.56,46.66,46.53,46.62,29.588,601500,0,0
2019-12-19,46.62,46.72,46.62,46.71,29.6451,557700,0,0
2019-12-20,46.54,46.65,46.54,46.56,29.6578,976700,0.17,0
2019-12-23,46.6,46.6,46.56,46.57,29.6642,135900,0,0
2019-12-24,46.61,46.61,46.57,46.57,29.6642,278700,0,0
2019-12-26,46.58,46.63,46.56,46.6,29.6833,271100,0,0
2019-12-27,46.61,46.63,46.54,46.55,29.6514,617300,0,0
2019-12-30,46.58,46.61,46.46,46.55,29.6514,695700,0,0
2019-12-31,46.57,46.59,46.49,46.58,29.6706,465700,0,0
2020-01-02,46.6,46.68,46.58,46.67,29.7279,358400,0,0
2020-01-03,46.61,46.67,46.6,46.64,29.7088,176700,0,0
2020-01-06,46.63,46.71,46.6,46.68,29.7343,668800,0,0
2020-01-07,46.68,46.7,46.65,46.69,29.7406,157700,0,0
2020-01-08,46.7,46.74,46.67,46.71,29.7534,499600,0,0
2020-01-09,46.74,46.79,46.72,46.79,29.8043,405500,0,0
2020-01-10,46.76,46.8,46.75,46.76,29.7852,340600,0,0
2020-01-13,46.76,46.8,46.73,46.77,29.7916,342600,0,0
2020-01-14,46.76,46.76,46.72,46.75,29.7788,682100,0,0
2020-01-15,46.74,46.79,46.73,46.76,29.7852,231500,0,0
2020-01-16,46.79,46.8,46.71,46.73,29.7661,797700,0,0
2020-01-17,46.73,46.8,46.73,46.75,29.7788,898200,0,0
2020-01-21,46.75,46.81,46.75,46.76,29.7852,483800,0,0
2020-01-22,46.77,46.85,46.75,46.75,29.7788,292200,0,0
2020-01-23,46.76,46.83,46.74,46.8,29.8107,695900,0,0
2020-01-24,46.79,46.82,46.68,46.7,29.747,384200,0,0
2020-01-27,46.65,46.65,46.57,46.61,29.6897,531400,0,0
2020-01-28,46.68,46.68,46.57,46.57,29.6642,372900,0,0
2020-01-29,46.62,46.66,46.57,46.57,29.6642,197800,0,0
2020-01-30,46.62,46.71,46.56,46.64,29.7088,344500,0,0
2020-01-31,46.6,46.63,46.49,46.5,29.6196,365100,0,0
2020-02-03,46.36,46.4,46.26,46.31,29.626,441500,0.2,0
2020-02-04,46.38,46.42,46.33,46.39,29.6772,427500,0,0
2020-02-05,46.39,46.43,46.36,46.36,29.658,194800,0,0
2020-02-06,46.38,46.42,46.34,46.36,29.658,329400,0,0
2020-02-07,46.38,46.4,46.34,46.37,29.6644,308800,0,0
2020-02-10,46.37,46.43,46.37,46.37,29.6644,252900,0,0
2020-02-11,46.4,46.44,46.38,46.39,29.6772,287800,0,0
2020-02-12,46.45,46.5,46.37,46.45,29.7156,220100,0,0
2020-02-13,46.47,46.5,46.47,46.49,29.7412,145900,0,0
2020-02-14,46.5,46.57,46.49,46.52,29.7603,131400,0,0
2020-02-18,46.54,46.57,46.49,46.57,29.7923,408800,0,0
2020-02-19,46.56,46.6,46.56,46.6,29.8115,314800,0,0
2020-02-20,46.62,46.64,46.56,46.58,29.7987,299600,0,0
2020-02-21,46.56,46.67,46.53,46.59,29.8051,360300,0,0
2020-02-24,46.42,46.44,46.35,46.35,29.6516,280000,0,0
2020-02-25,46.43,46.46,46.26,46.31,29.626,343000,0,0
2020-02-26,46.34,46.38,46.16,46.19,29.5492,930800,0,0
2020-02-27,46.13,46.13,45.66,45.77,29.2806,3064500,0,0
2020-02-28,45.5,45.59,45.31,45.43,29.063,2048200,0,0
2020-03-02,45.15,45.45,45,45.42,29.1787,1671000,0.19,0
2020-03-03,45.46,45.57,45.42,45.42,29.1787,533500,0,0
2020-03-04,45.62,45.86,45.59,45.75,29.3907,1534000,0,0
2020-03-05,45.63,45.63,45.17,45.26,29.0759,1041400,0,0
2020-03-06,45.03,45.11,44.51,44.85,28.8125,1263100,0,0
2020-03-09,43.21,43.9,41.64,43.34,27.8424,2813600,0,0
2020-03-10,43.55,44.53,43.35,44.35,28.4913,2163800,0,0
2020-03-11,44.28,44.28,42.81,42.88,27.5469,1043200,0,0
2020-03-12,41.86,42.28,40.5,40.93,26.2942,1839800,0,0
2020-03-13,41.6,42.53,41.53,42.45,27.2707,1737300,0,0
2020-03-16,40.84,41.54,39.93,40.35,25.9216,1378000,0,0
2020-03-17,40.13,41.73,39.85,41.19,26.4612,1578000,0,0
2020-03-18,40.35,40.86,38.69,39.72,25.5169,1573800,0,0
2020-03-19,39.5,39.65,38,38.31,24.6111,852400,0,0
2020-03-20,37.36,39.15,37.36,38.33,24.6239,704600,0,0
2020-03-23,38.02,38.14,36.01,36.06,23.1656,573500,0,0
2020-03-24,36.26,37.5,36.26,37.32,23.9751,545400,0,0
2020-03-25,37.13,39.09,37.13,38.6,24.7974,648400,0,0
2020-03-26,38.89,40.46,38.89,39.94,25.6582,767200,0,0
2020-03-27,39.8,40.11,38.77,39.16,25.1571,1648100,0,0
2020-03-30,39.3,40.16,39.18,39.83,25.5876,551900,0,0
2020-03-31,40,40.63,39.93,40.01,25.7032,1172800,0,0
2020-04-01,39.74,39.92,38.47,38.7,24.9802,1822900,0.19,0
2020-04-02,38.56,40.35,38.56,39.69,25.6193,1230100,0,0
2020-04-03,39.73,39.82,38.29,38.72,24.9932,2966400,0,0
2020-04-06,39.28,40.63,39.28,40.33,26.0324,1397400,0,0
2020-04-07,40.64,41.61,40.51,41.22,26.6069,4492600,0,0
2020-04-08,41.38,41.78,41.12,41.6,26.8521,1558300,0,0
2020-04-09,42.4,44.14,42.02,42.37,27.3492,1245400,0,0
2020-04-13,42.45,42.62,41.66,42.1,27.1749,726200,0,0
2020-04-14,42.16,42.4,41.97,42.33,27.3233,735200,0,0
2020-04-15,42.14,42.33,41.74,42.11,27.1813,803200,0,0
2020-04-16,42.08,42.26,41.69,41.89,27.0393,773400,0,0
2020-04-17,42.21,42.22,41.99,42.14,27.2007,493500,0,0
2020-04-20,42.1,42.14,41.9,41.97,27.091,449100,0,0
2020-04-21,41.84,41.96,41.25,41.44,26.7489,592500,0,0
2020-04-22,41.53,41.59,41.36,41.48,26.7747,595400,0,0
2020-04-23,41.57,41.78,41.38,41.54,26.8134,1293600,0,0
2020-04-24,41.63,41.73,41.42,41.5,26.7876,516500,0,0
2020-04-27,41.59,41.68,41.45,41.61,26.8586,897400,0,0
2020-04-28,41.62,41.75,41.53,41.68,26.9038,396000,0,0
2020-04-29,41.82,42.11,41.71,41.97,27.091,676200,0,0
2020-04-30,41.82,41.97,41.51,41.77,26.9619,998700,0,0
2020-05-01,41.69,41.76,41.05,41.27,26.748,4642000,0.17,0
2020-05-04,41.24,41.45,41.05,41.07,26.6184,546400,0,0
2020-05-05,41.33,41.6,41.2,41.59,26.9554,1128200,0,0
2020-05-06,41.6,41.69,41.47,41.54,26.923,427100,0,0
2020-05-07,41.71,41.71,41.57,41.64,26.9878,803300,0,0
2020-05-08,41.72,41.89,41.61,41.74,27.0526,557700,0,0
2020-05-11,41.65,41.84,41.65,41.79,27.085,252800,0,0
2020-05-12,41.83,41.9,41.73,41.76,27.0656,145900,0,0
2020-05-13,41.9,41.9,41.68,41.73,27.0461,329500,0,0
2020-05-14,41.71,41.78,41.5,41.59,26.9554,489700,0,0
2020-05-15,41.56,41.65,41.42,41.54,26.923,359200,0,0
2020-05-18,41.67,42,41.67,41.87,27.1369,397000,0,0
2020-05-19,41.92,42.06,41.9,41.99,27.2146,417600,0,0
2020-05-20,42.16,42.3,42.07,42.26,27.3896,798200,0,0
2020-05-21,42.29,42.48,42.29,42.41,27.4869,263200,0,0
2020-05-22,42.45,42.63,42.43,42.63,27.6294,271200,0,0
2020-05-26,42.75,42.94,42.74,42.89,27.798,445400,0,0
2020-05-27,42.94,43.14,42.9,43.11,27.9405,243600,0,0
2020-05-28,43.09,43.44,43.09,43.31,28.0702,216300,0,0
2020-05-29,43.32,43.32,43.04,43.12,27.947,486000,0,0
2020-06-01,43.03,43.18,42.84,43.09,28.0512,467300,0.19,0
2020-06-02,43.19,43.4,43.07,43.4,28.253,407600,0,0
2020-06-03,43.54,43.71,43.35,43.67,28.4288,719500,0,0
2020-06-04,43.59,43.62,43.44,43.56,28.3572,130300,0,0
2020-06-05,43.79,44.17,43.77,43.95,28.611,478900,0,0
2020-06-08,44.1,44.19,44.05,44.15,28.7412,366500,0,0
2020-06-09,44.23,44.23,43.79,44.03,28.6631,401600,0,0
2020-06-10,44.14,44.23,43.88,44.02,28.6566,452000,0,0
2020-06-11,43.27,43.41,42.94,43.06,28.0317,1862200,0,0
2020-06-12,43.41,43.57,43.27,43.55,28.3506,693900,0,0
2020-06-15,43.37,43.79,43.28,43.69,28.4418,382600,0,0
2020-06-16,43.79,43.9,43.66,43.81,28.5199,352000,0,0
2020-06-17,43.8,44.05,43.71,43.85,28.5459,270700,0,0
2020-06-18,43.99,43.99,43.66,43.78,28.5004,271700,0,0
2020-06-19,43.8,43.99,43.7,43.78,28.5004,464600,0,0
2020-06-22,43.88,43.98,43.67,43.85,28.5459,422100,0,0
2020-06-23,43.91,44.05,43.62,44.02,28.6566,572200,0,0
2020-06-24,43.99,43.99,43.47,43.69,28.4418,523700,0,0
2020-06-25,43.7,43.72,43.5,43.53,28.3376,266200,0,0
2020-06-26,43.54,43.54,43.09,43.13,28.0772,672800,0,0
2020-06-29,43.12,43.2,43.01,43.05,28.0251,492900,0,0
2020-06-30,43.09,43.38,43,43.38,28.24,531200,0,0
2020-07-01,43.05,43.4,43,43.38,28.3642,414000,0.19,0
2020-07-02,43.64,43.64,43.3,43.45,28.41,375600,0,0
2020-07-06,43.57,43.63,43.42,43.61,28.5146,430100,0,0
2020-07-07,43.57,43.64,43.38,43.43,28.3969,205600,0,0
2020-07-08,43.36,43.55,43.15,43.21,28.253,599700,0,0
2020-07-09,43.27,43.3,43.09,43.17,28.2269,577300,0,0
2020-07-10,43.17,43.32,43.15,43.32,28.325,501300,0,0
2020-07-13,43.27,43.49,43.17,43.32,28.325,181700,0,0
2020-07-14,43.4,43.51,43.35,43.46,28.4165,314900,0,0
2020-07-15,43.63,43.72,43.52,43.68,28.5604,376800,0,0
2020-07-16,43.68,43.71,43.48,43.58,28.495,420300,0,0
2020-07-17,43.73,43.89,43.65,43.78,28.6258,510700,0,0
2020-07-20,43.86,44.07,43.77,43.99,28.763,676100,0,0
2020-07-21,44.07,44.18,44.01,44.09,28.8284,505700,0,0
2020-07-22,44.17,44.27,44.02,44.18,28.8873,876300,0,0
2020-07-23,44.21,44.23,44,44.08,28.8219,304800,0,0
2020-07-24,44.12,44.18,44,44.08,28.8219,532100,0,0
2020-07-27,44.18,44.2,44.06,44.15,28.8677,696500,0,0
2020-07-28,44.22,44.24,44.06,44.18,28.8873,169700,0,0
2020-07-29,44.24,44.25,44.06,44.25,28.9331,109800,0,0
2020-07-30,44.18,44.35,44.04,44.25,28.9331,305900,0,0
2020-07-31,44.22,44.31,44.13,44.18,28.8873,109900,0,0
2020-08-03,44.09,44.28,43.86,44.14,28.9858,1486900,0.19,0
2020-08-04,44.12,44.21,43.94,44.14,28.9858,185100,0,0
2020-08-05,44.24,44.34,44.03,44.27,29.0712,716400,0,0
2020-08-06,44.34,44.46,44.23,44.39,29.15,723000,0,0
2020-08-07,44.33,44.39,44.26,44.34,29.1171,379700,0,0
2020-08-10,44.4,44.43,44.34,44.42,29.1697,277000,0,0
2020-08-11,44.46,44.51,44.35,44.39,29.15,297700,0,0
2020-08-12,44.49,44.58,44.38,44.39,29.15,249100,0,0
2020-08-13,44.46,44.54,44.35,44.45,29.1894,106800,0,0
2020-08-14,44.45,44.53,44.36,44.46,29.1959,90700,0,0
2020-08-17,44.53,44.58,44.37,44.58,29.2747,254400,0,0
2020-08-18,44.6,44.6,44.45,44.59,29.2813,105500,0,0
2020-08-19,44.5,44.66,44.45,44.45,29.1894,319500,0,0
2020-08-20,44.54,44.61,44.48,44.54,29.2485,251300,0,0
2020-08-21,44.56,44.66,44.47,44.6,29.2879,139700,0,0
2020-08-24,44.56,44.61,44.46,44.53,29.2419,163000,0,0
2020-08-25,44.58,44.65,44.49,44.65,29.3207,324600,0,0
2020-08-26,44.68,44.76,44.59,44.71,29.3601,186800,0,0
2020-08-27,44.72,44.8,44.59,44.7,29.3535,179500,0,0
2020-08-28,44.81,44.88,44.73,44.87,29.4652,306800,0,0
2020-08-31,44.83,44.93,44.82,44.82,29.4323,562500,0,0
2020-09-01,44.77,44.9,44.76,44.81,29.5577,1262500,0.2,0
2020-09-02,44.84,44.85,44.78,44.83,29.5709,178300,0,0
2020-09-03,44.77,44.84,44.51,44.53,29.3729,685900,0,0
2020-09-04,44.68,44.83,44.49,44.64,29.4455,365900,0,0
2020-09-08,44.66,44.66,44.47,44.56,29.3928,296600,0,0
2020-09-09,44.56,44.76,44.56,44.72,29.4983,447000,0,0
2020-09-10,44.78,44.89,44.73,44.83,29.5709,310000,0,0
2020-09-11,44.8,44.93,44.77,44.93,29.6368,137900,0,0
2020-09-14,44.96,45.04,44.96,45.03,29.7028,161900,0,0
2020-09-15,45.08,45.1,44.98,45.04,29.7094,130200,0,0
2020-09-16,45.04,45.24,44.99,45.14,29.7753,1460000,0,0
2020-09-17,45.04,45.19,45.04,45.15,29.7819,627600,0,0
2020-09-18,45.14,45.14,44.96,45.11,29.7555,380000,0,0
2020-09-21,45.02,45.08,44.77,44.85,29.584,180200,0,0
2020-09-22,44.87,44.87,44.77,44.86,29.5906,86100,0,0
2020-09-23,44.86,44.89,44.54,44.56,29.3928,495300,0,0
2020-09-24,44.71,44.71,44.46,44.56,29.3928,738100,0,0
2020-09-25,44.48,44.57,44.34,44.49,29.3466,881800,0,0
2020-09-28,44.43,44.63,44.35,44.6,29.4191,759400,0,0
2020-09-29,44.64,44.68,44.48,44.65,29.4521,383000,0,0
2020-09-30,44.68,44.88,44.67,44.72,29.4983,466100,0,0
2020-10-01,44.44,44.7,44.44,44.62,29.5579,322100,0.19,0
2020-10-02,44.54,44.54,44.44,44.54,29.5049,500100,0,0
2020-10-05,44.58,44.7,44.52,44.7,29.6109,1044400,0,0
2020-10-06,44.69,44.7,44.29,44.54,29.5049,881500,0,0
2020-10-07,44.6,44.74,44.39,44.67,29.591,380000,0,0
2020-10-08,44.75,44.75,44.65,44.7,29.6109,272100,0,0
2020-10-09,44.66,44.78,44.65,44.69,29.6043,1999800,0,0
2020-10-12,44.79,45.03,44.69,44.84,29.7036,322800,0,0
2020-10-13,44.77,44.83,44.5,44.57,29.5248,375600,0,0
2020-10-14,44.65,44.76,44.57,44.6,29.5447,348100,0,0
2020-10-15,44.69,44.69,44.53,44.67,29.591,582100,0,0
2020-10-16,44.67,44.76,44.52,44.53,29.4983,595500,0,0
2020-10-19,44.59,44.71,44.53,44.54,29.5049,427100,0,0
2020-10-20,44.56,44.77,44.56,44.72,29.6242,272500,0,0
2020-10-21,44.72,44.77,44.62,44.71,29.6175,169700,0,0
2020-10-22,44.71,44.8,44.62,44.65,29.5778,502400,0,0
2020-10-23,44.68,44.75,44.61,44.69,29.6043,211500,0,0
2020-10-26,44.59,44.61,44.5,44.6,29.5447,1046700,0,0
2020-10-27,44.55,44.58,44.47,44.55,29.5115,799800,0,0
2020-10-28,44.52,44.53,44.15,44.45,29.4453,763500,0,0
2020-10-29,44.31,44.46,44.24,44.34,29.3724,667000,0,0
2020-10-30,44.34,44.39,44.21,44.26,29.3194,316200,0,0
2020-11-02,44.27,44.28,44.06,44.13,29.3594,1263400,0.19,0
2020-11-03,44.2,44.32,44.11,44.28,29.4591,624500,0,0
2020-11-04,44.23,44.47,44.15,44.28,29.4591,1006900,0,0
2020-11-05,44.6,44.61,44.44,44.5,29.6055,593600,0,0
2020-11-06,44.63,44.71,44.53,44.64,29.6987,632900,0,0
2020-11-09,44.9,45.24,44.9,45.11,30.0113,1219100,0,0
2020-11-10,45.11,45.21,44.98,45.05,29.9714,1086200,0,0
2020-11-11,45.09,45.11,45.03,45.09,29.998,228500,0,0
2020-11-12,45.08,45.08,44.9,45.01,29.9448,571300,0,0
2020-11-13,44.99,45.01,44.89,44.96,29.9115,352400,0,0
2020-11-16,45.02,45.11,44.91,44.98,29.9249,474700,0,0
2020-11-17,45.01,45.01,44.93,44.99,29.9315,417700,0,0
2020-11-18,44.95,45.02,44.9,44.9,29.8716,192400,0,0
2020-11-19,44.96,45.06,44.92,44.96,29.9115,1667000,0,0
2020-11-20,44.96,45.05,44.96,45.04,29.9648,300200,0,0
2020-11-23,45.14,45.14,45.02,45.08,29.9914,292600,0,0
2020-11-24,45.16,45.21,45.09,45.18,30.0579,182900,0,0
2020-11-25,45.21,45.21,45.03,45.19,30.0646,479800,0,0
2020-11-27,45.2,45.2,45.11,45.19,30.0646,150400,0,0
2020-11-30,45.19,45.21,45.08,45.12,30.018,644200,0,0
2020-12-01,45.07,45.21,45,45.04,30.0848,721800,0.18,0
2020-12-02,45.06,45.22,45.04,45.21,30.1983,400600,0,0
2020-12-03,45.32,45.32,45.14,45.16,30.1649,329000,0,0
2020-12-04,45.21,45.35,45.21,45.26,30.2317,438300,0,0
2020-12-07,45.28,45.44,45.26,45.44,30.352,323100,0,0
2020-12-08,45.35,45.46,45.3,45.4,30.3253,461700,0,0
2020-12-09,45.43,45.44,45.33,45.4,30.3253,838300,0,0
2020-12-10,45.41,45.56,45.36,45.54,30.4188,814700,0,0
2020-12-11,45.52,45.54,45.39,45.44,30.352,1351000,0,0
2020-12-14,45.48,45.58,45.41,45.42,30.3386,689900,0,0
2020-12-15,45.54,45.54,45.43,45.51,30.3987,583000,0,0
2020-12-16,45.53,45.57,45.4,45.5,30.3921,709300,0,0
2020-12-17,45.57,45.57,45.45,45.5,30.3921,735700,0,0
2020-12-18,45.43,45.45,45.28,45.37,30.4122,786100,0.16,0
2020-12-21,45.33,45.33,45.18,45.28,30.3518,298800,0,0
2020-12-22,45.29,45.31,45.22,45.26,30.3384,882700,0,0
2020-12-23,45.31,45.41,45.3,45.41,30.439,566300,0,0
2020-12-24,45.39,45.45,45.37,45.45,30.4658,93700,0,0
2020-12-28,45.54,45.58,45.46,45.55,30.5328,359500,0,0
2020-12-29,45.57,45.59,45.47,45.51,30.506,468700,0,0
2020-12-30,45.54,45.64,45.54,45.58,30.5529,307700,0,0
2020-12-31,45.63,45.66,45.58,45.65,30.5998,376700,0,0
2021-01-04,45.71,45.71,45.49,45.57,30.5462,2461100,0,0
2021-01-05,45.62,45.64,45.56,45.62,30.5797,1273400,0,0
2021-01-06,45.62,45.76,45.59,45.68,30.62,2030100,0,0
2021-01-07,45.73,45.82,45.71,45.8,30.7004,1271300,0,0
2021-01-08,45.88,45.92,45.85,45.92,30.7808,1837200,0,0
2021-01-11,45.97,45.97,45.8,45.88,30.754,742000,0,0
2021-01-12,45.88,45.97,45.84,45.97,30.8143,1035500,0,0
2021-01-13,45.99,45.99,45.88,45.93,30.7875,1002900,0,0
2021-01-14,45.99,46.12,45.96,46.06,30.8747,1308800,0,0
2021-01-15,46.13,46.13,45.98,46.06,30.8747,1044100,0,0
2021-01-19,46.2,46.2,46.07,46.1,30.9015,2188500,0,0
2021-01-20,46.14,46.18,46.04,46.16,30.9417,2040000,0,0
2021-01-21,46.11,46.17,46.01,46.07,30.8814,1323600,0,0
2021-01-22,46,46.09,46,46.09,30.8948,802400,0,0
2021-01-25,46.14,46.14,45.98,46.08,30.8881,550100,0,0
2021-01-26,46.09,46.13,46.04,46.1,30.9015,1707200,0,0
2021-01-27,46.09,46.1,45.86,45.95,30.8009,1200400,0,0
2021-01-28,46.03,46.06,45.94,45.98,30.821,1115400,0,0
2021-01-29,45.93,45.97,45.84,45.9,30.7674,1062000,0,0
2021-02-01,45.89,45.89,45.75,45.82,30.828,1285900,0.17,0
2021-02-02,45.89,45.89,45.71,45.81,30.8212,1696900,0,0
2021-02-03,45.82,45.85,45.74,45.8,30.8145,2241500,0,0
2021-02-04,45.86,45.94,45.82,45.94,30.9087,1067300,0,0
2021-02-05,45.94,46.13,45.88,45.93,30.902,2738300,0,0
2021-02-08,45.99,45.99,45.9,45.98,30.9356,1923500,0,0
2021-02-09,45.99,45.99,45.86,45.92,30.8953,1244500,0,0
2021-02-10,45.95,45.95,45.86,45.91,30.8885,1645000,0,0
2021-02-11,45.96,45.96,45.9,45.95,30.9154,674600,0,0
2021-02-12,45.93,45.99,45.9,45.96,30.9222,1161500,0,0
2021-02-16,45.98,46.03,45.95,45.97,30.9289,549700,0,0
2021-02-17,46,46.03,45.97,46.03,30.9693,1147200,0,0
2021-02-18,46.04,46.04,45.92,45.98,30.9356,529100,0,0
2021-02-19,46.06,46.09,46,46,30.9491,531700,0,0
2021-02-22,46.04,46.08,46.02,46.03,30.9693,1502300,0,0
2021-02-23,46.05,46.07,46,46.07,30.9962,1414300,0,0
2021-02-24,46.06,46.11,46.02,46.07,30.9962,725500,0,0
2021-02-25,46.04,46.08,46,46.02,30.9626,2059000,0,0
2021-02-26,46.15,46.15,45.88,46,30.9491,1589900,0,0
2021-03-01,45.89,45.93,45.86,45.9,30.9896,1169300,0.16,0
2021-03-02,45.9,45.94,45.89,45.89,30.9828,1196300,0,0
2021-03-03,45.89,45.94,45.81,45.86,30.9626,1307000,0,0
2021-03-04,45.91,45.91,45.6,45.75,30.8883,1604400,0,0
2021-03-05,45.76,45.94,45.72,45.84,30.9491,1357600,0,0
2021-03-08,45.8,45.88,45.76,45.76,30.8951,633500,0,0
2021-03-09,45.92,45.92,45.76,45.77,30.9018,1309300,0,0
2021-03-10,45.8,45.84,45.76,45.8,30.9221,1194100,0,0
2021-03-11,45.84,45.88,45.8,45.82,30.9356,1837000,0,0
2021-03-12,45.83,45.91,45.79,45.81,30.9288,1783400,0,0
2021-03-15,45.8,45.89,45.78,45.78,30.9086,1065600,0,0
2021-03-16,45.86,45.86,45.77,45.79,30.9153,1181900,0,0
2021-03-17,45.79,45.8,45.76,45.79,30.9153,2092600,0,0
2021-03-18,45.79,45.82,45.71,45.78,30.9086,2114300,0,0
2021-03-19,45.77,45.8,45.68,45.73,30.8748,1328200,0,0
2021-03-22,45.78,45.8,45.73,45.78,30.9086,1070500,0,0
2021-03-23,45.8,45.82,45.68,45.73,30.8748,909200,0,0
2021-03-24,45.78,45.79,45.72,45.72,30.8681,1316200,0,0
2021-03-25,45.72,45.76,45.68,45.73,30.8748,1819300,0,0
2021-03-26,45.76,45.79,45.72,45.78,30.9086,1695500,0,0
2021-03-29,45.82,45.82,45.73,45.75,30.8883,1032700,0,0
2021-03-30,45.8,45.8,45.74,45.75,30.8883,678800,0,0
2021-03-31,45.77,45.8,45.74,45.74,30.8816,1104400,0,0
2021-04-01,45.63,45.7,45.59,45.69,30.9629,4944300,0.17,0
2021-04-05,45.7,45.77,45.63,45.68,30.9561,2541000,0,0
2021-04-06,45.73,45.86,45.7,45.83,31.0578,1471100,0,0
2021-04-07,45.86,45.91,45.85,45.89,31.0984,1398100,0,0
2021-04-08,45.95,45.95,45.87,45.91,31.112,796300,0,0
2021-04-09,45.9,45.94,45.86,45.93,31.1255,848400,0,0
2021-04-12,45.92,45.92,45.85,45.9,31.1052,774700,0,0
2021-04-13,45.92,45.99,45.86,45.96,31.1459,3533900,0,0
2021-04-14,45.95,45.96,45.87,45.9,31.1052,1829900,0,0
2021-04-15,45.96,45.97,45.9,45.94,31.1323,1178200,0,0
2021-04-16,45.94,45.94,45.85,45.85,31.0713,1412000,0,0
2021-04-19,45.91,45.93,45.86,45.9,31.1052,1892100,0,0
2021-04-20,45.89,45.91,45.8,45.85,31.0713,1746800,0,0
2021-04-21,45.87,45.89,45.79,45.84,31.0645,1859800,0,0
2021-04-22,45.85,45.86,45.79,45.84,31.0645,1104100,0,0
2021-04-23,45.9,45.91,45.86,45.88,31.0916,2509900,0,0
2021-04-26,45.94,45.94,45.85,45.87,31.0849,2381000,0,0
2021-04-27,45.92,45.92,45.87,45.88,31.0916,736100,0,0
2021-04-28,45.91,45.95,45.88,45.93,31.1255,869600,0,0
2021-04-29,45.93,45.94,45.87,45.91,31.112,748900,0,0
2021-04-30,45.95,45.95,45.88,45.91,31.112,2271800,0,0
2021-05-03,45.85,45.86,45.74,45.79,31.146,3401700,0.17,0
2021-05-04,45.78,45.83,45.71,45.77,31.1324,1954700,0,0
2021-05-05,45.82,45.82,45.74,45.75,31.1188,4232000,0,0
2021-05-06,45.79,45.86,45.79,45.8,31.1528,1580000,0,0
2021-05-07,45.88,45.88,45.8,45.81,31.1596,893000,0,0
2021-05-10,45.83,45.87,45.81,45.87,31.2004,1128600,0,0
2021-05-11,45.84,45.85,45.79,45.85,31.1868,875200,0,0
2021-05-12,45.82,45.84,45.78,45.78,31.1392,2542900,0,0
2021-05-13,45.82,45.87,45.82,45.85,31.1868,726500,0,0
2021-05-14,45.93,45.93,45.85,45.86,31.1936,2000400,0,0
2021-05-17,45.9,45.91,45.83,45.84,31.18,822400,0,0
2021-05-18,45.89,45.94,45.85,45.92,31.2344,1116100,0,0
2021-05-19,45.9,45.91,45.82,45.9,31.2208,662100,0,0
2021-05-20,45.92,45.96,45.91,45.92,31.2344,1560000,0,0
2021-05-21,45.95,45.97,45.93,45.96,31.2616,866100,0,0
2021-05-24,45.97,46.02,45.96,45.99,31.282,613700,0,0
2021-05-25,46.01,46.01,45.95,46,31.2888,1716800,0,0
2021-05-26,46.06,46.1,45.98,46.07,31.3365,1563500,0,0
2021-05-27,46.05,46.09,46.04,46.08,31.3432,723200,0,0
2021-05-28,46.21,46.22,46.08,46.18,31.4113,7563900,0,0
2021-06-01,45.95,46.15,45.95,46.01,31.4113,1154600,0.17,0
2021-06-02,46.1,46.1,46.02,46.08,31.4591,2044900,0,0
2021-06-03,46.07,46.08,46.02,46.05,31.4386,2137600,0,0
2021-06-04,46.14,46.14,46.04,46.04,31.4317,2293200,0,0
2021-06-07,46.04,46.12,46.04,46.12,31.4864,1145200,0,0
2021-06-08,46.17,46.17,46.12,46.15,31.5068,2057100,0,0
2021-06-09,46.19,46.19,46.12,46.16,31.5137,1424200,0,0
2021-06-10,46.17,46.2,46.14,46.16,31.5137,925800,0,0
2021-06-11,46.17,46.18,46.14,46.17,31.5205,666700,0,0
2021-06-14,46.18,46.21,46.16,46.19,31.5341,898800,0,0
2021-06-15,46.22,46.22,46.15,46.16,31.5137,781400,0,0
2021-06-16,46.21,46.24,46.13,46.18,31.5273,1393200,0,0
2021-06-17,46.18,46.23,46.15,46.18,31.5273,1550300,0,0
2021-06-18,46.18,46.18,46.09,46.12,31.4864,1190700,0,0
2021-06-21,46.14,46.21,46.12,46.21,31.5478,3398600,0,0
2021-06-22,46.24,46.24,46.12,46.18,31.5273,1224700,0,0
2021-06-23,46.23,46.25,46.18,46.23,31.5615,3251200,0,0
2021-06-24,46.26,46.27,46.22,46.26,31.5819,1109900,0,0
2021-06-25,46.27,46.28,46.2,46.26,31.5819,1038300,0,0
2021-06-28,46.28,46.3,46.24,46.27,31.5888,2633100,0,0
2021-06-29,46.31,46.31,46.25,46.29,31.6024,1725600,0,0
2021-06-30,46.3,46.34,46.26,46.29,31.6024,1324000,0,0
2021-07-01,46.19,46.21,46.12,46.16,31.6298,1684200,0.17,0
2021-07-02,46.21,46.21,46.18,46.2,31.6572,1337600,0,0
2021-07-06,46.25,46.25,46.15,46.18,31.6435,2095100,0,0
2021-07-07,46.21,46.22,46.1,46.12,31.6024,943900,0,0
2021-07-08,46.15,46.15,46.04,46.05,31.5545,1043400,0,0
2021-07-09,46.07,46.12,46.04,46.09,31.5819,2759100,0,0
2021-07-12,46.12,46.16,46.11,46.12,31.6024,2860800,0,0
2021-07-13,46.06,46.18,46.06,46.08,31.575,1710900,0,0
2021-07-14,46.13,46.17,46.07,46.08,31.575,1312400,0,0
2021-07-15,46.1,46.1,45.94,46.01,31.527,987100,0,0
2021-07-16,46.04,46.04,45.92,45.94,31.4791,1000100,0,0
2021-07-19,45.94,45.95,45.82,45.85,31.4174,1663600,0,0
2021-07-20,45.85,45.92,45.8,45.9,31.4517,1248000,0,0
2021-07-21,45.9,45.92,45.85,45.92,31.4654,1682400,0,0
2021-07-22,45.93,45.95,45.88,45.92,31.4654,887800,0,0
2021-07-23,45.95,45.95,45.9,45.94,31.4791,663100,0,0
2021-07-26,45.96,45.96,45.88,45.9,31.4517,1240700,0,0
2021-07-27,45.92,45.95,45.77,45.85,31.4174,1970300,0,0
2021-07-28,45.85,45.87,45.78,45.83,31.4037,1423400,0,0
2021-07-29,45.87,45.87,45.8,45.82,31.3969,1018200,0,0
2021-07-30,45.85,45.85,45.76,45.82,31.3969,2741500,0,0
2021-08-02,45.76,45.78,45.62,45.64,31.39,2139700,0.17,0
2021-08-03,45.66,45.66,45.57,45.62,31.3762,1495000,0,0
2021-08-04,45.62,45.66,45.6,45.64,31.39,1306600,0,0
2021-08-05,45.64,45.68,45.61,45.62,31.3762,1212500,0,0
2021-08-06,45.66,45.71,45.63,45.68,31.4175,3379300,0,0
2021-08-09,45.7,45.72,45.68,45.7,31.4312,2095700,0,0
2021-08-10,45.73,45.73,45.67,45.67,31.4106,843200,0,0
2021-08-11,45.72,45.73,45.69,45.69,31.4244,2176700,0,0
2021-08-12,45.72,45.72,45.69,45.7,31.4312,1295800,0,0
2021-08-13,45.73,45.76,45.69,45.7,31.4312,1703500,0,0
2021-08-16,45.75,45.75,45.69,45.71,31.4381,748800,0,0
2021-08-17,45.75,45.78,45.7,45.74,31.4588,2773600,0,0
2021-08-18,45.76,45.77,45.7,45.75,31.4656,2027300,0,0
2021-08-19,45.75,45.78,45.72,45.72,31.445,1801100,0,0
2021-08-20,45.75,45.75,45.69,45.69,31.4244,1110700,0,0
2021-08-23,45.74,45.84,45.7,45.79,31.4931,3493900,0,0
2021-08-24,45.81,45.87,45.77,45.86,31.5413,2976700,0,0
2021-08-25,45.89,45.95,45.84,45.87,31.5482,3219700,0,0
2021-08-26,45.92,45.92,45.86,45.86,31.5413,2090700,0,0
2021-08-27,45.86,45.97,45.86,45.93,31.5894,1629900,0,0
2021-08-30,45.92,45.98,45.9,45.93,31.5894,3414900,0,0
2021-08-31,45.98,45.98,45.93,45.97,31.6169,2629500,0,0
2021-09-01,45.89,45.9,45.81,45.87,31.6653,3035400,0.17,0
2021-09-02,45.9,45.91,45.84,45.87,31.6653,2182500,0,0
2021-09-03,45.87,45.91,45.84,45.91,31.6929,1200900,0,0
2021-09-07,45.9,45.94,45.82,45.85,31.6515,1844700,0,0
2021-09-08,45.88,45.89,45.82,45.87,31.6653,2452700,0,0
2021-09-09,45.87,45.89,45.84,45.86,31.6584,714800,0,0
2021-09-10,45.9,45.92,45.83,45.84,31.6446,1678800,0,0
2021-09-13,45.87,45.91,45.83,45.88,31.6722,1753500,0,0
2021-09-14,45.91,45.94,45.84,45.9,31.686,1280200,0,0
2021-09-15,45.92,45.99,45.92,45.97,31.7343,2425700,0,0
2021-09-16,45.98,46.02,45.95,45.98,31.7412,714000,0,0
2021-09-17,45.98,45.99,45.95,45.98,31.7412,798500,0,0
2021-09-20,45.87,45.97,45.85,45.97,31.7343,914800,0,0
2021-09-21,45.97,46,45.91,45.94,31.7136,910400,0,0
2021-09-22,45.97,46.03,45.94,45.99,31.7481,1385500,0,0
2021-09-23,46.04,46.1,45.99,46,31.755,1138900,0,0
2021-09-24,46,46.06,46,46.05,31.7895,1452800,0,0
2021-09-27,46.07,46.07,46.03,46.06,31.7964,930200,0,0
2021-09-28,46.06,46.07,45.98,46.03,31.7757,1431900,0,0
2021-09-29,46.06,46.13,46,46.11,31.8309,4487900,0,0
2021-09-30,46.09,46.12,46.01,46.02,31.7688,2077600,0,0
2021-10-01,45.99,45.99,45.87,45.94,31.8312,3561700,0.17,0
2021-10-04,45.92,45.93,45.86,45.88,31.7896,1141800,0,0
2021-10-05,45.91,45.93,45.86,45.86,31.7757,1735500,0,0
2021-10-06,45.85,45.87,45.79,45.81,31.7411,1756900,0,0
2021-10-07,45.9,45.9,45.84,45.85,31.7688,1860400,0,0
2021-10-08,45.86,45.9,45.82,45.88,31.7896,2267200,0,0
2021-10-11,45.92,45.94,45.81,45.85,31.7688,912400,0,0
2021-10-12,45.91,45.92,45.82,45.84,31.7619,1222300,0,0
2021-10-13,45.88,45.88,45.78,45.82,31.748,2589600,0,0
2021-10-14,45.84,45.9,45.81,45.87,31.7827,1785400,0,0
2021-10-15,45.9,45.92,45.86,45.87,31.7827,1255900,0,0
2021-10-18,45.87,45.87,45.81,45.81,31.7411,2354300,0,0
2021-10-19,45.83,45.86,45.82,45.84,31.7619,1259100,0,0
2021-10-20,45.86,45.9,45.84,45.87,31.7827,2529100,0,0
2021-10-21,45.9,45.9,45.85,45.86,31.7757,1854400,0,0
2021-10-22,45.85,45.9,45.84,45.89,31.7965,874200,0,0
2021-10-25,45.88,45.9,45.86,45.86,31.7757,2394200,0,0
2021-10-26,45.89,45.91,45.85,45.88,31.7896,2160300,0,0
2021-10-27,45.9,45.9,45.84,45.87,31.7827,1746800,0,0
2021-10-28,45.88,45.92,45.87,45.92,31.8173,1166100,0,0
2021-10-29,45.89,45.91,45.87,45.9,31.8035,2347300,0,0
2021-11-01,45.77,45.79,45.7,45.71,31.7895,2270000,0.17,0
2021-11-02,45.74,45.76,45.7,45.75,31.8174,2412400,0,0
2021-11-03,45.77,45.79,45.72,45.78,31.8382,3140400,0,0
2021-11-04,45.78,45.82,45.74,45.8,31.8521,1573700,0,0
2021-11-05,45.86,45.91,45.79,45.91,31.9286,1715100,0,0
2021-11-08,45.92,45.93,45.85,45.93,31.9425,2991800,0,0
2021-11-09,45.95,45.95,45.89,45.9,31.9217,1158500,0,0
2021-11-10,45.93,45.93,45.87,45.9,31.9217,1835200,0,0
2021-11-11,45.93,45.98,45.86,45.96,31.9634,1522400,0,0
2021-11-12,46.02,46.02,45.88,45.89,31.9147,2537300,0,0
2021-11-15,45.91,45.95,45.91,45.94,31.9495,2077900,0,0
2021-11-16,45.97,45.98,45.88,45.9,31.9217,2655200,0,0
2021-11-17,45.9,45.92,45.84,45.86,31.8939,2353700,0,0
2021-11-18,45.95,46,45.82,45.85,31.8869,4512300,0,0
2021-11-19,45.9,45.9,45.79,45.8,31.8521,1047800,0,0
2021-11-22,45.85,45.85,45.76,45.76,31.8243,1265400,0,0
2021-11-23,45.75,45.76,45.7,45.75,31.8174,1101200,0,0
2021-11-24,45.74,45.75,45.68,45.74,31.8104,1483000,0,0
2021-11-26,45.78,45.78,45.41,45.48,31.6296,1858200,0,0
2021-11-29,45.62,45.62,45.5,45.56,31.6852,1780500,0,0
2021-11-30,45.6,45.6,45.31,45.36,31.5461,3018400,0,0
2021-12-01,45.26,45.33,45.22,45.27,31.602,4201100,0.17,0
2021-12-02,45.2,45.35,45.2,45.3,31.6229,2119100,0,0
2021-12-03,45.33,45.43,45.32,45.4,31.6927,3634200,0,0
2021-12-06,45.45,45.46,45.36,45.42,31.7067,2324000,0,0
2021-12-07,45.54,45.61,45.41,45.52,31.7765,3117100,0,0
2021-12-08,45.52,45.65,45.5,45.61,31.8393,1636400,0,0
2021-12-09,45.61,45.64,45.53,45.61,31.8393,1530800,0,0
2021-12-10,45.65,45.67,45.6,45.64,31.8603,2708400,0,0
2021-12-13,45.65,45.65,45.59,45.59,31.8254,1559300,0,0
2021-12-14,45.6,45.67,45.53,45.61,31.8393,2288700,0,0
2021-12-15,45.64,45.69,45.55,45.58,31.8184,2764800,0,0
2021-12-16,45.55,45.58,45.5,45.51,31.7695,2688400,0,0
2021-12-17,45.41,45.41,45.33,45.38,31.7975,3074200,0.17,0
2021-12-20,45.31,45.42,45.3,45.4,31.8116,3629600,0,0
2021-12-21,45.44,45.5,45.4,45.48,31.8676,2576700,0,0
2021-12-22,45.48,45.57,45.48,45.57,31.9307,2172300,0,0
2021-12-23,45.59,45.7,45.52,45.7,32.0218,2170600,0,0
2021-12-27,45.68,45.68,45.58,45.62,31.9657,1791400,0,0
2021-12-28,45.63,45.63,45.6,45.6,31.9517,2506300,0,0
2021-12-29,45.65,45.66,45.61,45.64,31.9797,1462400,0,0
2021-12-30,45.65,45.7,45.63,45.63,31.9727,1694000,0,0
2021-12-31,45.64,45.71,45.59,45.63,31.9727,1937300,0,0
2022-01-03,45.73,45.74,45.61,45.66,31.9937,4394700,0,0
2022-01-04,45.74,45.74,45.67,45.69,32.0148,3295700,0,0
2022-01-05,45.72,45.72,45.56,45.56,31.9237,5014500,0,0
2022-01-06,45.57,45.6,45.54,45.58,31.9377,2501100,0,0
2022-01-07,45.62,45.65,45.57,45.65,31.9867,2765400,0,0
2022-01-10,45.63,45.7,45.59,45.66,31.9937,3571600,0,0
2022-01-11,45.66,45.78,45.6,45.75,32.0568,4934100,0,0
2022-01-12,45.8,45.81,45.75,45.78,32.0778,6762400,0,0
2022-01-13,45.82,45.85,45.75,45.8,32.0918,3222000,0,0
2022-01-14,45.79,45.85,45.75,45.84,32.1199,6827100,0,0
2022-01-18,45.79,45.81,45.75,45.75,32.0568,3867400,0,0
2022-01-19,45.81,45.83,45.76,45.78,32.0778,3185400,0,0
2022-01-20,45.84,45.88,45.74,45.74,32.0498,4763900,0,0
2022-01-21,45.74,45.77,45.67,45.72,32.0358,4398200,0,0
2022-01-24,45.71,45.82,45.68,45.73,32.0428,37316800,0,0
2022-01-25,45.73,45.73,45.58,45.59,31.9447,5402000,0,0
2022-01-26,45.69,45.71,45.51,45.54,31.9096,3563100,0,0
2022-01-27,45.63,45.66,45.47,45.49,31.8746,4363300,0,0
2022-01-28,45.55,45.56,45.46,45.51,31.8886,4786200,0,0
2022-01-31,45.61,45.61,45.52,45.59,31.9447,5450600,0,0
2022-02-01,45.45,45.48,45.39,45.44,31.9588,5628100,0.17,0
2022-02-02,45.57,45.57,45.5,45.51,32.008,6817000,0,0
2022-02-03,45.53,45.55,45.43,45.48,31.9869,3923800,0,0
2022-02-04,45.52,45.53,45.42,45.51,32.008,5373500,0,0
2022-02-07,45.55,45.56,45.43,45.44,31.9588,6038100,0,0
2022-02-08,45.49,45.52,45.41,45.41,31.9377,5452200,0,0
2022-02-09,45.49,45.55,45.46,45.52,32.015,4650100,0,0
2022-02-10,45.49,45.55,45.45,45.48,31.9869,4956200,0,0
2022-02-11,45.52,45.52,45.27,45.42,31.9447,3557100,0,0
2022-02-14,45.33,45.36,45.22,45.24,31.8181,4805100,0,0
2022-02-15,45.32,45.33,45.27,45.27,31.8392,3312800,0,0
2022-02-16,45.3,45.32,45.24,45.28,31.8462,2339100,0,0
2022-02-17,45.3,45.3,45.17,45.22,31.804,4206900,0,0
2022-02-18,45.24,45.24,45.14,45.17,31.7689,3141900,0,0
2022-02-22,45.19,45.22,45.11,45.11,31.7267,3638700,0,0
2022-02-23,45.17,45.18,45.05,45.07,31.6985,8594100,0,0
2022-02-24,44.92,45.03,44.83,45.03,31.6704,8406700,0,0
2022-02-25,44.99,45.2,44.97,45.19,31.7829,5578100,0,0
2022-02-28,45.16,45.18,45.04,45.09,31.7126,4008300,0,0
2022-03-01,44.96,45,44.85,44.93,31.7197,6770100,0.17,0
2022-03-02,44.96,45,44.93,44.99,31.762,3660800,0,0
2022-03-03,44.9,45.02,44.9,44.98,31.755,2931400,0,0
2022-03-04,45.01,45.01,44.84,44.91,31.7055,3086500,0,0
2022-03-07,44.87,44.91,44.47,44.54,31.4443,8327500,0,0
2022-03-08,44.55,44.58,44.37,44.41,31.3525,5934600,0,0
2022-03-09,44.46,44.59,44.37,44.57,31.4655,3118100,0,0
2022-03-10,44.35,44.5,44.32,44.36,31.3173,6493700,0,0
2022-03-11,44.36,44.37,44,44.03,31.0843,6312300,0,0
2022-03-14,44.11,44.13,43.96,43.97,31.0419,4709800,0,0
2022-03-15,43.95,44.06,43.83,43.99,31.056,2453400,0,0
2022-03-16,43.93,44.51,43.88,44.37,31.3243,5160000,0,0
2022-03-17,44.45,44.73,44.35,44.53,31.4373,4776400,0,0
2022-03-18,44.57,44.66,44.52,44.64,31.5149,3524600,0,0
2022-03-21,44.67,44.78,44.66,44.74,31.5855,3868800,0,0
2022-03-22,44.8,44.84,44.73,44.76,31.5996,5188400,0,0
2022-03-23,44.76,44.81,44.62,44.64,31.5149,3896500,0,0
2022-03-24,44.74,44.74,44.59,44.69,31.5502,4126100,0,0
2022-03-25,44.72,44.75,44.62,44.64,31.5149,2506400,0,0
2022-03-28,44.69,44.77,44.63,44.77,31.6067,3151200,0,0
2022-03-29,44.89,44.97,44.8,44.96,31.7408,3933900,0,0
2022-03-30,44.97,45.03,44.9,44.98,31.755,7773200,0,0
2022-03-31,45.01,45.02,44.92,44.96,31.7408,4017500,0,0
2022-04-01,44.82,44.91,44.79,44.85,31.7833,5669200,0.17,0
2022-04-04,44.9,45.07,44.85,45.06,31.9322,6185100,0,0
2022-04-05,45.05,45.05,44.93,44.98,31.8755,8378900,0,0
2022-04-06,44.86,44.94,44.77,44.81,31.755,4353300,0,0
2022-04-07,44.84,44.94,44.77,44.9,31.8188,3829600,0,0
2022-04-08,44.9,44.93,44.77,44.79,31.7408,2969800,0,0
2022-04-11,44.95,44.95,44.54,44.58,31.592,5813700,0,0
2022-04-12,44.67,44.76,44.65,44.66,31.6487,3473800,0,0
2022-04-13,44.71,44.87,44.65,44.85,31.7833,4708300,0,0
2022-04-14,44.68,44.9,44.63,44.77,31.7267,3591100,0,0
2022-04-18,44.79,44.83,44.62,44.71,31.6841,2842700,0,0
2022-04-19,44.74,44.84,44.67,44.8,31.7479,3166600,0,0
2022-04-20,44.86,44.86,44.75,44.75,31.7125,3067700,0,0
2022-04-21,44.82,44.85,44.71,44.77,31.7267,3382100,0,0
2022-04-22,44.77,44.81,44.69,44.73,31.6983,2802800,0,0
2022-04-25,44.75,44.79,44.6,44.76,31.7196,3935000,0,0
2022-04-26,44.77,44.77,44.56,44.57,31.5849,4161000,0,0
2022-04-27,44.62,44.69,44.55,44.56,31.5779,3349100,0,0
2022-04-28,44.63,44.68,44.56,44.64,31.6345,4239300,0,0
2022-04-29,44.63,44.63,44.47,44.47,31.5141,2515400,0,0
2022-05-02,44.26,44.36,44.05,44.08,31.3576,7204600,0.17,0
2022-05-03,44.14,44.17,44.09,44.14,31.4002,4687100,0,0
2022-05-04,44.1,44.27,44.04,44.2,31.4429,4434200,0,0
2022-05-05,44.15,44.15,44.02,44.1,31.3718,7297900,0,0
2022-05-06,44.11,44.11,43.81,43.86,31.2011,6127500,0,0
2022-05-09,43.78,43.83,43.51,43.53,30.9663,9838200,0,0
2022-05-10,43.55,43.64,43.44,43.46,30.9165,8711500,0,0
2022-05-11,43.49,43.51,42.91,42.94,30.5466,10358300,0,0
2022-05-12,42.87,42.91,42.31,42.54,30.262,18894200,0,0
2022-05-13,42.7,43.12,42.69,42.86,30.4897,11222700,0,0
2022-05-16,42.86,43,42.81,42.89,30.511,6561200,0,0
2022-05-17,43.02,43.21,42.95,43.2,30.7316,5270800,0,0
2022-05-18,43.04,43.1,42.82,42.89,30.511,5297800,0,0
2022-05-19,42.8,42.9,42.67,42.84,30.4755,7784700,0,0
2022-05-20,42.85,42.88,42.68,42.82,30.4612,5362100,0,0
2022-05-23,42.79,42.87,42.66,42.75,30.4114,3273100,0,0
2022-05-24,42.73,42.75,42.49,42.68,30.3616,5421500,0,0
2022-05-25,42.61,42.77,42.59,42.7,30.3759,8080400,0,0
2022-05-26,42.68,43.2,42.66,43.09,30.6533,10413600,0,0
2022-05-27,43.17,43.63,43.14,43.2,30.7316,14237200,0,0
2022-05-31,43.09,43.29,42.9,43.02,30.6035,4603400,0,0
2022-06-01,43.12,43.12,42.86,42.96,30.6821,6742100,0.17,0
2022-06-02,43.02,43.23,42.94,43.11,30.7892,5414000,0,0
2022-06-03,43.1,43.18,42.99,43.08,30.7678,4809700,0,0
2022-06-06,43.13,43.22,43.13,43.18,30.8392,2941000,0,0
2022-06-07,43.15,43.29,43.1,43.28,30.9106,4422800,0,0
2022-06-08,43.27,43.28,43.1,43.26,30.8963,1945200,0,0
2022-06-09,43.23,43.23,42.94,43.04,30.7392,4488400,0,0
2022-06-10,42.98,42.98,42.7,42.8,30.5678,7023600,0,0
2022-06-13,42.59,42.6,41.69,41.79,29.8465,10500600,0,0
2022-06-14,42.1,42.49,41.99,42.25,30.175,10442100,0,0
2022-06-15,42.42,42.66,42.32,42.42,30.2964,4499200,0,0
2022-06-16,42.32,42.32,42.03,42.24,30.1678,5630600,0,0
2022-06-17,42.22,42.37,42.07,42.26,30.1821,4521500,0,0
2022-06-21,42.35,42.46,42.25,42.3,30.2107,3567700,0,0
2022-06-22,42.19,42.36,42.08,42.13,30.0893,3487800,0,0
2022-06-23,42.2,42.22,41.99,42,29.9964,4240400,0,0
2022-06-24,42.15,42.29,42.01,42.21,30.1464,2641200,0,0
2022-06-27,42.19,42.29,42.06,42.08,30.0536,4286100,0,0
2022-06-28,42.09,42.25,41.93,41.96,29.9679,3407800,0,0
2022-06-29,42.01,42.02,41.79,41.9,29.925,3145900,0,0
2022-06-30,41.76,41.83,41.34,41.64,29.7393,3779600,0,0
2022-07-01,41.38,41.66,41.22,41.63,29.8541,5106400,0.17,0
2022-07-05,41.4,41.52,41.25,41.48,29.7465,2101200,0,0
2022-07-06,41.53,41.57,41.36,41.46,29.7322,2959000,0,0
2022-07-07,41.45,41.59,41.34,41.52,29.7752,3720000,0,0
2022-07-08,41.53,41.64,41.35,41.53,29.7824,3107500,0,0
2022-07-11,41.55,41.6,41.42,41.43,29.7106,2727400,0,0
2022-07-12,41.42,41.65,41.39,41.54,29.7895,5854400,0,0
2022-07-13,41.31,41.77,41.31,41.66,29.8756,5190400,0,0
2022-07-14,41.54,41.75,41.47,41.62,29.8469,2821300,0,0
2022-07-15,41.66,41.95,41.63,41.86,30.019,3239100,0,0
2022-07-18,41.88,42.1,41.84,41.95,30.0835,2724500,0,0
2022-07-19,42.08,42.41,42,42.4,30.4062,4934200,0,0
2022-07-20,42.5,42.51,42.2,42.38,30.3919,3980900,0,0
2022-07-21,42.39,42.57,41.99,42.55,30.5138,4155700,0,0
2022-07-22,42.61,42.8,42.35,42.39,30.3991,5095400,0,0
2022-07-25,42.42,42.53,42.26,42.44,30.4349,13008100,0,0
2022-07-26,42.47,42.48,42.29,42.3,30.3345,1878500,0,0
2022-07-27,42.43,42.59,42.16,42.44,30.4349,3683400,0,0
2022-07-28,42.43,42.56,42.33,42.51,30.4851,3915600,0,0
2022-07-29,42.51,42.59,42.5,42.52,30.4923,2478000,0,0
2022-08-01,42.25,42.44,42.19,42.43,30.5571,4667900,0.18,0
2022-08-02,42.41,42.45,42.27,42.37,30.5139,2910500,0,0
2022-08-03,42.4,42.57,42.34,42.53,30.6291,3407800,0,0
2022-08-04,42.6,42.9,42.6,42.88,30.8812,3793800,0,0
2022-08-05,42.82,43.03,42.75,42.99,30.9604,2470800,0,0
2022-08-08,43.02,43.21,43.02,43.16,31.0828,3828500,0,0
2022-08-09,43.2,43.23,43.1,43.12,31.054,2144600,0,0
2022-08-10,43.16,43.37,43.16,43.35,31.2197,5375200,0,0
2022-08-11,43.43,43.55,43.37,43.41,31.2629,2721000,0,0
2022-08-12,43.49,43.53,43.36,43.45,31.2917,2694900,0,0
2022-08-15,43.48,43.49,43.35,43.45,31.2917,1257200,0,0
2022-08-16,43.47,43.48,43.41,43.45,31.2917,1940100,0,0
2022-08-17,43.41,43.42,43.16,43.16,31.0828,2567100,0,0
2022-08-18,43.26,43.32,43.17,43.21,31.1189,1671000,0,0
2022-08-19,43.12,43.17,43.04,43.1,31.0397,4575500,0,0
2022-08-22,43.09,43.09,42.74,42.76,30.7948,5710500,0,0
2022-08-23,42.85,42.91,42.67,42.87,30.874,4009400,0,0
2022-08-24,42.87,43,42.83,42.98,30.9532,2708100,0,0
2022-08-25,43.07,43.07,42.97,43.07,31.018,2078400,0,0
2022-08-26,43.12,43.12,42.82,42.85,30.8596,3994500,0,0
2022-08-29,42.82,42.95,42.82,42.93,30.9172,2263300,0,0
2022-08-30,43,43,42.83,42.86,30.8668,4285200,0,0
2022-08-31,42.93,42.98,42.75,42.83,30.8452,3217900,0,0
2022-09-01,42.62,42.62,42.3,42.4,30.6788,4181300,0.2,0
2022-09-02,42.51,42.6,42.31,42.34,30.6353,3251700,0,0
2022-09-06,42.4,42.41,42.26,42.26,30.5775,2620600,0,0
2022-09-07,42.35,42.47,42.27,42.44,30.7077,4359300,0,0
2022-09-08,42.44,42.54,42.34,42.41,30.686,2874100,0,0
2022-09-09,42.47,42.63,42.43,42.57,30.8018,2673800,0,0
2022-09-12,42.67,42.73,42.5,42.6,30.8235,2028900,0,0
2022-09-13,42.44,42.45,42.18,42.21,30.5413,3810600,0,0
2022-09-14,42.3,42.3,40.62,42.25,30.5703,6507900,0,0
2022-09-15,42.18,42.31,42.18,42.26,30.5775,2423700,0,0
2022-09-16,42.19,42.19,42.06,42.11,30.4689,3194100,0,0
2022-09-19,42.05,42.18,41.95,42.13,30.4834,2372700,0,0
2022-09-20,42.08,42.1,41.84,41.92,30.3315,6514700,0,0
2022-09-21,42,42.23,41.91,41.94,30.3459,7496900,0,0
2022-09-22,41.84,41.9,41.81,41.83,30.2663,3815600,0,0
2022-09-23,41.74,41.77,41.4,41.42,29.9697,5781800,0,0
2022-09-26,41.32,41.44,41.3,41.33,29.9046,5468600,0,0
2022-09-27,41.35,41.46,41.14,41.14,29.7671,3042600,0,0
2022-09-28,41.18,41.41,41.17,41.3,29.8829,3874800,0,0
2022-09-29,41.26,41.27,40.93,40.98,29.6513,3066100,0,0
2022-09-30,40.93,41.05,40.86,40.87,29.5717,2461900,0,0
2022-10-03,40.68,40.95,40.6,40.85,29.7172,4518900,0.22,0
2022-10-04,41.06,41.43,40.95,41.33,30.0664,7150400,0,0
2022-10-05,41.3,41.41,41,41.32,30.0591,7150000,0,0
2022-10-06,41.36,41.42,41,41.37,30.0955,3816900,0,0
2022-10-07,41.21,41.39,41.14,41.17,29.95,2970100,0,0
2022-10-10,41.16,41.22,40.77,41.03,29.8482,2691600,0,0
2022-10-11,40.96,41.21,40.93,41.02,29.8409,4865300,0,0
2022-10-12,40.98,41.1,40.83,40.85,29.7172,5577200,0,0
2022-10-13,40.62,40.82,40.42,40.77,29.659,4585400,0,0
2022-10-14,40.78,40.92,40.71,40.74,29.6372,2401800,0,0
2022-10-17,40.84,41.13,40.83,40.95,29.79,3546600,0,0
2022-10-18,41.02,41.18,40.83,41.08,29.8845,2556400,0,0
2022-10-19,41.07,41.1,40.96,40.96,29.7972,2082600,0,0
2022-10-20,41.01,41.17,40.82,40.94,29.7827,3994000,0,0
2022-10-21,40.81,41.14,40.81,41.05,29.8627,3067200,0,0
2022-10-24,41.12,41.12,40.87,41.05,29.8627,1777600,0,0
2022-10-25,41.11,41.16,40.97,41.16,29.9427,1609900,0,0
2022-10-26,41.04,41.19,40.93,41.11,29.9064,1422100,0,0
2022-10-27,41.14,41.22,41,41.06,29.87,1857000,0,0
2022-10-28,41.13,41.46,41.02,41.43,30.1392,3904300,0,0
2022-10-31,41.39,41.39,41.27,41.34,30.0737,1491500,0,0
2022-11-01,41.25,41.36,41.07,41.09,30.0664,3078700,0.24,0
2022-11-02,41.04,41.18,40.9,40.95,29.9639,2652100,0,0
2022-11-03,40.95,40.99,40.84,40.86,29.8981,3393200,0,0
2022-11-04,41,41.18,40.93,41.11,30.081,2674700,0,0
2022-11-07,41.18,41.24,41.06,41.18,30.1322,2023500,0,0
2022-11-08,41.22,41.25,41.07,41.19,30.1395,1863500,0,0
2022-11-09,41.1,41.2,41,41,30.0005,1440300,0,0
2022-11-10,41.49,41.53,41.15,41.49,30.359,3915700,0,0
2022-11-11,41.55,41.72,41.41,41.61,30.4469,1398200,0,0
2022-11-14,41.51,41.7,41.33,41.35,30.2566,3553300,0,0
2022-11-15,41.45,41.61,41.34,41.46,30.3371,2213400,0,0
2022-11-16,41.38,41.52,41.33,41.42,30.3078,2245000,0,0
2022-11-17,41.37,41.39,41.25,41.39,30.2859,1822600,0,0
2022-11-18,41.42,41.51,41.37,41.44,30.3225,2975900,0,0
2022-11-21,41.46,41.47,41.27,41.29,30.2127,1936200,0,0
2022-11-22,41.33,41.44,41.26,41.42,30.3078,2403500,0,0
2022-11-23,41.42,41.59,41.33,41.49,30.359,3927900,0,0
2022-11-25,41.5,41.57,41.42,41.49,30.359,346500,0,0
2022-11-28,41.53,41.55,41.33,41.35,30.2566,1782900,0,0
2022-11-29,41.41,41.47,41.32,41.4,30.2932,1907300,0,0
2022-11-30,41.45,41.63,41.26,41.48,30.3517,4070900,0,0
2022-12-01,41.32,41.41,41.18,41.38,30.4548,2586800,0.24,0
2022-12-02,41.31,41.4,41.23,41.36,30.4401,1915900,0,0
2022-12-05,41.37,41.46,41.24,41.32,30.4106,2345900,0,0
2022-12-06,41.27,41.32,41.02,41.06,30.2193,3725800,0,0
2022-12-07,41.12,41.17,40.98,41.01,30.1825,2927400,0,0
2022-12-08,41,41.14,40.98,41.06,30.2193,2300300,0,0
2022-12-09,41.02,41.3,41.02,41.11,30.2561,2001100,0,0
2022-12-12,41.05,41.25,41.05,41.25,30.3591,2418500,0,0
2022-12-13,41.4,41.54,41.28,41.34,30.4253,2205600,0,0
2022-12-14,41.3,41.44,41.24,41.32,30.4106,2078400,0,0
2022-12-15,41.26,41.36,41.08,41.29,30.3885,3074100,0,0
2022-12-16,41.46,41.46,41.13,41.19,30.3149,2605000,0,0
2022-12-19,40.9,40.97,40.81,40.97,30.3298,3797400,0.24,0
2022-12-20,40.92,40.98,40.88,40.92,30.2927,2838400,0,0
2022-12-21,40.95,41.14,40.95,41.11,30.4334,2263700,0,0
2022-12-22,41.08,41.15,40.94,41.11,30.4334,3039300,0,0
2022-12-23,41.2,41.2,41.02,41.15,30.463,1081800,0,0
2022-12-27,41.23,41.25,41.02,41.02,30.3668,2126600,0,0
2022-12-28,41.03,41.08,40.71,40.74,30.1595,1597300,0,0
2022-12-29,40.75,40.95,40.73,40.87,30.2557,2953500,0,0
2022-12-30,40.81,40.94,40.77,40.9,30.2779,1939500,0,0
2023-01-03,40.98,41.23,40.94,41.14,30.4556,4141100,0,0
2023-01-04,41.28,41.28,41.14,41.17,30.4778,4909800,0,0
2023-01-05,41.21,41.36,41.17,41.34,30.6037,2671000,0,0
2023-01-06,41.41,41.63,41.25,41.62,30.8109,2570800,0,0
2023-01-09,41.62,41.82,41.62,41.8,30.9442,2240400,0,0
2023-01-10,41.85,41.85,41.65,41.7,30.8701,3253400,0,0
2023-01-11,41.81,41.85,41.73,41.82,30.959,2866200,0,0
2023-01-12,41.91,41.96,41.75,41.87,30.996,1528100,0,0
2023-01-13,41.87,41.98,41.74,41.96,31.0626,2178500,0,0
2023-01-17,41.93,42.02,41.76,41.97,31.07,1486000,0,0
2023-01-18,42.05,42.09,41.89,41.89,31.0108,2092700,0,0
2023-01-19,41.98,41.99,41.86,41.91,31.0256,2437700,0,0
2023-01-20,41.97,42.01,41.87,41.95,31.0552,2910300,0,0
2023-01-23,42,42.09,41.9,42.04,31.1219,1166500,0,0
2023-01-24,42.05,42.12,42,42.04,31.1219,1468700,0,0
2023-01-25,42.04,42.09,41.93,42.07,31.1441,1548200,0,0
2023-01-26,42.16,42.2,42.07,42.14,31.1959,1693600,0,0
2023-01-27,42.22,42.22,42.06,42.06,31.1367,2137400,0,0
2023-01-30,42.07,42.11,42,42.03,31.1145,2646500,0,0
2023-01-31,42.03,42.12,42.03,42.09,31.1589,3181300,0,0
2023-02-01,41.93,42,41.8,41.98,31.2631,3123100,0.25,0
2023-02-02,42.05,42.17,41.96,42.11,31.3599,3537200,0,0
2023-02-03,42.07,42.12,41.95,42,31.278,2757100,0,0
2023-02-06,42,42,41.92,41.94,31.2333,2092500,0,0
2023-02-07,41.98,42.09,41.94,42.07,31.3302,2593700,0,0
2023-02-08,42.02,42.13,41.98,42.02,31.2929,2678600,0,0
2023-02-09,42.08,42.08,41.92,41.93,31.2259,1646300,0,0
2023-02-10,41.97,42.01,41.93,41.99,31.2706,1505800,0,0
2023-02-13,41.98,42.05,41.96,41.97,31.2557,3585900,0,0
2023-02-14,42,42.05,41.93,42.01,31.2855,1706000,0,0
2023-02-15,41.99,42,41.93,41.96,31.2482,3529600,0,0
2023-02-16,41.9,41.95,41.84,41.91,31.211,1821600,0,0
2023-02-17,41.9,41.9,41.79,41.84,31.1589,5962700,0,0
2023-02-21,41.77,41.84,41.72,41.73,31.077,2797200,0,0
2023-02-22,41.79,41.81,41.71,41.72,31.0695,2021000,0,0
2023-02-23,41.8,41.81,41.73,41.78,31.1142,2284800,0,0
2023-02-24,41.76,41.76,41.69,41.73,31.077,1815500,0,0
2023-02-27,41.78,41.8,41.72,41.77,31.1067,812400,0,0
2023-02-28,41.71,41.8,41.7,41.79,31.1216,1798400,0,0
2023-03-01,41.54,41.57,41.45,41.47,31.0692,2058400,0.25,0
2023-03-02,41.46,41.54,41.42,41.53,31.1141,1497400,0,0
2023-03-03,41.6,41.68,41.4,41.68,31.2265,2104500,0,0
2023-03-06,41.72,41.77,41.58,41.61,31.1741,8031400,0,0
2023-03-07,41.65,41.65,41.53,41.56,31.1366,2790600,0,0
2023-03-08,41.59,41.6,41.54,41.58,31.1516,2605500,0,0
2023-03-09,41.62,41.62,41.45,41.46,31.0617,2644400,0,0
2023-03-10,41.5,41.5,41.33,41.39,31.0093,4862700,0,0
2023-03-13,41.33,41.33,40.68,40.81,30.5747,5318100,0,0
2023-03-14,41,41.13,40.97,41,30.7171,3792000,0,0
2023-03-15,40.77,40.94,40.62,40.7,30.4923,4867700,0,0
2023-03-16,40.67,40.95,40.65,40.9,30.6422,3614500,0,0
2023-03-17,40.76,40.86,40.71,40.71,30.4998,2410800,0,0
2023-03-20,40.78,40.78,40.64,40.72,30.5073,2633900,0,0
2023-03-21,40.7,41.07,40.69,41.02,30.7321,5607600,0,0
2023-03-22,40.98,41.16,40.91,40.92,30.6571,1514700,0,0
2023-03-23,40.93,41.42,40.73,40.87,30.6197,2963100,0,0
2023-03-24,40.8,40.84,40.71,40.8,30.5672,1600000,0,0
2023-03-27,40.86,40.99,40.79,40.91,30.6496,2792400,0,0
2023-03-28,41.06,41.09,40.8,41.06,30.762,2960100,0,0
2023-03-29,41.2,41.28,41,41.26,30.9119,1365600,0,0
2023-03-30,41.28,41.45,41.25,41.36,30.9868,1783400,0,0
2023-03-31,41.47,41.53,41.33,41.46,31.0617,3174400,0,0
2023-04-03,41.04,41.25,40.98,41.22,31.0843,1256800,0.27,0
2023-04-04,41.23,41.35,41.11,41.2,31.0692,2353300,0,0
2023-04-05,41.26,41.29,41.12,41.22,31.0843,3519200,0,0
2023-04-06,41.25,41.41,41.12,41.28,31.1296,1818900,0,0
2023-04-10,41.3,41.35,41.24,41.3,31.1446,1786300,0,0
2023-04-11,41.44,41.44,41.24,41.37,31.1974,2469700,0,0
2023-04-12,41.43,41.49,41.32,41.35,31.1824,1502000,0,0
2023-04-13,41.37,41.47,41.32,41.46,31.2653,3166700,0,0
2023-04-14,41.41,41.51,41.38,41.4,31.2201,2346600,0,0
2023-04-17,41.36,41.48,41.36,41.46,31.2653,1170500,0,0
2023-04-18,41.5,41.55,41.43,41.5,31.2955,1099400,0,0
2023-04-19,41.45,41.49,41.38,41.39,31.2125,3039900,0,0
2023-04-20,41.43,41.46,41.34,41.39,31.2125,1602600,0,0
2023-04-21,41.36,41.47,41.3,41.45,31.2578,1514100,0,0
2023-04-24,41.5,41.55,41.44,41.55,31.3332,1960600,0,0
2023-04-25,41.54,41.54,41.41,41.43,31.2427,1942700,0,0
2023-04-26,41.51,41.51,41.42,41.44,31.2502,1740900,0,0
2023-04-27,41.51,41.54,41.46,41.52,31.3106,1843100,0,0
2023-04-28,41.51,41.61,41.5,41.52,31.3106,2648300,0,0
2023-05-01,41.16,41.35,41.15,41.28,31.3409,3512200,0.28,0
2023-05-02,41.33,41.33,41.13,41.21,31.2878,2485900,0,0
2023-05-03,41.29,41.3,41.15,41.18,31.265,1921500,0,0
2023-05-04,41.16,41.2,41.08,41.09,31.1967,2671400,0,0
2023-05-05,41.2,41.2,41.08,41.17,31.2574,3204000,0,0
2023-05-08,41.17,41.2,41.1,41.16,31.2498,1878400,0,0
2023-05-09,41.16,41.19,41.12,41.17,31.2574,3105200,0,0
2023-05-10,41.2,41.24,41.11,41.13,31.227,1278300,0,0
2023-05-11,41.16,41.19,41.01,41.04,31.1587,2266500,0,0
2023-05-12,41.12,41.13,41.03,41.06,31.1739,1681900,0,0
2023-05-15,41.12,41.16,41.01,41.15,31.2422,1351000,0,0
2023-05-16,41.16,41.18,41.02,41.02,31.1435,8277300,0,0
2023-05-17,41.07,41.13,41.01,41.12,31.2194,2706400,0,0
2023-05-18,41.11,41.13,41.05,41.11,31.2119,2404500,0,0
2023-05-19,41.09,41.18,41.07,41.13,31.227,2507100,0,0
2023-05-22,41.14,41.2,41.09,41.17,31.2574,1495200,0,0
2023-05-23,41.17,41.18,41.06,41.08,31.1891,2009500,0,0
2023-05-24,41.06,41.1,40.98,40.98,31.1132,2310700,0,0
2023-05-25,41.01,41.01,40.93,40.98,31.1132,1930100,0,0
2023-05-26,41,41.1,40.98,41.09,31.1967,568600,0,0
2023-05-30,41.18,41.2,41.1,41.11,31.2119,946600,0,0
2023-05-31,41.06,41.13,41.05,41.1,31.2043,1563200,0,0
2023-06-01,40.81,40.9,40.76,40.84,31.2272,1777300,0.29,0
2023-06-02,40.94,41.08,40.84,41.03,31.3725,1973700,0,0
2023-06-05,41.05,41.14,41.02,41.11,31.4337,5634600,0,0
2023-06-06,41.13,41.18,41.08,41.17,31.4795,907500,0,0
2023-06-07,41.23,41.25,41.13,41.22,31.5178,1434100,0,0
2023-06-08,41.26,41.3,41.02,41.3,31.5789,1144500,0,0
2023-06-09,41.27,41.37,41.25,41.28,31.5636,1326000,0,0
2023-06-12,41.29,41.39,41.26,41.39,31.6477,1764400,0,0
2023-06-13,41.56,41.56,41.4,41.47,31.7089,2664500,0,0
2023-06-14,41.51,41.51,41.42,41.44,31.686,993300,0,0
2023-06-15,41.39,41.52,41.34,41.46,31.7013,1059700,0,0
2023-06-16,41.51,41.59,41.44,41.5,31.7319,1921600,0,0
2023-06-20,41.53,41.54,41.4,41.47,31.7089,1817000,0,0
2023-06-21,41.47,41.49,41.42,41.48,31.7166,1077900,0,0
2023-06-22,41.45,41.56,41.45,41.54,31.7624,948300,0,0
2023-06-23,41.55,41.55,41.48,41.52,31.7471,2539400,0,0
2023-06-26,41.57,41.57,41.51,41.53,31.7548,1526200,0,0
2023-06-27,41.58,41.62,41.53,41.62,31.8236,1083700,0,0
2023-06-28,41.55,41.77,41.54,41.74,31.9154,2394500,0,0
2023-06-29,41.62,41.83,41.59,41.8,31.9612,2906500,0,0
2023-06-30,41.88,41.93,41.68,41.87,32.0148,1951900,0,0
2023-07-03,41.66,41.66,41.46,41.63,32.0533,1096100,0.29,0
2023-07-05,41.65,41.66,41.45,41.61,32.0379,1820800,0,0
2023-07-06,41.57,41.62,41.47,41.53,31.9763,4035300,0,0
2023-07-07,41.51,41.61,41.4,41.58,32.0148,1909100,0,0
2023-07-10,41.67,41.69,41.57,41.63,32.0533,1426400,0,0
2023-07-11,41.69,41.73,41.63,41.69,32.0995,1199500,0,0
2023-07-12,41.78,41.86,41.68,41.84,32.2149,1328400,0,0
2023-07-13,41.9,41.95,41.81,41.87,32.2381,1714300,0,0
2023-07-14,41.91,41.93,41.84,41.85,32.2226,1055900,0,0
2023-07-17,41.87,41.93,41.77,41.83,32.2073,1330300,0,0
2023-07-18,41.85,41.89,41.8,41.8,32.1842,1721300,0,0
2023-07-19,41.83,41.87,41.78,41.8,32.1842,894100,0,0
2023-07-20,41.73,41.8,41.66,41.75,32.1457,1311100,0,0
2023-07-21,41.81,41.83,41.75,41.8,32.1842,1120200,0,0
2023-07-24,41.84,41.86,41.77,41.83,32.2073,895700,0,0
2023-07-25,41.85,41.87,41.83,41.86,32.2303,662400,0,0
2023-07-26,41.88,41.92,41.85,41.88,32.2457,1362800,0,0
2023-07-27,41.96,41.98,41.83,41.83,32.2073,1061800,0,0
2023-07-28,41.87,41.9,41.84,41.86,32.2303,1578700,0,0
2023-07-31,41.91,41.95,41.87,41.94,32.2919,1080200,0,0
2023-08-01,41.73,41.73,41.58,41.59,32.2454,964600,0.29,0
2023-08-02,41.59,41.59,41.49,41.52,32.1912,2169000,0,0
2023-08-03,41.53,41.55,41.48,41.52,32.1912,1525000,0,0
2023-08-04,41.58,41.63,41.55,41.56,32.2222,906200,0,0
2023-08-07,41.63,41.72,41.56,41.6,32.2532,726600,0,0
2023-08-08,41.54,41.6,41.51,41.6,32.2532,1145400,0,0
2023-08-09,41.63,41.67,41.61,41.64,32.2842,812400,0,0
2023-08-10,41.68,41.72,41.6,41.7,32.3307,1553400,0,0
2023-08-11,41.64,41.78,41.59,41.66,32.2997,1421300,0,0
2023-08-14,41.63,41.69,41.61,41.68,32.3152,638500,0,0
2023-08-15,41.68,41.7,41.63,41.68,32.3152,1384100,0,0
2023-08-16,41.64,41.72,41.62,41.67,32.3075,1605500,0,0
2023-08-17,41.73,41.75,41.67,41.69,32.323,2018300,0,0
2023-08-18,41.72,41.74,41.66,41.73,32.354,1139000,0,0
2023-08-21,41.78,41.79,41.73,41.79,32.4005,1166100,0,0
2023-08-22,41.81,41.85,41.78,41.8,32.4082,1172900,0,0
2023-08-23,41.83,41.88,41.8,41.88,32.4703,1512600,0,0
2023-08-24,41.95,41.95,41.82,41.83,32.4315,1225600,0,0
2023-08-25,41.87,41.9,41.8,41.87,32.4625,1070300,0,0
2023-08-28,41.89,41.97,41.89,41.97,32.54,1450200,0,0
2023-08-29,42,42.08,41.96,42.07,32.6176,1898700,0,0
2023-08-30,42.12,42.14,42.06,42.09,32.6331,1195400,0,0
2023-08-31,42.1,42.15,42.08,42.12,32.6563,1179000,0,0
2023-09-01,41.97,41.97,41.77,41.85,32.7032,1255300,0.33,0
2023-09-05,41.87,41.94,41.82,41.83,32.6876,1041500,0,0
2023-09-06,41.86,41.87,41.78,41.79,32.6563,1029900,0,0
2023-09-07,41.78,41.87,41.75,41.86,32.711,2788700,0,0
2023-09-08,41.91,41.91,41.8,41.87,32.7189,2444900,0,0
2023-09-11,41.94,41.94,41.85,41.91,32.7501,2908800,0,0
2023-09-12,41.94,41.94,41.9,41.93,32.7657,1078200,0,0
2023-09-13,41.94,41.98,41.9,41.97,32.797,1056800,0,0
2023-09-14,42.03,42.04,41.98,41.99,32.8126,1873400,0,0
2023-09-15,42.03,42.09,41.99,42,32.8204,1927600,0,0
2023-09-18,42.02,42.06,42.01,42.05,32.8595,1224000,0,0
2023-09-19,42.05,42.07,42,42.02,32.8361,769100,0,0
2023-09-20,42.06,42.07,42.01,42.02,32.8361,2107700,0,0
2023-09-21,41.98,41.98,41.88,41.89,32.7345,1381500,0,0
2023-09-22,42.01,42.01,41.88,41.92,32.7579,1310800,0,0
2023-09-25,41.92,41.99,41.9,41.91,32.7501,1002900,0,0
2023-09-26,41.93,41.93,41.85,41.86,32.711,3444900,0,0
2023-09-27,41.88,41.89,41.82,41.86,32.711,1891000,0,0
2023-09-28,41.85,41.97,41.83,41.89,32.7345,2679000,0,0
2023-09-29,41.93,41.94,41.89,41.93,32.7657,1507200,0,0
2023-10-02,41.51,41.56,41.4,41.54,32.7106,1614900,0.32,0
2023-10-03,41.49,41.49,41.38,41.39,32.5925,3155400,0,0
2023-10-04,41.39,41.44,41.27,41.39,32.5925,2129900,0,0
2023-10-05,41.38,41.38,41.3,41.35,32.561,2497600,0,0
2023-10-06,41.36,41.45,41.31,41.41,32.6083,2246300,0,0
2023-10-09,41.41,41.54,41.37,41.49,32.6712,1179700,0,0
2023-10-10,41.55,41.64,41.48,41.57,32.7342,2090900,0,0
2023-10-11,41.61,41.65,41.59,41.61,32.7658,2394900,0,0
2023-10-12,41.65,41.65,41.57,41.58,32.7421,1403500,0,0
2023-10-13,41.62,41.73,41.59,41.65,32.7972,1814200,0,0
2023-10-16,41.62,41.69,41.62,41.69,32.8287,1079400,0,0
2023-10-17,41.67,41.68,41.62,41.66,32.8051,1468500,0,0
2023-10-18,41.62,41.67,41.56,41.62,32.7736,990600,0,0
2023-10-19,41.65,41.65,41.51,41.52,32.6949,1413700,0,0
2023-10-20,41.55,41.55,41.51,41.54,32.7106,1317000,0,0
2023-10-23,41.56,41.58,41.5,41.54,32.7106,1635200,0,0
2023-10-24,41.61,41.62,41.55,41.6,32.7579,1475600,0,0
2023-10-25,41.56,41.61,41.51,41.51,32.687,670900,0,0
2023-10-26,41.54,41.58,41.46,41.47,32.6555,624800,0,0
2023-10-27,41.51,41.52,41.43,41.44,32.6319,1026100,0,0
2023-10-30,41.47,41.57,41.47,41.56,32.7264,1689600,0,0
2023-10-31,41.59,41.59,41.5,41.55,32.7185,1937500,0,0
2023-11-01,41.3,41.3,41.19,41.29,32.7661,1250700,0.32,0
2023-11-02,41.37,41.5,41.33,41.47,32.909,3722000,0,0
2023-11-03,41.52,41.6,41.51,41.54,32.9645,3617400,0,0
2023-11-06,41.59,41.63,41.5,41.6,33.0121,1806600,0,0
2023-11-07,41.66,41.66,41.55,41.6,33.0121,3137600,0,0
2023-11-08,41.66,41.68,41.56,41.6,33.0121,2429500,0,0
2023-11-09,41.63,41.63,41.56,41.58,32.9962,1615700,0,0
2023-11-10,41.62,41.64,41.57,41.61,33.0201,1434800,0,0
2023-11-13,41.63,41.68,41.57,41.62,33.028,1135700,0,0
2023-11-14,41.8,41.81,41.69,41.7,33.0915,2976800,0,0
2023-11-15,41.7,41.74,41.64,41.69,33.0835,1286800,0,0
2023-11-16,41.68,41.73,41.65,41.69,33.0835,2032800,0,0
2023-11-17,41.74,41.75,41.66,41.73,33.1153,749500,0,0
2023-11-20,41.68,41.77,41.67,41.76,33.1391,1710100,0,0
2023-11-21,41.76,41.83,41.7,41.72,33.1073,2488500,0,0
2023-11-22,41.76,41.85,41.72,41.75,33.1312,899500,0,0
2023-11-24,41.78,41.79,41.74,41.74,33.1232,251700,0,0
2023-11-27,41.77,41.84,41.73,41.75,33.1312,1429100,0,0
2023-11-28,41.74,41.78,41.73,41.76,33.1391,1364600,0,0
2023-11-29,41.75,41.84,41.75,41.82,33.1867,1152100,0,0
2023-11-30,41.88,41.88,41.8,41.84,33.2026,2127000,0,0
2023-12-01,41.56,41.59,41.5,41.53,33.2106,3234800,0.32,0
2023-12-04,41.59,41.59,41.47,41.57,33.2426,2743200,0,0
2023-12-05,41.61,41.62,41.55,41.6,33.2665,2358000,0,0
2023-12-06,41.66,41.69,41.6,41.64,33.2985,3173300,0,0
2023-12-07,41.69,41.71,41.64,41.68,33.3305,2220500,0,0
2023-12-08,41.68,41.75,41.65,41.73,33.3705,2553400,0,0
2023-12-11,41.74,41.75,41.66,41.7,33.3465,1787300,0,0
2023-12-12,41.72,41.76,41.68,41.73,33.3705,1080700,0,0
2023-12-13,41.78,41.84,41.7,41.82,33.4425,3494200,0,0
2023-12-14,41.88,41.99,41.84,41.98,33.5704,2908600,0,0
2023-12-15,41.95,42.02,41.9,41.98,33.5704,2235000,0,0
2023-12-18,41.7,41.7,41.62,41.66,33.5785,3820900,0.33,0
2023-12-19,41.66,41.76,41.66,41.72,33.6268,2126900,0,0
2023-12-20,41.76,41.79,41.71,41.72,33.6268,3375500,0,0
2023-12-21,41.76,41.82,41.75,41.8,33.6913,5049900,0,0
2023-12-22,41.86,41.9,41.83,41.89,33.7639,1631700,0,0
2023-12-26,41.93,41.93,41.82,41.9,33.7719,1336000,0,0
2023-12-27,41.93,41.98,41.9,41.96,33.8203,1508500,0,0
2023-12-28,41.99,41.99,41.92,41.92,33.7881,1262200,0,0
2023-12-29,41.95,41.97,41.92,41.93,33.7961,785800,0,0
2024-01-02,41.93,41.93,41.86,41.93,33.7961,2468100,0,0
2024-01-03,41.92,41.93,41.84,41.85,33.7316,1251800,0,0
2024-01-04,41.88,41.88,41.79,41.79,33.6833,3003700,0,0
2024-01-05,41.83,41.85,41.8,41.84,33.7236,3804700,0,0
2024-01-08,41.89,41.92,41.85,41.92,33.7881,2028500,0,0
2024-01-09,41.93,41.94,41.89,41.92,33.7881,3404300,0,0
2024-01-10,41.97,41.97,41.9,41.94,33.8042,2239700,0,0
2024-01-11,41.97,41.97,41.9,41.95,33.8122,1688000,0,0
2024-01-12,41.99,41.99,41.94,41.97,33.8284,1958600,0,0
2024-01-16,41.97,41.98,41.95,41.98,33.8364,1260300,0,0
2024-01-17,41.92,41.96,41.91,41.94,33.8042,1160400,0,0
2024-01-18,41.99,41.99,41.91,41.95,33.8122,2024400,0,0
2024-01-19,41.95,41.97,41.93,41.96,33.8203,2129600,0,0
2024-01-22,42.01,42.01,41.97,41.99,33.8445,3219800,0,0
2024-01-23,42.02,42.02,41.95,42,33.8525,2163500,0,0
2024-01-24,42.04,42.04,41.95,41.96,33.8203,2022000,0,0
2024-01-25,42.01,42.04,42,42.01,33.8606,2972600,0,0
2024-01-26,42.02,42.03,41.99,42,33.8525,1886900,0,0
2024-01-29,42.05,42.05,42,42.04,33.8848,4161800,0,0
2024-01-30,42.02,42.04,42,42.02,33.8686,1009800,0,0
2024-01-31,42.01,42.02,41.94,41.96,33.8203,1632900,0,0
2024-02-01,41.71,41.72,41.62,41.69,33.8609,3744900,0.32,0
2024-02-02,41.69,41.7,41.64,41.68,33.8528,2619900,0,0
2024-02-05,41.68,41.68,41.64,41.64,33.8203,1568400,0,0
2024-02-06,41.68,41.72,41.66,41.72,33.8853,1681400,0,0
2024-02-07,41.77,41.77,41.71,41.72,33.8853,1530900,0,0
2024-02-08,41.75,41.75,41.72,41.72,33.8853,2520100,0,0
2024-02-09,41.7,41.75,41.7,41.74,33.9015,2231600,0,0
2024-02-12,41.77,41.77,41.73,41.73,33.8934,990700,0,0
2024-02-13,41.67,41.72,41.66,41.68,33.8528,1881900,0,0
2024-02-14,41.77,41.77,41.72,41.76,33.9177,923000,0,0
2024-02-15,41.79,41.84,41.76,41.83,33.9746,1415400,0,0
2024-02-16,41.85,41.86,41.77,41.86,33.999,2124400,0,0
2024-02-20,41.88,41.89,41.82,41.87,34.0071,1132800,0,0
2024-02-21,41.9,41.92,41.87,41.9,34.0315,1324000,0,0
2024-02-22,41.98,41.99,41.93,41.98,34.0964,4459500,0,0
2024-02-23,41.99,42.01,41.97,41.98,34.0964,2204600,0,0
2024-02-26,41.99,42.01,41.97,41.99,34.1046,3356600,0,0
2024-02-27,42.02,42.04,42,42.02,34.1289,3546200,0,0
2024-02-28,42.02,42.03,41.97,42.01,34.1208,2449800,0,0
2024-02-29,42.04,42.06,42.02,42.04,34.1452,1973200,0,0
2024-03-01,41.78,41.79,41.72,41.77,34.1648,3802400,0.294,0
2024-03-04,41.81,41.82,41.76,41.8,34.1893,892900,0,0
2024-03-05,41.82,41.82,41.79,41.81,34.1975,1093500,0,0
2024-03-06,41.87,41.88,41.83,41.87,34.2466,1690200,0,0
2024-03-07,41.91,41.93,41.88,41.89,34.2629,1422900,0,0
2024-03-08,41.93,41.95,41.91,41.92,34.2875,1484600,0,0
2024-03-11,41.93,41.94,41.91,41.92,34.2875,1985700,0,0
2024-03-12,41.95,41.98,41.92,41.96,34.3202,2059800,0,0
2024-03-13,42,42.01,41.97,41.97,34.3284,1742400,0,0
2024-03-14,41.99,42,41.95,41.97,34.3284,2050100,0,0
2024-03-15,41.95,41.99,41.92,41.98,34.3366,1954200,0,0
2024-03-18,42.03,42.05,41.98,41.99,34.3447,2532400,0,0
2024-03-19,42.02,42.04,41.98,42.04,34.3856,2038900,0,0
2024-03-20,42.03,42.08,42.02,42.06,34.402,3802300,0,0
2024-03-21,42.1,42.13,42.02,42.03,34.3775,1617400,0,0
2024-03-22,42.08,42.09,41.91,41.91,34.2793,3418100,0,0
2024-03-25,41.87,41.96,41.87,41.94,34.3038,3393500,0,0
2024-03-26,41.98,41.98,41.93,41.94,34.3038,4379900,0,0
2024-03-27,41.98,42.04,41.97,42.04,34.3856,2347900,0,0
2024-03-28,42.05,42.13,42.03,42.11,34.4429,3848900,0,0
2024-04-01,41.77,41.87,41.75,41.83,34.4651,5130800,0.307,0
2024-04-02,41.85,41.85,41.77,41.82,34.4569,1500400,0,0
2024-04-03,41.86,41.86,41.81,41.81,34.4487,4599900,0,0
2024-04-04,41.86,41.87,41.72,41.73,34.3827,3109900,0,0
2024-04-05,41.83,41.84,41.76,41.77,34.4157,3020800,0,0
2024-04-08,41.79,41.87,41.78,41.86,34.4899,4639100,0,0
2024-04-09,41.83,41.88,41.82,41.84,34.4734,2766800,0,0
2024-04-10,41.82,41.84,41.76,41.8,34.4404,2342000,0,0
2024-04-11,41.84,41.84,41.76,41.81,34.4487,1912200,0,0
2024-04-12,41.81,41.81,41.73,41.76,34.4075,4271200,0,0
2024-04-15,41.8,41.86,41.74,41.75,34.3992,3391300,0,0
2024-04-16,41.78,41.83,41.72,41.72,34.3745,2722600,0,0
2024-04-17,41.8,41.81,41.71,41.72,34.3745,4788800,0,0
2024-04-18,41.78,41.8,41.73,41.78,34.4239,4474400,0,0
2024-04-19,41.78,41.81,41.77,41.8,34.4404,3790100,0,0
2024-04-22,41.85,41.87,41.83,41.87,34.4981,2919000,0,0
2024-04-23,41.9,41.97,41.86,41.95,34.564,4109400,0,0
2024-04-24,41.97,41.98,41.93,41.98,34.5887,4450700,0,0
2024-04-25,41.96,41.96,41.85,41.92,34.5393,3011400,0,0
2024-04-26,41.97,41.99,41.92,41.98,34.5887,2614700,0,0
2024-04-29,42,42.04,41.97,42,34.6052,5398400,0,0
2024-04-30,42.02,42.02,41.96,41.98,34.5887,2550200,0,0
2024-05-01,41.75,41.75,41.66,41.68,34.5987,4358800,0.312,0
2024-05-02,41.73,41.79,41.68,41.78,34.6817,3260500,0,0
2024-05-03,41.87,41.88,41.81,41.87,34.7564,8015600,0,0
2024-05-06,41.91,41.92,41.88,41.92,34.7979,5491800,0,0
2024-05-07,41.96,41.97,41.92,41.96,34.8311,5810500,0,0
2024-05-08,41.96,41.99,41.91,41.92,34.7979,3686400,0,0
2024-05-09,41.97,41.98,41.93,41.97,34.8394,2765300,0,0
2024-05-10,42,42,41.94,41.94,34.8145,1070800,0,0
2024-05-13,41.99,41.99,41.94,41.95,34.8228,1139200,0,0
2024-05-14,41.98,41.98,41.94,41.94,34.8145,1257000,0,0
2024-05-15,41.97,42.01,41.9,41.98,34.8477,3920600,0,0
2024-05-16,42,42.01,41.97,41.97,34.8394,2702100,0,0
2024-05-17,42.02,42.03,41.99,42,34.8643,1499700,0,0
2024-05-20,42.03,42.04,42.01,42.02,34.8809,2904500,0,0
2024-05-21,42.01,42.04,42.01,42.03,34.8892,447000,0,0
2024-05-22,42.04,42.08,42.02,42.03,34.8892,1829800,0,0
2024-05-23,42.08,42.08,42,42.01,34.8726,4253000,0,0
2024-05-24,42.07,42.07,42.03,42.07,34.9224,1329200,0,0
2024-05-28,42.08,42.09,42.04,42.06,34.9141,2493700,0,0
2024-05-29,42.05,42.05,42.01,42.03,34.8892,1805800,0,0
2024-05-30,42.07,42.07,42.03,42.05,34.9058,4701600,0,0
2024-05-31,42.07,42.09,42.05,42.09,34.939,2702300,0,0
2024-06-03,41.82,41.84,41.79,41.8,34.9516,6375600,0.305,0
2024-06-04,41.82,41.84,41.8,41.81,34.9599,3402900,0,0
2024-06-05,41.84,41.84,41.81,41.82,34.9683,4998300,0,0
2024-06-06,41.83,41.85,41.8,41.83,34.9767,5274200,0,0
2024-06-07,41.85,41.85,41.81,41.83,34.9767,3550500,0,0
2024-06-10,41.84,41.86,41.83,41.86,35.0017,1857700,0,0
2024-06-11,41.86,41.9,41.84,41.85,34.9934,1657000,0,0
2024-06-12,41.9,41.9,41.83,41.87,35.0101,2921000,0,0
2024-06-13,41.89,41.89,41.82,41.82,34.9683,4185600,0,0
2024-06-14,41.83,41.83,41.67,41.68,34.8512,10909600,0,0
2024-06-17,41.78,41.78,41.69,41.76,34.9181,3469000,0,0
2024-06-18,41.8,41.8,41.73,41.76,34.9181,3282000,0,0
2024-06-20,41.76,41.76,41.73,41.74,34.9014,2230900,0,0
2024-06-21,41.75,41.76,41.69,41.73,34.893,4577900,0,0
2024-06-24,41.74,41.79,41.74,41.76,34.9181,1722200,0,0
2024-06-25,41.79,41.8,41.76,41.78,34.9348,2518300,0,0
2024-06-26,41.78,41.79,41.76,41.77,34.9265,2486400,0,0
2024-06-27,41.79,41.81,41.76,41.79,34.9432,3828800,0,0
2024-06-28,41.83,41.84,41.8,41.8,34.9516,3400300,0,0
2024-07-01,41.52,41.6,41.52,41.56,35.0021,6588900,0.3,0
2024-07-02,41.55,41.6,41.55,41.59,35.0274,3768300,0,0
2024-07-03,41.63,41.64,41.57,41.61,35.0442,1124900,0,0
2024-07-05,41.7,41.7,41.61,41.67,35.0947,2325700,0,0
2024-07-08,41.68,41.71,41.66,41.66,35.0863,2606200,0,0
2024-07-09,41.69,41.69,41.66,41.68,35.1032,4042300,0,0
2024-07-10,41.69,41.7,41.67,41.69,35.1116,4824400,0,0
2024-07-11,41.72,41.72,41.66,41.68,35.1032,1617000,0,0
2024-07-12,41.72,41.73,41.7,41.72,35.1369,2766600,0,0
2024-07-15,41.74,41.77,41.73,41.74,35.1537,3014500,0,0
2024-07-16,41.76,41.78,41.75,41.77,35.179,10080800,0,0
2024-07-17,41.73,41.78,41.73,41.76,35.1706,5276700,0,0
2024-07-18,41.77,41.79,41.76,41.77,35.179,5973300,0,0
2024-07-19,41.81,41.81,41.77,41.78,35.1874,4160800,0,0
2024-07-22,41.8,41.8,41.78,41.8,35.2042,3389300,0,0
2024-07-23,41.8,41.81,41.78,41.78,35.1874,6433100,0,0
2024-07-24,41.79,41.79,41.73,41.74,35.1537,2325000,0,0
2024-07-25,41.75,41.75,41.67,41.68,35.1032,4401900,0,0
2024-07-26,41.72,41.72,41.68,41.7,35.12,2226900,0,0
2024-07-29,41.72,41.72,41.69,41.71,35.1284,5733600,0,0
2024-07-30,41.74,41.74,41.68,41.7,35.12,3914800,0,0
2024-07-31,41.76,41.76,41.71,41.75,35.1621,2852800,0,0
2024-08-01,41.45,41.48,41.36,41.4,35.1223,7714900,0.303,0
2024-08-02,41.4,41.41,41.21,41.24,34.9865,12433300,0,0
2024-08-05,40.75,41.04,40.71,40.93,34.7235,21889300,0,0
2024-08-06,40.97,41.22,40.97,41.15,34.9102,8126400,0,0
2024-08-07,41.17,41.36,41.14,41.18,34.9356,8550700,0,0
2024-08-08,41.27,41.38,41.22,41.35,35.0798,4489700,0,0
2024-08-09,41.39,41.4,41.31,41.32,35.0544,4033300,0,0
2024-08-12,41.4,41.4,41.31,41.36,35.0883,4455600,0,0
2024-08-13,41.37,41.39,41.36,41.37,35.0968,2212300,0,0
2024-08-14,41.39,41.45,41.38,41.42,35.1392,2138300,0,0
2024-08-15,41.5,41.51,41.45,41.47,35.1816,3771200,0,0
2024-08-16,41.52,41.57,41.46,41.53,35.2325,3898000,0,0
2024-08-19,41.56,41.62,41.53,41.59,35.2834,3348000,0,0
2024-08-20,41.59,41.64,41.59,41.62,35.3089,3419000,0,0
2024-08-21,41.64,41.69,41.63,41.66,35.3428,2638100,0,0
2024-08-22,41.66,41.68,41.62,41.62,35.3089,2448700,0,0
2024-08-23,41.65,41.73,41.65,41.72,35.3937,3479200,0,0
2024-08-26,41.72,41.76,41.71,41.76,35.4277,1407400,0,0
2024-08-27,41.79,41.8,41.76,41.76,35.4277,3283900,0,0
2024-08-28,41.81,41.84,41.75,41.77,35.4362,2143400,0,0
2024-08-29,41.8,41.83,41.77,41.81,35.4701,2209700,0,0
2024-08-30,41.85,41.86,41.82,41.85,35.504,1157000,0,0
2024-09-03,41.58,41.68,41.46,41.47,35.4467,3708700,0.313,0
2024-09-04,41.44,41.49,41.44,41.47,35.4467,4034300,0,0
2024-09-05,41.5,41.53,41.48,41.53,35.498,5083900,0,0
2024-09-06,41.58,41.58,41.5,41.51,35.4809,5259000,0,0
2024-09-09,41.55,41.58,41.53,41.58,35.5408,5532800,0,0
2024-09-10,41.63,41.64,41.55,41.57,35.5322,4535300,0,0
2024-09-11,41.57,41.6,41.54,41.6,35.5579,3681300,0,0
2024-09-12,41.62,41.62,41.58,41.62,35.575,1971400,0,0
2024-09-13,41.65,41.66,41.62,41.65,35.6006,2400600,0,0
2024-09-16,41.65,41.7,41.64,41.69,35.6348,2672200,0,0
2024-09-17,41.71,41.72,41.69,41.71,35.6519,3255000,0,0
2024-09-18,41.7,41.73,41.66,41.71,35.6519,2696500,0,0
2024-09-19,41.78,41.79,41.73,41.74,35.6775,2871900,0,0
2024-09-20,41.75,41.77,41.74,41.75,35.6861,5281800,0,0
2024-09-23,41.77,41.78,41.75,41.78,35.7117,2218500,0,0
2024-09-24,41.8,41.8,41.71,41.73,35.669,3584100,0,0
2024-09-25,41.74,41.74,41.7,41.71,35.6519,2185000,0,0
2024-09-26,41.78,41.78,41.73,41.74,35.6775,4033300,0,0
2024-09-27,41.76,41.76,41.73,41.74,35.6775,3070400,0,0
2024-09-30,41.75,41.79,41.74,41.76,35.6946,2433100,0,0
2024-10-01,41.49,41.52,41.46,41.5,35.7325,3518000,0.304,0
2024-10-02,41.52,41.54,41.49,41.54,35.7669,2257800,0,0
2024-10-03,41.6,41.6,41.53,41.56,35.7842,3055200,0,0
2024-10-04,41.66,41.67,41.61,41.67,35.8789,4267900,0,0
2024-10-07,41.65,41.68,41.61,41.64,35.8531,4477600,0,0
2024-10-08,41.66,41.72,41.62,41.66,35.8703,5162300,0,0
2024-10-09,41.68,41.75,41.66,41.75,35.9478,7810700,0,0
2024-10-10,41.8,41.8,41.74,41.75,35.9478,3584500,0,0
2024-10-11,41.78,41.82,41.76,41.82,36.008,6274200,0,0
2024-10-14,41.85,41.86,41.82,41.86,36.0425,901600,0,0
2024-10-15,41.86,41.87,41.83,41.86,36.0425,4984700,0,0
2024-10-16,41.89,41.89,41.84,41.84,36.0253,3784100,0,0
2024-10-17,41.88,41.9,41.86,41.89,36.0683,3373300,0,0
2024-10-18,41.91,41.93,41.91,41.91,36.0855,5507400,0,0
2024-10-21,41.94,41.95,41.92,41.94,36.1114,2755000,0,0
2024-10-22,41.96,41.96,41.91,41.94,36.1114,2458500,0,0
2024-10-23,41.96,41.96,41.87,41.89,36.0683,4552300,0,0
2024-10-24,41.93,41.93,41.88,41.9,36.0769,2261800,0,0
2024-10-25,41.94,41.95,41.91,41.93,36.1028,5964700,0,0
2024-10-28,41.95,41.97,41.92,41.92,36.0941,3318400,0,0
2024-10-29,41.92,41.94,41.88,41.93,36.1028,3261500,0,0
2024-10-30,41.96,41.98,41.93,41.93,36.1028,4241800,0,0
2024-10-31,41.9,41.91,41.83,41.84,36.0253,7092100,0,0
2024-11-01,41.6,41.64,41.6,41.63,36.0998,2766900,0.296,0
2024-11-04,41.61,41.64,41.61,41.62,36.0912,1541000,0,0
2024-11-05,41.63,41.65,41.61,41.64,36.1085,5261600,0,0
2024-11-06,41.8,41.8,41.73,41.78,36.2299,5921200,0,0
2024-11-07,41.8,41.84,41.76,41.84,36.2819,9143800,0,0
2024-11-08,41.87,41.92,41.84,41.9,36.334,8309100,0,0
2024-11-11,41.93,41.97,41.92,41.96,36.386,2742800,0,0
2024-11-12,41.95,41.96,41.87,41.87,36.308,5987900,0,0
2024-11-13,41.92,41.92,41.86,41.87,36.308,2281000,0,0
2024-11-14,41.86,41.89,41.84,41.86,36.2993,8047300,0,0
2024-11-15,41.89,41.89,41.85,41.86,36.2993,5884300,0,0
2024-11-18,41.9,41.97,41.87,41.96,36.386,12077500,0,0
2024-11-19,41.92,41.96,41.9,41.94,36.3687,4671700,0,0
2024-11-20,41.98,41.98,41.93,41.95,36.3773,3681000,0,0
2024-11-21,41.97,41.99,41.93,41.99,36.412,3312900,0,0
2024-11-22,42,42.03,41.97,41.98,36.4033,4078600,0,0
2024-11-25,42.03,42.04,41.95,41.95,36.3773,4736900,0,0
2024-11-26,41.98,41.98,41.94,41.96,36.386,4156200,0,0
2024-11-27,41.99,42,41.96,42,36.4207,1882100,0,0
2024-11-29,42.02,42.09,42.02,42.08,36.4901,2466000,0,0
2024-12-02,41.86,41.89,41.81,41.86,36.525,6162900,0.26,0
2024-12-03,41.87,41.88,41.84,41.85,36.5162,2920700,0,0
2024-12-04,41.89,41.89,41.81,41.84,36.5075,4071900,0,0
2024-12-05,41.85,41.85,41.83,41.83,36.4988,3963700,0,0
2024-12-06,41.85,41.88,41.85,41.86,36.525,1560400,0,0
2024-12-09,41.91,41.91,41.89,41.9,36.5599,2364700,0,0
2024-12-10,41.94,41.94,41.9,41.9,36.5599,3506500,0,0
2024-12-11,41.96,41.96,41.92,41.92,36.5773,2004100,0,0
2024-12-12,41.93,41.97,41.93,41.96,36.6122,3052300,0,0
2024-12-13,41.97,42,41.96,41.97,36.6209,4559400,0,0
2024-12-16,42,42.02,41.97,41.99,36.6384,6646600,0,0
2024-12-17,41.99,42,41.95,41.98,36.6297,4857100,0,0
2024-12-18,41.99,41.99,41.83,41.87,36.5337,5310000,0,0
2024-12-19,41.7,41.7,41.55,41.56,36.4959,4271200,0.267,0
2024-12-20,41.6,41.64,41.54,41.63,36.5574,4879500,0,0
2024-12-23,41.66,41.66,41.61,41.64,36.5662,3587100,0,0
2024-12-24,41.67,41.67,41.63,41.66,36.5837,1379900,0,0
2024-12-26,41.67,41.71,41.65,41.71,36.6276,2271100,0,0
2024-12-27,41.69,41.73,41.68,41.72,36.6364,2402400,0,0
2024-12-30,41.7,41.73,41.67,41.7,36.6189,1888900,0,0
2024-12-31,41.74,41.76,41.71,41.73,36.6452,1041700,0,0
2025-01-02,41.77,41.78,41.72,41.75,36.6628,3208600,0,0
2025-01-03,41.79,41.85,41.79,41.84,36.7418,2087300,0,0
2025-01-06,41.88,41.93,41.87,41.89,36.7857,6516500,0,0
2025-01-07,41.9,41.92,41.87,41.89,36.7857,6866700,0,0
2025-01-08,41.93,41.94,41.86,41.9,36.7945,3852600,0,0
2025-01-10,41.9,41.92,41.85,41.88,36.7769,6375000,0,0
2025-01-13,41.89,41.89,41.83,41.87,36.7682,4270200,0,0
2025-01-14,41.92,41.92,41.84,41.84,36.7418,3202400,0,0
2025-01-15,41.87,41.91,41.86,41.9,36.7945,6096100,0,0
2025-01-16,41.93,41.95,41.9,41.92,36.8121,5242000,0,0
2025-01-17,41.95,41.95,41.92,41.94,36.8296,3109800,0,0
2025-01-21,41.96,41.98,41.94,41.96,36.8472,2221600,0,0
2025-01-22,41.99,41.99,41.95,41.97,36.856,4281400,0,0
2025-01-23,41.98,41.99,41.96,41.96,36.8472,3002600,0,0
2025-01-24,41.99,42.01,41.98,41.99,36.8735,3969800,0,0
2025-01-27,41.97,41.99,41.95,41.98,36.8648,3378100,0,0
2025-01-28,42.01,42.01,41.95,41.97,36.856,3965600,0,0
2025-01-29,41.99,41.99,41.94,41.97,36.856,13023600,0,0
2025-01-30,42,42,41.96,41.99,36.8735,13081200,0,0
2025-01-31,42.02,42.03,41.96,41.96,36.8472,2997100,0,0
2025-02-03,41.66,41.67,41.62,41.63,36.8012,5862300,0.278,0
2025-02-04,41.65,41.69,41.64,41.68,36.8454,3015000,0,0
2025-02-05,41.69,41.71,41.67,41.69,36.8543,4751700,0,0
2025-02-06,41.72,41.72,41.66,41.69,36.8543,4301600,0,0
2025-02-07,41.72,41.72,41.65,41.68,36.8454,3228800,0,0
2025-02-10,41.71,41.74,41.67,41.68,36.8454,4924500,0,0
2025-02-11,41.7,41.7,41.64,41.65,36.8189,3864700,0,0
2025-02-12,41.65,41.68,41.63,41.65,36.8189,2851000,0,0
2025-02-13,41.66,41.72,41.65,41.72,36.8808,3530000,0,0
2025-02-14,41.76,41.76,41.73,41.74,36.8985,1854800,0,0
2025-02-18,41.78,41.79,41.73,41.76,36.9161,4805900,0,0
2025-02-19,41.78,41.8,41.73,41.74,36.8985,6514600,0,0
2025-02-20,41.75,41.79,41.7,41.74,36.8985,7075700,0,0
2025-02-21,41.76,41.77,41.68,41.7,36.8631,7908200,0,0
2025-02-24,41.71,41.72,41.67,41.68,36.8454,6760600,0,0
2025-02-25,41.71,41.73,41.66,41.68,36.8454,5952900,0,0
2025-02-26,41.7,41.74,41.69,41.71,36.8719,4740900,0,0
2025-02-27,41.73,41.74,41.68,41.69,36.8543,4206200,0,0
2025-02-28,41.71,41.72,41.66,41.7,36.8631,4760300,0,0
2025-03-03,41.48,41.49,41.38,41.38,36.8097,4852400,0.26,0
2025-03-04,41.38,41.47,41.26,41.26,36.703,19628500,0,0
2025-03-05,41.3,41.41,41.28,41.4,36.8275,6576700,0,0
2025-03-06,41.37,41.38,41.3,41.3,36.7386,4265600,0,0
2025-03-07,41.32,41.35,41.29,41.33,36.7653,8629600,0,0
2025-03-10,41.33,41.35,41.23,41.24,36.6852,8809800,0,0
2025-03-11,41.27,41.28,41.18,41.18,36.6318,14544800,0,0
2025-03-12,41.23,41.28,41.15,41.16,36.614,5808600,0,0
2025-03-13,41.13,41.18,41.03,41.05,36.5162,10018400,0,0
2025-03-14,41.12,41.14,41.03,41.08,36.5429,9282700,0,0
2025-03-17,41.12,41.17,41.06,41.1,36.5607,5341000,0,0
2025-03-18,41.1,41.12,41.02,41.02,36.4895,7534800,0,0
2025-03-19,41.05,41.12,41.02,41.08,36.5429,8100300,0,0
2025-03-20,41.07,41.16,41.03,41.15,36.6051,6124800,0,0
2025-03-21,41.14,41.16,41.13,41.15,36.6051,3322100,0,0
2025-03-24,41.2,41.24,41.17,41.23,36.6763,6686100,0,0
2025-03-25,41.25,41.28,41.22,41.24,36.6852,4503200,0,0
2025-03-26,41.24,41.26,41.22,41.24,36.6852,3739800,0,0
2025-03-27,41.25,41.25,41.21,41.23,36.6763,2666300,0,0
2025-03-28,41.25,41.28,41.11,41.11,36.5695,6352100,0,0
2025-03-31,41.1,41.13,41.04,41.13,36.5873,8075000,0,0
2025-04-01,40.86,40.88,40.75,40.82,36.5524,7886200,0.271,0
2025-04-02,40.82,40.82,40.74,40.81,36.5435,2848200,0,0
2025-04-03,40.64,40.65,40.4,40.42,36.1942,24330300,0,0
2025-04-04,40.2,40.23,39.76,39.89,35.7196,31820300,0,0
2025-04-07,39.37,39.9,39.08,39.47,35.3436,26630700,0,0
2025-04-08,39.68,40.06,39.57,39.61,35.4689,21023100,0,0
2025-04-09,39.36,40.68,39.36,40.46,36.23,34044500,0,0
2025-04-10,40.37,40.39,39.97,40.03,35.845,16708100,0,0
2025-04-11,40.05,40.18,39.88,40.14,35.9435,6972200,0,0
2025-04-14,40.27,40.35,40.2,40.29,36.0778,8496100,0,0
2025-04-15,40.33,40.43,40.33,40.37,36.1495,6089800,0,0
2025-04-16,40.34,40.42,40.21,40.23,36.0241,5548800,0,0
2025-04-17,40.32,40.42,40.28,40.4,36.1763,4265300,0,0
2025-04-21,40.39,40.41,40.3,40.38,36.1584,3428700,0,0
2025-04-22,40.47,40.51,40.4,40.42,36.1942,6774600,0,0
2025-04-23,40.67,40.78,40.64,40.65,36.4002,9565100,0,0
2025-04-24,40.7,40.8,40.69,40.8,36.5345,10761400,0,0
2025-04-25,40.83,40.87,40.77,40.8,36.5345,6496500,0,0
2025-04-28,40.85,40.87,40.78,40.84,36.5703,2517500,0,0
2025-04-29,40.85,40.87,40.82,40.86,36.5882,3720100,0,0
2025-04-30,40.81,40.85,40.73,40.78,36.5166,6115700,0,0
2025-05-01,40.59,40.62,40.51,40.53,36.5202,7341600,0.254,0
2025-05-02,40.65,40.75,40.63,40.73,36.7004,8062400,0,0
2025-05-05,40.72,40.75,40.68,40.73,36.7004,3060900,0,0
2025-05-06,40.73,40.77,40.68,40.73,36.7004,1931400,0,0
2025-05-07,40.76,40.8,40.71,40.76,36.7275,2573400,0,0
2025-05-08,40.8,40.88,40.78,40.83,36.7905,3442300,0,0
2025-05-09,40.84,40.89,40.83,40.87,36.8266,2083800,0,0
2025-05-12,41.07,41.14,41,41.13,37.0608,6598300,0,0
2025-05-13,41.2,41.23,41.14,41.19,37.1149,6294400,0,0
2025-05-14,41.22,41.27,41.2,41.24,37.16,12887900,0,0
2025-05-15,41.25,41.27,41.23,41.26,37.178,4095800,0,0
2025-05-16,41.29,41.32,41.26,41.29,37.205,2251900,0,0
2025-05-19,41.24,41.32,41.24,41.3,37.214,2049300,0,0
2025-05-20,41.29,41.3,41.22,41.29,37.205,3993100,0,0
2025-05-21,41.26,41.29,41.2,41.22,37.1419,2838800,0,0
2025-05-22,41.24,41.27,41.22,41.23,37.1509,2293100,0,0
2025-05-23,41.23,41.24,41.19,41.23,37.1509,3967900,0,0
2025-05-27,41.26,41.3,41.26,41.29,37.205,4828300,0,0
2025-05-28,41.32,41.34,41.3,41.32,37.232,3986000,0,0
2025-05-29,41.35,41.37,41.33,41.37,37.2771,3819800,0,0
2025-05-30,41.4,41.4,41.37,41.39,37.2951,2955700,0,0
2025-06-02,41.15,41.16,41.11,41.14,37.3033,3186100,0.259,0
2025-06-03,41.14,41.16,41.12,41.15,37.3123,3197400,0,0
2025-06-04,41.17,41.17,41.13,41.15,37.3123,2558700,0,0
2025-06-05,41.17,41.2,41.09,41.1,37.267,3228900,0,0
2025-06-06,41.16,41.2,41.16,41.19,37.3486,3107100,0,0
2025-06-09,41.22,41.23,41.2,41.23,37.3849,1160100,0,0
2025-06-10,41.24,41.25,41.21,41.24,37.394,1470000,0,0
2025-06-11,41.25,41.25,41.2,41.22,37.3758,2523200,0,0
2025-06-12,41.23,41.34,41.2,41.22,37.3758,1769200,0,0
2025-06-13,41.22,41.23,41.15,41.18,37.3396,3728500,0,0
2025-06-16,41.2,41.24,41.19,41.24,37.394,1967800,0,0
2025-06-17,41.23,41.23,41.2,41.21,37.3667,2253200,0,0
2025-06-18,41.23,41.25,41.21,41.24,37.394,2160700,0,0
2025-06-20,41.26,41.28,41.24,41.28,37.4302,1689100,0,0
2025-06-23,41.29,41.3,41.26,41.28,37.4302,2923700,0,0
2025-06-24,41.3,41.39,41.3,41.39,37.53,1982900,0,0
2025-06-25,41.4,41.46,41.39,41.46,37.5934,2124100,0,0
2025-06-26,41.49,41.53,41.47,41.48,37.6116,4465700,0,0
2025-06-27,41.52,41.57,41.5,41.56,37.6841,4961000,0,0
2025-06-30,41.59,41.61,41.57,41.59,37.7113,5839900,0,0
2025-07-01,41.33,41.36,41.31,41.35,37.736,6072500,0.267,0
2025-07-02,41.35,41.4,41.34,41.4,37.7816,1678500,0,0
2025-07-03,41.43,41.46,41.42,41.46,37.8363,1075100,0,0
2025-07-07,41.46,41.46,41.38,41.4,37.7816,3831700,0,0
2025-07-08,41.44,41.44,41.38,41.4,37.7816,5133500,0,0
2025-07-09,41.41,41.45,41.4,41.44,37.8181,3459900,0,0
2025-07-10,41.45,41.52,41.42,41.51,37.882,5110300,0,0
2025-07-11,41.5,41.53,41.5,41.52,37.8911,3203100,0,0
2025-07-14,41.52,41.56,41.5,41.55,37.9185,1170500,0,0
2025-07-15,41.58,41.58,41.52,41.53,37.9002,1407300,0,0
2025-07-16,41.55,41.57,41.48,41.52,37.8911,5760500,0,0
2025-07-17,41.53,41.56,41.51,41.54,37.9093,7333700,0,0
2025-07-18,41.56,41.58,41.54,41.57,37.9367,2110000,0,0
2025-07-21,41.58,41.6,41.58,41.58,37.9459,2161800,0,0
2025-07-22,41.58,41.62,41.56,41.61,37.9732,4036600,0,0
2025-07-23,41.61,41.65,41.61,41.64,38.0006,2521900,0,0
2025-07-24,41.64,41.66,41.61,41.62,37.9824,2055000,0,0
2025-07-25,41.65,41.66,41.6,41.61,37.9732,3179100,0,0
2025-07-28,41.64,41.64,41.61,41.63,37.9915,2025300,0,0
2025-07-29,41.63,41.65,41.61,41.65,38.0097,3010900,0,0
2025-07-30,41.65,41.66,41.59,41.61,37.9732,2288500,0,0
2025-07-31,41.65,41.67,41.63,41.65,38.0097,12131000,0,0
2025-08-01,41.36,41.36,41.28,41.28,37.9188,4156700,0.271,0
2025-08-04,41.33,41.37,41.32,41.37,38.0015,2550400,0,0
2025-08-05,41.38,41.39,41.35,41.37,38.0015,1206800,0,0
2025-08-06,41.39,41.42,41.37,41.41,38.0382,2023300,0,0
2025-08-07,41.43,41.44,41.41,41.43,38.0566,1247500,0,0
2025-08-08,41.45,41.45,41.43,41.43,38.0566,1267800,0,0
2025-08-11,41.43,41.43,41.37,41.38,38.0106,1143400,0,0
2025-08-12,41.4,41.42,41.38,41.42,38.0474,1321500,0,0
2025-08-13,41.45,41.46,41.41,41.45,38.075,1930300,0,0
2025-08-14,41.42,41.46,41.42,41.45,38.075,2579700,0,0
2025-08-15,41.47,41.47,41.43,41.44,38.0658,606900,0,0
2025-08-18,41.46,41.48,41.46,41.47,38.0933,1674900,0,0
2025-08-19,41.46,41.48,41.45,41.47,38.0933,1228300,0,0
2025-08-20,41.48,41.48,41.43,41.46,38.0841,1460800,0,0
2025-08-21,41.46,41.47,41.44,41.44,38.0658,1545500,0,0
2025-08-22,41.48,41.55,41.46,41.54,38.1576,1914400,0,0
2025-08-25,41.52,41.56,41.5,41.55,38.1668,1029400,0,0
2025-08-26,41.56,41.58,41.54,41.58,38.1944,2015100,0,0
2025-08-27,41.58,41.59,41.54,41.58,38.1944,1734900,0,0
2025-08-28,41.58,41.59,41.57,41.59,38.2035,949300,0,0
2025-08-29,41.59,41.62,41.59,41.6,38.2127,2296700,0,0
2025-09-02,41.34,41.36,41.32,41.36,38.2349,2346800,0.264,0
2025-09-03,41.38,41.38,41.36,41.37,38.2442,2517700,0,0
2025-09-04,41.4,41.42,41.37,41.42,38.2904,2649800,0,0
2025-09-05,41.47,41.47,41.42,41.45,38.3181,5434800,0,0
2025-09-08,41.48,41.49,41.46,41.47,38.3366,2351000,0,0
2025-09-09,41.5,41.5,41.46,41.48,38.3459,3001500,0,0
2025-09-10,41.5,41.5,41.47,41.48,38.3459,2309700,0,0
2025-09-11,41.51,41.54,41.5,41.53,38.3921,1746100,0,0
2025-09-12,41.54,41.56,41.53,41.55,38.4106,1821400,0,0
2025-09-15,41.57,41.59,41.57,41.58,38.4383,2388400,0,0
2025-09-16,41.6,41.61,41.58,41.59,38.4475,2114500,0,0
2025-09-17,41.62,41.63,41.55,41.57,38.4291,8307300,0,0
2025-09-18,41.6,41.61,41.59,41.59,38.4475,5399200,0,0
2025-09-19,41.6,41.6,41.54,41.56,38.4198,1800700,0,0
2025-09-22,41.6,41.6,41.55,41.6,38.4568,2699600,0,0
2025-09-23,41.61,41.63,41.59,41.59,38.4475,1390400,0,0
2025-09-24,41.6,41.61,41.58,41.59,38.4475,857200,0,0
2025-09-25,41.6,41.6,41.53,41.54,38.4013,2800700,0,0
2025-09-26,41.57,41.57,41.53,41.55,38.4106,2122600,0,0
2025-09-29,41.58,41.59,41.55,41.57,38.4291,1623900,0,0
2025-09-30,41.56,41.59,41.56,41.58,38.4383,7352100,0,0
2025-10-01,41.35,41.36,41.31,41.32,38.4309,5124400,0.252,0
2025-10-02,41.35,41.38,41.32,41.33,38.4402,1864000,0,0
2025-10-03,41.35,41.37,41.32,41.37,38.4774,5500700,0,0
2025-10-06,41.37,41.38,41.36,41.36,38.4681,1268300,0,0
2025-10-07,41.37,41.38,41.32,41.33,38.4402,1928900,0,0
2025-10-08,41.34,41.35,41.28,41.29,38.403,1754700,0,0
2025-10-09,41.31,41.31,41.2,41.21,38.3285,5030000,0,0
2025-10-10,41.23,41.23,41.04,41.05,38.1797,6373900,0,0
2025-10-13,41.15,41.16,41.06,41.14,38.2634,3289300,0,0
2025-10-14,41.11,41.11,41.01,41.07,38.1983,5496600,0,0
2025-10-15,41.1,41.15,41.06,41.12,38.2448,3141100,0,0
2025-10-16,41.16,41.2,41.09,41.1,38.2262,9763400,0,0
2025-10-17,41.12,41.23,41.1,41.2,38.3193,5151100,0,0
2025-10-20,41.22,41.29,41.19,41.27,38.3844,4031400,0,0
2025-10-21,41.27,41.29,41.24,41.25,38.3657,1666100,0,0
2025-10-22,41.27,41.3,41.24,41.28,38.3937,8513000,0,0
2025-10-23,41.29,41.33,41.29,41.33,38.4402,2920800,0,0
2025-10-24,41.36,41.41,41.32,41.39,38.496,3977000,0,0
2025-10-27,41.41,41.48,41.4,41.48,38.5797,3306400,0,0
2025-10-28,41.5,41.54,41.47,41.54,38.6355,2177600,0,0
2025-10-29,41.54,41.57,41.49,41.52,38.6169,3485800,0,0
2025-10-30,41.5,41.53,41.47,41.49,38.589,1901900,0,0
2025-10-31,41.54,41.54,41.49,41.51,38.6076,2515600,0,0
2025-11-03,41.28,41.28,41.21,41.25,38.6291,3052900,0.283,0
2025-11-04,41.2,41.25,41.17,41.25,38.6291,3822200,0,0
2025-11-05,41.23,41.28,41.21,41.26,38.6385,3457400,0,0
2025-11-06,41.27,41.28,41.23,41.27,38.6478,9138300,0,0
2025-11-07,41.3,41.3,41.23,41.26,38.6385,4802300,0,0
2025-11-10,41.31,41.31,41.29,41.31,38.6853,2717300,0,0
2025-11-11,41.31,41.35,41.31,41.34,38.7134,694400,0,0
2025-11-12,41.32,41.36,41.31,41.35,38.7228,4266600,0,0
2025-11-13,41.34,41.35,41.3,41.32,38.6947,3243000,0,0
2025-11-14,41.3,41.3,41.25,41.28,38.6572,5880800,0,0
2025-11-17,41.29,41.31,41.19,41.2,38.5823,6815400,0,0
2025-11-18,41.24,41.26,41.16,41.2,38.5823,4019700,0,0
2025-11-19,41.22,41.25,41.18,41.22,38.601,4692200,0,0
2025-11-20,41.27,41.3,41.2,41.21,38.5917,5788800,0,0
2025-11-21,41.24,41.25,41.2,41.22,38.601,2452200,0,0
2025-11-24,41.25,41.34,41.24,41.33,38.704,3657200,0,0
2025-11-25,41.34,41.41,41.31,41.36,38.7321,7932500,0,0
2025-11-26,41.38,41.44,41.37,41.43,38.7977,1491500,0,0
2025-11-28,41.42,41.51,41.42,41.49,38.8539,4807800,0,0
2025-12-01,41.21,41.24,41.16,41.16,38.7776,6707700,0.249,0
2025-12-02,41.19,41.2,41.16,41.18,38.7964,4487500,0,0
2025-12-03,41.2,41.23,41.16,41.22,38.8341,2150100,0,0
2025-12-04,41.24,41.3,41.22,41.29,38.9,3617900,0,0
2025-12-05,41.31,41.36,41.3,41.32,38.9283,3986900,0,0
2025-12-08,41.33,41.36,41.32,41.35,38.9566,1306900,0,0
2025-12-09,41.37,41.37,41.34,41.36,38.966,1983400,0,0
2025-12-10,41.36,41.39,41.34,41.39,38.9942,3017800,0,0
2025-12-11,41.41,41.43,41.36,41.39,38.9942,1772000,0,0
2025-12-12,41.41,41.41,41.33,41.35,38.9566,15041900,0,0
2025-12-15,41.39,41.4,41.34,41.36,38.966,3447800,0,0
2025-12-16,41.36,41.38,41.33,41.35,38.9566,3593800,0,0
2025-12-17,41.38,41.38,41.31,41.31,38.9189,2649100,0,0
2025-12-18,41.12,41.18,41.05,41.07,38.9359,8852500,0.258,0
2025-12-19,41.12,41.15,41.09,41.11,38.9739,5588500,0,0
2025-12-22,41.14,41.15,41.1,41.14,39.0023,2733900,0,0
2025-12-23,41.15,41.18,41.14,41.16,39.0213,2017500,0,0
2025-12-24,41.17,41.2,41.17,41.2,39.0592,874800,0,0
2025-12-26,41.25,41.28,41.19,41.21,39.0687,1253400,0,0
2025-12-29,41.23,41.23,41.19,41.23,39.0876,1181000,0,0
2025-12-30,41.24,41.26,41.22,41.25,39.1066,2199800,0,0
2025-12-31,41.27,41.29,41.24,41.27,39.1255,1724300,0,0
2026-01-02,41.3,41.31,41.25,41.3,39.154,2713400,0,0
2026-01-05,41.32,41.34,41.31,41.34,39.1919,1691400,0,0
2026-01-06,41.36,41.37,41.34,41.36,39.2109,1274700,0,0
2026-01-07,41.37,41.38,41.35,41.36,39.2109,3419700,0,0
2026-01-08,41.37,41.4,41.36,41.39,39.2393,4743900,0,0
2026-01-09,41.4,41.42,41.36,41.42,39.2678,3464700,0,0
2026-01-12,41.41,41.43,41.4,41.42,39.2678,1253300,0,0
2026-01-13,41.41,41.44,41.4,41.41,39.2583,2025500,0,0
2026-01-14,41.41,41.43,41.38,41.4,39.2488,2635500,0,0
2026-01-15,41.42,41.42,41.39,41.4,39.2488,3239500,0,0
2026-01-16,41.41,41.44,41.39,41.42,39.2678,4342700,0,0
2026-01-20,41.4,41.41,41.33,41.33,39.1824,3683300,0,0
2026-01-21,41.37,41.39,41.3,41.31,39.1635,7822300,0,0
2026-01-22,41.35,41.37,41.33,41.35,39.2014,8424500,0,0
2026-01-23,41.36,41.36,41.31,41.32,39.1729,3415300,0,0
2026-01-26,41.32,41.33,41.25,41.26,39.1161,3326000,0,0
2026-01-27,41.28,41.28,41.23,41.25,39.1066,14495100,0,0
2026-01-28,41.25,41.27,41.2,41.21,39.0687,3544300,0,0
2026-01-29,41.23,41.23,41.05,41.06,38.9265,5866300,0,0
2026-01-30,41.06,41.07,40.92,40.96,38.8317,14723500,0,0
2026-02-02,40.76,40.91,40.72,40.89,39.0014,11048200,0.248,0
2026-02-03,40.89,40.9,40.71,40.79,38.9061,8951200,0,0
2026-02-04,40.75,40.8,40.6,40.64,38.763,10079700,0,0
2026-02-05,40.63,40.64,40.54,40.57,38.6962,8896100,0,0
2026-02-06,40.62,40.72,40.6,40.7,38.8202,8324200,0,0
2026-02-09,40.65,40.73,40.65,40.71,38.8297,5429400,0,0
2026-02-10,40.7,40.71,40.61,40.66,38.7821,5602500,0,0
2026-02-11,40.68,40.72,40.67,40.71,38.8297,5878600,0,0
2026-02-12,40.73,40.76,40.55,40.57,38.6962,7171000,0,0
2026-02-13,40.59,40.65,40.57,40.62,38.7439,3901500,0,0
2026-02-17,40.59,40.64,40.59,40.61,38.7344,2610800,0,0
2026-02-18,40.64,40.7,40.61,40.67,38.7916,2351900,0,0
2026-02-19,40.66,40.67,40.59,40.6,38.7248,3777800,0,0
2026-02-20,40.63,40.67,40.61,40.62,38.7439,5815800,0,0
2026-02-23,40.6,40.64,40.3,40.31,38.4482,6112200,0,0
2026-02-24,40.31,40.31,40.14,40.16,38.3051,9117800,0,0
2026-02-25,40.14,40.32,40.14,40.29,38.4291,9546200,0,0
2026-02-26,40.27,40.29,40.15,40.18,38.3242,9488400,0,0
2026-02-27,40.14,40.16,39.84,39.89,38.0476,12392300,0,0
2026-03-02,39.45,39.67,39.39,39.6,37.9881,10936600,0.228,0
2026-03-03,39.45,39.67,39.39,39.64,38.0265,12504400,0,0
2026-03-04,39.7,40.07,39.64,40,38.3719,9233800,0,0
2026-03-05,40.02,40.15,39.9,40.01,38.3815,10705800,0,0
2026-03-06,39.94,39.99,39.73,39.76,38.1416,9174600,0,0
2026-03-09,39.72,40.04,39.65,40.03,38.4006,7247900,0,0
2026-03-10,40.07,40.18,40.04,40.09,38.4582,4826900,0,0
2026-03-11,40.1,40.18,40.09,40.12,38.487,4364300,0,0
2026-03-12,40.11,40.14,39.97,39.99,38.3623,12213700,0,0
2026-03-13,40.06,40.1,39.92,39.94,38.3143,6810200,0,0
2026-03-16,39.99,40.08,39.96,40,38.3719,7697100,0,0
2026-03-17,40.05,40.17,40.01,40.16,38.5253,5883300,0,0
2026-03-18,40.08,40.18,39.79,40.08,38.4486,2463200,0,0
2026-03-19,40.03,40.15,40.02,40.1,38.4678,3284500,0,0
2026-03-20,40.1,40.12,40,40.04,38.4102,6170900,0,0
2026-03-23,40.07,40.27,40,40.23,38.5925,7277300,0,0
2026-03-24,40.21,40.24,40.13,40.14,38.5062,4464500,0,0
2026-03-25,40.16,40.25,40.14,40.23,38.5925,4457900,0,0
2026-03-26,40.18,40.25,40.12,40.12,38.487,4007500,0,0
2026-03-27,40.11,40.11,39.88,39.9,38.2759,5501600,0,0
2026-03-30,39.93,40.02,39.88,39.92,38.2951,6815200,0,0
2026-03-31,40.02,40.19,39.97,40.14,38.5062,8801600,0,0
2026-04-01,39.93,40.01,39.87,39.97,38.5815,4507000,0.248,0
2026-04-02,39.92,40.04,39.83,40.03,38.6394,5370400,0,0
2026-04-06,40.03,40.1,39.9,40.05,38.6587,4124800,0,0
2026-04-07,40.06,40.09,39.99,40.06,38.6683,1805000,0,0
2026-04-08,40.25,40.3,40.07,40.28,38.8807,5338800,0,0
2026-04-09,40.26,40.29,40.17,40.24,38.8421,7174300,0,0
2026-04-10,40.23,40.23,40.14,40.15,38.7552,4492600,0,0
2026-04-13,40.17,40.19,40.04,40.18,38.7842,4433900,0,0
2026-04-14,40.17,40.34,40.15,40.27,38.871,5700600,0,0
2026-04-15,40.27,40.38,40.27,40.37,38.9676,3158100,0,0
2026-04-16,40.36,40.39,40.32,40.33,38.929,3020900,0,0
2026-04-17,40.4,40.55,40.36,40.52,39.1123,7233100,0,0
2026-04-20,40.5,40.55,40.49,40.53,39.122,3620800,0,0
2026-04-21,40.53,40.55,40.46,40.49,39.0834,1652200,0,0
2026-04-22,40.57,40.6,40.49,40.51,39.1027,1121900,0,0
2026-04-23,40.54,40.55,40.37,40.4,38.9965,2946100,0,0
2026-04-24,40.45,40.49,40.41,40.41,39.0062,1599300,0,0
2026-04-27,40.45,40.54,40.45,40.53,39.122,2303700,0,0
2026-04-28,40.51,40.6,40.48,40.58,39.1703,1654500,0,0
2026-04-29,40.58,40.61,40.54,40.58,39.1703,815700,0,0
2026-04-30,40.6,40.63,40.58,40.6,39.1896,1707400,0,0
2026-05-01,40.42,40.49,40.42,40.48,39.2895,2803400,0.223,0
2026-05-04,40.46,40.49,40.43,40.48,39.2895,2397500,0,0
2026-05-05,40.48,40.51,40.45,40.47,39.2798,2553200,0,0
2026-05-06,40.54,40.57,40.49,40.53,39.3381,3279200,0,0
2026-05-07,40.58,40.6,40.53,40.54,39.3478,2017800,0,0
2026-05-08,40.6,40.61,40.57,40.58,39.3866,1363900,0,0
2026-05-11,40.6,40.65,40.58,40.61,39.4157,1018300,0,0
2026-05-12,40.62,40.64,40.53,40.58,39.3866,2911700,0,0
2026-05-13,40.55,40.61,40.53,40.59,39.3963,1646000,0,0
2026-05-14,40.59,40.62,40.58,40.58,39.3866,1105500,0,0
2026-05-15,40.59,40.63,40.46,40.51,39.3187,3882400,0,0
2026-05-18,40.52,40.56,40.48,40.51,39.3187,4051900,0,0
2026-05-19,40.52,40.54,40.46,40.49,39.2992,3671600,0,0
2026-05-20,40.5,40.56,40.46,40.5,39.3089,1299700,0,0
2026-05-21,40.49,40.53,40.47,40.5,39.3089,1209600,0,0
2026-05-22,40.55,40.58,40.45,40.46,39.2701,2082600,0,0
2026-05-26,40.53,40.56,40.51,40.55,39.3575,1095700,0,0
2026-05-27,40.55,40.6,40.55,40.58,39.3866,986800,0,0
2026-05-28,40.58,40.6,40.56,40.57,39.3769,3677700,0,0
2026-05-29,40.6,40.62,40.54,40.55,39.3575,3167000,0,0
2026-06-01,40.37,40.42,40.33,40.37,39.4092,2162500,0.233,0
2026-06-02,40.41,40.43,40.36,40.4,39.4385,1245900,0,0
2026-06-03,40.41,40.42,40.33,40.35,39.3897,2287900,0,0
2026-06-04,40.38,40.4,40.35,40.37,39.4092,2064500,0,0
2026-06-05,40.4,40.4,40.3,40.3,39.3409,2017200,0,0
2026-06-08,40.31,40.35,40.3,40.33,39.3702,2446500,0,0
2026-06-09,40.33,40.39,40.28,40.34,39.3799,1542700,0,0
2026-06-10,40.3,40.31,40.22,40.23,39.2725,3113100,0,0
2026-06-11,40.26,40.29,40.21,40.28,39.3214,2698400,0,0
2026-06-12,40.33,40.35,40.25,40.28,39.3214,2908300,0,0
2026-06-15,40.34,40.42,40.31,40.39,39.4287,1806300,0,0
2026-06-16,40.39,40.43,40.36,40.36,39.3995,1582700,0,0
2026-06-17,40.38,40.39,40.31,40.34,39.3799,645500,0,0
2026-06-18,40.38,40.4,40.34,40.38,39.419,631100,0,0
2026-06-22,40.38,40.4,40.31,40.33,39.3702,2862100,0,0
2026-06-23,40.32,40.33,40.24,40.27,39.3116,2548700,0,0
2026-06-24,40.29,40.29,40.18,40.19,39.2335,3124300,0,0
2026-06-25,40.25,40.25,40.17,40.19,39.2335,1691300,0,0
2026-06-26,40.22,40.24,40.15,40.17,39.214,1375400,0,0
2026-06-29,40.2,40.21,40.17,40.19,39.2335,1268200,0,0
2026-06-30,40.21,40.3,40.17,40.29,39.3311,1690800,0,0
2026-07-01,40.08,40.12,40.04,40.05,39.3223,2439000,0.231,0
2026-07-02,40.13,40.19,40.08,40.15,39.4205,1154600,0,0
2026-07-06,40.15,40.27,40.15,40.26,39.5285,2476100,0,0
2026-07-07,40.26,40.32,40.24,40.28,39.5481,2148000,0,0
2026-07-08,40.25,40.27,40.24,40.24,39.5088,1757900,0,0
2026-07-09,40.28,40.32,40.24,40.32,39.5874,987000,0,0
2026-07-10,40.31,40.37,40.31,40.35,39.6168,909300,0,0
2026-07-13,40.33,40.36,40.32,40.34,39.607,1037700,0,0
2026-07-14,40.32,40.36,40.3,40.33,39.5972,1008200,0,0
2026-07-15,40.35,40.38,40.31,40.33,39.5972,1060500,0,0
2026-07-16,40.37,40.37,40.33,40.35,39.6168,1022300,0,0
2026-07-17,40.38,40.4,40.32,40.36,39.6267,1325000,0,0
2026-07-20,40.39,40.39,40.36,40.38,39.6463,790300,0,0
2026-07-21,40.4,40.42,40.38,40.41,39.6757,751800,0,0
2026-07-22,40.39,40.42,40.36,40.37,39.6365,1063800,0,0
2026-07-23,40.37,40.38,40.27,40.29,39.5579,1424400,0,0
2026-07-24,40.32,40.34,40.29,40.33,39.5972,959600,0,0
2026-07-27,40.37,40.4,40.34,40.38,39.6463,760100,0,0
2026-07-28,40.36,40.39,40.36,40.38,39.6463,551200,0,0
2026-07-29,40.39,40.4,40.34,40.35,39.6168,974100,0,0
2026-07-30,40.39,40.42,40.34,40.39,39.6561,2200500,0,0
2026-07-31,40.43,40.43,40.38,40.4,39.6659,742900,0,0
2026-08-03,40.21,40.26,40.18,40.25,39.7548,1675700,0.24,0
2026-08-04,40.28,40.33,40.27,40.3,39.8042,2108500,0,0
2026-08-05,40.33,40.42,40.31,40.41,39.9129,2999200,0,0
2026-08-06,40.42,40.45,40.37,40.4,39.903,2139600,0,0
2026-08-07,40.44,40.46,40.41,40.44,39.9425,2451300,0,0
2026-08-10,40.43,40.46,40.39,40.41,39.9129,2223200,0,0
2026-08-11,40.43,40.44,40.41,40.44,39.9425,1246900,0,0
2026-08-12,40.45,40.54,40.43,40.52,40.0215,1736100,0,0
2026-08-13,40.5,40.61,40.49,40.6,40.1005,2422400,0,0
2026-08-14,40.57,40.61,40.55,40.57,40.0709,2612600,0,0
2026-08-17,40.58,40.61,40.54,40.54,40.0413,823100,0,0
2026-08-18,40.56,40.58,40.5,40.51,40.0116,2647700,0,0
2026-08-19,40.54,40.65,40.5,40.57,40.0709,3012800,0,0
2026-08-20,40.55,40.57,40.54,40.55,40.0511,881700,0,0
2026-08-21,40.59,40.64,40.53,40.62,40.1203,1136200,0,0
2026-08-24,40.64,40.64,40.61,40.64,40.14,820400,0,0
2026-08-25,40.66,40.69,40.65,40.67,40.1697,737500,0,0
2026-08-26,40.68,40.75,40.66,40.71,40.2092,1099500,0,0
2026-08-27,40.73,40.78,40.7,40.78,40.2783,1054900,0,0
2026-08-28,40.77,40.78,40.74,40.77,40.2684,778000,0,0
2026-08-31,40.77,40.8,40.75,40.8,40.2981,2537100,0,0
2026-09-01,40.56,40.57,40.46,40.47,40.2235,1992800,0.255,0
2026-09-02,40.49,40.54,40.46,40.48,40.2335,1900400,0,0
2026-09-03,40.5,40.53,40.38,40.53,40.2831,1152300,0,0
2026-09-04,40.56,40.61,40.52,40.57,40.3229,1548000,0,0
2026-09-08,40.56,40.6,40.33,40.54,40.2931,1558200,0,0
2026-09-09,40.56,40.58,40.49,40.52,40.2732,1541400,0,0
2026-09-10,40.52,40.55,40.48,40.5,40.2533,1396400,0,0
2026-09-11,40.53,40.56,40.51,40.53,40.2831,1753900,0,0
2026-09-14,40.54,40.61,40.52,40.58,40.3328,1322700,0,0
2026-09-15,40.59,40.64,40.58,40.62,40.3726,1521800,0,0
2026-09-16,40.63,40.67,40.59,40.6,40.3527,1982900,0,0
2026-09-17,40.65,40.68,40.63,40.67,40.4223,2424800,0,0
2026-09-18,40.67,40.72,40.59,40.61,40.3627,5272900,0,0
2026-09-21,40.66,40.7,40.65,40.69,40.4422,1694300,0,0
2026-09-22,40.69,40.73,40.68,40.71,40.462,1074500,0,0
2026-09-23,40.73,40.73,40.62,40.62,40.3726,1897500,0,0
2026-09-24,40.54,40.7,40.48,40.51,40.2633,2417500,0,0
2026-09-25,40.56,40.56,40.5,40.54,40.2931,3896000,0,0
2026-09-28,40.54,40.58,40.43,40.46,40.2136,3998900,0,0
2026-09-29,40.5,40.52,40.41,40.46,40.2136,5438800,0,0
2026-09-30,40.48,40.5,40.39,40.39,40.144,3334600,0,0
2026-10-01,40.18,40.26,40.06,40.19,40.19,9496300,0.246,0
2026-10-02,40.22,40.27,40.2,40.23,40.23,1749600,0,0
2026-10-05,40.23,40.3,40.18,40.22,40.22,1497400,0,0
2026-10-06,40.25,40.31,40.21,40.29,40.29,2346000,0,0
2026-10-07,40.27,40.28,40.19,40.22,40.22,1722700,0,0
2026-10-08,40.22,40.3,40.15,40.19,40.19,1187700,0,0
2026-10-09,40.24,40.24,40.19,40.23,40.23,1436600,0,0
